Latitude (decimal degrees):	10.743
Longitude (decimal degrees):	122.529
Elevation (m):	12
Radiation database:	PVGIS-ERA5


Slope: - deg. 
Azimuth: - deg. 
time,G(i),H_sun,T2m,WS10m,Int
20200101:0030,769.49,29.89,25.96,7.17,0.0
20200101:0130,923.4,41.33,26.8,8.48,0.0
20200101:0230,843.03,50.57,27.59,8.83,0.0
20200101:0330,860.96,55.77,28.12,8.69,0.0
20200101:0430,919.93,55.07,28.43,8.55,0.0
20200101:0530,787.43,48.78,28.59,8.28,0.0
20200101:0630,784.05,38.92,28.31,8.55,0.0
20200101:0730,675.7,27.16,27.69,8.41,0.0
20200101:0830,364.71,14.4,27.39,8.34,0.0
20200101:0930,5.3,1.08,26.57,7.72,0.0
20200101:1030,0.0,0.0,25.9,7.52,0.0
20200101:1130,0.0,0.0,25.67,7.59,0.0
20200101:1230,0.0,0.0,25.69,7.79,0.0
20200101:1330,0.0,0.0,25.57,7.66,0.0
20200101:1430,0.0,0.0,25.37,7.66,0.0
20200101:1530,0.0,0.0,25.04,7.45,0.0
20200101:1630,0.0,0.0,24.94,7.03,0.0
20200101:1730,0.0,0.0,24.77,6.9,0.0
20200101:1830,0.0,0.0,24.84,6.9,0.0
20200101:1930,0.0,0.0,24.84,6.69,0.0
20200101:2030,0.0,0.0,24.86,6.41,0.0
20200101:2130,0.0,0.0,24.9,6.55,0.0
20200101:2230,448.25,4.09,25.06,6.62,0.0
20200101:2330,676.37,17.31,25.26,6.83,0.0
20200102:0030,848.22,29.84,26.08,7.03,0.0
20200102:0130,879.32,41.3,27.01,8.41,0.0
20200102:0230,806.76,50.58,27.77,8.69,0.0
20200102:0330,924.44,55.84,28.07,8.83,0.0
20200102:0430,734.53,55.18,28.54,8.9,0.0
20200102:0530,874.34,48.91,28.5,8.69,0.0
20200102:0630,867.07,39.05,28.66,8.76,0.0
20200102:0730,789.05,27.29,28.41,8.62,0.0
20200102:0830,678.43,14.52,28.06,7.79,0.0
20200102:0930,6.71,1.2,27.44,7.1,0.0
20200102:1030,0.0,0.0,26.72,7.03,0.0
20200102:1130,0.0,0.0,26.31,7.38,0.0
20200102:1230,0.0,0.0,26.1,7.38,0.0
20200102:1330,0.0,0.0,25.96,7.24,0.0
20200102:1430,0.0,0.0,25.83,7.24,0.0
20200102:1530,0.0,0.0,25.7,7.31,0.0
20200102:1630,0.0,0.0,25.48,7.24,0.0
20200102:1730,0.0,0.0,25.21,7.24,0.0
20200102:1830,0.0,0.0,24.97,7.17,0.0
20200102:1930,0.0,0.0,24.89,7.66,0.0
20200102:2030,0.0,0.0,24.73,7.24,0.0
20200102:2130,0.0,0.0,24.64,6.83,0.0
20200102:2230,182.15,4.01,24.66,6.55,0.0
20200102:2330,276.33,17.24,24.81,6.48,0.0
20200103:0030,482.25,29.8,25.18,7.1,0.0
20200103:0130,630.88,41.29,25.78,7.1,0.0
20200103:0230,657.5,50.6,26.55,7.03,0.0
20200103:0330,702.93,55.91,26.8,7.17,0.0
20200103:0430,723.68,55.3,26.9,7.86,0.0
20200103:0530,713.38,49.04,27.02,7.86,0.0
20200103:0630,657.36,39.19,27.35,7.86,0.0
20200103:0730,697.93,27.42,26.82,8.0,0.0
20200103:0830,304.43,14.65,26.5,8.07,0.0
20200103:0930,5.41,1.32,25.66,7.52,0.0
20200103:1030,0.0,0.0,25.26,7.1,0.0
20200103:1130,0.0,0.0,25.15,6.97,0.0
20200103:1230,0.0,0.0,25.24,7.03,0.0
20200103:1330,0.0,0.0,25.09,6.76,0.0
20200103:1430,0.0,0.0,25.13,6.48,0.0
20200103:1530,0.0,0.0,25.06,6.41,0.0
20200103:1630,0.0,0.0,25.05,6.41,0.0
20200103:1730,0.0,0.0,24.73,6.14,0.0
20200103:1830,0.0,0.0,24.6,6.14,0.0
20200103:1930,0.0,0.0,24.52,6.07,0.0
20200103:2030,0.0,0.0,24.4,6.55,0.0
20200103:2130,0.0,0.0,24.24,6.83,0.0
20200103:2230,172.62,3.93,24.36,7.03,0.0
20200103:2330,492.81,17.18,24.39,6.55,0.0
20200104:0030,540.23,29.76,24.76,7.24,0.0
20200104:0130,739.25,41.27,25.44,7.24,0.0
20200104:0230,907.66,50.63,26.23,7.38,0.0
20200104:0330,814.9,55.99,26.69,8.07,0.0
20200104:0430,706.4,55.42,27.14,8.07,0.0
20200104:0530,809.19,49.18,26.84,8.21,0.0
20200104:0630,820.76,39.33,26.86,8.41,0.0
20200104:0730,648.48,27.56,26.81,8.14,0.0
20200104:0830,533.4,14.77,26.5,7.17,0.0
20200104:0930,6.02,1.44,26.02,6.76,0.0
20200104:1030,0.0,0.0,25.54,5.79,0.0
20200104:1130,0.0,0.0,25.06,5.59,0.0
20200104:1230,0.0,0.0,24.86,5.66,0.0
20200104:1330,0.0,0.0,24.84,5.86,0.0
20200104:1430,0.0,0.0,24.65,6.34,0.0
20200104:1530,0.0,0.0,24.57,6.83,0.0
20200104:1630,0.0,0.0,24.67,6.9,0.0
20200104:1730,0.0,0.0,24.67,6.76,0.0
20200104:1830,0.0,0.0,24.61,6.69,0.0
20200104:1930,0.0,0.0,24.64,6.48,0.0
20200104:2030,0.0,0.0,24.52,6.62,0.0
20200104:2130,0.0,0.0,24.6,6.62,0.0
20200104:2230,383.42,3.86,24.65,6.34,0.0
20200104:2330,686.43,17.12,24.82,6.21,0.0
20200105:0030,666.1,29.72,25.65,7.31,0.0
20200105:0130,888.82,41.27,26.57,7.52,0.0
20200105:0230,951.03,50.67,27.24,7.59,0.0
20200105:0330,896.82,56.08,27.89,7.45,0.0
20200105:0430,836.68,55.56,28.14,7.24,0.0
20200105:0530,784.87,49.33,28.14,7.17,0.0
20200105:0630,779.38,39.47,28.05,7.45,0.0
20200105:0730,699.26,27.69,27.53,7.66,0.0
20200105:0830,583.43,14.9,27.03,7.79,0.0
20200105:0930,6.03,1.56,26.14,6.9,0.0
20200105:1030,0.0,0.0,25.52,6.83,0.0
20200105:1130,0.0,0.0,25.22,7.03,0.0
20200105:1230,0.0,0.0,25.08,6.83,0.0
20200105:1330,0.0,0.0,24.96,6.97,0.0
20200105:1430,0.0,0.0,24.92,6.83,0.0
20200105:1530,0.0,0.0,24.76,6.69,0.0
20200105:1630,0.0,0.0,24.7,6.41,0.0
20200105:1730,0.0,0.0,24.68,6.48,0.0
20200105:1830,0.0,0.0,24.57,6.69,0.0
20200105:1930,0.0,0.0,24.65,6.28,0.0
20200105:2030,0.0,0.0,24.57,6.14,0.0
20200105:2130,0.0,0.0,24.6,6.14,0.0
20200105:2230,297.11,3.79,24.5,6.07,0.0
20200105:2330,315.58,17.06,24.63,6.14,0.0
20200106:0030,662.15,29.69,25.13,6.07,0.0
20200106:0130,684.34,41.26,25.92,7.31,0.0
20200106:0230,749.54,50.71,26.24,7.66,0.0
20200106:0330,884.44,56.17,26.82,7.93,0.0
20200106:0430,924.49,55.69,27.37,7.79,0.0
20200106:0530,730.76,49.48,27.69,7.79,0.0
20200106:0630,789.42,39.62,27.72,7.72,0.0
20200106:0730,694.28,27.83,27.72,7.86,0.0
20200106:0830,495.22,15.03,27.19,7.59,0.0
20200106:0930,6.1,1.68,26.31,6.69,0.0
20200106:1030,0.0,0.0,25.53,6.28,0.0
20200106:1130,0.0,0.0,25.26,5.93,0.0
20200106:1230,0.0,0.0,25.31,6.48,0.0
20200106:1330,0.0,0.0,25.16,6.41,0.0
20200106:1430,0.0,0.0,25.04,5.86,0.0
20200106:1530,0.0,0.0,24.82,5.72,0.0
20200106:1630,0.0,0.0,24.69,5.59,0.0
20200106:1730,0.0,0.0,24.64,5.31,0.0
20200106:1830,0.0,0.0,24.57,5.1,0.0
20200106:1930,0.0,0.0,24.68,4.9,0.0
20200106:2030,0.0,0.0,24.55,4.69,0.0
20200106:2130,0.0,0.0,24.54,4.69,0.0
20200106:2230,207.74,3.72,24.58,4.69,0.0
20200106:2330,413.17,17.01,24.73,4.9,0.0
20200107:0030,741.16,29.66,25.32,5.72,0.0
20200107:0130,876.62,41.27,26.25,6.21,0.0
20200107:0230,783.56,50.75,26.89,6.41,0.0
20200107:0330,931.91,56.27,27.34,6.34,0.0
20200107:0430,698.65,55.84,27.94,6.48,0.0
20200107:0530,775.13,49.64,27.76,6.14,0.0
20200107:0630,881.19,39.77,27.86,6.34,0.0
20200107:0730,718.54,27.97,28.11,5.59,0.0
20200107:0830,382.12,15.16,27.72,5.45,0.0
20200107:0930,9.32,1.8,27.01,4.76,0.0
20200107:1030,0.0,0.0,26.25,4.76,0.0
20200107:1130,0.0,0.0,25.74,4.9,0.0
20200107:1230,0.0,0.0,25.45,4.9,0.0
20200107:1330,0.0,0.0,25.23,4.69,0.0
20200107:1430,0.0,0.0,25.16,4.62,0.0
20200107:1530,0.0,0.0,25.04,4.69,0.0
20200107:1630,0.0,0.0,24.89,4.83,0.0
20200107:1730,0.0,0.0,24.89,5.03,0.0
20200107:1830,0.0,0.0,24.8,5.03,0.0
20200107:1930,0.0,0.0,24.82,4.9,0.0
20200107:2030,0.0,0.0,24.64,4.62,0.0
20200107:2130,0.0,0.0,24.49,4.41,0.0
20200107:2230,143.02,3.65,24.42,4.41,0.0
20200107:2330,353.44,16.96,24.6,4.55,0.0
20200108:0030,556.76,29.64,25.48,4.9,0.0
20200108:0130,687.59,41.27,26.4,5.52,0.0
20200108:0230,836.85,50.81,27.15,5.1,0.0
20200108:0330,884.79,56.38,27.94,5.17,0.0
20200108:0430,894.34,55.99,28.46,5.31,0.0
20200108:0530,906.47,49.8,28.61,5.66,0.0
20200108:0630,943.22,39.93,28.64,6.07,0.0
20200108:0730,723.53,28.12,28.08,6.55,0.0
20200108:0830,671.11,15.3,27.53,6.0,0.0
20200108:0930,7.22,1.92,26.81,5.31,0.0
20200108:1030,0.0,0.0,25.9,5.03,0.0
20200108:1130,0.0,0.0,25.3,5.03,0.0
20200108:1230,0.0,0.0,25.04,5.24,0.0
20200108:1330,0.0,0.0,24.97,5.38,0.0
20200108:1430,0.0,0.0,24.92,5.31,0.0
20200108:1530,0.0,0.0,24.83,5.52,0.0
20200108:1630,0.0,0.0,24.85,5.72,0.0
20200108:1730,0.0,0.0,24.96,6.0,0.0
20200108:1830,0.0,0.0,25.15,6.07,0.0
20200108:1930,0.0,0.0,25.16,6.21,0.0
20200108:2030,0.0,0.0,25.22,6.14,0.0
20200108:2130,0.0,0.0,25.21,6.14,0.0
20200108:2230,96.25,3.59,25.28,6.14,0.0
20200108:2330,462.5,16.91,25.39,6.14,0.0
20200109:0030,520.29,29.62,25.96,6.21,0.0
20200109:0130,602.94,41.29,26.43,6.76,0.0
20200109:0230,769.54,50.87,26.97,7.03,0.0
20200109:0330,783.08,56.5,27.66,7.24,0.0
20200109:0430,761.62,56.15,28.09,7.38,0.0
20200109:0530,815.12,49.97,28.18,7.24,0.0
20200109:0630,351.13,40.09,28.14,7.1,0.0
20200109:0730,559.57,28.26,27.27,6.21,0.0
20200109:0830,380.76,15.43,27.18,6.14,0.0
20200109:0930,6.4,2.05,26.68,5.52,0.0
20200109:1030,0.0,0.0,26.17,5.38,0.0
20200109:1130,0.0,0.0,25.9,5.45,0.0
20200109:1230,0.0,0.0,25.66,5.52,0.0
20200109:1330,0.0,0.0,25.54,5.72,0.0
20200109:1430,0.0,0.0,25.38,5.86,0.0
20200109:1530,0.0,0.0,25.25,6.0,0.0
20200109:1630,0.0,0.0,25.12,6.0,0.0
20200109:1730,0.0,0.0,24.99,6.0,0.0
20200109:1830,0.0,0.0,24.82,5.93,0.0
20200109:1930,0.0,0.0,24.79,6.07,0.0
20200109:2030,0.0,0.0,24.71,5.93,0.0
20200109:2130,0.0,0.0,24.6,5.86,0.0
20200109:2230,408.88,3.53,24.52,6.0,0.0
20200109:2330,681.17,16.87,24.8,6.07,0.0
20200110:0030,782.81,29.6,25.64,6.83,0.0
20200110:0130,850.91,41.3,26.65,7.86,0.0
20200110:0230,916.41,50.93,27.5,7.86,0.0
20200110:0330,898.4,56.62,28.19,7.72,0.0
20200110:0430,883.94,56.31,28.59,7.52,0.0
20200110:0530,861.49,50.14,28.67,7.1,0.0
20200110:0630,793.65,40.25,28.59,6.83,0.0
20200110:0730,840.33,28.41,28.34,6.48,0.0
20200110:0830,562.92,15.56,27.96,6.28,0.0
20200110:0930,8.19,2.17,27.17,5.59,0.0
20200110:1030,0.0,0.0,26.28,5.45,0.0
20200110:1130,0.0,0.0,25.89,5.38,0.0
20200110:1230,0.0,0.0,25.46,5.38,0.0
20200110:1330,0.0,0.0,25.25,5.59,0.0
20200110:1430,0.0,0.0,25.06,5.93,0.0
20200110:1530,0.0,0.0,24.74,5.79,0.0
20200110:1630,0.0,0.0,24.61,5.45,0.0
20200110:1730,0.0,0.0,24.51,5.24,0.0
20200110:1830,0.0,0.0,24.52,5.24,0.0
20200110:1930,0.0,0.0,24.64,4.9,0.0
20200110:2030,0.0,0.0,24.6,5.03,0.0
20200110:2130,0.0,0.0,24.5,5.1,0.0
20200110:2230,385.85,3.47,24.43,5.31,0.0
20200110:2330,614.97,16.83,24.61,5.17,0.0
20200111:0030,641.7,29.59,25.42,5.93,0.0
20200111:0130,869.2,41.33,26.29,6.28,0.0
20200111:0230,822.07,51.0,27.23,6.55,0.0
20200111:0330,905.24,56.75,27.86,6.69,0.0
20200111:0430,722.63,56.48,28.24,6.76,0.0
20200111:0530,856.16,50.32,28.3,6.62,0.0
20200111:0630,855.29,40.41,28.42,6.48,0.0
20200111:0730,789.2,28.56,28.44,5.86,0.0
20200111:0830,642.46,15.7,28.14,5.52,0.0
20200111:0930,9.06,2.29,27.35,4.83,0.0
20200111:1030,0.0,0.0,26.34,4.83,0.0
20200111:1130,0.0,0.0,25.78,5.03,0.0
20200111:1230,0.0,0.0,25.46,4.97,0.0
20200111:1330,0.0,0.0,25.23,4.76,0.0
20200111:1430,0.0,0.0,25.1,4.83,0.0
20200111:1530,0.0,0.0,25.03,4.97,0.0
20200111:1630,0.0,0.0,24.96,5.03,0.0
20200111:1730,0.0,0.0,24.8,5.1,0.0
20200111:1830,0.0,0.0,24.62,5.1,0.0
20200111:1930,0.0,0.0,24.52,4.48,0.0
20200111:2030,0.0,0.0,24.51,4.41,0.0
20200111:2130,0.0,0.0,24.36,4.28,0.0
20200111:2230,329.15,3.42,24.26,4.28,0.0
20200111:2330,500.61,16.79,24.53,4.21,0.0
20200112:0030,702.63,29.59,25.48,4.9,0.0
20200112:0130,677.92,41.36,26.32,6.21,0.0
20200112:0230,890.41,51.08,26.91,6.34,0.0
20200112:0330,793.78,56.89,27.6,6.48,0.0
20200112:0430,740.2,56.66,27.91,6.62,0.0
20200112:0530,589.5,50.5,27.77,7.03,0.0
20200112:0630,422.96,40.58,27.36,6.34,0.0
20200112:0730,319.08,28.71,27.09,5.24,0.0
20200112:0830,248.3,15.83,26.7,4.97,0.0
20200112:0930,72.64,2.41,26.27,4.41,0.0
20200112:1030,0.0,0.0,25.82,4.0,0.0
20200112:1130,0.0,0.0,25.58,4.0,0.0
20200112:1230,0.0,0.0,25.37,3.93,0.0
20200112:1330,0.0,0.0,25.08,3.86,0.0
20200112:1430,0.0,0.0,24.85,3.66,0.0
20200112:1530,0.0,0.0,24.66,3.38,0.0
20200112:1630,0.0,0.0,24.57,3.31,0.0
20200112:1730,0.0,0.0,24.39,3.31,0.0
20200112:1830,0.0,0.0,24.25,3.24,0.0
20200112:1930,0.0,0.0,24.21,2.69,0.0
20200112:2030,0.0,0.0,24.21,2.97,0.0
20200112:2130,0.0,0.0,24.11,3.24,0.0
20200112:2230,201.65,3.37,24.11,3.38,0.0
20200112:2330,355.32,16.76,24.41,3.79,0.0
20200113:0030,514.47,29.59,25.17,4.28,0.0
20200113:0130,504.39,41.39,26.12,4.69,0.0
20200113:0230,607.43,51.16,26.76,4.9,0.0
20200113:0330,517.35,57.03,27.54,5.24,0.0
20200113:0430,635.75,56.84,27.77,5.31,0.0
20200113:0530,752.82,50.68,27.96,5.17,0.0
20200113:0630,539.61,40.75,28.25,5.1,0.0
20200113:0730,633.21,28.86,27.88,5.1,0.0
20200113:0830,443.88,15.97,27.65,5.59,0.0
20200113:0930,272.5,2.53,27.03,5.31,0.0
20200113:1030,0.0,0.0,26.3,4.97,0.0
20200113:1130,0.0,0.0,25.79,4.62,0.0
20200113:1230,0.0,0.0,25.31,4.41,0.0
20200113:1330,0.0,0.0,25.06,4.34,0.0
20200113:1430,0.0,0.0,24.76,4.34,0.0
20200113:1530,0.0,0.0,24.56,4.41,0.0
20200113:1630,0.0,0.0,24.43,4.48,0.0
20200113:1730,0.0,0.0,24.44,4.69,0.0
20200113:1830,0.0,0.0,24.41,4.69,0.0
20200113:1930,0.0,0.0,24.55,4.48,0.0
20200113:2030,0.0,0.0,24.46,4.0,0.0
20200113:2130,0.0,0.0,24.43,3.93,0.0
20200113:2230,415.14,3.32,24.41,4.07,0.0
20200113:2330,615.71,16.74,24.66,4.07,0.0
20200114:0030,792.83,29.59,25.68,4.34,0.0
20200114:0130,817.51,41.43,26.83,6.34,0.0
20200114:0230,774.92,51.25,27.68,6.41,0.0
20200114:0330,800.58,57.18,28.18,6.21,0.0
20200114:0430,848.16,57.03,28.55,5.79,0.0
20200114:0530,884.56,50.87,28.62,5.66,0.0
20200114:0630,795.25,40.92,28.73,5.93,0.0
20200114:0730,853.48,29.02,28.2,6.28,0.0
20200114:0830,670.23,16.11,27.86,6.14,0.0
20200114:0930,463.38,2.65,27.31,5.52,0.0
20200114:1030,0.0,0.0,26.37,5.17,0.0
20200114:1130,0.0,0.0,25.79,5.17,0.0
20200114:1230,0.0,0.0,25.41,5.45,0.0
20200114:1330,0.0,0.0,25.18,5.38,0.0
20200114:1430,0.0,0.0,24.97,5.24,0.0
20200114:1530,0.0,0.0,24.85,5.1,0.0
20200114:1630,0.0,0.0,24.8,4.97,0.0
20200114:1730,0.0,0.0,24.79,5.03,0.0
20200114:1830,0.0,0.0,24.85,5.1,0.0
20200114:1930,0.0,0.0,24.92,5.1,0.0
20200114:2030,0.0,0.0,25.0,5.03,0.0
20200114:2130,0.0,0.0,25.05,5.17,0.0
20200114:2230,228.28,3.28,24.97,5.17,0.0
20200114:2330,437.67,16.71,25.08,5.31,0.0
20200115:0030,503.31,29.6,25.72,6.69,0.0
20200115:0130,766.44,41.47,26.33,6.9,0.0
20200115:0230,783.18,51.35,27.29,6.97,0.0
20200115:0330,924.33,57.34,27.89,6.97,0.0
20200115:0430,777.09,57.22,28.5,7.1,0.0
20200115:0530,620.86,51.06,28.32,7.03,0.0
20200115:0630,556.13,41.1,27.89,6.69,0.0
20200115:0730,446.29,29.17,27.44,6.83,0.0
20200115:0830,440.84,16.24,27.32,6.97,0.0
20200115:0930,131.48,2.77,26.89,6.34,0.0
20200115:1030,0.0,0.0,26.37,6.14,0.0
20200115:1130,0.0,0.0,25.94,6.07,0.0
20200115:1230,0.0,0.0,25.75,5.93,0.0
20200115:1330,0.0,0.0,25.65,5.93,0.0
20200115:1430,0.0,0.0,25.46,5.72,0.0
20200115:1530,0.0,0.0,25.37,5.59,0.0
20200115:1630,0.0,0.0,25.27,5.24,0.0
20200115:1730,0.0,0.0,25.19,4.9,0.0
20200115:1830,0.0,0.0,25.25,4.69,0.0
20200115:1930,0.0,0.0,25.51,4.62,0.0
20200115:2030,0.0,0.0,25.53,4.55,0.0
20200115:2130,0.0,0.0,25.63,4.41,0.0
20200115:2230,222.29,3.24,25.57,4.55,0.0
20200115:2330,384.08,16.69,25.68,4.48,0.0
20200116:0030,691.99,29.61,26.39,4.97,0.0
20200116:0130,747.88,41.52,27.26,6.0,0.0
20200116:0230,686.86,51.45,27.7,5.86,0.0
20200116:0330,766.16,57.5,28.13,5.86,0.0
20200116:0430,779.72,57.43,28.47,5.72,0.0
20200116:0530,693.0,51.26,28.62,5.45,0.0
20200116:0630,628.59,41.27,28.38,5.24,0.0
20200116:0730,579.78,29.33,28.33,5.38,0.0
20200116:0830,393.44,16.38,27.89,4.9,0.0
20200116:0930,65.39,2.89,27.47,4.83,0.0
20200116:1030,0.0,0.0,26.65,4.34,0.0
20200116:1130,0.0,0.0,26.1,4.69,0.0
20200116:1230,0.0,0.0,25.66,4.41,0.0
20200116:1330,0.0,0.0,25.51,4.07,0.0
20200116:1430,0.0,0.0,25.42,4.0,0.0
20200116:1530,0.0,0.0,25.31,3.93,0.0
20200116:1630,0.0,0.0,25.2,3.72,0.0
20200116:1730,0.0,0.0,25.18,3.59,0.0
20200116:1830,0.0,0.0,25.19,3.79,0.0
20200116:1930,0.0,0.0,25.04,4.0,0.0
20200116:2030,0.0,0.0,25.06,3.79,0.0
20200116:2130,0.0,0.0,25.01,3.72,0.0
20200116:2230,359.74,3.2,24.93,3.79,0.0
20200116:2330,562.76,16.68,25.14,3.45,0.0
20200117:0030,673.25,29.62,26.21,3.79,0.0
20200117:0130,918.06,41.58,27.18,4.07,0.0
20200117:0230,944.94,51.56,28.25,4.07,0.0
20200117:0330,956.75,57.67,29.02,4.0,0.0
20200117:0430,1009.31,57.63,29.64,4.14,0.0
20200117:0530,980.95,51.46,30.03,4.41,0.0
20200117:0630,790.29,41.45,30.09,4.76,0.0
20200117:0730,609.76,29.48,29.7,4.48,0.0
20200117:0830,630.74,16.52,29.23,4.69,0.0
20200117:0930,381.72,3.01,28.38,4.48,0.0
20200117:1030,0.0,0.0,27.36,4.14,0.0
20200117:1130,0.0,0.0,26.53,3.93,0.0
20200117:1230,0.0,0.0,26.0,4.0,0.0
20200117:1330,0.0,0.0,25.7,3.93,0.0
20200117:1430,0.0,0.0,25.48,3.86,0.0
20200117:1530,0.0,0.0,25.32,3.66,0.0
20200117:1630,0.0,0.0,25.12,3.72,0.0
20200117:1730,0.0,0.0,24.99,3.66,0.0
20200117:1830,0.0,0.0,24.83,3.66,0.0
20200117:1930,0.0,0.0,24.8,4.0,0.0
20200117:2030,0.0,0.0,24.75,4.0,0.0
20200117:2130,0.0,0.0,24.79,3.93,0.0
20200117:2230,240.22,3.16,24.74,3.86,0.0
20200117:2330,619.19,16.66,25.0,3.66,0.0
20200118:0030,750.09,29.64,26.09,4.55,0.0
20200118:0130,799.96,41.64,27.13,4.97,0.0
20200118:0230,874.02,51.67,27.79,5.1,0.0
20200118:0330,745.62,57.85,28.52,5.38,0.0
20200118:0430,834.65,57.85,28.86,5.38,0.0
20200118:0530,793.3,51.67,29.05,5.38,0.0
20200118:0630,677.21,41.63,28.82,5.38,0.0
20200118:0730,663.63,29.64,28.78,4.97,0.0
20200118:0830,375.02,16.65,28.23,5.1,0.0
20200118:0930,310.98,3.13,27.81,4.41,0.0
20200118:1030,0.0,0.0,26.93,4.21,0.0
20200118:1130,0.0,0.0,26.18,4.34,0.0
20200118:1230,0.0,0.0,25.63,4.55,0.0
20200118:1330,0.0,0.0,25.23,4.62,0.0
20200118:1430,0.0,0.0,25.03,4.55,0.0
20200118:1530,0.0,0.0,25.01,4.41,0.0
20200118:1630,0.0,0.0,24.99,4.28,0.0
20200118:1730,0.0,0.0,24.89,4.28,0.0
20200118:1830,0.0,0.0,24.86,4.34,0.0
20200118:1930,0.0,0.0,24.75,4.21,0.0
20200118:2030,0.0,0.0,24.67,4.14,0.0
20200118:2130,0.0,0.0,24.64,4.14,0.0
20200118:2230,347.95,3.13,24.62,4.07,0.0
20200118:2330,513.45,16.66,24.82,3.93,0.0
20200119:0030,691.88,29.67,25.7,4.83,0.0
20200119:0130,843.44,41.7,26.8,4.76,0.0
20200119:0230,851.13,51.79,27.76,4.48,0.0
20200119:0330,894.91,58.03,28.3,4.41,0.0
20200119:0430,829.93,58.06,28.91,4.34,0.0
20200119:0530,816.88,51.88,29.01,4.34,0.0
20200119:0630,794.65,41.82,28.79,4.62,0.0
20200119:0730,622.74,29.8,28.26,5.79,0.0
20200119:0830,534.54,16.79,27.72,6.14,0.0
20200119:0930,336.8,3.25,27.21,6.0,0.0
20200119:1030,0.0,0.0,26.23,6.28,0.0
20200119:1130,0.0,0.0,25.63,6.41,0.0
20200119:1230,0.0,0.0,25.44,6.41,0.0
20200119:1330,0.0,0.0,25.33,6.48,0.0
20200119:1430,0.0,0.0,25.26,6.28,0.0
20200119:1530,0.0,0.0,25.16,6.28,0.0
20200119:1630,0.0,0.0,25.24,6.07,0.0
20200119:1730,0.0,0.0,25.26,6.07,0.0
20200119:1830,0.0,0.0,25.28,6.0,0.0
20200119:1930,0.0,0.0,25.13,5.93,0.0
20200119:2030,0.0,0.0,25.2,5.86,0.0
20200119:2130,0.0,0.0,25.15,5.79,0.0
20200119:2230,240.96,3.11,25.07,5.86,0.0
20200119:2330,290.5,16.65,25.17,6.14,0.0
20200120:0030,216.88,29.7,25.63,6.97,0.0
20200120:0130,55.09,41.77,25.14,7.31,0.0
20200120:0230,62.21,51.92,24.81,7.1,0.0
20200120:0330,108.8,58.22,24.84,7.17,0.0
20200120:0430,158.89,58.29,25.11,7.17,0.0
20200120:0530,169.44,52.09,25.47,6.83,0.0
20200120:0630,219.43,42.0,25.91,6.76,0.0
20200120:0730,315.54,29.96,26.13,6.48,0.0
20200120:0830,289.17,16.93,26.29,6.28,0.0
20200120:0930,264.38,3.37,26.37,6.41,0.0
20200120:1030,0.0,0.0,26.02,6.28,0.0
20200120:1130,0.0,0.0,25.78,6.48,0.0
20200120:1230,0.0,0.0,25.58,6.9,0.0
20200120:1330,0.0,0.0,25.4,7.24,0.0
20200120:1430,0.0,0.0,25.25,7.45,0.0
20200120:1530,0.0,0.0,25.04,7.52,0.0
20200120:1630,0.0,0.0,24.8,7.59,0.0
20200120:1730,0.0,0.0,24.49,7.45,0.0
20200120:1830,0.0,0.0,24.24,7.24,0.0
20200120:1930,0.0,0.0,24.13,7.31,0.0
20200120:2030,0.0,0.0,24.01,7.31,0.0
20200120:2130,0.0,0.0,23.9,7.24,0.0
20200120:2230,430.75,3.08,23.9,7.24,0.0
20200120:2330,730.46,16.65,24.07,7.38,0.0
20200121:0030,786.83,29.73,24.84,7.86,0.0
20200121:0130,851.32,41.85,25.45,8.97,0.0
20200121:0230,944.28,52.05,26.07,9.31,0.0
20200121:0330,950.66,58.41,26.61,9.52,0.0
20200121:0430,1021.9,58.52,26.91,9.59,0.0
20200121:0530,1028.09,52.31,27.08,9.52,0.0
20200121:0630,984.3,42.19,27.07,9.38,0.0
20200121:0730,936.5,30.12,26.82,9.1,0.0
20200121:0830,783.21,17.06,26.55,8.69,0.0
20200121:0930,501.37,3.48,26.03,7.45,0.0
20200121:1030,0.0,0.0,25.31,6.41,0.0
20200121:1130,0.0,0.0,24.9,6.14,0.0
20200121:1230,0.0,0.0,24.69,6.41,0.0
20200121:1330,0.0,0.0,24.54,6.9,0.0
20200121:1430,0.0,0.0,24.38,7.24,0.0
20200121:1530,0.0,0.0,24.15,7.17,0.0
20200121:1630,0.0,0.0,23.97,7.24,0.0
20200121:1730,0.0,0.0,23.79,7.17,0.0
20200121:1830,0.0,0.0,23.49,6.9,0.0
20200121:1930,0.0,0.0,23.37,6.83,0.0
20200121:2030,0.0,0.0,23.3,6.69,0.0
20200121:2130,0.0,0.0,23.26,6.55,0.0
20200121:2230,388.28,3.06,23.41,6.41,0.0
20200121:2330,615.87,16.66,23.7,6.0,0.0
20200122:0030,735.07,29.77,24.45,6.76,0.0
20200122:0130,806.32,41.92,25.43,7.45,0.0
20200122:0230,886.54,52.18,26.0,7.24,0.0
20200122:0330,808.53,58.62,26.75,7.72,0.0
20200122:0430,917.6,58.75,26.82,7.59,0.0
20200122:0530,897.51,52.53,27.12,7.79,0.0
20200122:0630,629.86,42.38,27.1,7.72,0.0
20200122:0730,700.37,30.28,26.63,7.45,0.0
20200122:0830,508.46,17.2,26.3,7.38,0.0
20200122:0930,419.99,3.6,25.79,6.76,0.0
20200122:1030,0.0,0.0,25.31,6.21,0.0
20200122:1130,0.0,0.0,25.11,5.86,0.0
20200122:1230,0.0,0.0,24.96,5.79,0.0
20200122:1330,0.0,0.0,24.87,6.14,0.0
20200122:1430,0.0,0.0,24.83,6.55,0.0
20200122:1530,0.0,0.0,24.65,6.83,0.0
20200122:1630,0.0,0.0,24.44,6.83,0.0
20200122:1730,0.0,0.0,24.25,6.69,0.0
20200122:1830,0.0,0.0,24.1,6.55,0.0
20200122:1930,0.0,0.0,24.14,6.76,0.0
20200122:2030,0.0,0.0,24.06,6.69,0.0
20200122:2130,0.0,0.0,23.97,6.41,0.0
20200122:2230,423.42,3.05,23.94,6.14,0.0
20200122:2330,638.07,16.66,24.15,6.28,0.0
20200123:0030,684.99,29.81,25.08,6.69,0.0
20200123:0130,768.58,42.01,25.91,8.07,0.0
20200123:0230,807.25,52.32,26.64,8.07,0.0
20200123:0330,826.87,58.82,27.41,7.93,0.0
20200123:0430,888.68,59.0,27.81,7.52,0.0
20200123:0530,837.02,52.75,28.23,7.03,0.0
20200123:0630,810.37,42.57,28.15,6.62,0.0
20200123:0730,772.0,30.43,27.92,6.69,0.0
20200123:0830,588.53,17.33,27.4,6.83,0.0
20200123:0930,405.24,3.71,26.66,6.28,0.0
20200123:1030,0.0,0.0,25.9,5.79,0.0
20200123:1130,0.0,0.0,25.57,5.52,0.0
20200123:1230,0.0,0.0,25.57,5.59,0.0
20200123:1330,0.0,0.0,25.56,5.93,0.0
20200123:1430,0.0,0.0,25.5,6.21,0.0
20200123:1530,0.0,0.0,25.25,6.0,0.0
20200123:1630,0.0,0.0,25.06,5.72,0.0
20200123:1730,0.0,0.0,24.84,5.52,0.0
20200123:1830,0.0,0.0,24.76,5.31,0.0
20200123:1930,0.0,0.0,25.01,5.31,0.0
20200123:2030,0.0,0.0,24.9,5.03,0.0
20200123:2130,0.0,0.0,24.92,4.97,0.0
20200123:2230,292.6,3.03,24.9,4.9,0.0
20200123:2330,536.14,16.67,25.12,4.69,0.0
20200124:0030,766.03,29.86,25.81,5.38,0.0
20200124:0130,755.61,42.1,26.82,6.07,0.0
20200124:0230,739.82,52.47,27.5,6.07,0.0
20200124:0330,653.08,59.04,27.97,5.79,0.0
20200124:0430,805.34,59.24,28.07,5.79,0.0
20200124:0530,534.06,52.98,28.23,6.0,0.0
20200124:0630,720.29,42.76,28.02,5.59,0.0
20200124:0730,611.89,30.59,28.17,5.79,0.0
20200124:0830,593.53,17.47,28.04,6.0,0.0
20200124:0930,342.56,3.82,27.31,5.31,0.0
20200124:1030,0.0,0.0,26.24,5.24,0.0
20200124:1130,0.0,0.0,25.68,4.97,0.0
20200124:1230,0.0,0.0,25.4,5.24,0.0
20200124:1330,0.0,0.0,25.41,5.24,0.0
20200124:1430,0.0,0.0,25.24,5.24,0.0
20200124:1530,0.0,0.0,25.11,5.17,0.0
20200124:1630,0.0,0.0,25.08,4.9,0.0
20200124:1730,0.0,0.0,25.01,4.69,0.0
20200124:1830,0.0,0.0,24.85,4.41,0.0
20200124:1930,0.0,0.0,25.16,4.07,0.0
20200124:2030,0.0,0.0,25.18,4.0,0.0
20200124:2130,0.0,0.0,25.16,4.0,0.0
20200124:2230,203.38,3.03,25.06,4.21,0.0
20200124:2330,245.02,16.69,25.17,4.41,0.0
20200125:0030,469.63,29.91,25.73,5.1,0.0
20200125:0130,712.46,42.19,26.49,5.1,0.0
20200125:0230,716.08,52.62,27.35,4.83,0.0
20200125:0330,792.61,59.26,28.0,4.62,0.0
20200125:0430,926.99,59.49,28.55,4.28,0.0
20200125:0530,860.37,53.21,28.94,4.0,0.0
20200125:0630,287.86,42.95,29.12,3.93,0.0
20200125:0730,318.75,30.75,27.28,4.48,0.0
20200125:0830,346.66,17.6,27.23,4.48,0.0
20200125:0930,166.43,3.94,26.77,4.21,0.0
20200125:1030,0.0,0.0,26.14,3.72,0.0
20200125:1130,0.0,0.0,25.73,3.52,0.0
20200125:1230,0.0,0.0,25.51,3.38,0.0
20200125:1330,0.0,0.0,25.35,3.31,0.0
20200125:1430,0.0,0.0,25.12,3.38,0.0
20200125:1530,0.0,0.0,24.93,3.38,0.0
20200125:1630,0.0,0.0,24.86,3.31,0.0
20200125:1730,0.0,0.0,24.84,3.17,0.0
20200125:1830,0.0,0.0,24.65,2.9,0.0
20200125:1930,0.0,0.0,24.55,3.17,0.0
20200125:2030,0.0,0.0,24.51,2.97,0.0
20200125:2130,0.0,0.0,24.45,2.76,0.0
20200125:2230,463.92,3.02,24.3,2.55,0.0
20200125:2330,741.99,16.71,24.63,2.28,0.0
20200126:0030,880.17,29.96,26.32,2.41,0.0
20200126:0130,836.74,42.29,27.3,2.07,0.0
20200126:0230,854.72,52.78,28.0,1.59,0.0
20200126:0330,802.41,59.48,28.72,1.31,0.0
20200126:0430,763.42,59.75,29.04,1.03,0.0
20200126:0530,767.82,53.44,29.34,0.9,0.0
20200126:0630,711.73,43.14,29.32,1.24,0.0
20200126:0730,577.96,30.91,29.76,0.62,0.0
20200126:0830,479.87,17.73,28.41,0.14,0.0
20200126:0930,234.18,4.05,27.7,1.1,0.0
20200126:1030,0.0,0.0,27.38,1.1,0.0
20200126:1130,0.0,0.0,26.84,0.76,0.0
20200126:1230,0.0,0.0,26.26,2.0,0.0
20200126:1330,0.0,0.0,25.73,2.28,0.0
20200126:1430,0.0,0.0,25.24,2.0,0.0
20200126:1530,0.0,0.0,24.86,1.66,0.0
20200126:1630,0.0,0.0,24.43,1.31,0.0
20200126:1730,0.0,0.0,24.04,1.1,0.0
20200126:1830,0.0,0.0,23.73,1.1,0.0
20200126:1930,0.0,0.0,23.32,1.17,0.0
20200126:2030,0.0,0.0,23.03,1.24,0.0
20200126:2130,0.0,0.0,22.91,1.31,0.0
20200126:2230,399.77,3.02,22.98,1.31,0.0
20200126:2330,560.07,16.73,23.65,0.9,0.0
20200127:0030,811.51,30.02,26.13,0.41,0.0
20200127:0130,860.72,42.39,27.16,0.48,0.0
20200127:0230,885.39,52.94,27.94,0.69,0.0
20200127:0330,736.51,59.71,28.36,0.69,0.0
20200127:0430,917.27,60.01,28.63,0.76,0.0
20200127:0530,791.98,53.67,29.23,1.03,0.0
20200127:0630,739.06,43.34,29.33,1.38,0.0
20200127:0730,651.23,31.07,29.1,1.79,0.0
20200127:0830,387.02,17.86,29.15,1.66,0.0
20200127:0930,266.32,4.15,28.37,1.17,0.0
20200127:1030,0.0,0.0,27.76,1.38,0.0
20200127:1130,0.0,0.0,27.23,1.45,0.0
20200127:1230,0.0,0.0,26.84,1.59,0.0
20200127:1330,0.0,0.0,26.45,1.86,0.0
20200127:1430,0.0,0.0,26.19,2.41,0.0
20200127:1530,0.0,0.0,25.85,2.55,0.0
20200127:1630,0.0,0.0,25.49,2.62,0.0
20200127:1730,0.0,0.0,25.25,2.69,0.0
20200127:1830,0.0,0.0,24.99,2.97,0.0
20200127:1930,0.0,0.0,24.76,3.03,0.0
20200127:2030,0.0,0.0,24.66,3.1,0.0
20200127:2130,0.0,0.0,24.49,3.1,0.0
20200127:2230,392.38,3.02,24.29,2.9,0.0
20200127:2330,677.24,16.76,24.39,3.03,0.0
20200128:0030,881.69,30.08,25.44,3.38,0.0
20200128:0130,821.4,42.5,26.95,3.52,0.0
20200128:0230,827.19,53.11,28.11,3.31,0.0
20200128:0330,797.09,59.95,28.93,3.03,0.0
20200128:0430,796.47,60.27,29.45,2.83,0.0
20200128:0530,935.53,53.91,29.58,2.76,0.0
20200128:0630,824.42,43.53,29.93,2.76,0.0
20200128:0730,779.65,31.23,29.83,2.97,0.0
20200128:0830,585.25,17.99,29.3,3.17,0.0
20200128:0930,407.36,4.26,28.54,3.38,0.0
20200128:1030,0.0,0.0,27.59,3.38,0.0
20200128:1130,0.0,0.0,26.86,3.24,0.0
20200128:1230,0.0,0.0,26.52,3.17,0.0
20200128:1330,0.0,0.0,26.21,3.1,0.0
20200128:1430,0.0,0.0,25.86,3.1,0.0
20200128:1530,0.0,0.0,25.68,3.1,0.0
20200128:1630,0.0,0.0,25.37,3.03,0.0
20200128:1730,0.0,0.0,25.18,3.17,0.0
20200128:1830,0.0,0.0,24.96,3.24,0.0
20200128:1930,0.0,0.0,25.03,3.31,0.0
20200128:2030,0.0,0.0,24.95,3.17,0.0
20200128:2130,0.0,0.0,24.79,3.03,0.0
20200128:2230,424.13,3.03,24.55,2.9,0.0
20200128:2330,597.19,16.79,24.74,2.83,0.0
20200129:0030,710.17,30.15,25.89,3.52,0.0
20200129:0130,949.48,42.61,26.95,3.38,0.0
20200129:0230,941.92,53.28,28.1,3.59,0.0
20200129:0330,966.65,60.19,28.72,3.66,0.0
20200129:0430,927.8,60.54,29.25,3.52,0.0
20200129:0530,831.23,54.15,29.63,3.31,0.0
20200129:0630,894.16,43.72,29.43,3.17,0.0
20200129:0730,628.96,31.39,29.44,2.97,0.0
20200129:0830,492.89,18.12,28.59,2.83,0.0
20200129:0930,349.52,4.37,28.24,2.55,0.0
20200129:1030,0.0,0.0,27.54,2.21,0.0
20200129:1130,0.0,0.0,26.84,2.28,0.0
20200129:1230,0.0,0.0,26.35,2.41,0.0
20200129:1330,0.0,0.0,25.82,2.69,0.0
20200129:1430,0.0,0.0,25.39,2.9,0.0
20200129:1530,0.0,0.0,25.0,2.97,0.0
20200129:1630,0.0,0.0,24.57,2.9,0.0
20200129:1730,0.0,0.0,24.21,2.76,0.0
20200129:1830,0.0,0.0,23.77,2.62,0.0
20200129:1930,0.0,0.0,23.98,2.41,0.0
20200129:2030,0.0,0.0,23.75,2.41,0.0
20200129:2130,0.0,0.0,23.44,2.41,0.0
20200129:2230,273.59,3.04,23.0,2.48,0.0
20200129:2330,389.08,16.83,23.03,2.55,0.0
20200130:0030,694.79,30.22,24.2,2.62,0.0
20200130:0130,931.21,42.72,25.96,3.03,0.0
20200130:0230,1006.82,53.46,27.5,3.24,0.0
20200130:0330,982.36,60.44,28.54,3.1,0.0
20200130:0430,982.58,60.82,29.19,2.97,0.0
20200130:0530,993.3,54.39,29.47,3.03,0.0
20200130:0630,891.41,43.92,29.48,3.45,0.0
20200130:0730,720.69,31.54,28.66,3.1,0.0
20200130:0830,603.43,18.25,28.07,3.72,0.0
20200130:0930,379.97,4.47,27.46,4.14,0.0
20200130:1030,0.0,0.0,26.52,4.28,0.0
20200130:1130,0.0,0.0,25.93,4.41,0.0
20200130:1230,0.0,0.0,25.5,4.28,0.0
20200130:1330,0.0,0.0,25.28,4.28,0.0
20200130:1430,0.0,0.0,25.08,4.21,0.0
20200130:1530,0.0,0.0,24.73,4.14,0.0
20200130:1630,0.0,0.0,24.45,4.0,0.0
20200130:1730,0.0,0.0,24.21,4.0,0.0
20200130:1830,0.0,0.0,23.97,3.86,0.0
20200130:1930,0.0,0.0,23.74,3.59,0.0
20200130:2030,0.0,0.0,23.73,3.72,0.0
20200130:2130,0.0,0.0,23.63,3.66,0.0
20200130:2230,484.49,3.05,23.52,4.0,0.0
20200130:2330,728.61,16.86,23.58,4.28,0.0
20200131:0030,858.48,30.3,24.7,5.03,0.0
20200131:0130,915.78,42.84,26.07,6.07,0.0
20200131:0230,925.34,53.64,26.93,6.48,0.0
20200131:0330,940.36,60.69,27.46,6.62,0.0
20200131:0430,900.84,61.1,27.98,6.76,0.0
20200131:0530,910.29,54.63,28.15,6.83,0.0
20200131:0630,814.37,44.11,28.14,6.62,0.0
20200131:0730,788.4,31.7,27.65,6.48,0.0
20200131:0830,579.01,18.38,27.26,6.69,0.0
20200131:0930,375.5,4.57,26.67,6.41,0.0
20200131:1030,0.0,0.0,25.93,6.14,0.0
20200131:1130,0.0,0.0,25.38,6.14,0.0
20200131:1230,0.0,0.0,25.01,6.0,0.0
20200131:1330,0.0,0.0,24.7,5.93,0.0
20200131:1430,0.0,0.0,24.32,6.14,0.0
20200131:1530,0.0,0.0,23.96,6.28,0.0
20200131:1630,0.0,0.0,23.87,6.07,0.0
20200131:1730,0.0,0.0,23.72,6.0,0.0
20200131:1830,0.0,0.0,23.59,5.93,0.0
20200131:1930,0.0,0.0,23.58,6.07,0.0
20200131:2030,0.0,0.0,23.52,6.21,0.0
20200131:2130,0.0,0.0,23.3,6.41,0.0
20200131:2230,334.82,3.07,23.19,6.34,0.0
20200131:2330,584.93,16.91,23.38,6.14,0.0
20200201:0030,713.69,30.38,24.25,7.45,0.0
20200201:0130,840.41,42.97,25.11,7.79,0.0
20200201:0230,870.76,53.83,25.97,7.86,0.0
20200201:0330,918.9,60.95,26.54,7.93,0.0
20200201:0430,858.07,61.38,26.85,8.07,0.0
20200201:0530,811.37,54.88,27.05,8.0,0.0
20200201:0630,710.23,44.31,26.97,8.0,0.0
20200201:0730,685.7,31.85,26.69,8.07,0.0
20200201:0830,546.28,18.5,26.41,8.14,0.0
20200201:0930,357.96,4.68,25.78,7.45,0.0
20200201:1030,0.0,0.0,25.05,7.1,0.0
20200201:1130,0.0,0.0,24.58,6.9,0.0
20200201:1230,0.0,0.0,24.43,6.9,0.0
20200201:1330,0.0,0.0,24.29,6.76,0.0
20200201:1430,0.0,0.0,24.22,6.83,0.0
20200201:1530,0.0,0.0,24.03,6.69,0.0
20200201:1630,0.0,0.0,23.87,6.55,0.0
20200201:1730,0.0,0.0,23.72,6.34,0.0
20200201:1830,0.0,0.0,23.55,6.28,0.0
20200201:1930,0.0,0.0,23.52,6.34,0.0
20200201:2030,0.0,0.0,23.4,6.41,0.0
20200201:2130,0.0,0.0,23.17,6.55,0.0
20200201:2230,442.66,3.09,23.22,6.76,0.0
20200201:2330,691.96,16.95,23.38,6.55,0.0
20200202:0030,794.72,30.46,24.22,7.86,0.0
20200202:0130,898.48,43.09,25.3,8.76,0.0
20200202:0230,781.98,54.02,26.3,8.9,0.0
20200202:0330,748.2,61.21,26.49,8.9,0.0
20200202:0430,743.01,61.67,26.78,8.62,0.0
20200202:0530,786.64,55.12,26.89,8.48,0.0
20200202:0630,901.79,44.5,26.87,8.55,0.0
20200202:0730,659.88,32.01,27.03,8.48,0.0
20200202:0830,636.53,18.62,26.59,8.28,0.0
20200202:0930,404.5,4.77,26.0,7.86,0.0
20200202:1030,0.0,0.0,25.13,7.38,0.0
20200202:1130,0.0,0.0,24.59,7.24,0.0
20200202:1230,0.0,0.0,24.38,7.1,0.0
20200202:1330,0.0,0.0,24.29,7.03,0.0
20200202:1430,0.0,0.0,24.2,7.1,0.0
20200202:1530,0.0,0.0,23.98,7.1,0.0
20200202:1630,0.0,0.0,23.76,6.97,0.0
20200202:1730,0.0,0.0,23.55,6.69,0.0
20200202:1830,0.0,0.0,23.46,6.48,0.0
20200202:1930,0.0,0.0,23.36,6.48,0.0
20200202:2030,0.0,0.0,23.28,6.41,0.0
20200202:2130,0.0,0.0,23.25,6.34,0.0
20200202:2230,474.55,3.12,23.22,6.21,0.0
20200202:2330,741.5,17.0,23.48,6.21,0.0
20200203:0030,890.74,30.55,24.53,6.62,0.0
20200203:0130,998.98,43.23,25.52,8.07,0.0
20200203:0230,974.17,54.21,26.39,8.55,0.0
20200203:0330,957.89,61.48,27.03,8.69,0.0
20200203:0430,982.15,61.96,27.37,8.62,0.0
20200203:0530,1021.31,55.37,27.59,8.69,0.0
20200203:0630,947.77,44.69,27.59,8.62,0.0
20200203:0730,907.29,32.16,27.06,8.21,0.0
20200203:0830,786.15,18.75,26.67,8.07,0.0
20200203:0930,499.82,4.87,25.98,7.52,0.0
20200203:1030,0.0,0.0,25.1,7.03,0.0
20200203:1130,0.0,0.0,24.53,6.69,0.0
20200203:1230,0.0,0.0,24.2,6.76,0.0
20200203:1330,0.0,0.0,23.95,6.83,0.0
20200203:1430,0.0,0.0,23.76,6.83,0.0
20200203:1530,0.0,0.0,23.6,6.83,0.0
20200203:1630,0.0,0.0,23.45,6.83,0.0
20200203:1730,0.0,0.0,23.26,6.55,0.0
20200203:1830,0.0,0.0,23.1,6.14,0.0
20200203:1930,0.0,0.0,23.06,5.93,0.0
20200203:2030,0.0,0.0,23.02,5.79,0.0
20200203:2130,0.0,0.0,22.99,5.66,0.0
20200203:2230,567.06,3.14,22.96,5.45,0.0
20200203:2330,782.81,17.06,23.23,5.31,0.0
20200204:0030,966.62,30.64,24.53,5.52,0.0
20200204:0130,954.98,43.36,25.8,6.97,0.0
20200204:0230,955.29,54.42,26.76,7.24,0.0
20200204:0330,955.46,61.76,27.45,7.1,0.0
20200204:0430,891.51,62.26,27.83,7.03,0.0
20200204:0530,880.33,55.62,27.88,7.03,0.0
20200204:0630,773.38,44.89,27.91,7.1,0.0
20200204:0730,710.45,32.31,27.38,6.9,0.0
20200204:0830,560.87,18.86,26.8,6.9,0.0
20200204:0930,467.18,4.97,26.14,6.28,0.0
20200204:1030,0.0,0.0,25.26,5.31,0.0
20200204:1130,0.0,0.0,24.49,4.76,0.0
20200204:1230,0.0,0.0,24.06,4.55,0.0
20200204:1330,0.0,0.0,23.77,4.62,0.0
20200204:1430,0.0,0.0,23.64,4.83,0.0
20200204:1530,0.0,0.0,23.61,5.03,0.0
20200204:1630,0.0,0.0,23.64,5.17,0.0
20200204:1730,0.0,0.0,23.49,4.9,0.0
20200204:1830,0.0,0.0,23.35,4.55,0.0
20200204:1930,0.0,0.0,23.47,4.34,0.0
20200204:2030,0.0,0.0,23.42,4.41,0.0
20200204:2130,0.0,0.0,23.5,4.48,0.0
20200204:2230,269.1,3.18,23.41,4.48,0.0
20200204:2330,494.32,17.12,23.54,4.48,0.0
20200205:0030,647.81,30.73,24.76,5.03,0.0
20200205:0130,735.37,43.5,26.15,6.9,0.0
20200205:0230,676.93,54.62,27.07,6.97,0.0
20200205:0330,658.41,62.03,27.7,6.48,0.0
20200205:0430,653.86,62.56,28.0,6.48,0.0
20200205:0530,831.24,55.87,28.04,6.55,0.0
20200205:0630,374.26,45.08,28.32,6.83,0.0
20200205:0730,382.92,32.46,27.62,6.28,0.0
20200205:0830,239.98,18.98,26.99,6.14,0.0
20200205:0930,20.71,5.06,26.28,5.66,0.0
20200205:1030,0.0,0.0,25.8,5.24,0.0
20200205:1130,0.0,0.0,25.57,5.1,0.0
20200205:1230,0.0,0.0,25.47,5.03,0.0
20200205:1330,0.0,0.0,25.31,5.52,0.0
20200205:1430,0.0,0.0,25.1,5.52,0.0
20200205:1530,0.0,0.0,25.02,5.59,0.0
20200205:1630,0.0,0.0,24.95,5.86,0.0
20200205:1730,0.0,0.0,24.97,5.86,0.0
20200205:1830,0.0,0.0,24.92,5.86,0.0
20200205:1930,0.0,0.0,25.03,6.0,0.0
20200205:2030,0.0,0.0,25.08,6.62,0.0
20200205:2130,0.0,0.0,25.15,6.76,0.0
20200205:2230,81.88,3.21,25.18,6.83,0.0
20200205:2330,210.26,17.18,25.31,6.83,0.0
20200206:0030,350.82,30.83,25.93,7.1,0.0
20200206:0130,563.47,43.64,26.8,8.83,0.0
20200206:0230,699.97,54.83,27.09,7.52,0.0
20200206:0330,564.78,62.32,27.63,7.31,0.0
20200206:0430,600.92,62.86,27.78,7.1,0.0
20200206:0530,562.46,56.12,28.02,6.97,0.0
20200206:0630,396.77,45.27,27.93,7.24,0.0
20200206:0730,278.32,32.61,27.7,6.97,0.0
20200206:0830,55.37,19.1,26.99,6.69,0.0
20200206:0930,11.64,5.15,26.26,5.72,0.0
20200206:1030,0.0,0.0,25.59,5.59,0.0
20200206:1130,0.0,0.0,25.15,5.66,0.0
20200206:1230,0.0,0.0,25.09,5.93,0.0
20200206:1330,0.0,0.0,25.05,5.93,0.0
20200206:1430,0.0,0.0,25.09,5.79,0.0
20200206:1530,0.0,0.0,25.08,5.59,0.0
20200206:1630,0.0,0.0,25.08,5.45,0.0
20200206:1730,0.0,0.0,25.09,5.38,0.0
20200206:1830,0.0,0.0,25.08,5.17,0.0
20200206:1930,0.0,0.0,25.1,4.9,0.0
20200206:2030,0.0,0.0,24.97,4.69,0.0
20200206:2130,0.0,0.0,24.97,4.97,0.0
20200206:2230,11.62,3.25,24.94,4.97,0.0
20200206:2330,69.96,17.24,25.02,5.03,0.0
20200207:0030,361.16,30.93,25.55,5.31,0.0
20200207:0130,415.01,43.79,26.41,6.14,0.0
20200207:0230,598.58,55.04,27.27,6.07,0.0
20200207:0330,642.94,62.61,27.9,6.28,0.0
20200207:0430,440.64,63.17,28.37,6.14,0.0
20200207:0530,615.21,56.37,28.22,5.45,0.0
20200207:0630,490.46,45.46,28.76,5.17,0.0
20200207:0730,323.96,32.75,28.29,4.83,0.0
20200207:0830,275.91,19.21,26.98,4.14,0.0
20200207:0930,84.2,5.24,26.69,4.55,0.0
20200207:1030,0.0,0.0,26.24,4.28,0.0
20200207:1130,0.0,0.0,25.82,4.34,0.0
20200207:1230,0.0,0.0,25.67,4.34,0.0
20200207:1330,0.0,0.0,25.5,4.41,0.0
20200207:1430,0.0,0.0,25.37,3.93,0.0
20200207:1530,0.0,0.0,25.22,3.86,0.0
20200207:1630,0.0,0.0,25.1,4.0,0.0
20200207:1730,0.0,0.0,25.05,4.07,0.0
20200207:1830,0.0,0.0,24.97,4.28,0.0
20200207:1930,0.0,0.0,25.1,4.83,0.0
20200207:2030,0.0,0.0,25.03,5.03,0.0
20200207:2130,0.0,0.0,24.83,5.03,0.0
20200207:2230,202.56,3.3,24.68,4.83,0.0
20200207:2330,376.07,17.31,24.93,4.69,0.0
20200208:0030,520.5,31.04,25.68,4.83,0.0
20200208:0130,423.38,43.94,26.54,4.83,0.0
20200208:0230,517.44,55.26,26.95,4.55,0.0
20200208:0330,669.85,62.9,27.51,4.55,0.0
20200208:0430,627.51,63.48,28.07,4.69,0.0
20200208:0530,725.08,56.62,28.11,4.9,0.0
20200208:0630,695.62,45.65,28.31,5.31,0.0
20200208:0730,544.87,32.9,27.93,5.59,0.0
20200208:0830,549.91,19.32,27.68,5.72,0.0
20200208:0930,189.89,5.33,27.33,5.59,0.0
20200208:1030,0.0,0.0,26.52,5.1,0.0
20200208:1130,0.0,0.0,25.94,5.03,0.0
20200208:1230,0.0,0.0,25.63,5.17,0.0
20200208:1330,0.0,0.0,25.46,5.38,0.0
20200208:1430,0.0,0.0,25.37,5.52,0.0
20200208:1530,0.0,0.0,25.33,5.66,0.0
20200208:1630,0.0,0.0,25.29,5.59,0.0
20200208:1730,0.0,0.0,25.12,5.45,0.0
20200208:1830,0.0,0.0,25.05,5.24,0.0
20200208:1930,0.0,0.0,24.97,4.62,0.0
20200208:2030,0.0,0.0,24.79,4.62,0.0
20200208:2130,0.0,0.0,24.63,4.76,0.0
20200208:2230,463.35,3.35,24.43,4.76,0.0
20200208:2330,681.02,17.39,24.5,4.62,0.0
20200209:0030,874.01,31.15,25.49,5.93,0.0
20200209:0130,843.79,44.1,26.49,6.76,0.0
20200209:0230,831.8,55.48,27.32,7.24,0.0
20200209:0330,792.46,63.2,27.59,7.31,0.0
20200209:0430,890.07,63.79,27.82,7.66,0.0
20200209:0530,713.68,56.87,28.21,8.0,0.0
20200209:0630,782.45,45.84,27.82,7.79,0.0
20200209:0730,649.54,33.04,27.81,7.72,0.0
20200209:0830,542.57,19.43,27.22,7.66,0.0
20200209:0930,320.63,5.41,26.27,7.24,0.0
20200209:1030,0.0,0.0,25.69,7.59,0.0
20200209:1130,0.0,0.0,25.17,7.03,0.0
20200209:1230,0.0,0.0,24.93,6.97,0.0
20200209:1330,0.0,0.0,24.87,7.03,0.0
20200209:1430,0.0,0.0,24.84,6.97,0.0
20200209:1530,0.0,0.0,24.65,7.03,0.0
20200209:1630,0.0,0.0,24.55,6.9,0.0
20200209:1730,0.0,0.0,24.36,6.97,0.0
20200209:1830,0.0,0.0,24.36,7.03,0.0
20200209:1930,0.0,0.0,24.35,7.24,0.0
20200209:2030,0.0,0.0,24.26,7.24,0.0
20200209:2130,0.0,0.0,24.23,7.38,0.0
20200209:2230,33.61,3.4,24.36,7.38,0.0
20200209:2330,170.32,17.46,24.35,7.59,0.0
20200210:0030,333.11,31.26,24.84,7.52,0.0
20200210:0130,653.46,44.26,25.33,8.34,0.0
20200210:0230,667.45,55.7,26.01,9.1,0.0
20200210:0330,582.36,63.5,26.23,9.31,0.0
20200210:0430,611.66,64.1,26.43,9.72,0.0
20200210:0530,737.47,57.12,26.68,9.24,0.0
20200210:0630,716.65,46.02,26.74,9.45,0.0
20200210:0730,737.62,33.18,26.91,10.41,0.0
20200210:0830,439.39,19.54,26.64,10.14,0.0
20200210:0930,256.76,5.49,25.97,9.38,0.0
20200210:1030,0.0,0.0,25.44,9.03,0.0
20200210:1130,0.0,0.0,25.09,8.76,0.0
20200210:1230,0.0,0.0,24.95,8.55,0.0
20200210:1330,0.0,0.0,24.82,8.28,0.0
20200210:1430,0.0,0.0,24.53,8.07,0.0
20200210:1530,0.0,0.0,24.42,7.93,0.0
20200210:1630,0.0,0.0,24.24,7.66,0.0
20200210:1730,0.0,0.0,24.0,7.52,0.0
20200210:1830,0.0,0.0,23.8,7.45,0.0
20200210:1930,0.0,0.0,23.8,7.38,0.0
20200210:2030,0.0,0.0,23.74,7.38,0.0
20200210:2130,0.0,0.0,23.69,7.38,0.0
20200210:2230,347.72,3.46,23.65,7.38,0.0
20200210:2330,682.76,17.54,23.94,7.31,0.0
20200211:0030,837.72,31.37,24.81,8.34,0.0
20200211:0130,907.2,44.42,25.53,8.97,0.0
20200211:0230,900.97,55.93,26.31,9.1,0.0
20200211:0330,947.63,63.8,26.85,9.03,0.0
20200211:0430,962.35,64.42,27.31,9.03,0.0
20200211:0530,939.49,57.37,27.56,9.03,0.0
20200211:0630,853.79,46.21,27.47,8.9,0.0
20200211:0730,769.37,33.32,26.96,8.55,0.0
20200211:0830,734.73,19.64,26.58,8.55,0.0
20200211:0930,449.7,5.57,26.05,8.14,0.0
20200211:1030,0.0,0.0,25.27,7.66,0.0
20200211:1130,0.0,0.0,24.87,7.38,0.0
20200211:1230,0.0,0.0,24.7,7.31,0.0
20200211:1330,0.0,0.0,24.58,7.38,0.0
20200211:1430,0.0,0.0,24.44,7.38,0.0
20200211:1530,0.0,0.0,24.25,7.38,0.0
20200211:1630,0.0,0.0,24.06,7.17,0.0
20200211:1730,0.0,0.0,23.84,6.83,0.0
20200211:1830,0.0,0.0,23.6,6.48,0.0
20200211:1930,0.0,0.0,23.52,6.28,0.0
20200211:2030,0.0,0.0,23.41,6.28,0.0
20200211:2130,0.0,0.0,23.33,6.14,0.0
20200211:2230,493.84,3.51,23.26,6.0,0.0
20200211:2330,772.53,17.63,23.43,5.86,0.0
20200212:0030,836.55,31.49,24.5,6.28,0.0
20200212:0130,1009.78,44.58,25.53,7.24,0.0
20200212:0230,967.44,56.16,26.64,7.31,0.0
20200212:0330,970.0,64.11,27.4,7.31,0.0
20200212:0430,933.66,64.74,27.97,7.45,0.0
20200212:0530,803.53,57.62,28.25,7.45,0.0
20200212:0630,681.57,46.39,28.09,7.24,0.0
20200212:0730,654.26,33.45,27.85,6.9,0.0
20200212:0830,698.71,19.75,27.36,6.83,0.0
20200212:0930,439.79,5.65,26.72,6.34,0.0
20200212:1030,0.0,0.0,25.88,5.72,0.0
20200212:1130,0.0,0.0,25.2,5.66,0.0
20200212:1230,0.0,0.0,24.84,5.52,0.0
20200212:1330,0.0,0.0,24.55,5.45,0.0
20200212:1430,0.0,0.0,24.32,5.45,0.0
20200212:1530,0.0,0.0,24.14,5.52,0.0
20200212:1630,0.0,0.0,23.95,5.45,0.0
20200212:1730,0.0,0.0,23.89,5.31,0.0
20200212:1830,0.0,0.0,23.77,5.17,0.0
20200212:1930,0.0,0.0,23.86,5.03,0.0
20200212:2030,0.0,0.0,23.83,5.03,0.0
20200212:2130,0.0,0.0,23.68,4.9,0.0
20200212:2230,404.5,3.58,23.66,4.83,0.0
20200212:2330,696.09,17.71,23.85,4.62,0.0
20200213:0030,822.91,31.62,24.91,5.1,0.0
20200213:0130,870.28,44.75,26.23,5.72,0.0
20200213:0230,767.53,56.4,27.22,5.52,0.0
20200213:0330,849.13,64.43,27.84,5.31,0.0
20200213:0430,762.33,65.07,28.21,5.38,0.0
20200213:0530,674.51,57.87,28.41,5.45,0.0
20200213:0630,754.19,46.57,28.36,5.52,0.0
20200213:0730,483.4,33.59,28.26,5.45,0.0
20200213:0830,418.98,19.85,27.55,5.17,0.0
20200213:0930,214.34,5.72,26.87,4.9,0.0
20200213:1030,0.0,0.0,26.06,4.48,0.0
20200213:1130,0.0,0.0,25.65,4.62,0.0
20200213:1230,0.0,0.0,25.42,4.69,0.0
20200213:1330,0.0,0.0,25.33,4.9,0.0
20200213:1430,0.0,0.0,25.05,5.03,0.0
20200213:1530,0.0,0.0,24.85,5.31,0.0
20200213:1630,0.0,0.0,24.67,5.45,0.0
20200213:1730,0.0,0.0,24.53,5.45,0.0
20200213:1830,0.0,0.0,24.43,5.24,0.0
20200213:1930,0.0,0.0,24.53,5.45,0.0
20200213:2030,0.0,0.0,24.45,5.38,0.0
20200213:2130,0.0,0.0,24.44,5.38,0.0
20200213:2230,429.2,3.64,24.42,5.45,0.0
20200213:2330,725.86,17.81,24.61,5.31,0.0
20200214:0030,882.93,31.74,25.66,6.34,0.0
20200214:0130,838.99,44.92,26.95,7.03,0.0
20200214:0230,672.8,56.63,27.98,7.31,0.0
20200214:0330,801.8,64.75,28.41,7.1,0.0
20200214:0430,820.24,65.4,29.1,6.97,0.0
20200214:0530,761.85,58.12,29.53,6.55,0.0
20200214:0630,630.22,46.75,29.65,6.07,0.0
20200214:0730,667.96,33.72,29.14,5.79,0.0
20200214:0830,561.63,19.94,28.78,5.86,0.0
20200214:0930,354.2,5.8,28.13,5.45,0.0
20200214:1030,0.0,0.0,27.1,4.97,0.0
20200214:1130,0.0,0.0,26.36,5.03,0.0
20200214:1230,0.0,0.0,25.94,5.1,0.0
20200214:1330,0.0,0.0,25.7,5.03,0.0
20200214:1430,0.0,0.0,25.54,4.83,0.0
20200214:1530,0.0,0.0,25.31,4.83,0.0
20200214:1630,0.0,0.0,25.12,5.03,0.0
20200214:1730,0.0,0.0,24.97,5.17,0.0
20200214:1830,0.0,0.0,24.79,5.24,0.0
20200214:1930,0.0,0.0,24.77,4.9,0.0
20200214:2030,0.0,0.0,24.67,5.17,0.0
20200214:2130,0.0,0.0,24.55,5.45,0.0
20200214:2230,441.84,3.72,24.47,5.79,0.0
20200214:2330,695.39,17.9,24.62,5.72,0.0
20200215:0030,715.85,31.87,25.54,7.66,0.0
20200215:0130,674.73,45.09,26.59,7.38,0.0
20200215:0230,795.36,56.87,27.32,7.66,0.0
20200215:0330,835.71,65.07,28.1,7.79,0.0
20200215:0430,883.48,65.72,28.5,7.59,0.0
20200215:0530,859.6,58.37,28.71,7.24,0.0
20200215:0630,850.23,46.92,28.76,6.97,0.0
20200215:0730,961.48,33.84,28.81,6.83,0.0
20200215:0830,836.69,20.04,28.39,6.34,0.0
20200215:0930,520.44,5.87,27.66,5.38,0.0
20200215:1030,0.0,0.0,26.43,4.69,0.0
20200215:1130,0.0,0.0,25.62,4.9,0.0
20200215:1230,0.0,0.0,25.28,5.17,0.0
20200215:1330,0.0,0.0,25.1,5.24,0.0
20200215:1430,0.0,0.0,24.9,5.17,0.0
20200215:1530,0.0,0.0,24.71,5.1,0.0
20200215:1630,0.0,0.0,24.61,5.17,0.0
20200215:1730,0.0,0.0,24.53,5.1,0.0
20200215:1830,0.0,0.0,24.38,5.03,0.0
20200215:1930,0.0,0.0,24.28,4.9,0.0
20200215:2030,0.0,0.0,24.11,4.9,0.0
20200215:2130,0.0,0.0,23.9,4.9,0.0
20200215:2230,500.47,3.79,23.83,5.03,0.0
20200215:2330,690.02,18.0,24.13,4.97,0.0
20200216:0030,802.42,32.0,25.27,6.0,0.0
20200216:0130,681.38,45.27,26.64,6.69,0.0
20200216:0230,720.84,57.12,27.6,6.41,0.0
20200216:0330,825.33,65.4,28.27,6.14,0.0
20200216:0430,760.08,66.06,28.82,5.72,0.0
20200216:0530,702.56,58.61,28.99,5.17,0.0
20200216:0630,666.19,47.1,29.11,4.97,0.0
20200216:0730,565.08,33.97,28.97,5.24,0.0
20200216:0830,649.87,20.13,28.25,5.59,0.0
20200216:0930,419.63,5.93,27.69,5.79,0.0
20200216:1030,0.0,0.0,26.62,5.24,0.0
20200216:1130,0.0,0.0,25.98,5.17,0.0
20200216:1230,0.0,0.0,25.62,5.17,0.0
20200216:1330,0.0,0.0,25.42,5.24,0.0
20200216:1430,0.0,0.0,25.13,5.31,0.0
20200216:1530,0.0,0.0,24.79,5.1,0.0
20200216:1630,0.0,0.0,24.58,4.83,0.0
20200216:1730,0.0,0.0,24.48,4.69,0.0
20200216:1830,0.0,0.0,24.32,4.9,0.0
20200216:1930,0.0,0.0,24.38,5.31,0.0
20200216:2030,0.0,0.0,24.19,5.38,0.0
20200216:2130,0.0,0.0,24.04,5.38,0.0
20200216:2230,372.86,3.87,23.94,5.52,0.0
20200216:2330,558.97,18.1,24.23,5.93,0.0
20200217:0030,692.89,32.14,25.11,7.45,0.0
20200217:0130,838.57,45.45,26.07,7.79,0.0
20200217:0230,709.04,57.37,27.33,8.14,0.0
20200217:0330,873.71,65.73,27.51,7.86,0.0
20200217:0430,828.77,66.39,28.4,8.28,0.0
20200217:0530,664.82,58.86,28.59,8.41,0.0
20200217:0630,777.02,47.27,28.34,8.0,0.0
20200217:0730,555.22,34.09,28.35,7.72,0.0
20200217:0830,582.62,20.22,27.97,7.66,0.0
20200217:0930,431.41,6.0,27.46,7.17,0.0
20200217:1030,0.0,0.0,26.72,6.62,0.0
20200217:1130,0.0,0.0,26.18,6.69,0.0
20200217:1230,0.0,0.0,25.8,6.9,0.0
20200217:1330,0.0,0.0,25.52,7.1,0.0
20200217:1430,0.0,0.0,25.27,7.31,0.0
20200217:1530,0.0,0.0,24.99,7.31,0.0
20200217:1630,0.0,0.0,24.7,7.24,0.0
20200217:1730,0.0,0.0,24.44,7.17,0.0
20200217:1830,0.0,0.0,24.11,7.1,0.0
20200217:1930,0.0,0.0,24.2,7.59,0.0
20200217:2030,0.0,0.0,24.03,7.66,0.0
20200217:2130,0.0,0.0,23.88,7.66,0.0
20200217:2230,400.5,3.95,23.86,7.59,0.0
20200217:2330,741.01,18.2,24.11,7.1,0.0
20200218:0030,877.94,32.28,25.24,8.48,0.0
20200218:0130,960.62,45.63,26.22,9.31,0.0
20200218:0230,979.37,57.62,27.19,9.45,0.0
20200218:0330,970.08,66.06,27.73,9.45,0.0
20200218:0430,945.65,66.72,28.09,9.38,0.0
20200218:0530,954.58,59.1,28.32,9.03,0.0
20200218:0630,974.56,47.44,28.22,8.83,0.0
20200218:0730,856.89,34.21,28.21,8.76,0.0
20200218:0830,597.57,20.31,27.7,8.34,0.0
20200218:0930,409.25,6.06,26.98,7.86,0.0
20200218:1030,0.0,0.0,26.11,7.45,0.0
20200218:1130,0.0,0.0,25.56,7.38,0.0
20200218:1230,0.0,0.0,25.03,7.59,0.0
20200218:1330,0.0,0.0,24.8,7.86,0.0
20200218:1430,0.0,0.0,24.49,7.86,0.0
20200218:1530,0.0,0.0,24.39,7.79,0.0
20200218:1630,0.0,0.0,24.38,7.66,0.0
20200218:1730,0.0,0.0,24.1,7.38,0.0
20200218:1830,0.0,0.0,23.87,7.31,0.0
20200218:1930,0.0,0.0,23.9,7.31,0.0
20200218:2030,0.0,0.0,23.65,7.59,0.0
20200218:2130,0.0,0.0,23.6,7.72,0.0
20200218:2230,420.82,4.03,23.66,7.72,0.0
20200218:2330,610.53,18.31,23.73,7.45,0.0
20200219:0030,773.92,32.42,24.51,9.03,0.0
20200219:0130,680.05,45.82,25.47,9.72,0.0
20200219:0230,731.13,57.87,26.14,9.93,0.0
20200219:0330,935.13,66.4,26.52,9.93,0.0
20200219:0430,769.36,67.06,27.3,10.0,0.0
20200219:0530,792.02,59.34,27.16,9.79,0.0
20200219:0630,685.71,47.6,27.12,9.86,0.0
20200219:0730,752.51,34.33,26.71,9.79,0.0
20200219:0830,578.97,20.39,26.32,9.86,0.0
20200219:0930,300.78,6.12,25.6,9.45,0.0
20200219:1030,0.0,0.0,24.84,8.62,0.0
20200219:1130,0.0,0.0,24.49,8.14,0.0
20200219:1230,0.0,0.0,24.36,8.14,0.0
20200219:1330,0.0,0.0,24.37,8.48,0.0
20200219:1430,0.0,0.0,24.25,8.55,0.0
20200219:1530,0.0,0.0,24.06,8.48,0.0
20200219:1630,0.0,0.0,24.0,8.41,0.0
20200219:1730,0.0,0.0,23.75,8.21,0.0
20200219:1830,0.0,0.0,23.5,8.28,0.0
20200219:1930,0.0,0.0,23.71,8.97,0.0
20200219:2030,0.0,0.0,23.82,8.41,0.0
20200219:2130,0.0,0.0,23.75,8.28,0.0
20200219:2230,321.31,4.12,23.44,8.55,0.0
20200219:2330,584.09,18.42,23.63,8.0,0.0
20200220:0030,455.06,32.56,24.19,8.07,0.0
20200220:0130,729.45,46.0,24.81,8.97,0.0
20200220:0230,782.14,58.12,25.95,9.72,0.0
20200220:0330,707.39,66.74,26.59,9.59,0.0
20200220:0430,810.86,67.4,26.75,9.59,0.0
20200220:0530,884.98,59.58,27.27,9.72,0.0
20200220:0630,621.83,47.76,27.28,9.38,0.0
20200220:0730,735.16,34.44,26.64,8.9,0.0
20200220:0830,478.48,20.47,26.51,9.24,0.0
20200220:0930,367.94,6.18,25.72,7.79,0.0
20200220:1030,0.0,0.0,24.85,7.93,0.0
20200220:1130,0.0,0.0,24.39,8.07,0.0
20200220:1230,0.0,0.0,24.22,8.48,0.0
20200220:1330,0.0,0.0,23.88,8.07,0.0
20200220:1430,0.0,0.0,23.65,7.59,0.0
20200220:1530,0.0,0.0,23.44,8.41,0.0
20200220:1630,0.0,0.0,23.48,8.62,0.0
20200220:1730,0.0,0.0,23.32,8.34,0.0
20200220:1830,0.0,0.0,23.19,7.66,0.0
20200220:1930,0.0,0.0,23.21,8.28,0.0
20200220:2030,0.0,0.0,23.29,8.48,0.0
20200220:2130,0.0,0.0,23.16,7.66,0.0
20200220:2230,248.03,4.21,23.26,7.31,0.0
20200220:2330,359.78,18.53,23.39,6.9,0.0
20200221:0030,664.21,32.7,23.85,6.34,0.0
20200221:0130,800.76,46.19,24.84,7.66,0.0
20200221:0230,922.97,58.38,25.94,7.79,0.0
20200221:0330,828.54,67.08,26.55,8.55,0.0
20200221:0430,841.01,67.74,26.87,8.69,0.0
20200221:0530,796.64,59.82,27.01,8.97,0.0
20200221:0630,763.97,47.92,26.91,9.24,0.0
20200221:0730,687.67,34.55,26.82,8.9,0.0
20200221:0830,595.7,20.55,26.41,8.55,0.0
20200221:0930,378.17,6.24,25.73,7.66,0.0
20200221:1030,0.0,0.0,25.14,7.45,0.0
20200221:1130,0.0,0.0,24.58,7.17,0.0
20200221:1230,0.0,0.0,24.51,7.31,0.0
20200221:1330,0.0,0.0,24.3,7.24,0.0
20200221:1430,0.0,0.0,24.15,6.97,0.0
20200221:1530,0.0,0.0,24.04,6.97,0.0
20200221:1630,0.0,0.0,24.02,6.97,0.0
20200221:1730,0.0,0.0,23.78,7.17,0.0
20200221:1830,0.0,0.0,23.46,7.03,0.0
20200221:1930,0.0,0.0,23.59,7.52,0.0
20200221:2030,0.0,0.0,23.42,7.38,0.0
20200221:2130,0.0,0.0,23.36,7.31,0.0
20200221:2230,199.58,4.31,23.34,7.17,0.0
20200221:2330,486.92,18.65,23.39,7.72,0.0
20200222:0030,566.82,32.85,24.03,7.59,0.0
20200222:0130,812.92,46.38,24.85,8.0,0.0
20200222:0230,764.7,58.64,25.56,8.9,0.0
20200222:0330,879.47,67.43,26.25,8.83,0.0
20200222:0430,990.12,68.08,27.2,9.17,0.0
20200222:0530,914.72,60.06,27.51,9.17,0.0
20200222:0630,961.1,48.08,27.49,9.03,0.0
20200222:0730,787.28,34.65,27.24,8.28,0.0
20200222:0830,718.26,20.62,26.62,8.0,0.0
20200222:0930,459.7,6.29,25.81,7.38,0.0
20200222:1030,0.0,0.0,24.97,7.24,0.0
20200222:1130,0.0,0.0,24.43,7.38,0.0
20200222:1230,0.0,0.0,24.2,7.38,0.0
20200222:1330,0.0,0.0,24.14,7.38,0.0
20200222:1430,0.0,0.0,24.1,7.59,0.0
20200222:1530,0.0,0.0,23.99,7.66,0.0
20200222:1630,0.0,0.0,23.97,7.59,0.0
20200222:1730,0.0,0.0,23.99,7.31,0.0
20200222:1830,0.0,0.0,23.75,6.76,0.0
20200222:1930,0.0,0.0,23.82,6.55,0.0
20200222:2030,0.0,0.0,23.63,6.28,0.0
20200222:2130,0.0,0.0,23.62,6.28,0.0
20200222:2230,508.01,4.41,23.55,6.28,0.0
20200222:2330,739.58,18.77,23.85,6.07,0.0
20200223:0030,866.26,33.0,24.82,6.97,0.0
20200223:0130,970.17,46.58,25.94,7.93,0.0
20200223:0230,914.08,58.9,26.78,7.93,0.0
20200223:0330,865.09,67.77,27.4,7.93,0.0
20200223:0430,929.1,68.42,27.91,8.48,0.0
20200223:0530,826.92,60.29,28.15,8.41,0.0
20200223:0630,858.46,48.23,28.01,8.34,0.0
20200223:0730,888.0,34.76,27.97,8.83,0.0
20200223:0830,743.33,20.69,27.63,8.34,0.0
20200223:0930,459.61,6.34,26.9,7.79,0.0
20200223:1030,0.0,0.0,25.92,7.38,0.0
20200223:1130,0.0,0.0,25.43,7.31,0.0
20200223:1230,0.0,0.0,25.03,7.1,0.0
20200223:1330,0.0,0.0,24.93,6.97,0.0
20200223:1430,0.0,0.0,24.85,6.83,0.0
20200223:1530,0.0,0.0,24.72,6.62,0.0
20200223:1630,0.0,0.0,24.74,6.41,0.0
20200223:1730,0.0,0.0,24.64,6.0,0.0
20200223:1830,0.0,0.0,24.48,5.72,0.0
20200223:1930,0.0,0.0,24.43,5.79,0.0
20200223:2030,0.0,0.0,24.28,5.72,0.0
20200223:2130,0.0,0.0,24.25,5.79,0.0
20200223:2230,389.49,4.51,24.19,5.93,0.0
20200223:2330,644.77,18.89,24.47,5.59,0.0
20200224:0030,710.5,33.15,25.44,6.83,0.0
20200224:0130,835.05,46.77,26.34,7.17,0.0
20200224:0230,950.88,59.16,27.34,7.38,0.0
20200224:0330,967.01,68.13,28.3,7.38,0.0
20200224:0430,959.43,68.76,28.99,7.59,0.0
20200224:0530,866.05,60.52,29.27,7.59,0.0
20200224:0630,894.28,48.38,29.06,7.52,0.0
20200224:0730,665.85,34.86,28.9,7.52,0.0
20200224:0830,681.49,20.76,28.34,7.31,0.0
20200224:0930,426.25,6.39,27.81,6.55,0.0
20200224:1030,0.0,0.0,26.99,5.86,0.0
20200224:1130,0.0,0.0,26.36,5.72,0.0
20200224:1230,0.0,0.0,25.97,5.66,0.0
20200224:1330,0.0,0.0,25.77,6.0,0.0
20200224:1430,0.0,0.0,25.55,6.41,0.0
20200224:1530,0.0,0.0,25.22,6.21,0.0
20200224:1630,0.0,0.0,24.83,6.14,0.0
20200224:1730,0.0,0.0,24.56,6.07,0.0
20200224:1830,0.0,0.0,24.38,6.14,0.0
20200224:1930,0.0,0.0,24.42,6.14,0.0
20200224:2030,0.0,0.0,24.31,6.07,0.0
20200224:2130,0.0,0.0,24.11,5.79,0.0
20200224:2230,481.05,4.61,24.1,5.72,0.0
20200224:2330,715.71,19.01,24.52,5.52,0.0
20200225:0030,882.25,33.31,25.59,6.69,0.0
20200225:0130,836.96,46.97,26.7,7.38,0.0
20200225:0230,913.95,59.43,27.52,7.59,0.0
20200225:0330,977.08,68.48,28.32,7.79,0.0
20200225:0430,842.96,69.1,28.85,7.59,0.0
20200225:0530,873.14,60.74,28.99,7.45,0.0
20200225:0630,718.34,48.52,28.94,7.24,0.0
20200225:0730,733.06,34.96,28.5,7.38,0.0
20200225:0830,654.26,20.83,28.08,7.17,0.0
20200225:0930,441.69,6.43,27.43,6.69,0.0
20200225:1030,0.0,0.0,26.56,5.93,0.0
20200225:1130,0.0,0.0,26.05,5.79,0.0
20200225:1230,0.0,0.0,25.7,5.66,0.0
20200225:1330,0.0,0.0,25.49,5.79,0.0
20200225:1430,0.0,0.0,25.24,6.0,0.0
20200225:1530,0.0,0.0,25.0,6.07,0.0
20200225:1630,0.0,0.0,24.79,6.14,0.0
20200225:1730,0.0,0.0,24.6,5.93,0.0
20200225:1830,0.0,0.0,24.45,5.72,0.0
20200225:1930,0.0,0.0,24.37,5.72,0.0
20200225:2030,0.0,0.0,24.23,5.79,0.0
20200225:2130,0.0,0.0,24.13,5.86,0.0
20200225:2230,459.72,4.72,24.15,5.93,0.0
20200225:2330,770.13,19.14,24.29,5.59,0.0
20200226:0030,730.28,33.47,25.3,6.83,0.0
20200226:0130,832.49,47.17,26.3,6.76,0.0
20200226:0230,888.13,59.69,27.14,6.62,0.0
20200226:0330,934.6,68.84,27.94,6.41,0.0
20200226:0430,930.79,69.44,28.54,6.34,0.0
20200226:0530,937.43,60.97,28.82,6.28,0.0
20200226:0630,899.11,48.67,29.01,6.21,0.0
20200226:0730,934.44,35.05,28.97,6.0,0.0
20200226:0830,742.46,20.89,28.77,5.93,0.0
20200226:0930,486.96,6.47,27.99,5.52,0.0
20200226:1030,0.0,0.0,26.95,5.03,0.0
20200226:1130,0.0,0.0,26.02,4.83,0.0
20200226:1230,0.0,0.0,25.47,4.83,0.0
20200226:1330,0.0,0.0,25.12,4.76,0.0
20200226:1430,0.0,0.0,24.82,4.9,0.0
20200226:1530,0.0,0.0,24.6,5.03,0.0
20200226:1630,0.0,0.0,24.41,5.17,0.0
20200226:1730,0.0,0.0,24.23,5.1,0.0
20200226:1830,0.0,0.0,24.06,5.03,0.0
20200226:1930,0.0,0.0,24.04,5.45,0.0
20200226:2030,0.0,0.0,24.04,5.72,0.0
20200226:2130,0.0,0.0,24.0,5.72,0.0
20200226:2230,471.69,4.83,23.95,5.66,0.0
20200226:2330,736.84,19.27,24.31,5.38,0.0
20200227:0030,862.66,33.62,25.5,7.38,0.0
20200227:0130,856.92,47.37,26.72,7.59,0.0
20200227:0230,831.73,59.96,27.68,7.72,0.0
20200227:0330,911.12,69.2,28.44,8.0,0.0
20200227:0430,740.38,69.79,28.83,8.28,0.0
20200227:0530,801.38,61.19,28.64,8.14,0.0
20200227:0630,891.85,48.8,28.7,8.07,0.0
20200227:0730,894.39,35.14,28.84,7.45,0.0
20200227:0830,748.72,20.95,28.5,7.45,0.0
20200227:0930,464.83,6.51,27.78,7.1,0.0
20200227:1030,0.0,0.0,26.78,6.76,0.0
20200227:1130,0.0,0.0,26.24,6.55,0.0
20200227:1230,0.0,0.0,25.92,6.62,0.0
20200227:1330,0.0,0.0,25.61,6.97,0.0
20200227:1430,0.0,0.0,25.12,6.9,0.0
20200227:1530,0.0,0.0,25.03,6.55,0.0
20200227:1630,0.0,0.0,24.96,6.55,0.0
20200227:1730,0.0,0.0,24.77,6.34,0.0
20200227:1830,0.0,0.0,24.54,6.41,0.0
20200227:1930,0.0,0.0,24.7,6.83,0.0
20200227:2030,0.0,0.0,24.61,6.62,0.0
20200227:2130,0.0,0.0,24.57,6.48,0.0
20200227:2230,430.22,4.94,24.64,6.48,0.0
20200227:2330,520.69,19.4,24.97,6.34,0.0
20200228:0030,686.15,33.78,25.84,8.07,0.0
20200228:0130,850.18,47.57,26.78,8.69,0.0
20200228:0230,653.74,60.23,27.71,9.1,0.0
20200228:0330,753.91,69.56,28.02,8.97,0.0
20200228:0430,782.26,70.13,28.45,9.17,0.0
20200228:0530,731.45,61.4,28.71,8.76,0.0
20200228:0630,479.28,48.94,28.61,8.34,0.0
20200228:0730,419.65,35.23,27.57,7.59,0.0
20200228:0830,497.86,21.01,27.28,7.17,0.0
20200228:0930,262.58,6.55,27.18,6.97,0.0
20200228:1030,0.0,0.0,26.6,6.48,0.0
20200228:1130,0.0,0.0,26.24,6.41,0.0
20200228:1230,0.0,0.0,26.04,6.41,0.0
20200228:1330,0.0,0.0,25.66,6.41,0.0
20200228:1430,0.0,0.0,25.33,6.28,0.0
20200228:1530,0.0,0.0,25.1,6.14,0.0
20200228:1630,0.0,0.0,25.03,6.28,0.0
20200228:1730,0.0,0.0,24.98,6.62,0.0
20200228:1830,0.0,0.0,24.84,6.62,0.0
20200228:1930,0.0,0.0,24.98,6.97,0.0
20200228:2030,0.0,0.0,24.97,6.97,0.0
20200228:2130,0.0,0.0,25.01,7.17,0.0
20200228:2230,335.79,5.06,24.94,7.1,0.0
20200228:2330,457.2,19.54,25.14,6.9,0.0
20200229:0030,651.7,33.78,25.83,8.14,0.0
20200229:0130,807.4,47.57,26.82,8.41,0.0
20200229:0230,812.55,60.23,27.78,8.55,0.0
20200229:0330,874.23,69.56,28.33,8.62,0.0
20200229:0430,871.18,70.13,28.8,8.62,0.0
20200229:0530,998.2,61.4,28.92,8.21,0.0
20200229:0630,864.87,48.94,29.28,8.07,0.0
20200229:0730,813.77,35.23,28.75,7.86,0.0
20200229:0830,588.79,21.01,28.3,7.59,0.0
20200229:0930,406.56,6.55,27.59,6.9,0.0
20200229:1030,0.0,0.0,26.78,5.93,0.0
20200229:1130,0.0,0.0,26.17,6.0,0.0
20200229:1230,0.0,0.0,25.85,6.0,0.0
20200229:1330,0.0,0.0,25.71,5.93,0.0
20200229:1430,0.0,0.0,25.61,5.86,0.0
20200229:1530,0.0,0.0,25.47,5.79,0.0
20200229:1630,0.0,0.0,25.33,5.72,0.0
20200229:1730,0.0,0.0,25.15,5.66,0.0
20200229:1830,0.0,0.0,24.92,5.72,0.0
20200229:1930,0.0,0.0,24.88,6.14,0.0
20200229:2030,0.0,0.0,24.71,6.21,0.0
20200229:2130,0.0,0.0,24.49,6.07,0.0
20200229:2230,493.11,5.06,24.35,6.0,0.0
20200229:2330,773.67,19.54,24.75,5.72,0.0
20200301:0030,879.24,33.95,25.87,6.97,0.0
20200301:0130,869.45,47.77,27.03,7.59,0.0
20200301:0230,894.25,60.5,27.99,7.72,0.0
20200301:0330,984.81,69.92,28.63,7.79,0.0
20200301:0430,920.58,70.47,29.25,7.79,0.0
20200301:0530,941.38,61.62,29.37,7.45,0.0
20200301:0630,892.47,49.07,29.26,7.24,0.0
20200301:0730,804.64,35.31,28.89,6.97,0.0
20200301:0830,793.37,21.07,28.34,6.76,0.0
20200301:0930,500.45,6.59,27.62,6.34,0.0
20200301:1030,0.0,0.0,26.54,5.17,0.0
20200301:1130,0.0,0.0,25.73,4.97,0.0
20200301:1230,0.0,0.0,25.24,4.83,0.0
20200301:1330,0.0,0.0,24.93,4.83,0.0
20200301:1430,0.0,0.0,24.71,5.03,0.0
20200301:1530,0.0,0.0,24.59,5.24,0.0
20200301:1630,0.0,0.0,24.48,5.38,0.0
20200301:1730,0.0,0.0,24.28,5.52,0.0
20200301:1830,0.0,0.0,24.12,5.52,0.0
20200301:1930,0.0,0.0,24.09,5.52,0.0
20200301:2030,0.0,0.0,24.02,5.52,0.0
20200301:2130,0.0,0.0,23.93,5.52,0.0
20200301:2230,494.41,5.18,23.85,5.66,0.0
20200301:2330,787.13,19.67,24.27,5.59,0.0
20200302:0030,870.99,34.11,25.52,7.17,0.0
20200302:0130,860.19,47.97,26.68,7.72,0.0
20200302:0230,839.66,60.77,27.74,7.59,0.0
20200302:0330,689.14,70.29,28.62,7.1,0.0
20200302:0430,730.61,70.81,28.96,6.55,0.0
20200302:0530,633.67,61.82,29.18,6.34,0.0
20200302:0630,573.38,49.19,29.15,6.14,0.0
20200302:0730,621.71,35.39,28.68,6.97,0.0
20200302:0830,636.2,21.12,28.2,7.03,0.0
20200302:0930,432.41,6.62,27.74,6.83,0.0
20200302:1030,0.0,0.0,26.8,5.93,0.0
20200302:1130,0.0,0.0,26.21,5.52,0.0
20200302:1230,0.0,0.0,25.92,5.59,0.0
20200302:1330,0.0,0.0,25.67,5.72,0.0
20200302:1430,0.0,0.0,25.41,5.79,0.0
20200302:1530,0.0,0.0,25.15,5.52,0.0
20200302:1630,0.0,0.0,24.89,5.31,0.0
20200302:1730,0.0,0.0,24.64,5.17,0.0
20200302:1830,0.0,0.0,24.38,5.03,0.0
20200302:1930,0.0,0.0,24.46,5.17,0.0
20200302:2030,0.0,0.0,24.31,5.38,0.0
20200302:2130,0.0,0.0,24.09,5.52,0.0
20200302:2230,490.59,5.3,24.02,5.52,0.0
20200302:2330,766.13,19.81,24.39,5.1,0.0
20200303:0030,779.0,34.27,25.79,6.9,0.0
20200303:0130,776.16,48.18,27.14,7.45,0.0
20200303:0230,850.16,61.04,28.21,7.45,0.0
20200303:0330,864.02,70.66,29.02,7.52,0.0
20200303:0430,942.61,71.15,29.44,7.38,0.0
20200303:0530,935.93,62.03,29.97,7.1,0.0
20200303:0630,900.44,49.31,30.07,6.97,0.0
20200303:0730,816.69,35.46,29.59,6.83,0.0
20200303:0830,603.85,21.17,29.12,6.62,0.0
20200303:0930,502.88,6.65,28.37,6.34,0.0
20200303:1030,0.0,0.0,27.27,5.59,0.0
20200303:1130,0.0,0.0,26.42,5.59,0.0
20200303:1230,0.0,0.0,25.94,5.59,0.0
20200303:1330,0.0,0.0,25.66,5.66,0.0
20200303:1430,0.0,0.0,25.4,5.93,0.0
20200303:1530,0.0,0.0,25.06,5.66,0.0
20200303:1630,0.0,0.0,24.92,5.1,0.0
20200303:1730,0.0,0.0,24.78,4.83,0.0
20200303:1830,0.0,0.0,24.66,4.62,0.0
20200303:1930,0.0,0.0,24.6,5.03,0.0
20200303:2030,0.0,0.0,24.38,5.03,0.0
20200303:2130,0.0,0.0,24.18,5.1,0.0
20200303:2230,504.9,5.42,24.1,5.31,0.0
20200303:2330,782.58,19.95,24.46,5.52,0.0
20200304:0030,887.04,34.44,25.6,6.9,0.0
20200304:0130,848.74,48.38,26.95,7.38,0.0
20200304:0230,950.06,61.31,28.0,7.52,0.0
20200304:0330,980.99,71.03,28.93,7.52,0.0
20200304:0430,932.75,71.49,29.5,7.31,0.0
20200304:0530,946.1,62.23,29.66,7.03,0.0
20200304:0630,840.31,49.43,29.63,6.83,0.0
20200304:0730,690.55,35.54,29.76,6.0,0.0
20200304:0830,620.05,21.21,29.02,6.14,0.0
20200304:0930,443.75,6.68,28.27,6.0,0.0
20200304:1030,0.0,0.0,27.21,5.1,0.0
20200304:1130,0.0,0.0,26.47,4.83,0.0
20200304:1230,0.0,0.0,26.14,4.69,0.0
20200304:1330,0.0,0.0,25.89,4.76,0.0
20200304:1430,0.0,0.0,25.75,4.83,0.0
20200304:1530,0.0,0.0,25.54,4.76,0.0
20200304:1630,0.0,0.0,25.33,4.76,0.0
20200304:1730,0.0,0.0,25.07,4.69,0.0
20200304:1830,0.0,0.0,24.85,4.48,0.0
20200304:1930,0.0,0.0,24.95,4.28,0.0
20200304:2030,0.0,0.0,24.86,4.14,0.0
20200304:2130,0.0,0.0,24.85,4.14,0.0
20200304:2230,371.52,5.55,24.82,4.21,0.0
20200304:2330,484.14,20.09,25.4,4.41,0.0
20200305:0030,507.58,34.61,26.4,5.59,0.0
20200305:0130,398.63,48.59,27.37,6.21,0.0
20200305:0230,528.19,61.58,27.83,6.34,0.0
20200305:0330,543.59,71.4,28.76,6.62,0.0
20200305:0430,570.51,71.83,29.23,6.97,0.0
20200305:0530,537.73,62.42,29.6,7.1,0.0
20200305:0630,739.96,49.54,29.82,7.1,0.0
20200305:0730,587.71,35.61,29.78,6.83,0.0
20200305:0830,411.07,21.26,29.62,6.55,0.0
20200305:0930,159.8,6.71,28.87,5.79,0.0
20200305:1030,0.0,0.0,27.9,5.31,0.0
20200305:1130,0.0,0.0,26.84,5.38,0.0
20200305:1230,0.0,0.0,26.29,5.03,0.0
20200305:1330,0.0,0.0,25.96,5.24,0.0
20200305:1430,0.0,0.0,25.83,5.24,0.0
20200305:1530,0.0,0.0,25.68,4.97,0.0
20200305:1630,0.0,0.0,25.63,5.1,0.0
20200305:1730,0.0,0.0,25.52,4.69,0.0
20200305:1830,0.0,0.0,25.48,4.55,0.0
20200305:1930,0.0,0.0,25.51,4.07,0.0
20200305:2030,0.0,0.0,25.3,4.07,0.0
20200305:2130,0.0,0.0,25.23,4.69,0.0
20200305:2230,8.45,5.68,25.15,4.62,0.0
20200305:2330,73.29,20.24,25.33,4.9,0.0
20200306:0030,247.64,34.78,25.78,5.72,0.0
20200306:0130,353.44,48.79,26.48,5.86,0.0
20200306:0230,426.08,61.85,26.75,5.93,0.0
20200306:0330,454.19,71.77,27.25,6.55,0.0
20200306:0430,348.5,72.16,27.36,6.14,0.0
20200306:0530,197.27,62.61,27.32,6.07,0.0
20200306:0630,204.23,49.65,27.09,5.59,0.0
20200306:0730,154.98,35.67,26.8,5.72,0.0
20200306:0830,94.25,21.3,26.54,5.66,0.0
20200306:0930,16.06,6.73,26.12,5.03,0.0
20200306:1030,0.0,0.0,25.61,4.76,0.0
20200306:1130,0.0,0.0,25.08,4.97,0.0
20200306:1230,0.0,0.0,25.05,5.1,0.0
20200306:1330,0.0,0.0,25.12,4.62,0.0
20200306:1430,0.0,0.0,25.08,4.41,0.0
20200306:1530,0.0,0.0,25.04,3.93,0.0
20200306:1630,0.0,0.0,25.03,3.66,0.0
20200306:1730,0.0,0.0,24.96,3.72,0.0
20200306:1830,0.0,0.0,24.87,3.72,0.0
20200306:1930,0.0,0.0,25.0,4.0,0.0
20200306:2030,0.0,0.0,25.06,4.34,0.0
20200306:2130,0.0,0.0,24.96,4.62,0.0
20200306:2230,1.76,5.81,24.89,4.76,0.0
20200306:2330,15.57,20.38,24.8,4.76,0.0
20200307:0030,46.62,34.94,24.73,4.69,0.0
20200307:0130,108.77,49.0,24.89,4.55,0.0
20200307:0230,157.09,62.12,25.37,4.41,0.0
20200307:0330,255.72,72.15,25.64,4.34,0.0
20200307:0430,233.83,72.5,26.21,4.62,0.0
20200307:0530,460.32,62.8,26.47,4.34,0.0
20200307:0630,168.82,49.76,27.43,5.17,0.0
20200307:0730,106.12,35.73,26.12,3.79,0.0
20200307:0830,145.21,21.33,26.15,3.79,0.0
20200307:0930,81.76,6.75,26.18,3.93,0.0
20200307:1030,0.0,0.0,25.93,4.07,0.0
20200307:1130,0.0,0.0,25.65,4.0,0.0
20200307:1230,0.0,0.0,25.5,3.38,0.0
20200307:1330,0.0,0.0,25.38,3.24,0.0
20200307:1430,0.0,0.0,25.24,2.9,0.0
20200307:1530,0.0,0.0,25.12,2.62,0.0
20200307:1630,0.0,0.0,24.92,2.48,0.0
20200307:1730,0.0,0.0,24.84,2.48,0.0
20200307:1830,0.0,0.0,24.73,2.41,0.0
20200307:1930,0.0,0.0,24.68,2.41,0.0
20200307:2030,0.0,0.0,24.55,2.34,0.0
20200307:2130,0.0,0.0,24.56,2.28,0.0
20200307:2230,333.3,5.94,24.52,2.07,0.0
20200307:2330,544.21,20.53,24.99,2.0,0.0
20200308:0030,764.64,35.11,26.22,2.07,0.0
20200308:0130,780.63,49.2,27.46,1.93,0.0
20200308:0230,828.08,62.4,28.21,1.86,0.0
20200308:0330,832.3,72.52,28.59,2.0,0.0
20200308:0430,751.83,72.83,28.67,2.07,0.0
20200308:0530,770.24,62.98,28.84,2.14,0.0
20200308:0630,674.74,49.86,28.99,2.76,0.0
20200308:0730,526.44,35.79,28.77,2.07,0.0
20200308:0830,261.85,21.37,28.19,2.0,0.0
20200308:0930,215.17,6.77,27.66,0.83,0.0
20200308:1030,0.0,0.0,27.24,0.97,0.0
20200308:1130,0.0,0.0,26.36,1.52,0.0
20200308:1230,0.0,0.0,25.82,0.83,0.0
20200308:1330,0.0,0.0,25.74,0.69,0.0
20200308:1430,0.0,0.0,25.35,0.83,0.0
20200308:1530,0.0,0.0,25.07,1.03,0.0
20200308:1630,0.0,0.0,25.06,1.03,0.0
20200308:1730,0.0,0.0,24.75,1.03,0.0
20200308:1830,0.0,0.0,24.38,1.17,0.0
20200308:1930,0.0,0.0,23.75,1.38,0.0
20200308:2030,0.0,0.0,23.72,1.52,0.0
20200308:2130,0.0,0.0,23.68,1.59,0.0
20200308:2230,388.78,6.08,23.75,1.72,0.0
20200308:2330,678.12,20.68,24.57,1.72,0.0
20200309:0030,870.87,35.28,26.06,2.07,0.0
20200309:0130,975.39,49.41,27.55,2.62,0.0
20200309:0230,1004.3,62.67,28.7,2.62,0.0
20200309:0330,1004.31,72.9,29.53,2.41,0.0
20200309:0430,983.03,73.16,30.04,2.0,0.0
20200309:0530,1031.75,63.15,30.43,1.66,0.0
20200309:0630,902.76,49.95,30.77,1.38,0.0
20200309:0730,893.86,35.85,30.73,1.24,0.0
20200309:0830,770.48,21.4,30.59,0.69,0.0
20200309:0930,486.13,6.79,30.28,0.41,0.0
20200309:1030,0.0,0.0,29.34,0.69,0.0
20200309:1130,0.0,0.0,27.9,1.38,0.0
20200309:1230,0.0,0.0,26.88,1.79,0.0
20200309:1330,0.0,0.0,26.25,2.07,0.0
20200309:1430,0.0,0.0,25.65,2.14,0.0
20200309:1530,0.0,0.0,25.07,2.0,0.0
20200309:1630,0.0,0.0,24.62,1.86,0.0
20200309:1730,0.0,0.0,24.43,1.52,0.0
20200309:1830,0.0,0.0,24.55,1.38,0.0
20200309:1930,0.0,0.0,23.6,1.52,0.0
20200309:2030,0.0,0.0,23.39,1.72,0.0
20200309:2130,0.0,0.0,23.06,1.79,0.0
20200309:2230,544.91,6.21,22.9,1.93,0.0
20200309:2330,776.58,20.83,24.53,1.93,0.0
20200310:0030,888.15,35.46,26.61,2.21,0.0
20200310:0130,1017.6,49.61,27.7,2.21,0.0
20200310:0230,1051.48,62.94,28.63,2.14,0.0
20200310:0330,1035.39,73.28,29.42,2.28,0.0
20200310:0430,998.42,73.49,30.07,2.55,0.0
20200310:0530,911.24,63.32,30.44,2.9,0.0
20200310:0630,841.48,50.04,30.44,3.1,0.0
20200310:0730,904.95,35.9,30.42,2.9,0.0
20200310:0830,689.2,21.43,30.21,3.03,0.0
20200310:0930,458.89,6.81,29.5,3.1,0.0
20200310:1030,0.0,0.0,28.23,3.24,0.0
20200310:1130,0.0,0.0,27.14,3.59,0.0
20200310:1230,0.0,0.0,26.36,3.52,0.0
20200310:1330,0.0,0.0,25.76,3.45,0.0
20200310:1430,0.0,0.0,25.28,3.38,0.0
20200310:1530,0.0,0.0,24.95,3.31,0.0
20200310:1630,0.0,0.0,24.67,3.38,0.0
20200310:1730,0.0,0.0,24.46,3.52,0.0
20200310:1830,0.0,0.0,24.3,3.59,0.0
20200310:1930,0.0,0.0,24.3,3.31,0.0
20200310:2030,0.0,0.0,24.14,3.1,0.0
20200310:2130,0.0,0.0,24.1,2.97,0.0
20200310:2230,459.3,6.35,24.07,2.9,0.0
20200310:2330,664.54,20.98,24.92,2.76,0.0
20200311:0030,787.46,35.63,26.49,3.45,0.0
20200311:0130,812.63,49.82,27.76,4.07,0.0
20200311:0230,954.84,63.21,28.7,4.62,0.0
20200311:0330,949.7,73.66,29.58,5.17,0.0
20200311:0430,1044.86,73.81,30.05,5.86,0.0
20200311:0530,1022.25,63.49,30.26,6.62,0.0
20200311:0630,993.11,50.13,30.02,6.9,0.0
20200311:0730,938.57,35.95,29.54,6.9,0.0
20200311:0830,822.13,21.46,28.75,6.83,0.0
20200311:0930,519.83,6.82,27.75,6.34,0.0
20200311:1030,0.0,0.0,26.57,5.45,0.0
20200311:1130,0.0,0.0,25.76,5.24,0.0
20200311:1230,0.0,0.0,25.34,5.24,0.0
20200311:1330,0.0,0.0,25.16,5.45,0.0
20200311:1430,0.0,0.0,25.06,5.66,0.0
20200311:1530,0.0,0.0,25.04,5.79,0.0
20200311:1630,0.0,0.0,25.02,5.93,0.0
20200311:1730,0.0,0.0,25.0,5.93,0.0
20200311:1830,0.0,0.0,24.88,5.93,0.0
20200311:1930,0.0,0.0,24.97,6.34,0.0
20200311:2030,0.0,0.0,24.83,6.14,0.0
20200311:2130,0.0,0.0,24.77,6.0,0.0
20200311:2230,540.23,6.49,24.76,5.93,0.0
20200311:2330,730.64,21.13,25.25,5.66,0.0
20200312:0030,855.33,35.8,26.27,6.69,0.0
20200312:0130,985.48,50.02,27.32,7.1,0.0
20200312:0230,1046.86,63.47,28.48,7.03,0.0
20200312:0330,1042.67,74.03,29.3,6.62,0.0
20200312:0430,1054.74,74.13,29.83,6.28,0.0
20200312:0530,1054.19,63.64,30.11,5.93,0.0
20200312:0630,1024.74,50.21,30.19,5.52,0.0
20200312:0730,926.43,35.99,30.26,4.76,0.0
20200312:0830,821.53,21.48,29.96,4.48,0.0
20200312:0930,523.44,6.83,29.27,4.0,0.0
20200312:1030,0.0,0.0,27.89,3.72,0.0
20200312:1130,0.0,0.0,26.7,4.21,0.0
20200312:1230,0.0,0.0,25.98,4.55,0.0
20200312:1330,0.0,0.0,25.57,4.55,0.0
20200312:1430,0.0,0.0,25.35,4.34,0.0
20200312:1530,0.0,0.0,25.18,4.21,0.0
20200312:1630,0.0,0.0,25.03,4.07,0.0
20200312:1730,0.0,0.0,24.83,4.0,0.0
20200312:1830,0.0,0.0,24.63,3.93,0.0
20200312:1930,0.0,0.0,24.6,4.0,0.0
20200312:2030,0.0,0.0,24.5,4.07,0.0
20200312:2130,0.0,0.0,24.4,4.21,0.0
20200312:2230,575.1,6.63,24.36,4.34,0.0
20200312:2330,785.42,21.28,24.85,4.28,0.0
20200313:0030,874.98,35.97,26.16,5.03,0.0
20200313:0130,925.94,50.23,27.5,5.03,0.0
20200313:0230,834.75,63.74,28.6,4.69,0.0
20200313:0330,902.51,74.41,29.43,4.55,0.0
20200313:0430,960.97,74.45,30.14,4.41,0.0
20200313:0530,967.06,63.8,30.59,4.41,0.0
20200313:0630,783.52,50.29,30.83,4.48,0.0
20200313:0730,858.88,36.03,30.42,4.62,0.0
20200313:0830,726.95,21.5,29.88,5.31,0.0
20200313:0930,476.8,6.84,28.94,5.38,0.0
20200313:1030,0.0,0.0,27.56,4.97,0.0
20200313:1130,0.0,0.0,26.51,4.76,0.0
20200313:1230,0.0,0.0,25.86,4.62,0.0
20200313:1330,0.0,0.0,25.42,4.55,0.0
20200313:1430,0.0,0.0,25.08,4.41,0.0
20200313:1530,0.0,0.0,24.84,4.41,0.0
20200313:1630,0.0,0.0,24.66,4.41,0.0
20200313:1730,0.0,0.0,24.55,4.62,0.0
20200313:1830,0.0,0.0,24.43,4.69,0.0
20200313:1930,0.0,0.0,24.56,4.69,0.0
20200313:2030,0.0,0.0,24.48,4.69,0.0
20200313:2130,0.0,0.0,24.5,4.62,0.0
20200313:2230,533.14,6.78,24.49,4.41,0.0
20200313:2330,798.16,21.44,25.07,4.28,0.0
20200314:0030,932.05,36.14,26.39,4.9,0.0
20200314:0130,958.43,50.43,27.62,4.97,0.0
20200314:0230,988.71,64.0,28.71,5.03,0.0
20200314:0330,855.87,74.79,29.53,5.1,0.0
20200314:0430,915.1,74.76,29.84,4.97,0.0
20200314:0530,907.08,63.94,29.95,4.9,0.0
20200314:0630,905.36,50.36,29.97,4.97,0.0
20200314:0730,891.27,36.07,29.92,5.03,0.0
20200314:0830,723.71,21.52,29.53,4.97,0.0
20200314:0930,496.99,6.85,28.81,4.83,0.0
20200314:1030,0.0,0.0,27.69,4.21,0.0
20200314:1130,0.0,0.0,26.91,4.28,0.0
20200314:1230,0.0,0.0,26.24,4.07,0.0
20200314:1330,0.0,0.0,25.73,3.93,0.0
20200314:1430,0.0,0.0,25.21,3.72,0.0
20200314:1530,0.0,0.0,24.85,3.59,0.0
20200314:1630,0.0,0.0,24.57,3.45,0.0
20200314:1730,0.0,0.0,24.26,3.38,0.0
20200314:1830,0.0,0.0,24.04,3.38,0.0
20200314:1930,0.0,0.0,24.06,3.59,0.0
20200314:2030,0.0,0.0,23.98,3.66,0.0
20200314:2130,0.0,0.0,23.91,3.72,0.0
20200314:2230,558.12,6.92,23.85,3.93,0.0
20200314:2330,756.19,21.59,24.55,4.21,0.0
20200315:0030,821.47,36.31,26.1,5.59,0.0
20200315:0130,906.38,50.63,27.31,5.86,0.0
20200315:0230,970.59,64.27,28.3,5.93,0.0
20200315:0330,1027.96,75.17,29.17,5.93,0.0
20200315:0430,1001.2,75.07,29.79,6.14,0.0
20200315:0530,1014.31,64.08,30.11,6.21,0.0
20200315:0630,962.74,50.43,30.04,6.28,0.0
20200315:0730,843.28,36.11,29.7,6.48,0.0
20200315:0830,820.95,21.54,29.08,6.48,0.0
20200315:0930,529.67,6.86,28.36,6.34,0.0
20200315:1030,0.0,0.0,27.09,5.59,0.0
20200315:1130,0.0,0.0,26.06,5.31,0.0
20200315:1230,0.0,0.0,25.4,5.1,0.0
20200315:1330,0.0,0.0,24.94,5.03,0.0
20200315:1430,0.0,0.0,24.66,5.17,0.0
20200315:1530,0.0,0.0,24.54,5.31,0.0
20200315:1630,0.0,0.0,24.52,5.52,0.0
20200315:1730,0.0,0.0,24.43,5.66,0.0
20200315:1830,0.0,0.0,24.39,5.79,0.0
20200315:1930,0.0,0.0,24.42,5.45,0.0
20200315:2030,0.0,0.0,24.28,5.45,0.0
20200315:2130,0.0,0.0,24.16,5.38,0.0
20200315:2230,492.91,7.07,23.99,5.17,0.0
20200315:2330,845.24,21.74,24.55,4.97,0.0
20200316:0030,939.99,36.48,25.92,6.21,0.0
20200316:0130,1022.86,50.83,27.16,6.48,0.0
20200316:0230,1038.06,64.53,28.32,6.41,0.0
20200316:0330,1047.96,75.55,29.09,6.34,0.0
20200316:0430,1057.37,75.37,29.66,6.34,0.0
20200316:0530,1057.04,64.22,29.98,6.21,0.0
20200316:0630,1031.47,50.5,30.05,6.07,0.0
20200316:0730,983.71,36.14,29.96,6.07,0.0
20200316:0830,840.5,21.55,29.45,5.93,0.0
20200316:0930,530.71,6.86,28.53,5.59,0.0
20200316:1030,0.0,0.0,27.17,4.69,0.0
20200316:1130,0.0,0.0,26.08,4.48,0.0
20200316:1230,0.0,0.0,25.47,4.41,0.0
20200316:1330,0.0,0.0,25.15,4.34,0.0
20200316:1430,0.0,0.0,25.0,4.41,0.0
20200316:1530,0.0,0.0,24.89,4.41,0.0
20200316:1630,0.0,0.0,24.77,4.55,0.0
20200316:1730,0.0,0.0,24.63,4.48,0.0
20200316:1830,0.0,0.0,24.53,4.28,0.0
20200316:1930,0.0,0.0,24.52,4.34,0.0
20200316:2030,0.0,0.0,24.43,4.41,0.0
20200316:2130,0.0,-7.52,24.37,4.41,0.0
20200316:2230,577.96,7.21,24.25,4.34,0.0
20200316:2330,826.58,21.9,24.92,4.14,0.0
20200317:0030,994.69,36.65,26.38,5.17,0.0
20200317:0130,1046.85,51.03,27.84,5.59,0.0
20200317:0230,1058.44,64.79,29.01,5.86,0.0
20200317:0330,1039.7,75.93,29.89,6.0,0.0
20200317:0430,1045.75,75.67,30.44,6.14,0.0
20200317:0530,894.55,64.35,30.64,6.28,0.0
20200317:0630,980.43,50.56,30.32,6.48,0.0
20200317:0730,895.78,36.17,30.15,6.41,0.0
20200317:0830,758.36,21.56,29.53,6.34,0.0
20200317:0930,512.6,6.87,28.58,6.14,0.0
20200317:1030,0.0,0.0,27.3,5.45,0.0
20200317:1130,0.0,0.0,26.31,5.52,0.0
20200317:1230,0.0,0.0,25.7,5.59,0.0
20200317:1330,0.0,0.0,25.35,5.79,0.0
20200317:1430,0.0,0.0,25.12,5.93,0.0
20200317:1530,0.0,0.0,24.98,5.72,0.0
20200317:1630,0.0,0.0,24.91,5.59,0.0
20200317:1730,0.0,0.0,24.81,5.45,0.0
20200317:1830,0.0,0.0,24.65,5.38,0.0
20200317:1930,0.0,0.0,24.39,5.03,0.0
20200317:2030,0.0,0.0,24.27,5.03,0.0
20200317:2130,0.0,-7.37,24.32,5.03,0.0
20200317:2230,434.74,7.36,24.21,5.03,0.0
20200317:2330,700.27,22.05,24.7,5.38,0.0
20200318:0030,859.96,36.82,25.98,6.62,0.0
20200318:0130,753.79,51.23,27.32,6.55,0.0
20200318:0230,913.35,65.04,28.43,6.28,0.0
20200318:0330,975.57,76.31,29.48,6.34,0.0
20200318:0430,920.0,75.96,30.04,6.48,0.0
20200318:0530,754.66,64.47,30.03,6.76,0.0
20200318:0630,713.47,50.61,29.6,6.83,0.0
20200318:0730,848.64,36.19,29.37,6.69,0.0
20200318:0830,702.6,21.57,29.09,6.62,0.0
20200318:0930,476.11,6.87,28.3,6.21,0.0
20200318:1030,0.0,0.0,27.16,5.45,0.0
20200318:1130,0.0,0.0,26.28,5.31,0.0
20200318:1230,0.0,0.0,25.85,5.1,0.0
20200318:1330,0.0,0.0,25.74,5.17,0.0
20200318:1430,0.0,0.0,25.55,5.03,0.0
20200318:1530,0.0,0.0,25.22,4.83,0.0
20200318:1630,0.0,0.0,24.84,4.83,0.0
20200318:1730,0.0,0.0,24.6,4.55,0.0
20200318:1830,0.0,0.0,24.47,4.41,0.0
20200318:1930,0.0,0.0,24.61,4.55,0.0
20200318:2030,0.0,0.0,24.57,4.34,0.0
20200318:2130,0.0,-7.22,24.45,4.07,0.0
20200318:2230,547.05,7.51,24.37,3.93,0.0
20200318:2330,779.2,22.21,25.09,3.86,0.0
20200319:0030,891.92,36.99,26.6,4.62,0.0
20200319:0130,910.68,51.42,27.92,4.55,0.0
20200319:0230,951.69,65.29,29.17,4.34,0.0
20200319:0330,810.88,76.68,30.04,4.28,0.0
20200319:0430,906.47,76.24,30.41,4.14,0.0
20200319:0530,907.98,64.58,30.83,4.07,0.0
20200319:0630,811.58,50.66,30.88,4.14,0.0
20200319:0730,711.91,36.21,30.39,4.34,0.0
20200319:0830,601.73,21.58,29.82,4.28,0.0
20200319:0930,440.28,6.87,29.21,4.28,0.0
20200319:1030,0.0,0.0,28.22,3.93,0.0
20200319:1130,0.0,0.0,27.31,4.07,0.0
20200319:1230,0.0,0.0,26.71,4.14,0.0
20200319:1330,0.0,0.0,26.13,4.07,0.0
20200319:1430,0.0,0.0,25.7,4.0,0.0
20200319:1530,0.0,0.0,25.42,4.07,0.0
20200319:1630,0.0,0.0,25.23,4.14,0.0
20200319:1730,0.0,0.0,24.98,4.14,0.0
20200319:1830,0.0,0.0,24.77,3.86,0.0
20200319:1930,0.0,0.0,24.79,4.07,0.0
20200319:2030,0.0,0.0,24.63,4.0,0.0
20200319:2130,0.0,-7.08,24.57,4.0,0.0
20200319:2230,547.69,7.66,24.54,3.93,0.0
20200319:2330,842.15,22.37,25.36,4.21,0.0
20200320:0030,917.23,37.16,26.88,5.1,0.0
20200320:0130,994.75,51.62,28.29,5.38,0.0
20200320:0230,1034.45,65.54,29.55,5.52,0.0
20200320:0330,1044.63,77.06,30.44,5.59,0.0
20200320:0430,1037.24,76.52,31.08,5.66,0.0
20200320:0530,1023.27,64.69,31.36,5.79,0.0
20200320:0630,953.38,50.71,31.37,5.93,0.0
20200320:0730,888.58,36.23,31.0,5.72,0.0
20200320:0830,757.81,21.59,30.39,5.66,0.0
20200320:0930,460.64,6.87,29.49,5.59,0.0
20200320:1030,0.0,0.0,28.29,4.9,0.0
20200320:1130,0.0,0.0,27.27,4.76,0.0
20200320:1230,0.0,0.0,26.6,4.69,0.0
20200320:1330,0.0,0.0,26.11,4.62,0.0
20200320:1430,0.0,0.0,25.82,4.55,0.0
20200320:1530,0.0,0.0,25.63,4.41,0.0
20200320:1630,0.0,0.0,25.46,4.28,0.0
20200320:1730,0.0,0.0,25.24,4.21,0.0
20200320:1830,0.0,0.0,25.0,4.28,0.0
20200320:1930,0.0,0.0,25.01,4.28,0.0
20200320:2030,0.0,0.0,24.88,4.34,0.0
20200320:2130,0.0,-6.93,24.84,4.21,0.0
20200320:2230,570.92,7.81,24.79,4.07,0.0
20200320:2330,785.27,22.52,25.71,4.14,0.0
20200321:0030,894.85,37.33,27.12,4.97,0.0
20200321:0130,868.69,51.81,28.59,4.97,0.0
20200321:0230,953.32,65.79,29.7,4.97,0.0
20200321:0330,760.75,77.43,30.59,4.9,0.0
20200321:0430,859.89,76.8,30.55,4.97,0.0
20200321:0530,761.0,64.8,30.74,5.31,0.0
20200321:0630,740.49,50.75,30.46,5.59,0.0
20200321:0730,638.2,36.25,30.18,6.07,0.0
20200321:0830,600.99,21.59,29.63,6.07,0.0
20200321:0930,394.73,6.87,28.95,5.72,0.0
20200321:1030,0.0,0.0,28.18,5.24,0.0
20200321:1130,0.0,0.0,27.48,5.17,0.0
20200321:1230,0.0,0.0,26.98,5.31,0.0
20200321:1330,0.0,0.0,26.61,5.03,0.0
20200321:1430,0.0,0.0,26.08,4.9,0.0
20200321:1530,0.0,0.0,25.68,4.48,0.0
20200321:1630,0.0,0.0,25.48,4.34,0.0
20200321:1730,0.0,0.0,25.3,4.34,0.0
20200321:1830,0.0,0.0,25.3,4.34,0.0
20200321:1930,0.0,0.0,25.4,4.21,0.0
20200321:2030,0.0,0.0,25.41,4.07,0.0
20200321:2130,0.0,-6.78,25.32,4.14,0.0
20200321:2230,512.39,7.96,25.32,4.28,0.0
20200321:2330,710.21,22.68,26.04,4.55,0.0
20200322:0030,755.28,37.49,27.31,4.9,0.0
20200322:0130,801.13,52.0,28.45,4.76,0.0
20200322:0230,939.71,66.03,29.44,4.55,0.0
20200322:0330,828.93,77.81,30.32,4.55,0.0
20200322:0430,845.55,77.06,30.72,4.76,0.0
20200322:0530,853.81,64.89,30.91,5.17,0.0
20200322:0630,794.56,50.79,30.87,5.24,0.0
20200322:0730,779.19,36.26,30.64,5.31,0.0
20200322:0830,620.34,21.59,30.3,5.38,0.0
20200322:0930,390.56,6.87,29.54,5.45,0.0
20200322:1030,0.0,0.0,28.55,4.76,0.0
20200322:1130,0.0,0.0,27.76,4.83,0.0
20200322:1230,0.0,0.0,27.21,4.97,0.0
20200322:1330,0.0,0.0,26.73,4.9,0.0
20200322:1430,0.0,0.0,26.24,4.83,0.0
20200322:1530,0.0,0.0,25.83,4.9,0.0
20200322:1630,0.0,0.0,25.45,4.48,0.0
20200322:1730,0.0,0.0,25.24,4.21,0.0
20200322:1830,0.0,0.0,25.06,4.0,0.0
20200322:1930,0.0,0.0,25.3,4.07,0.0
20200322:2030,0.0,0.0,25.22,4.34,0.0
20200322:2130,0.0,-6.63,25.01,4.48,0.0
20200322:2230,518.31,8.11,24.99,4.41,0.0
20200322:2330,717.11,22.83,25.68,4.55,0.0
20200323:0030,924.96,37.66,27.03,5.52,0.0
20200323:0130,916.94,52.19,28.4,5.86,0.0
20200323:0230,898.63,66.27,29.37,6.14,0.0
20200323:0330,988.43,78.18,30.04,6.34,0.0
20200323:0430,995.77,77.32,30.74,6.41,0.0
20200323:0530,989.7,64.98,31.09,6.34,0.0
20200323:0630,903.88,50.83,31.15,6.34,0.0
20200323:0730,854.88,36.28,30.69,6.21,0.0
20200323:0830,783.2,21.59,30.09,6.14,0.0
20200323:0930,492.39,6.86,29.26,5.93,0.0
20200323:1030,0.0,0.0,28.03,4.97,0.0
20200323:1130,0.0,0.0,27.12,4.76,0.0
20200323:1230,0.0,0.0,26.53,4.76,0.0
20200323:1330,0.0,0.0,26.19,4.62,0.0
20200323:1430,0.0,0.0,25.95,4.48,0.0
20200323:1530,0.0,0.0,25.75,4.41,0.0
20200323:1630,0.0,0.0,25.56,4.34,0.0
20200323:1730,0.0,0.0,25.31,4.07,0.0
20200323:1830,0.0,0.0,25.09,4.14,0.0
20200323:1930,0.0,0.0,25.23,4.55,0.0
20200323:2030,0.0,0.0,25.18,4.69,0.0
20200323:2130,0.0,-6.48,25.0,4.62,0.0
20200323:2230,489.77,8.26,25.05,4.69,0.0
20200323:2330,654.44,22.98,25.79,4.97,0.0
20200324:0030,838.86,37.82,26.91,5.66,0.0
20200324:0130,986.3,52.37,28.09,5.66,0.0
20200324:0230,987.53,66.51,29.38,5.66,0.0
20200324:0330,943.61,78.54,30.35,5.72,0.0
20200324:0430,1005.55,77.57,30.86,5.72,0.0
20200324:0530,955.26,65.07,31.28,5.79,0.0
20200324:0630,997.57,50.86,31.28,5.93,0.0
20200324:0730,767.87,36.28,30.8,5.86,0.0
20200324:0830,735.09,21.59,29.94,6.28,0.0
20200324:0930,483.82,6.86,29.0,6.55,0.0
20200324:1030,0.0,0.0,27.76,5.79,0.0
20200324:1130,0.0,0.0,26.99,5.66,0.0
20200324:1230,0.0,0.0,26.58,5.38,0.0
20200324:1330,0.0,0.0,26.28,5.03,0.0
20200324:1430,0.0,0.0,26.04,4.97,0.0
20200324:1530,0.0,0.0,25.88,5.03,0.0
20200324:1630,0.0,0.0,25.79,5.1,0.0
20200324:1730,0.0,0.0,25.66,4.83,0.0
20200324:1830,0.0,0.0,25.54,4.62,0.0
20200324:1930,0.0,0.0,25.42,5.1,0.0
20200324:2030,0.0,0.0,25.18,5.1,0.0
20200324:2130,0.0,-6.32,24.99,5.03,0.0
20200324:2230,506.32,8.41,24.87,5.1,0.0
20200324:2330,730.56,23.14,25.48,5.38,0.0
20200325:0030,922.66,37.98,26.65,6.41,0.0
20200325:0130,956.62,52.55,27.86,7.1,0.0
20200325:0230,987.09,66.74,29.11,7.52,0.0
20200325:0330,1002.87,78.91,30.21,7.66,0.0
20200325:0430,987.53,77.81,30.84,7.31,0.0
20200325:0530,878.59,65.14,31.17,6.97,0.0
20200325:0630,950.99,50.88,31.05,6.9,0.0
20200325:0730,827.47,36.29,30.83,7.1,0.0
20200325:0830,661.29,21.59,30.22,6.83,0.0
20200325:0930,477.18,6.86,29.14,6.41,0.0
20200325:1030,0.0,0.0,27.96,5.38,0.0
20200325:1130,0.0,0.0,27.19,5.03,0.0
20200325:1230,0.0,0.0,26.72,4.76,0.0
20200325:1330,0.0,0.0,26.41,4.76,0.0
20200325:1430,0.0,0.0,26.21,5.1,0.0
20200325:1530,0.0,0.0,25.79,5.31,0.0
20200325:1630,0.0,0.0,25.4,5.1,0.0
20200325:1730,0.0,0.0,25.15,5.03,0.0
20200325:1830,0.0,0.0,24.96,5.17,0.0
20200325:1930,0.0,0.0,25.3,4.97,0.0
20200325:2030,0.0,0.0,25.22,4.97,0.0
20200325:2130,0.0,-6.17,25.06,4.83,0.0
20200325:2230,399.3,8.56,24.92,4.69,0.0
20200325:2330,688.29,23.29,25.52,4.9,0.0
20200326:0030,645.73,38.14,26.6,5.79,0.0
20200326:0130,690.66,52.73,27.49,5.79,0.0
20200326:0230,733.82,66.97,28.24,5.79,0.0
20200326:0330,607.7,79.27,28.99,5.93,0.0
20200326:0430,475.58,78.04,29.03,6.69,0.0
20200326:0530,322.49,65.22,28.34,6.69,0.0
20200326:0630,393.57,50.9,27.98,6.07,0.0
20200326:0730,290.55,36.29,27.7,5.93,0.0
20200326:0830,197.53,21.58,27.4,5.52,0.0
20200326:0930,128.73,6.85,27.29,5.31,0.0
20200326:1030,0.0,0.0,27.18,5.24,0.0
20200326:1130,0.0,0.0,26.99,5.24,0.0
20200326:1230,0.0,0.0,26.88,5.24,0.0
20200326:1330,0.0,0.0,26.85,5.38,0.0
20200326:1430,0.0,0.0,26.76,5.79,0.0
20200326:1530,0.0,0.0,26.61,5.93,0.0
20200326:1630,0.0,0.0,26.39,5.59,0.0
20200326:1730,0.0,0.0,26.15,5.52,0.0
20200326:1830,0.0,0.0,25.91,5.38,0.0
20200326:1930,0.0,0.0,25.8,5.45,0.0
20200326:2030,0.0,0.0,25.85,5.31,0.0
20200326:2130,0.0,-6.02,25.76,5.24,0.0
20200326:2230,279.62,8.71,25.71,5.17,0.0
20200326:2330,566.02,23.44,26.21,5.38,0.0
20200327:0030,760.69,38.3,27.29,6.21,0.0
20200327:0130,762.06,52.91,28.51,6.34,0.0
20200327:0230,873.11,67.19,29.54,6.14,0.0
20200327:0330,812.98,79.63,30.62,6.14,0.0
20200327:0430,737.74,78.26,31.15,6.07,0.0
20200327:0530,746.2,65.28,31.17,5.86,0.0
20200327:0630,725.68,50.92,31.02,5.72,0.0
20200327:0730,660.41,36.29,30.85,5.03,0.0
20200327:0830,671.1,21.58,30.51,5.1,0.0
20200327:0930,427.47,6.84,29.85,5.31,0.0
20200327:1030,0.0,0.0,28.65,4.9,0.0
20200327:1130,0.0,0.0,27.72,4.97,0.0
20200327:1230,0.0,0.0,27.18,4.97,0.0
20200327:1330,0.0,0.0,26.86,4.9,0.0
20200327:1430,0.0,0.0,26.56,4.83,0.0
20200327:1530,0.0,0.0,26.34,4.83,0.0
20200327:1630,0.0,0.0,26.11,4.62,0.0
20200327:1730,0.0,0.0,25.88,4.48,0.0
20200327:1830,0.0,0.0,25.83,4.41,0.0
20200327:1930,0.0,0.0,25.79,4.62,0.0
20200327:2030,0.0,0.0,25.74,4.76,0.0
20200327:2130,0.0,-5.87,25.64,4.83,0.0
20200327:2230,519.22,8.86,25.43,4.9,0.0
20200327:2330,727.93,23.59,25.91,5.1,0.0
20200328:0030,865.48,38.46,27.2,5.38,0.0
20200328:0130,797.21,53.08,28.7,5.24,0.0
20200328:0230,936.78,67.41,29.81,5.17,0.0
20200328:0330,869.17,79.99,30.81,5.24,0.0
20200328:0430,856.9,78.47,31.31,5.31,0.0
20200328:0530,816.64,65.34,31.59,5.52,0.0
20200328:0630,827.12,50.94,31.3,5.72,0.0
20200328:0730,661.72,36.29,30.89,5.79,0.0
20200328:0830,557.5,21.57,30.28,5.59,0.0
20200328:0930,455.72,6.84,29.72,5.52,0.0
20200328:1030,0.0,0.0,28.81,5.03,0.0
20200328:1130,0.0,0.0,28.05,4.83,0.0
20200328:1230,0.0,0.0,27.4,4.41,0.0
20200328:1330,0.0,0.0,26.86,4.07,0.0
20200328:1430,0.0,0.0,26.49,4.0,0.0
20200328:1530,0.0,0.0,26.2,3.93,0.0
20200328:1630,0.0,0.0,25.91,3.86,0.0
20200328:1730,0.0,0.0,25.62,3.79,0.0
20200328:1830,0.0,0.0,25.33,3.79,0.0
20200328:1930,0.0,0.0,25.08,3.86,0.0
20200328:2030,0.0,0.0,24.95,4.0,0.0
20200328:2130,0.0,-5.71,24.86,4.0,0.0
20200328:2230,525.24,9.01,24.96,3.93,0.0
20200328:2330,800.36,23.74,25.87,4.28,0.0
20200329:0030,925.52,38.61,27.29,5.24,0.0
20200329:0130,1005.12,53.25,28.52,5.38,0.0
20200329:0230,957.16,67.62,29.69,5.38,0.0
20200329:0330,1022.93,80.34,30.51,5.24,0.0
20200329:0430,1007.59,78.68,31.23,5.1,0.0
20200329:0530,1006.26,65.39,31.57,4.97,0.0
20200329:0630,890.14,50.95,31.71,5.03,0.0
20200329:0730,764.67,36.29,31.39,5.38,0.0
20200329:0830,755.28,21.56,30.68,5.66,0.0
20200329:0930,488.99,6.83,29.89,5.86,0.0
20200329:1030,0.0,0.0,28.67,5.24,0.0
20200329:1130,0.0,0.0,27.7,4.83,0.0
20200329:1230,0.0,0.0,27.04,4.55,0.0
20200329:1330,0.0,0.0,26.57,4.34,0.0
20200329:1430,0.0,0.0,26.23,4.21,0.0
20200329:1530,0.0,0.0,26.02,4.21,0.0
20200329:1630,0.0,0.0,25.82,4.34,0.0
20200329:1730,0.0,0.0,25.56,4.55,0.0
20200329:1830,0.0,0.0,25.22,4.76,0.0
20200329:1930,0.0,0.0,25.14,4.62,0.0
20200329:2030,0.0,0.0,25.03,4.34,0.0
20200329:2130,0.0,-5.56,24.97,4.14,0.0
20200329:2230,554.0,9.15,24.97,3.79,0.0
20200329:2330,807.33,23.89,25.96,3.79,0.0
20200330:0030,956.37,38.76,27.49,4.41,0.0
20200330:0130,1000.86,53.42,28.86,4.55,0.0
20200330:0230,1023.66,67.83,30.02,4.62,0.0
20200330:0330,1014.4,80.69,31.01,4.55,0.0
20200330:0430,1035.91,78.87,31.78,4.41,0.0
20200330:0530,981.37,65.44,32.33,4.34,0.0
20200330:0630,663.13,50.96,32.58,4.41,0.0
20200330:0730,654.27,36.28,31.92,4.9,0.0
20200330:0830,748.37,21.55,31.22,5.45,0.0
20200330:0930,386.26,6.82,30.38,5.79,0.0
20200330:1030,0.0,0.0,29.3,5.31,0.0
20200330:1130,0.0,0.0,28.53,4.83,0.0
20200330:1230,0.0,0.0,27.96,4.55,0.0
20200330:1330,0.0,0.0,27.51,4.21,0.0
20200330:1430,0.0,0.0,27.15,4.21,0.0
20200330:1530,0.0,0.0,26.83,4.34,0.0
20200330:1630,0.0,0.0,26.44,4.34,0.0
20200330:1730,0.0,0.0,26.18,4.14,0.0
20200330:1830,0.0,0.0,25.85,3.86,0.0
20200330:1930,0.0,0.0,25.66,3.86,0.0
20200330:2030,0.0,0.0,25.56,4.0,0.0
20200330:2130,0.0,-5.41,25.48,4.14,0.0
20200330:2230,556.99,9.3,25.38,4.21,0.0
20200330:2330,788.65,24.04,26.24,4.62,0.0
20200331:0030,961.26,38.91,27.51,5.1,0.0
20200331:0130,1015.11,53.58,28.81,4.9,0.0
20200331:0230,1050.93,68.03,29.99,4.69,0.0
20200331:0330,1056.74,81.03,31.01,4.48,0.0
20200331:0430,1061.35,79.04,31.83,4.28,0.0
20200331:0530,1054.96,65.48,32.47,4.28,0.0
20200331:0630,1036.53,50.96,32.82,4.21,0.0
20200331:0730,977.53,36.28,32.54,4.83,0.0
20200331:0830,837.3,21.54,32.0,4.83,0.0
20200331:0930,538.32,6.81,31.13,4.9,0.0
20200331:1030,0.0,0.0,29.66,4.34,0.0
20200331:1130,0.0,0.0,28.29,4.41,0.0
20200331:1230,0.0,0.0,27.34,4.48,0.0
20200331:1330,0.0,0.0,26.7,4.34,0.0
20200331:1430,0.0,0.0,26.33,4.21,0.0
20200331:1530,0.0,0.0,26.11,4.07,0.0
20200331:1630,0.0,0.0,25.94,3.93,0.0
20200331:1730,0.0,0.0,25.81,3.79,0.0
20200331:1830,0.0,0.0,25.66,3.79,0.0
20200331:1930,0.0,0.0,25.6,4.0,0.0
20200331:2030,0.0,0.0,25.39,3.86,0.0
20200331:2130,0.0,-5.25,25.18,3.72,0.0
20200331:2230,632.89,9.45,25.09,3.52,0.0
20200331:2330,869.89,24.18,26.19,3.59,0.0
20200401:0030,984.37,39.06,27.82,4.0,0.0
20200401:0130,1010.62,53.74,29.14,3.93,0.0
20200401:0230,1024.77,68.22,30.25,4.14,0.0
20200401:0330,1051.8,81.36,31.26,4.55,0.0
20200401:0430,1063.98,79.21,32.04,5.1,0.0
20200401:0530,1056.43,65.51,32.49,5.52,0.0
20200401:0630,993.59,50.96,32.6,5.79,0.0
20200401:0730,820.95,36.27,32.08,6.0,0.0
20200401:0830,766.78,21.53,31.3,6.21,0.0
20200401:0930,427.07,6.81,30.36,6.14,0.0
20200401:1030,0.0,0.0,29.02,5.31,0.0
20200401:1130,0.0,0.0,28.15,5.17,0.0
20200401:1230,0.0,0.0,27.62,4.97,0.0
20200401:1330,0.0,0.0,27.28,4.97,0.0
20200401:1430,0.0,0.0,27.0,4.55,0.0
20200401:1530,0.0,0.0,26.65,4.28,0.0
20200401:1630,0.0,0.0,26.31,4.34,0.0
20200401:1730,0.0,0.0,25.91,4.34,0.0
20200401:1830,0.0,0.0,25.76,4.28,0.0
20200401:1930,0.0,0.0,25.64,4.76,0.0
20200401:2030,0.0,0.0,25.63,4.62,0.0
20200401:2130,0.0,-5.1,25.65,4.69,0.0
20200401:2230,593.19,9.59,25.61,4.76,0.0
20200401:2330,743.26,24.32,26.45,5.38,0.0
20200402:0030,924.5,39.2,27.71,6.34,0.0
20200402:0130,891.81,53.89,29.04,6.69,0.0
20200402:0230,949.9,68.41,30.08,7.03,0.0
20200402:0330,1031.17,81.69,30.99,7.17,0.0
20200402:0430,978.25,79.36,31.59,6.97,0.0
20200402:0530,988.79,65.54,31.86,6.69,0.0
20200402:0630,1012.86,50.96,31.94,6.62,0.0
20200402:0730,855.74,36.26,31.66,6.55,0.0
20200402:0830,762.23,21.52,30.93,6.83,0.0
20200402:0930,504.69,6.8,29.97,6.76,0.0
20200402:1030,0.0,0.0,28.75,5.66,0.0
20200402:1130,0.0,0.0,27.84,5.03,0.0
20200402:1230,0.0,0.0,27.28,4.83,0.0
20200402:1330,0.0,0.0,26.88,4.97,0.0
20200402:1430,0.0,0.0,26.61,5.31,0.0
20200402:1530,0.0,0.0,26.4,5.52,0.0
20200402:1630,0.0,0.0,26.24,5.66,0.0
20200402:1730,0.0,0.0,26.08,5.45,0.0
20200402:1830,0.0,0.0,25.94,5.24,0.0
20200402:1930,0.0,0.0,25.89,5.38,0.0
20200402:2030,0.0,0.0,25.79,5.24,0.0
20200402:2130,0.0,-4.95,25.81,5.1,0.0
20200402:2230,477.62,9.74,25.66,5.03,0.0
20200402:2330,770.6,24.47,26.31,5.79,0.0
20200403:0030,740.63,39.34,27.65,6.69,0.0
20200403:0130,837.09,54.04,28.8,6.9,0.0
20200403:0230,766.32,68.6,29.57,6.97,0.0
20200403:0330,903.6,82.02,30.11,6.97,0.0
20200403:0430,832.89,79.51,30.56,7.38,0.0
20200403:0530,806.72,65.56,30.76,7.38,0.0
20200403:0630,634.18,50.96,30.41,7.1,0.0
20200403:0730,541.05,36.24,30.06,6.62,0.0
20200403:0830,538.0,21.51,29.8,6.55,0.0
20200403:0930,264.18,6.79,28.56,6.55,0.0
20200403:1030,0.0,0.0,27.3,5.66,0.0
20200403:1130,0.0,0.0,26.66,5.24,0.0
20200403:1230,0.0,0.0,26.26,5.17,0.0
20200403:1330,0.0,0.0,25.97,5.38,0.0
20200403:1430,0.0,0.0,25.79,5.38,0.0
20200403:1530,0.0,0.0,25.67,5.31,0.0
20200403:1630,0.0,0.0,25.49,5.24,0.0
20200403:1730,0.0,0.0,25.4,5.1,0.0
20200403:1830,0.0,0.0,25.26,4.9,0.0
20200403:1930,0.0,0.0,25.62,4.9,0.0
20200403:2030,0.0,0.0,25.58,5.1,0.0
20200403:2130,0.0,-4.8,25.48,4.97,0.0
20200403:2230,575.2,9.88,25.4,4.76,0.0
20200403:2330,765.51,24.61,26.21,5.1,0.0
20200404:0030,931.22,39.48,27.57,5.86,0.0
20200404:0130,827.07,54.19,28.96,6.07,0.0
20200404:0230,839.39,68.77,29.77,6.28,0.0
20200404:0330,953.54,82.33,30.49,6.34,0.0
20200404:0430,941.66,79.64,31.44,6.76,0.0
20200404:0530,882.69,65.58,31.78,6.97,0.0
20200404:0630,948.72,50.95,31.72,6.9,0.0
20200404:0730,910.96,36.23,31.55,7.03,0.0
20200404:0830,797.13,21.49,30.96,6.9,0.0
20200404:0930,470.18,6.78,30.05,6.76,0.0
20200404:1030,0.0,0.0,28.77,5.86,0.0
20200404:1130,0.0,0.0,27.79,5.59,0.0
20200404:1230,0.0,0.0,27.18,5.52,0.0
20200404:1330,0.0,0.0,26.75,5.45,0.0
20200404:1430,0.0,0.0,26.51,5.24,0.0
20200404:1530,0.0,0.0,26.5,5.17,0.0
20200404:1630,0.0,0.0,26.17,4.97,0.0
20200404:1730,0.0,0.0,25.87,4.55,0.0
20200404:1830,0.0,0.0,25.73,4.21,0.0
20200404:1930,0.0,0.0,25.78,4.41,0.0
20200404:2030,0.0,0.0,25.57,4.14,0.0
20200404:2130,0.0,-4.65,25.4,4.07,0.0
20200404:2230,634.06,10.02,25.25,4.14,0.0
20200404:2330,881.34,24.74,26.02,4.62,0.0
20200405:0030,940.07,39.62,27.49,5.17,0.0
20200405:0130,918.4,54.33,28.77,5.31,0.0
20200405:0230,950.55,68.94,29.97,5.52,0.0
20200405:0330,1020.03,82.64,30.95,5.66,0.0
20200405:0430,1024.42,79.75,31.73,5.72,0.0
20200405:0530,990.15,65.59,32.08,5.79,0.0
20200405:0630,785.4,50.94,32.05,5.93,0.0
20200405:0730,692.14,36.21,31.47,6.14,0.0
20200405:0830,650.88,21.48,30.77,6.34,0.0
20200405:0930,474.8,6.77,29.88,6.41,0.0
20200405:1030,0.0,0.0,28.7,5.72,0.0
20200405:1130,0.0,0.0,27.74,5.59,0.0
20200405:1230,0.0,0.0,27.22,5.45,0.0
20200405:1330,0.0,0.0,26.79,5.24,0.0
20200405:1430,0.0,0.0,26.48,5.03,0.0
20200405:1530,0.0,0.0,26.19,4.9,0.0
20200405:1630,0.0,0.0,25.86,4.76,0.0
20200405:1730,0.0,0.0,25.65,4.9,0.0
20200405:1830,0.0,0.0,25.4,4.9,0.0
20200405:1930,0.0,0.0,25.56,5.1,0.0
20200405:2030,0.0,0.0,25.51,4.97,0.0
20200405:2130,0.0,-4.5,25.37,4.55,0.0
20200405:2230,601.18,10.17,25.36,4.28,0.0
20200405:2330,847.98,24.88,26.06,4.41,0.0
20200406:0030,990.8,39.75,27.3,4.76,0.0
20200406:0130,1029.28,54.47,28.62,4.76,0.0
20200406:0230,1051.24,69.11,29.82,4.83,0.0
20200406:0330,1054.79,82.93,30.85,4.97,0.0
20200406:0430,1055.9,79.85,31.67,4.97,0.0
20200406:0530,1047.7,65.6,32.2,4.97,0.0
20200406:0630,1020.04,50.93,32.49,5.03,0.0
20200406:0730,959.11,36.2,32.41,5.24,0.0
20200406:0830,816.19,21.47,31.85,5.38,0.0
20200406:0930,527.92,6.77,30.83,5.52,0.0
20200406:1030,0.0,0.0,29.35,4.9,0.0
20200406:1130,0.0,0.0,28.06,4.69,0.0
20200406:1230,0.0,0.0,27.07,4.41,0.0
20200406:1330,0.0,0.0,26.28,4.14,0.0
20200406:1430,0.0,0.0,25.72,4.0,0.0
20200406:1530,0.0,0.0,25.33,4.0,0.0
20200406:1630,0.0,0.0,25.05,4.07,0.0
20200406:1730,0.0,0.0,24.86,4.0,0.0
20200406:1830,0.0,0.0,24.76,3.79,0.0
20200406:1930,0.0,0.0,24.48,3.59,0.0
20200406:2030,0.0,0.0,24.28,3.38,0.0
20200406:2130,0.0,-4.35,24.15,3.17,0.0
20200406:2230,611.05,10.3,24.08,3.03,0.0
20200406:2330,815.29,25.01,25.49,2.9,0.0
20200407:0030,959.95,39.88,27.51,3.03,0.0
20200407:0130,1050.86,54.61,28.83,2.76,0.0
20200407:0230,1049.49,69.26,30.08,2.48,0.0
20200407:0330,1064.58,83.22,31.14,2.28,0.0
20200407:0430,1047.18,79.94,31.99,2.28,0.0
20200407:0530,1008.05,65.6,32.61,2.48,0.0
20200407:0630,893.8,50.91,32.79,2.97,0.0
20200407:0730,846.88,36.18,32.61,3.31,0.0
20200407:0830,679.17,21.45,32.23,3.72,0.0
20200407:0930,509.03,6.76,31.23,3.66,0.0
20200407:1030,0.0,0.0,29.95,3.1,0.0
20200407:1130,0.0,0.0,28.68,3.1,0.0
20200407:1230,0.0,0.0,27.79,3.24,0.0
20200407:1330,0.0,0.0,27.14,3.38,0.0
20200407:1430,0.0,0.0,26.54,3.31,0.0
20200407:1530,0.0,0.0,26.1,3.31,0.0
20200407:1630,0.0,0.0,25.73,3.31,0.0
20200407:1730,0.0,0.0,25.42,3.38,0.0
20200407:1830,0.0,0.0,25.2,3.17,0.0
20200407:1930,0.0,0.0,24.95,3.03,0.0
20200407:2030,0.0,0.0,24.62,2.62,0.0
20200407:2130,0.0,-4.2,24.5,2.69,0.0
20200407:2230,551.17,10.44,24.46,2.76,0.0
20200407:2330,820.71,25.14,25.75,3.1,0.0
20200408:0030,930.29,40.0,27.5,3.93,0.0
20200408:0130,907.98,54.74,28.9,4.07,0.0
20200408:0230,905.78,69.41,29.69,4.21,0.0
20200408:0330,823.68,83.49,30.55,4.34,0.0
20200408:0430,814.44,80.02,31.04,4.41,0.0
20200408:0530,812.9,65.6,31.67,4.76,0.0
20200408:0630,802.58,50.89,31.71,5.03,0.0
20200408:0730,735.81,36.16,31.57,4.48,0.0
20200408:0830,586.7,21.43,31.36,4.83,0.0
20200408:0930,462.25,6.75,30.69,5.03,0.0
20200408:1030,0.0,0.0,29.7,4.62,0.0
20200408:1130,0.0,0.0,28.91,4.69,0.0
20200408:1230,0.0,0.0,28.16,4.41,0.0
20200408:1330,0.0,0.0,27.51,4.28,0.0
20200408:1430,0.0,0.0,26.97,4.14,0.0
20200408:1530,0.0,0.0,26.55,4.07,0.0
20200408:1630,0.0,0.0,26.14,4.07,0.0
20200408:1730,0.0,0.0,25.83,4.0,0.0
20200408:1830,0.0,0.0,25.65,3.86,0.0
20200408:1930,0.0,0.0,25.56,3.86,0.0
20200408:2030,0.0,0.0,25.41,3.66,0.0
20200408:2130,0.0,-4.06,25.2,3.52,0.0
20200408:2230,638.14,10.58,25.09,3.52,0.0
20200408:2330,867.82,25.27,26.42,3.93,0.0
20200409:0030,978.3,40.13,27.94,4.55,0.0
20200409:0130,1016.39,54.86,29.4,4.62,0.0
20200409:0230,949.76,69.55,30.7,4.69,0.0
20200409:0330,894.41,83.75,31.55,4.83,0.0
20200409:0430,871.05,80.08,32.13,4.97,0.0
20200409:0530,818.34,65.59,32.29,5.17,0.0
20200409:0630,722.39,50.87,32.19,5.45,0.0
20200409:0730,739.98,36.14,31.78,4.9,0.0
20200409:0830,617.06,21.42,31.53,4.97,0.0
20200409:0930,386.69,6.74,30.67,4.9,0.0
20200409:1030,0.0,0.0,29.65,4.55,0.0
20200409:1130,0.0,0.0,28.64,4.55,0.0
20200409:1230,0.0,0.0,27.96,4.69,0.0
20200409:1330,0.0,0.0,27.4,4.62,0.0
20200409:1430,0.0,0.0,26.86,4.48,0.0
20200409:1530,0.0,0.0,26.42,4.48,0.0
20200409:1630,0.0,0.0,26.17,4.28,0.0
20200409:1730,0.0,0.0,25.94,3.93,0.0
20200409:1830,0.0,0.0,25.83,3.79,0.0
20200409:1930,0.0,0.0,25.85,3.93,0.0
20200409:2030,0.0,0.0,25.81,3.93,0.0
20200409:2130,0.0,-3.91,25.7,3.86,0.0
20200409:2230,554.6,10.71,25.74,3.86,0.0
20200409:2330,762.84,25.4,26.72,4.34,0.0
20200410:0030,847.63,40.25,28.02,4.62,0.0
20200410:0130,954.23,54.98,29.23,4.55,0.0
20200410:0230,968.87,69.69,30.48,4.69,0.0
20200410:0330,985.34,83.99,31.47,5.1,0.0
20200410:0430,839.87,80.13,31.95,5.59,0.0
20200410:0530,898.03,65.57,31.67,6.07,0.0
20200410:0630,790.47,50.85,31.7,6.14,0.0
20200410:0730,861.47,36.12,31.85,6.07,0.0
20200410:0830,701.33,21.4,31.4,6.07,0.0
20200410:0930,412.64,6.74,30.56,6.14,0.0
20200410:1030,0.0,0.0,29.44,5.45,0.0
20200410:1130,0.0,0.0,28.58,5.45,0.0
20200410:1230,0.0,0.0,27.9,5.24,0.0
20200410:1330,0.0,0.0,27.45,5.1,0.0
20200410:1430,0.0,0.0,27.08,5.1,0.0
20200410:1530,0.0,0.0,26.82,5.03,0.0
20200410:1630,0.0,0.0,26.57,4.9,0.0
20200410:1730,0.0,0.0,26.32,4.62,0.0
20200410:1830,0.0,0.0,26.14,4.34,0.0
20200410:1930,0.0,0.0,26.15,4.41,0.0
20200410:2030,0.0,0.0,26.02,4.41,0.0
20200410:2130,0.0,-3.77,25.87,4.28,0.0
20200410:2230,615.26,10.84,25.9,4.34,0.0
20200410:2330,834.34,25.52,26.74,4.83,0.0
20200411:0030,942.99,40.36,28.16,5.1,0.0
20200411:0130,996.88,55.1,29.42,5.03,0.0
20200411:0230,981.5,69.81,30.6,4.9,0.0
20200411:0330,1007.11,84.22,31.55,4.83,0.0
20200411:0430,1014.62,80.16,32.34,4.76,0.0
20200411:0530,1014.56,65.56,32.85,4.9,0.0
20200411:0630,960.23,50.83,33.1,5.17,0.0
20200411:0730,923.0,36.09,32.68,5.03,0.0
20200411:0830,803.27,21.39,32.18,5.17,0.0
20200411:0930,510.41,6.73,31.25,5.38,0.0
20200411:1030,0.0,0.0,29.93,4.69,0.0
20200411:1130,0.0,0.0,28.87,4.55,0.0
20200411:1230,0.0,0.0,28.15,4.28,0.0
20200411:1330,0.0,0.0,27.45,4.0,0.0
20200411:1430,0.0,0.0,26.91,3.72,0.0
20200411:1530,0.0,0.0,26.44,3.59,0.0
20200411:1630,0.0,0.0,26.03,3.45,0.0
20200411:1730,0.0,0.0,25.71,3.45,0.0
20200411:1830,0.0,0.0,25.46,3.45,0.0
20200411:1930,0.0,0.0,25.22,3.03,0.0
20200411:2030,0.0,0.0,24.97,3.03,0.0
20200411:2130,0.0,-3.63,24.73,2.97,0.0
20200411:2230,664.36,10.97,24.59,2.76,0.0
20200411:2330,877.91,25.65,26.36,2.62,0.0
20200412:0030,973.47,40.47,28.06,2.62,0.0
20200412:0130,1009.72,55.21,29.39,2.07,0.0
20200412:0230,893.89,69.93,30.64,1.52,0.0
20200412:0330,834.15,84.43,31.15,1.24,0.0
20200412:0430,881.15,80.18,31.52,1.45,0.0
20200412:0530,784.22,65.53,31.92,2.14,0.0
20200412:0630,694.32,50.8,31.64,2.69,0.0
20200412:0730,669.38,36.07,31.8,2.07,0.0
20200412:0830,543.26,21.37,31.53,1.31,0.0
20200412:0930,370.45,6.73,30.84,1.59,0.0
20200412:1030,0.0,0.0,30.1,2.07,0.0
20200412:1130,0.0,0.0,29.27,2.76,0.0
20200412:1230,0.0,0.0,28.53,3.24,0.0
20200412:1330,0.0,0.0,27.96,3.24,0.0
20200412:1430,0.0,0.0,27.48,2.97,0.0
20200412:1530,0.0,0.0,26.99,2.62,0.0
20200412:1630,0.0,0.0,26.48,2.34,0.0
20200412:1730,0.0,0.0,26.05,2.41,0.0
20200412:1830,0.0,0.0,25.71,2.62,0.0
20200412:1930,0.0,0.0,25.61,2.48,0.0
20200412:2030,0.0,0.0,25.27,2.48,0.0
20200412:2130,0.0,-3.49,24.78,2.21,0.0
20200412:2230,639.34,11.1,24.47,1.93,0.0
20200412:2330,814.65,25.76,26.7,1.93,0.0
20200413:0030,980.45,40.58,28.5,2.41,0.0
20200413:0130,1038.89,55.31,29.86,2.34,0.0
20200413:0230,1030.83,70.04,31.01,2.34,0.0
20200413:0330,941.43,84.62,31.88,2.55,0.0
20200413:0430,944.94,80.19,32.44,2.83,0.0
20200413:0530,976.66,65.51,32.76,2.97,0.0
20200413:0630,878.86,50.77,33.19,3.17,0.0
20200413:0730,708.79,36.05,32.78,2.21,0.0
20200413:0830,665.21,21.36,32.42,2.97,0.0
20200413:0930,314.37,6.72,32.0,3.93,0.0
20200413:1030,0.0,0.0,30.81,4.41,0.0
20200413:1130,0.0,0.0,29.68,4.21,0.0
20200413:1230,0.0,0.0,29.04,3.66,0.0
20200413:1330,0.0,0.0,28.5,3.66,0.0
20200413:1430,0.0,0.0,27.95,3.79,0.0
20200413:1530,0.0,0.0,27.54,3.72,0.0
20200413:1630,0.0,0.0,27.13,3.79,0.0
20200413:1730,0.0,0.0,26.64,3.86,0.0
20200413:1830,0.0,0.0,26.24,3.79,0.0
20200413:1930,0.0,0.0,25.86,3.24,0.0
20200413:2030,0.0,0.0,25.55,3.03,0.0
20200413:2130,0.0,-3.35,25.33,3.03,0.0
20200413:2230,515.4,11.23,25.32,2.9,0.0
20200413:2330,781.32,25.88,26.07,3.1,0.0
20200414:0030,850.95,40.69,27.39,3.03,0.0
20200414:0130,874.74,55.41,28.59,2.9,0.0
20200414:0230,880.6,70.15,29.58,2.69,0.0
20200414:0330,911.72,84.79,30.5,2.62,0.0
20200414:0430,885.89,80.19,31.29,2.76,0.0
20200414:0530,779.43,65.48,31.89,3.03,0.0
20200414:0630,737.49,50.74,31.92,3.31,0.0
20200414:0730,658.85,36.02,31.7,3.59,0.0
20200414:0830,639.19,21.34,31.4,3.79,0.0
20200414:0930,374.66,6.72,30.89,4.0,0.0
20200414:1030,0.0,0.0,30.07,4.21,0.0
20200414:1130,0.0,0.0,29.34,4.21,0.0
20200414:1230,0.0,0.0,28.79,4.21,0.0
20200414:1330,0.0,0.0,28.22,4.48,0.0
20200414:1430,0.0,0.0,27.79,4.76,0.0
20200414:1530,0.0,0.0,27.37,4.83,0.0
20200414:1630,0.0,0.0,26.96,4.48,0.0
20200414:1730,0.0,0.0,26.6,4.0,0.0
20200414:1830,0.0,0.0,26.31,3.79,0.0
20200414:1930,0.0,0.0,26.3,3.72,0.0
20200414:2030,0.0,0.0,26.11,3.31,0.0
20200414:2130,0.0,-3.21,25.94,2.9,0.0
20200414:2230,587.8,11.35,25.89,2.69,0.0
20200414:2330,851.16,25.99,27.22,2.97,0.0
20200415:0030,924.42,40.79,28.66,3.03,0.0
20200415:0130,985.41,55.51,29.77,2.97,0.0
20200415:0230,1003.76,70.24,30.85,2.9,0.0
20200415:0330,942.6,84.93,31.77,2.83,0.0
20200415:0430,946.26,80.17,32.15,2.62,0.0
20200415:0530,923.15,65.44,32.66,2.55,0.0
20200415:0630,768.71,50.71,32.91,2.55,0.0
20200415:0730,712.21,36.0,32.8,2.41,0.0
20200415:0830,567.48,21.33,32.36,2.21,0.0
20200415:0930,388.1,6.72,31.66,2.41,0.0
20200415:1030,0.0,0.0,31.01,2.41,0.0
20200415:1130,0.0,0.0,30.2,1.52,0.0
20200415:1230,0.0,0.0,29.51,1.24,0.0
20200415:1330,0.0,0.0,28.62,1.03,0.0
20200415:1430,0.0,0.0,28.02,1.24,0.0
20200415:1530,0.0,0.0,27.5,1.66,0.0
20200415:1630,0.0,0.0,27.11,1.86,0.0
20200415:1730,0.0,0.0,26.9,2.07,0.0
20200415:1830,0.0,0.0,26.73,2.41,0.0
20200415:1930,0.0,0.0,26.59,2.76,0.0
20200415:2030,0.0,0.0,26.36,2.97,0.0
20200415:2130,0.0,-3.08,26.22,3.1,0.0
20200415:2230,527.68,11.47,26.08,2.97,0.0
20200415:2330,827.71,26.1,27.3,3.31,0.0
20200416:0030,908.67,40.89,28.84,3.79,0.0
20200416:0130,903.44,55.6,30.22,3.79,0.0
20200416:0230,918.19,70.33,31.37,3.72,0.0
20200416:0330,889.26,85.05,32.3,3.72,0.0
20200416:0430,941.47,80.14,32.94,3.79,0.0
20200416:0530,868.27,65.41,33.53,3.72,0.0
20200416:0630,879.72,50.68,33.5,3.72,0.0
20200416:0730,781.1,35.98,33.74,4.14,0.0
20200416:0830,700.61,21.31,33.34,4.62,0.0
20200416:0930,407.49,6.72,32.56,5.03,0.0
20200416:1030,0.0,0.0,31.3,4.83,0.0
20200416:1130,0.0,0.0,30.27,4.9,0.0
20200416:1230,0.0,0.0,29.46,4.76,0.0
20200416:1330,0.0,0.0,28.77,4.62,0.0
20200416:1430,0.0,0.0,28.23,4.69,0.0
20200416:1530,0.0,0.0,27.87,4.69,0.0
20200416:1630,0.0,0.0,27.45,4.62,0.0
20200416:1730,0.0,0.0,27.18,4.55,0.0
20200416:1830,0.0,0.0,26.84,4.07,0.0
20200416:1930,0.0,0.0,27.05,3.93,0.0
20200416:2030,0.0,0.0,26.87,3.59,0.0
20200416:2130,0.0,-2.94,26.7,3.31,0.0
20200416:2230,635.28,11.59,26.66,3.38,0.0
20200416:2330,792.44,26.21,27.88,3.93,0.0
20200417:0030,812.07,40.98,29.26,4.07,0.0
20200417:0130,908.33,55.68,30.39,3.86,0.0
20200417:0230,913.01,70.41,31.32,3.79,0.0
20200417:0330,888.34,85.15,32.2,3.79,0.0
20200417:0430,892.14,80.1,32.89,4.0,0.0
20200417:0530,888.06,65.37,33.31,4.07,0.0
20200417:0630,888.75,50.64,33.55,4.34,0.0
20200417:0730,670.91,35.95,33.55,4.34,0.0
20200417:0830,607.63,21.3,32.86,4.62,0.0
20200417:0930,441.21,6.72,32.09,5.1,0.0
20200417:1030,0.0,0.0,30.93,4.9,0.0
20200417:1130,0.0,0.0,29.83,5.1,0.0
20200417:1230,0.0,0.0,29.0,4.69,0.0
20200417:1330,0.0,0.0,28.5,4.62,0.0
20200417:1430,0.0,0.0,28.1,4.9,0.0
20200417:1530,0.0,0.0,27.53,4.62,0.0
20200417:1630,0.0,0.0,27.14,4.34,0.0
20200417:1730,0.0,0.0,26.9,4.14,0.0
20200417:1830,0.0,0.0,26.75,3.86,0.0
20200417:1930,0.0,0.0,26.73,3.72,0.0
20200417:2030,0.0,0.0,26.67,3.52,0.0
20200417:2130,0.0,-2.81,26.64,3.52,0.0
20200417:2230,599.38,11.7,26.66,3.31,0.0
20200417:2330,819.58,26.31,27.69,3.79,0.0
20200418:0030,927.02,41.07,29.03,3.86,0.0
20200418:0130,933.33,55.76,30.41,3.86,0.0
20200418:0230,930.22,70.48,31.62,3.93,0.0
20200418:0330,844.26,85.21,32.66,4.21,0.0
20200418:0430,952.91,80.05,33.29,4.69,0.0
20200418:0530,758.47,65.32,33.68,5.03,0.0
20200418:0630,607.48,50.61,32.92,4.69,0.0
20200418:0730,722.07,35.93,32.63,4.97,0.0
20200418:0830,619.37,21.29,32.36,4.9,0.0
20200418:0930,383.23,6.72,31.34,4.34,0.0
20200418:1030,0.0,0.0,30.47,4.41,0.0
20200418:1130,0.0,0.0,29.61,4.9,0.0
20200418:1230,0.0,0.0,28.72,5.17,0.0
20200418:1330,0.0,0.0,28.08,5.03,0.0
20200418:1430,0.0,0.0,27.72,4.97,0.0
20200418:1530,0.0,0.0,27.46,4.97,0.0
20200418:1630,0.0,0.0,27.2,4.76,0.0
20200418:1730,0.0,0.0,27.01,4.69,0.0
20200418:1830,0.0,0.0,26.82,4.55,0.0
20200418:1930,0.0,0.0,27.02,4.55,0.0
20200418:2030,0.0,0.0,26.92,4.55,0.0
20200418:2130,0.0,-2.69,26.78,4.62,0.0
20200418:2230,576.84,11.82,26.78,4.76,0.0
20200418:2330,773.46,26.41,27.57,5.31,0.0
20200419:0030,811.11,41.16,28.89,5.86,0.0
20200419:0130,855.0,55.84,30.11,6.14,0.0
20200419:0230,949.16,70.55,31.31,6.14,0.0
20200419:0330,941.63,85.26,32.32,6.0,0.0
20200419:0430,869.88,79.99,33.01,5.72,0.0
20200419:0530,951.58,65.28,33.25,5.52,0.0
20200419:0630,773.06,50.57,33.51,5.45,0.0
20200419:0730,812.3,35.9,33.35,5.03,0.0
20200419:0830,664.41,21.27,32.89,5.1,0.0
20200419:0930,387.3,6.72,31.91,5.38,0.0
20200419:1030,0.0,0.0,30.62,4.97,0.0
20200419:1130,0.0,0.0,29.62,4.83,0.0
20200419:1230,0.0,0.0,28.97,4.55,0.0
20200419:1330,0.0,0.0,28.58,4.07,0.0
20200419:1430,0.0,0.0,28.32,3.72,0.0
20200419:1530,0.0,0.0,28.07,3.93,0.0
20200419:1630,0.0,0.0,27.85,3.93,0.0
20200419:1730,0.0,0.0,27.52,4.0,0.0
20200419:1830,0.0,0.0,27.2,4.0,0.0
20200419:1930,0.0,0.0,27.45,4.0,0.0
20200419:2030,0.0,0.0,27.38,3.79,0.0
20200419:2130,0.0,-2.56,27.18,4.0,0.0
20200419:2230,406.01,11.93,27.18,4.14,0.0
20200419:2330,519.85,26.51,27.64,4.97,0.0
20200420:0030,761.94,41.24,28.34,5.31,0.0
20200420:0130,852.3,55.91,29.54,5.31,0.0
20200420:0230,816.23,70.6,30.19,4.97,0.0
20200420:0330,811.08,85.27,31.1,4.62,0.0
20200420:0430,756.86,79.92,31.58,4.76,0.0
20200420:0530,826.44,65.23,31.89,5.17,0.0
20200420:0630,774.45,50.54,32.07,5.66,0.0
20200420:0730,544.36,35.88,31.37,5.59,0.0
20200420:0830,298.67,21.26,30.96,5.66,0.0
20200420:0930,258.83,6.72,30.2,5.31,0.0
20200420:1030,0.0,0.0,29.41,4.9,0.0
20200420:1130,0.0,0.0,28.96,4.21,0.0
20200420:1230,0.0,0.0,28.72,3.93,0.0
20200420:1330,0.0,0.0,28.43,4.07,0.0
20200420:1430,0.0,0.0,28.11,4.69,0.0
20200420:1530,0.0,0.0,27.44,4.76,0.0
20200420:1630,0.0,0.0,26.85,4.69,0.0
20200420:1730,0.0,0.0,26.46,4.28,0.0
20200420:1830,0.0,0.0,26.07,4.41,0.0
20200420:1930,0.0,0.0,26.32,4.83,0.0
20200420:2030,0.0,0.0,26.26,4.48,0.0
20200420:2130,0.0,-2.44,26.28,4.55,0.0
20200420:2230,79.75,12.03,26.36,4.48,0.0
20200420:2330,349.19,26.6,26.9,4.97,0.0
20200421:0030,518.39,41.32,27.87,5.1,0.0
20200421:0130,530.39,55.98,28.82,4.9,0.0
20200421:0230,616.96,70.65,29.61,4.34,0.0
20200421:0330,815.09,85.25,30.37,4.14,0.0
20200421:0430,695.5,79.84,31.32,4.21,0.0
20200421:0530,777.03,65.17,31.5,4.41,0.0
20200421:0630,554.12,50.5,31.43,4.62,0.0
20200421:0730,480.96,35.85,30.99,5.1,0.0
20200421:0830,451.68,21.25,30.58,5.45,0.0
20200421:0930,331.54,6.73,29.99,5.24,0.0
20200421:1030,0.0,0.0,29.26,4.83,0.0
20200421:1130,0.0,0.0,28.66,4.41,0.0
20200421:1230,0.0,0.0,28.19,4.14,0.0
20200421:1330,0.0,0.0,27.81,4.28,0.0
20200421:1430,0.0,0.0,27.51,4.41,0.0
20200421:1530,0.0,0.0,27.27,4.55,0.0
20200421:1630,0.0,0.0,27.0,4.48,0.0
20200421:1730,0.0,0.0,26.72,4.21,0.0
20200421:1830,0.0,0.0,26.46,3.93,0.0
20200421:1930,0.0,0.0,26.49,4.07,0.0
20200421:2030,0.0,0.0,26.37,3.86,0.0
20200421:2130,0.0,-2.32,26.28,3.72,0.0
20200421:2230,635.25,12.14,26.11,3.45,0.0
20200421:2330,868.67,26.69,27.2,3.86,0.0
20200422:0030,937.67,41.39,28.88,4.21,0.0
20200422:0130,986.28,56.04,30.31,4.48,0.0
20200422:0230,883.13,70.69,31.62,4.69,0.0
20200422:0330,968.68,85.22,32.52,4.9,0.0
20200422:0430,985.27,79.75,33.15,4.9,0.0
20200422:0530,826.07,65.12,33.41,5.03,0.0
20200422:0630,793.3,50.46,33.11,5.17,0.0
20200422:0730,748.48,35.83,32.85,5.38,0.0
20200422:0830,565.41,21.24,32.31,5.59,0.0
20200422:0930,403.2,6.73,31.44,5.52,0.0
20200422:1030,0.0,0.0,30.34,5.17,0.0
20200422:1130,0.0,0.0,29.44,4.76,0.0
20200422:1230,0.0,0.0,28.77,4.62,0.0
20200422:1330,0.0,0.0,28.33,4.34,0.0
20200422:1430,0.0,0.0,27.93,4.21,0.0
20200422:1530,0.0,0.0,27.47,3.72,0.0
20200422:1630,0.0,0.0,27.04,3.79,0.0
20200422:1730,0.0,0.0,26.71,4.07,0.0
20200422:1830,0.0,0.0,26.33,4.28,0.0
20200422:1930,0.0,0.0,26.39,4.28,0.0
20200422:2030,0.0,0.0,26.18,4.21,0.0
20200422:2130,0.0,-2.2,26.05,4.07,0.0
20200422:2230,524.09,12.24,25.94,4.0,0.0
20200422:2330,763.69,26.78,26.86,4.9,0.0
20200423:0030,866.53,41.46,28.37,5.59,0.0
20200423:0130,935.52,56.09,29.67,5.93,0.0
20200423:0230,964.56,70.73,31.09,6.28,0.0
20200423:0330,919.38,85.15,32.1,6.55,0.0
20200423:0430,940.12,79.65,32.69,6.69,0.0
20200423:0530,992.44,65.06,33.07,6.76,0.0
20200423:0630,912.8,50.42,33.16,6.83,0.0
20200423:0730,870.19,35.8,32.31,7.1,0.0
20200423:0830,778.51,21.23,31.86,6.9,0.0
20200423:0930,477.54,6.74,30.98,6.41,0.0
20200423:1030,0.0,0.0,29.77,5.31,0.0
20200423:1130,0.0,0.0,28.78,5.1,0.0
20200423:1230,0.0,0.0,28.15,5.38,0.0
20200423:1330,0.0,0.0,27.78,5.38,0.0
20200423:1430,0.0,0.0,27.62,5.1,0.0
20200423:1530,0.0,0.0,27.47,4.9,0.0
20200423:1630,0.0,0.0,27.3,5.17,0.0
20200423:1730,0.0,0.0,26.96,5.59,0.0
20200423:1830,0.0,0.0,26.7,5.1,0.0
20200423:1930,0.0,0.0,27.02,5.31,0.0
20200423:2030,0.0,0.0,26.98,5.1,0.0
20200423:2130,0.0,-2.08,26.92,5.1,0.0
20200423:2230,424.2,12.34,26.82,5.31,0.0
20200423:2330,652.43,26.87,27.34,5.79,0.0
20200424:0030,732.43,41.53,28.5,6.07,0.0
20200424:0130,738.95,56.14,29.31,5.52,0.0
20200424:0230,753.43,70.75,29.92,5.52,0.0
20200424:0330,830.04,85.06,30.34,6.0,0.0
20200424:0430,767.79,79.55,31.0,5.93,0.0
20200424:0530,785.96,65.01,31.62,5.86,0.0
20200424:0630,573.03,50.39,31.22,6.14,0.0
20200424:0730,701.51,35.78,31.32,5.93,0.0
20200424:0830,585.17,21.22,30.97,6.07,0.0
20200424:0930,415.95,6.75,30.33,6.07,0.0
20200424:1030,0.0,0.0,29.43,5.52,0.0
20200424:1130,0.0,0.0,28.73,5.03,0.0
20200424:1230,0.0,0.0,28.31,5.1,0.0
20200424:1330,0.0,0.0,28.05,5.03,0.0
20200424:1430,0.0,0.0,27.69,4.76,0.0
20200424:1530,0.0,0.0,27.27,4.76,0.0
20200424:1630,0.0,0.0,26.81,4.83,0.0
20200424:1730,0.0,0.0,26.58,4.97,0.0
20200424:1830,0.0,0.0,26.21,5.03,0.0
20200424:1930,0.0,0.0,26.5,4.97,0.0
20200424:2030,0.0,0.0,26.38,5.38,0.0
20200424:2130,0.0,-1.97,26.36,5.03,0.0
20200424:2230,337.84,12.43,26.3,5.59,0.0
20200424:2330,576.1,26.95,26.66,6.34,0.0
20200425:0030,728.15,41.59,27.9,6.41,0.0
20200425:0130,770.54,56.19,29.12,6.07,0.0
20200425:0230,885.86,70.77,30.11,5.86,0.0
20200425:0330,912.84,84.96,31.23,6.14,0.0
20200425:0430,829.8,79.44,31.81,6.48,0.0
20200425:0530,919.96,64.95,32.01,6.55,0.0
20200425:0630,847.33,50.35,32.2,6.62,0.0
20200425:0730,717.85,35.76,32.12,6.83,0.0
20200425:0830,546.66,21.22,31.56,6.69,0.0
20200425:0930,368.74,6.76,30.82,6.21,0.0
20200425:1030,0.0,0.0,29.86,5.31,0.0
20200425:1130,0.0,0.0,29.07,5.17,0.0
20200425:1230,0.0,0.0,28.51,4.97,0.0
20200425:1330,0.0,0.0,28.05,4.83,0.0
20200425:1430,0.0,0.0,27.7,4.9,0.0
20200425:1530,0.0,0.0,27.4,5.03,0.0
20200425:1630,0.0,0.0,27.2,5.03,0.0
20200425:1730,0.0,0.0,27.07,4.9,0.0
20200425:1830,0.0,0.0,26.86,4.76,0.0
20200425:1930,0.0,0.0,26.84,5.1,0.0
20200425:2030,0.0,0.0,26.7,5.1,0.0
20200425:2130,0.0,-1.86,26.57,5.03,0.0
20200425:2230,563.78,12.52,26.59,4.9,0.0
20200425:2330,807.46,27.02,27.35,5.86,0.0
20200426:0030,750.4,41.65,28.52,6.41,0.0
20200426:0130,817.89,56.23,29.34,6.41,0.0
20200426:0230,847.9,70.78,30.22,6.48,0.0
20200426:0330,897.39,84.83,30.89,6.55,0.0
20200426:0430,890.79,79.32,31.48,6.48,0.0
20200426:0530,907.27,64.88,32.01,6.48,0.0
20200426:0630,847.91,50.31,32.2,6.34,0.0
20200426:0730,691.37,35.74,32.32,6.48,0.0
20200426:0830,694.01,21.21,31.6,6.48,0.0
20200426:0930,443.86,6.77,31.04,6.48,0.0
20200426:1030,0.0,0.0,29.82,5.59,0.0
20200426:1130,0.0,0.0,28.95,4.9,0.0
20200426:1230,0.0,0.0,28.48,5.03,0.0
20200426:1330,0.0,0.0,28.15,4.76,0.0
20200426:1430,0.0,0.0,27.81,4.69,0.0
20200426:1530,0.0,0.0,27.54,4.69,0.0
20200426:1630,0.0,0.0,27.09,4.83,0.0
20200426:1730,0.0,0.0,26.78,4.76,0.0
20200426:1830,0.0,0.0,26.42,4.62,0.0
20200426:1930,0.0,0.0,26.45,5.17,0.0
20200426:2030,0.0,0.0,26.3,5.24,0.0
20200426:2130,0.0,-1.75,26.15,5.17,0.0
20200426:2230,537.57,12.61,26.1,5.03,0.0
20200426:2330,811.77,27.1,26.99,5.93,0.0
20200427:0030,833.03,41.7,28.6,6.62,0.0
20200427:0130,852.56,56.26,29.98,7.1,0.0
20200427:0230,878.6,70.79,30.98,7.45,0.0
20200427:0330,920.2,84.69,31.86,7.38,0.0
20200427:0430,949.66,79.2,32.46,7.17,0.0
20200427:0530,865.56,64.82,32.83,6.97,0.0
20200427:0630,697.98,50.27,32.69,6.76,0.0
20200427:0730,630.92,35.71,32.04,6.76,0.0
20200427:0830,309.57,21.2,31.17,6.55,0.0
20200427:0930,274.09,6.78,30.08,6.0,0.0
20200427:1030,0.0,0.0,29.11,5.45,0.0
20200427:1130,0.0,0.0,28.41,5.1,0.0
20200427:1230,0.0,0.0,27.94,5.03,0.0
20200427:1330,0.0,0.0,27.54,5.24,0.0
20200427:1430,0.0,0.0,27.17,5.03,0.0
20200427:1530,0.0,0.0,26.87,4.97,0.0
20200427:1630,0.0,0.0,26.51,4.69,0.0
20200427:1730,0.0,0.0,26.21,4.55,0.0
20200427:1830,0.0,0.0,26.03,4.48,0.0
20200427:1930,0.0,0.0,26.15,5.03,0.0
20200427:2030,0.0,0.0,26.0,4.76,0.0
20200427:2130,0.0,-1.65,25.82,4.76,0.0
20200427:2230,402.44,12.7,25.84,4.97,0.0
20200427:2330,651.07,27.17,26.75,5.79,0.0
20200428:0030,797.23,41.75,28.15,6.76,0.0
20200428:0130,826.86,56.29,29.33,6.97,0.0
20200428:0230,788.45,70.78,30.26,7.1,0.0
20200428:0330,757.32,84.53,30.76,7.31,0.0
20200428:0430,777.94,79.08,30.62,7.38,0.0
20200428:0530,685.1,64.76,30.4,7.79,0.0
20200428:0630,618.96,50.23,30.29,7.59,0.0
20200428:0730,455.02,35.69,30.31,6.55,0.0
20200428:0830,286.01,21.2,29.65,6.34,0.0
20200428:0930,266.88,6.79,28.99,5.59,0.0
20200428:1030,0.0,0.0,28.56,5.1,0.0
20200428:1130,0.0,0.0,28.12,4.69,0.0
20200428:1230,0.0,0.0,27.86,4.69,0.0
20200428:1330,0.0,0.0,27.6,4.48,0.0
20200428:1430,0.0,0.0,27.38,4.41,0.0
20200428:1530,0.0,0.0,27.14,4.41,0.0
20200428:1630,0.0,0.0,27.05,4.55,0.0
20200428:1730,0.0,0.0,26.74,4.55,0.0
20200428:1830,0.0,0.0,26.54,4.48,0.0
20200428:1930,0.0,0.0,26.47,4.62,0.0
20200428:2030,0.0,0.0,26.36,4.55,0.0
20200428:2130,0.0,-1.55,26.28,4.41,0.0
20200428:2230,519.6,12.78,26.28,4.41,0.0
20200428:2330,655.82,27.23,27.32,5.17,0.0
20200429:0030,843.82,41.8,28.51,5.52,0.0
20200429:0130,874.64,56.32,29.9,5.79,0.0
20200429:0230,873.26,70.77,31.12,6.0,0.0
20200429:0330,971.74,84.36,31.86,6.28,0.0
20200429:0430,855.04,78.95,32.54,6.48,0.0
20200429:0530,864.52,64.69,32.6,6.48,0.0
20200429:0630,866.78,50.19,32.75,6.55,0.0
20200429:0730,809.5,35.67,32.34,6.14,0.0
20200429:0830,749.86,21.2,31.97,6.21,0.0
20200429:0930,482.33,6.81,31.12,6.21,0.0
20200429:1030,0.0,0.0,29.83,5.52,0.0
20200429:1130,0.0,0.0,28.79,5.31,0.0
20200429:1230,0.0,0.0,28.06,5.31,0.0
20200429:1330,0.0,0.0,27.56,5.31,0.0
20200429:1430,0.0,0.0,27.25,5.17,0.0
20200429:1530,0.0,0.0,26.94,5.03,0.0
20200429:1630,0.0,0.0,26.77,4.62,0.0
20200429:1730,0.0,0.0,26.58,4.28,0.0
20200429:1830,0.0,0.0,26.39,4.48,0.0
20200429:1930,0.0,0.0,26.59,4.48,0.0
20200429:2030,0.0,0.0,26.52,4.55,0.0
20200429:2130,0.0,-1.45,26.41,4.62,0.0
20200429:2230,227.86,12.86,26.55,4.62,0.0
20200429:2330,558.69,27.3,27.33,5.31,0.0
20200430:0030,803.75,41.84,28.48,5.72,0.0
20200430:0130,898.76,56.34,29.75,6.0,0.0
20200430:0230,810.79,70.76,30.92,6.28,0.0
20200430:0330,881.11,84.18,31.51,6.48,0.0
20200430:0430,841.3,78.81,31.87,6.69,0.0
20200430:0530,667.91,64.63,31.97,6.41,0.0
20200430:0630,634.99,50.15,31.0,6.34,0.0
20200430:0730,506.47,35.65,31.26,5.52,0.0
20200430:0830,271.84,21.19,31.06,5.03,0.0
20200430:0930,230.35,6.82,30.44,4.97,0.0
20200430:1030,0.0,0.0,29.62,4.69,0.0
20200430:1130,0.0,0.0,28.89,4.55,0.0
20200430:1230,0.0,0.0,28.46,4.55,0.0
20200430:1330,0.0,0.0,28.08,4.28,0.0
20200430:1430,0.0,0.0,27.72,4.28,0.0
20200430:1530,0.0,0.0,27.37,4.34,0.0
20200430:1630,0.0,0.0,27.01,4.21,0.0
20200430:1730,0.0,0.0,26.71,4.14,0.0
20200430:1830,0.0,0.0,26.39,4.14,0.0
20200430:1930,0.0,0.0,26.31,4.14,0.0
20200430:2030,0.0,0.0,26.3,4.28,0.0
20200430:2130,0.0,-1.36,26.27,4.34,0.0
20200430:2230,398.29,12.94,26.34,4.14,0.0
20200430:2330,648.24,27.36,27.2,5.03,0.0
20200501:0030,797.76,41.88,28.52,5.45,0.0
20200501:0130,1004.54,56.35,29.71,5.38,0.0
20200501:0230,939.35,70.73,31.15,5.24,0.0
20200501:0330,961.98,83.99,32.07,5.03,0.0
20200501:0430,898.53,78.68,32.89,4.76,0.0
20200501:0530,808.52,64.56,33.24,4.69,0.0
20200501:0630,718.7,50.12,33.3,4.76,0.0
20200501:0730,566.17,35.64,32.98,5.17,0.0
20200501:0830,315.29,21.19,32.34,5.38,0.0
20200501:0930,245.93,6.84,31.21,5.72,0.0
20200501:1030,0.0,0.0,30.11,5.52,0.0
20200501:1130,0.0,0.0,29.32,5.31,0.0
20200501:1230,0.0,0.0,28.75,5.1,0.0
20200501:1330,0.0,0.0,28.3,4.62,0.0
20200501:1430,0.0,0.0,27.9,4.28,0.0
20200501:1530,0.0,0.0,27.5,4.14,0.0
20200501:1630,0.0,0.0,27.15,4.14,0.0
20200501:1730,0.0,0.0,26.84,4.21,0.0
20200501:1830,0.0,0.0,26.53,4.34,0.0
20200501:1930,0.0,0.0,26.39,4.69,0.0
20200501:2030,0.0,0.0,26.17,4.69,0.0
20200501:2130,0.0,-1.26,26.03,4.76,0.0
20200501:2230,567.83,13.01,25.97,4.97,0.0
20200501:2330,762.85,27.41,26.9,5.79,0.0
20200502:0030,947.23,41.91,28.25,5.79,0.0
20200502:0130,1002.92,56.36,29.84,5.45,0.0
20200502:0230,959.05,70.71,31.32,5.38,0.0
20200502:0330,959.62,83.79,32.36,5.45,0.0
20200502:0430,943.95,78.54,33.2,5.45,0.0
20200502:0530,798.65,64.5,33.57,5.52,0.0
20200502:0630,453.32,50.08,33.19,5.59,0.0
20200502:0730,599.82,35.62,31.28,6.07,0.0
20200502:0830,440.06,21.2,30.82,5.93,0.0
20200502:0930,163.77,6.86,30.09,5.86,0.0
20200502:1030,0.0,0.0,29.02,5.52,0.0
20200502:1130,0.0,0.0,28.29,5.24,0.0
20200502:1230,0.0,0.0,27.9,4.69,0.0
20200502:1330,0.0,0.0,27.63,4.41,0.0
20200502:1430,0.0,0.0,27.51,4.41,0.0
20200502:1530,0.0,0.0,27.43,4.28,0.0
20200502:1630,0.0,0.0,27.19,4.14,0.0
20200502:1730,0.0,0.0,27.1,3.79,0.0
20200502:1830,0.0,0.0,26.87,3.52,0.0
20200502:1930,0.0,0.0,26.62,3.72,0.0
20200502:2030,0.0,0.0,26.42,3.79,0.0
20200502:2130,0.0,-1.18,26.29,3.38,0.0
20200502:2230,248.43,13.08,26.32,3.17,0.0
20200502:2330,459.61,27.46,26.94,3.38,0.0
20200503:0030,539.54,41.94,28.19,3.79,0.0
20200503:0130,677.31,56.37,29.26,3.79,0.0
20200503:0230,578.61,70.67,30.34,3.79,0.0
20200503:0330,517.51,83.58,30.95,3.79,0.0
20200503:0430,490.02,78.39,29.95,5.1,0.0
20200503:0530,387.11,64.43,30.25,5.86,0.0
20200503:0630,261.55,50.04,30.42,5.66,0.0
20200503:0730,285.0,35.6,28.61,4.76,0.0
20200503:0830,228.28,21.2,28.88,4.62,0.0
20200503:0930,187.74,6.88,28.9,4.69,0.0
20200503:1030,0.0,0.0,28.42,4.9,0.0
20200503:1130,0.0,0.0,27.95,4.34,0.0
20200503:1230,0.0,0.0,27.71,3.79,0.0
20200503:1330,0.0,0.0,27.54,3.31,0.0
20200503:1430,0.0,0.0,27.51,3.03,0.0
20200503:1530,0.0,0.0,27.07,3.24,0.0
20200503:1630,0.0,0.0,26.72,3.52,0.0
20200503:1730,0.0,0.0,26.54,4.0,0.0
20200503:1830,0.0,0.0,26.37,3.93,0.0
20200503:1930,0.0,0.0,26.23,4.0,0.0
20200503:2030,0.0,0.0,26.17,4.28,0.0
20200503:2130,0.0,-1.09,26.17,4.21,0.0
20200503:2230,288.92,13.15,26.36,4.48,0.0
20200503:2330,467.69,27.51,27.2,6.14,0.0
20200504:0030,471.32,41.97,28.5,5.72,0.0
20200504:0130,550.77,56.37,29.44,4.97,0.0
20200504:0230,494.09,70.63,30.18,3.45,0.0
20200504:0330,464.64,83.37,29.81,3.79,0.0
20200504:0430,451.65,78.25,27.4,4.48,0.0
20200504:0530,534.14,64.36,27.22,4.62,0.0
20200504:0630,531.52,50.01,27.67,4.07,0.0
20200504:0730,488.79,35.59,29.26,2.83,0.0
20200504:0830,439.09,21.2,29.43,2.69,0.0
20200504:0930,215.7,6.9,29.15,2.9,0.0
20200504:1030,0.0,0.0,28.51,2.69,0.0
20200504:1130,0.0,0.0,28.05,2.41,0.0
20200504:1230,0.0,0.0,27.77,1.72,0.0
20200504:1330,0.0,0.0,27.58,0.69,0.0
20200504:1430,0.0,0.0,27.21,0.62,0.0
20200504:1530,0.0,0.0,26.81,0.62,0.0
20200504:1630,0.0,0.0,26.42,0.76,0.0
20200504:1730,0.0,0.0,26.17,0.9,0.0
20200504:1830,0.0,0.0,26.15,0.83,0.0
20200504:1930,0.0,0.0,26.11,1.66,0.0
20200504:2030,0.0,0.0,25.91,1.38,0.0
20200504:2130,0.0,-1.01,25.72,1.31,0.0
20200504:2230,494.66,13.21,25.85,1.31,0.0
20200504:2330,724.7,27.56,27.31,1.45,0.0
20200505:0030,784.38,41.99,28.4,1.17,0.0
20200505:0130,834.58,56.37,29.34,0.76,0.0
20200505:0230,891.77,70.58,30.38,0.83,0.0
20200505:0330,791.62,83.16,31.36,1.38,0.0
20200505:0430,867.21,78.11,31.53,1.86,0.0
20200505:0530,793.27,64.3,31.89,2.28,0.0
20200505:0630,635.99,49.97,31.9,2.48,0.0
20200505:0730,588.68,35.57,31.97,1.93,0.0
20200505:0830,440.71,21.21,31.8,1.86,0.0
20200505:0930,313.59,6.93,31.1,2.07,0.0
20200505:1030,0.0,0.0,30.27,1.72,0.0
20200505:1130,0.0,0.0,29.67,1.03,0.0
20200505:1230,0.0,0.0,29.34,0.34,0.0
20200505:1330,0.0,0.0,29.05,0.48,0.0
20200505:1430,0.0,0.0,28.83,0.62,0.0
20200505:1530,0.0,0.0,28.64,0.62,0.0
20200505:1630,0.0,0.0,28.34,0.62,0.0
20200505:1730,0.0,0.0,27.92,0.55,0.0
20200505:1830,0.0,0.0,27.31,0.83,0.0
20200505:1930,0.0,0.0,27.03,2.0,0.0
20200505:2030,0.0,0.0,27.05,2.14,0.0
20200505:2130,0.0,-0.93,26.69,1.93,0.0
20200505:2230,611.81,13.27,26.5,1.59,0.0
20200505:2330,817.9,27.6,28.21,1.45,0.0
20200506:0030,894.61,42.01,29.39,1.1,0.0
20200506:0130,921.73,56.37,30.47,0.69,0.0
20200506:0230,836.3,70.53,31.56,0.62,0.0
20200506:0330,942.63,82.94,32.3,0.76,0.0
20200506:0430,895.8,77.96,33.17,0.9,0.0
20200506:0530,875.33,64.23,33.65,2.07,0.0
20200506:0630,678.66,49.94,33.5,2.07,0.0
20200506:0730,564.4,35.56,33.05,1.03,0.0
20200506:0830,382.63,21.21,32.09,1.59,0.0
20200506:0930,338.1,6.95,31.06,0.76,0.0
20200506:1030,0.0,0.0,30.23,0.28,0.0
20200506:1130,0.0,0.0,29.63,0.14,0.0
20200506:1230,0.0,0.0,29.31,0.41,0.0
20200506:1330,0.0,0.0,28.78,0.97,0.0
20200506:1430,0.0,0.0,28.12,1.93,0.0
20200506:1530,0.0,0.0,27.71,2.14,0.0
20200506:1630,0.0,0.0,27.3,2.07,0.0
20200506:1730,0.0,0.0,26.96,1.79,0.0
20200506:1830,0.0,0.0,26.68,1.52,0.0
20200506:1930,0.0,0.0,26.81,1.31,0.0
20200506:2030,0.0,0.0,27.14,0.9,0.0
20200506:2130,0.0,-0.85,26.71,0.97,0.0
20200506:2230,606.95,13.33,26.41,1.1,0.0
20200506:2330,817.89,27.64,28.27,0.9,0.0
20200507:0030,921.52,42.03,29.53,0.69,0.0
20200507:0130,878.22,56.36,30.78,0.83,0.0
20200507:0230,902.11,70.48,31.79,0.9,0.0
20200507:0330,854.79,82.72,32.77,1.17,0.0
20200507:0430,787.45,77.81,33.39,0.83,0.0
20200507:0530,859.67,64.16,33.36,0.55,0.0
20200507:0630,726.23,49.9,32.98,0.34,0.0
20200507:0730,714.59,35.55,33.24,1.24,0.0
20200507:0830,426.41,21.22,32.72,1.72,0.0
20200507:0930,287.42,6.98,32.01,2.34,0.0
20200507:1030,0.0,0.0,30.6,2.34,0.0
20200507:1130,0.0,0.0,30.13,2.14,0.0
20200507:1230,0.0,0.0,29.86,2.28,0.0
20200507:1330,0.0,0.0,29.4,2.69,0.0
20200507:1430,0.0,0.0,28.92,2.9,0.0
20200507:1530,0.0,0.0,28.5,2.97,0.0
20200507:1630,0.0,0.0,28.15,2.83,0.0
20200507:1730,0.0,0.0,27.78,2.97,0.0
20200507:1830,0.0,0.0,27.43,2.97,0.0
20200507:1930,0.0,0.0,27.43,3.31,0.0
20200507:2030,0.0,0.0,27.29,3.31,0.0
20200507:2130,0.0,-0.78,27.3,3.24,0.0
20200507:2230,549.85,13.39,27.41,2.76,0.0
20200507:2330,726.06,27.68,28.52,2.76,0.0
20200508:0030,835.36,42.04,29.82,2.41,0.0
20200508:0130,781.09,56.34,30.88,2.28,0.0
20200508:0230,874.54,70.42,31.74,2.14,0.0
20200508:0330,798.95,82.5,32.63,2.28,0.0
20200508:0430,745.1,77.67,33.24,2.28,0.0
20200508:0530,751.18,64.1,33.46,2.55,0.0
20200508:0630,727.27,49.87,33.24,2.55,0.0
20200508:0730,686.25,35.54,33.61,2.62,0.0
20200508:0830,568.93,21.23,33.0,2.07,0.0
20200508:0930,374.69,7.01,32.38,2.83,0.0
20200508:1030,0.0,0.0,31.4,3.1,0.0
20200508:1130,0.0,0.0,30.55,3.38,0.0
20200508:1230,0.0,0.0,29.8,3.38,0.0
20200508:1330,0.0,0.0,29.23,3.66,0.0
20200508:1430,0.0,0.0,28.76,3.79,0.0
20200508:1530,0.0,0.0,28.39,3.86,0.0
20200508:1630,0.0,0.0,28.05,3.79,0.0
20200508:1730,0.0,0.0,27.74,3.72,0.0
20200508:1830,0.0,0.0,27.49,3.59,0.0
20200508:1930,0.0,0.0,27.52,4.14,0.0
20200508:2030,0.0,0.0,27.43,4.07,0.0
20200508:2130,0.0,-0.71,27.3,4.0,0.0
20200508:2230,593.59,13.44,27.35,3.93,0.0
20200508:2330,677.79,27.71,28.39,4.48,0.0
20200509:0030,777.13,42.05,29.71,4.69,0.0
20200509:0130,908.08,56.33,30.99,4.83,0.0
20200509:0230,866.34,70.35,32.33,4.69,0.0
20200509:0330,893.12,82.28,33.24,4.48,0.0
20200509:0430,961.26,77.52,33.97,4.41,0.0
20200509:0530,927.26,64.03,34.63,4.55,0.0
20200509:0630,951.27,49.84,34.83,5.03,0.0
20200509:0730,840.51,35.53,34.75,5.45,0.0
20200509:0830,686.63,21.24,33.76,5.79,0.0
20200509:0930,446.54,7.03,32.31,5.24,0.0
20200509:1030,0.0,0.0,30.74,4.28,0.0
20200509:1130,0.0,0.0,29.74,3.72,0.0
20200509:1230,0.0,0.0,29.13,3.17,0.0
20200509:1330,0.0,0.0,28.6,2.97,0.0
20200509:1430,0.0,0.0,28.14,2.76,0.0
20200509:1530,0.0,0.0,27.67,2.76,0.0
20200509:1630,0.0,0.0,27.23,2.83,0.0
20200509:1730,0.0,0.0,26.88,2.9,0.0
20200509:1830,0.0,0.0,26.66,2.9,0.0
20200509:1930,0.0,0.0,26.59,3.17,0.0
20200509:2030,0.0,0.0,26.54,3.38,0.0
20200509:2130,0.0,-0.64,26.49,3.45,0.0
20200509:2230,607.76,13.48,26.58,3.24,0.0
20200509:2330,852.95,27.74,28.06,3.86,0.0
20200510:0030,893.93,42.05,29.66,3.72,0.0
20200510:0130,877.38,56.31,30.96,3.31,0.0
20200510:0230,909.95,70.28,32.03,3.1,0.0
20200510:0330,830.6,82.06,33.03,2.83,0.0
20200510:0430,899.36,77.37,33.54,2.83,0.0
20200510:0530,785.72,63.97,34.04,2.62,0.0
20200510:0630,731.92,49.81,34.18,2.76,0.0
20200510:0730,471.98,35.53,33.9,2.69,0.0
20200510:0830,551.11,21.25,32.94,2.07,0.0
20200510:0930,305.89,7.07,32.32,2.83,0.0
20200510:1030,0.0,0.0,31.61,3.17,0.0
20200510:1130,0.0,0.0,30.83,2.9,0.0
20200510:1230,0.0,0.0,30.16,3.59,0.0
20200510:1330,0.0,0.0,29.43,3.66,0.0
20200510:1430,0.0,0.0,28.74,3.24,0.0
20200510:1530,0.0,0.0,28.08,3.03,0.0
20200510:1630,0.0,0.0,27.48,2.41,0.0
20200510:1730,0.0,0.0,27.02,2.34,0.0
20200510:1830,0.0,0.0,26.84,2.55,0.0
20200510:1930,0.0,0.0,26.75,3.17,0.0
20200510:2030,0.0,0.0,26.56,3.31,0.0
20200510:2130,0.0,-0.58,26.44,3.31,0.0
20200510:2230,433.88,13.53,26.5,3.03,0.0
20200510:2330,686.88,27.76,27.39,3.31,0.0
20200511:0030,704.94,42.05,28.77,3.24,0.0
20200511:0130,823.49,56.28,30.07,3.03,0.0
20200511:0230,936.02,70.21,31.41,2.97,0.0
20200511:0330,939.63,81.84,32.65,3.17,0.0
20200511:0430,821.45,77.23,33.46,3.38,0.0
20200511:0530,779.04,63.91,33.63,3.79,0.0
20200511:0630,474.16,49.78,33.41,4.62,0.0
20200511:0730,277.68,35.52,31.65,4.41,0.0
20200511:0830,218.24,21.27,31.21,4.21,0.0
20200511:0930,162.39,7.1,31.08,3.66,0.0
20200511:1030,0.0,0.0,30.57,3.17,0.0
20200511:1130,0.0,0.0,29.9,2.28,0.0
20200511:1230,0.0,0.0,29.42,1.38,0.0
20200511:1330,0.0,0.0,28.79,0.83,0.0
20200511:1430,0.0,0.0,28.22,0.69,0.0
20200511:1530,0.0,0.0,27.71,0.9,0.0
20200511:1630,0.0,0.0,27.55,0.83,0.0
20200511:1730,0.0,0.0,27.15,1.45,0.0
20200511:1830,0.0,0.0,26.7,1.31,0.0
20200511:1930,0.0,0.0,27.18,2.69,0.0
20200511:2030,0.0,0.0,27.03,2.83,0.0
20200511:2130,0.0,-0.52,26.85,2.62,0.0
20200511:2230,428.25,13.57,26.85,2.41,0.0
20200511:2330,661.15,27.78,27.85,2.34,0.0
20200512:0030,715.86,42.05,29.17,2.0,0.0
20200512:0130,779.75,56.25,30.14,1.59,0.0
20200512:0230,544.92,70.13,31.03,1.79,0.0
20200512:0330,565.11,81.62,30.67,2.9,0.0
20200512:0430,497.63,77.09,28.8,1.1,0.0
20200512:0530,476.93,63.85,28.7,2.62,0.0
20200512:0630,406.74,49.76,29.15,2.55,0.0
20200512:0730,338.25,35.52,31.28,2.28,0.0
20200512:0830,233.83,21.28,30.94,1.52,0.0
20200512:0930,147.51,7.13,30.38,0.41,0.0
20200512:1030,0.0,0.0,29.99,0.28,0.0
20200512:1130,0.0,0.0,29.26,0.21,0.0
20200512:1230,0.0,0.0,28.88,0.76,0.0
20200512:1330,0.0,0.0,27.98,1.31,0.0
20200512:1430,0.0,0.0,27.7,1.72,0.0
20200512:1530,0.0,0.0,27.44,1.72,0.0
20200512:1630,0.0,0.0,27.17,1.86,0.0
20200512:1730,0.0,0.0,26.95,1.79,0.0
20200512:1830,0.0,0.0,26.54,1.59,0.0
20200512:1930,0.0,0.0,27.83,0.28,0.0
20200512:2030,0.0,0.0,27.42,0.0,0.0
20200512:2130,0.0,-0.46,27.31,0.34,0.0
20200512:2230,371.62,13.6,26.51,0.76,0.0
20200512:2330,541.47,27.8,27.83,1.66,0.0
20200513:0030,573.45,42.05,28.57,2.76,0.0
20200513:0130,652.46,56.22,29.51,3.66,0.0
20200513:0230,661.93,70.05,30.02,3.79,0.0
20200513:0330,800.16,81.41,30.55,2.9,0.0
20200513:0430,662.91,76.94,31.63,2.76,0.0
20200513:0530,624.11,63.79,32.03,2.83,0.0
20200513:0630,585.01,49.73,31.42,3.38,0.0
20200513:0730,486.08,35.51,30.75,4.55,0.0
20200513:0830,342.86,21.3,30.7,4.34,0.0
20200513:0930,326.44,7.17,30.5,4.14,0.0
20200513:1030,0.0,0.0,29.98,3.79,0.0
20200513:1130,0.0,0.0,29.35,3.66,0.0
20200513:1230,0.0,0.0,28.74,3.66,0.0
20200513:1330,0.0,0.0,28.28,3.79,0.0
20200513:1430,0.0,0.0,27.83,4.21,0.0
20200513:1530,0.0,0.0,27.41,4.0,0.0
20200513:1630,0.0,0.0,27.0,3.38,0.0
20200513:1730,0.0,0.0,26.75,3.03,0.0
20200513:1830,0.0,0.0,26.58,2.9,0.0
20200513:1930,0.0,0.0,26.82,3.38,0.0
20200513:2030,0.0,0.0,26.95,3.52,0.0
20200513:2130,0.0,-0.41,26.93,3.1,0.0
20200513:2230,372.17,13.64,27.01,2.9,0.0
20200513:2330,586.26,27.82,27.74,3.59,0.0
20200514:0030,726.91,42.04,28.72,4.0,0.0
20200514:0130,741.94,56.19,29.72,3.79,0.0
20200514:0230,734.42,69.97,30.67,2.97,0.0
20200514:0330,579.53,81.19,31.64,2.48,0.0
20200514:0430,569.61,76.8,32.15,1.66,0.0
20200514:0530,645.79,63.73,31.8,1.1,0.0
20200514:0630,485.08,49.71,31.23,1.93,0.0
20200514:0730,356.05,35.51,30.91,1.17,0.0
20200514:0830,98.84,21.31,30.12,2.07,0.0
20200514:0930,14.85,7.2,28.28,3.03,0.0
20200514:1030,0.0,0.0,27.48,2.41,0.0
20200514:1130,0.0,0.0,26.97,1.52,0.0
20200514:1230,0.0,0.0,27.07,0.62,0.0
20200514:1330,0.0,0.0,26.71,1.1,0.0
20200514:1430,0.0,0.0,27.13,1.52,0.0
20200514:1530,0.0,0.0,26.88,2.21,0.0
20200514:1630,0.0,0.0,26.74,2.83,0.0
20200514:1730,0.0,0.0,26.71,3.59,0.0
20200514:1830,0.0,0.0,26.5,3.86,0.0
20200514:1930,0.0,0.0,26.1,4.48,0.0
20200514:2030,0.0,0.0,26.2,4.14,0.0
20200514:2130,0.0,-0.36,26.17,4.07,0.0
20200514:2230,130.16,13.67,26.36,4.28,0.0
20200514:2330,326.85,27.83,26.66,4.62,0.0
20200515:0030,410.44,42.03,27.18,4.9,0.0
20200515:0130,541.8,56.15,27.78,5.03,0.0
20200515:0230,585.96,69.89,28.61,5.45,0.0
20200515:0330,614.83,80.98,29.4,5.79,0.0
20200515:0430,502.07,76.67,29.79,5.72,0.0
20200515:0530,432.5,63.67,29.48,5.59,0.0
20200515:0630,277.18,49.69,29.36,5.66,0.0
20200515:0730,236.54,35.51,28.81,4.9,0.0
20200515:0830,195.35,21.33,28.62,4.55,0.0
20200515:0930,44.28,7.24,28.33,3.86,0.0
20200515:1030,0.0,0.0,27.54,3.1,0.0
20200515:1130,0.0,0.0,27.3,2.34,0.0
20200515:1230,0.0,0.0,27.14,2.41,0.0
20200515:1330,0.0,0.0,26.92,2.0,0.0
20200515:1430,0.0,0.0,26.88,1.79,0.0
20200515:1530,0.0,0.0,26.63,1.79,0.0
20200515:1630,0.0,0.0,26.59,2.14,0.0
20200515:1730,0.0,0.0,26.17,2.48,0.0
20200515:1830,0.0,0.0,26.04,2.83,0.0
20200515:1930,0.0,0.0,26.63,2.07,0.0
20200515:2030,0.0,0.0,26.41,1.93,0.0
20200515:2130,0.0,-0.31,26.19,1.59,0.0
20200515:2230,336.24,13.7,26.49,1.17,0.0
20200515:2330,533.11,27.84,27.98,0.76,0.0
20200516:0030,724.61,42.02,28.64,0.97,0.0
20200516:0130,839.02,56.11,29.26,0.97,0.0
20200516:0230,644.3,69.8,29.83,0.76,0.0
20200516:0330,572.1,80.77,30.05,0.9,0.0
20200516:0430,543.8,76.53,30.12,1.1,0.0
20200516:0530,606.43,63.61,30.55,1.59,0.0
20200516:0630,533.82,49.66,30.73,1.93,0.0
20200516:0730,317.19,35.52,30.39,1.66,0.0
20200516:0830,164.04,21.35,29.69,2.28,0.0
20200516:0930,57.38,7.28,29.27,1.24,0.0
20200516:1030,0.0,0.0,28.54,2.14,0.0
20200516:1130,0.0,0.0,27.58,2.62,0.0
20200516:1230,0.0,0.0,27.28,2.34,0.0
20200516:1330,0.0,0.0,27.19,2.69,0.0
20200516:1430,0.0,0.0,27.01,3.03,0.0
20200516:1530,0.0,0.0,26.73,3.52,0.0
20200516:1630,0.0,0.0,26.5,2.83,0.0
20200516:1730,0.0,0.0,26.49,2.21,0.0
20200516:1830,0.0,0.0,26.32,2.28,0.0
20200516:1930,0.0,0.0,26.34,3.1,0.0
20200516:2030,0.0,0.0,26.42,2.76,0.0
20200516:2130,0.0,-0.27,26.38,2.34,0.0
20200516:2230,284.23,13.72,26.47,2.0,0.0
20200516:2330,631.31,27.85,27.45,1.86,0.0
20200517:0030,821.26,42.0,28.55,1.66,0.0
20200517:0130,842.1,56.07,29.58,1.72,0.0
20200517:0230,911.12,69.71,30.34,1.59,0.0
20200517:0330,800.84,80.56,31.07,1.79,0.0
20200517:0430,738.52,76.4,30.99,2.21,0.0
20200517:0530,727.57,63.56,30.87,2.48,0.0
20200517:0630,655.04,49.65,31.05,2.62,0.0
20200517:0730,547.87,35.52,31.52,2.41,0.0
20200517:0830,270.15,21.38,31.05,2.07,0.0
20200517:0930,59.39,7.32,30.59,1.93,0.0
20200517:1030,0.0,0.0,29.95,1.86,0.0
20200517:1130,0.0,0.0,29.51,1.45,0.0
20200517:1230,0.0,0.0,28.8,1.31,0.0
20200517:1330,0.0,0.0,28.24,1.52,0.0
20200517:1430,0.0,0.0,27.81,1.66,0.0
20200517:1530,0.0,0.0,27.87,1.1,0.0
20200517:1630,0.0,0.0,28.59,0.76,0.0
20200517:1730,0.0,0.0,28.23,0.83,0.0
20200517:1830,0.0,0.0,27.78,0.83,0.0
20200517:1930,0.0,0.0,28.09,0.97,0.0
20200517:2030,0.0,0.0,28.05,0.9,0.0
20200517:2130,0.0,-0.23,26.79,1.45,0.0
20200517:2230,294.74,13.74,27.35,1.1,0.0
20200517:2330,560.06,27.85,28.77,0.48,0.0
20200518:0030,579.98,41.98,29.4,0.69,0.0
20200518:0130,593.97,56.02,29.75,0.55,0.0
20200518:0230,554.42,69.62,30.17,0.48,0.0
20200518:0330,443.33,80.35,30.17,0.83,0.0
20200518:0430,404.05,76.27,30.11,1.79,0.0
20200518:0530,296.88,63.51,29.99,2.62,0.0
20200518:0630,429.3,49.63,29.66,3.17,0.0
20200518:0730,277.81,35.52,30.58,1.31,0.0
20200518:0830,115.12,21.4,30.26,1.31,0.0
20200518:0930,17.77,7.36,29.66,0.76,0.0
20200518:1030,0.0,0.0,29.18,0.83,0.0
20200518:1130,0.0,0.0,28.58,0.9,0.0
20200518:1230,0.0,0.0,28.12,1.24,0.0
20200518:1330,0.0,0.0,27.94,2.0,0.0
20200518:1430,0.0,0.0,27.64,2.07,0.0
20200518:1530,0.0,0.0,27.29,1.59,0.0
20200518:1630,0.0,0.0,27.0,1.31,0.0
20200518:1730,0.0,0.0,27.56,0.9,0.0
20200518:1830,0.0,0.0,27.54,0.69,0.0
20200518:1930,0.0,0.0,26.39,1.17,0.0
20200518:2030,0.0,0.0,27.77,0.76,0.0
20200518:2130,0.0,-0.19,27.66,0.62,0.0
20200518:2230,348.35,13.76,27.65,0.48,0.0
20200518:2330,569.32,27.85,28.11,0.34,0.0
20200519:0030,772.18,41.96,28.85,0.34,0.0
20200519:0130,772.7,55.98,29.75,0.55,0.0
20200519:0230,842.37,69.52,30.4,0.62,0.0
20200519:0330,828.12,80.15,31.13,0.9,0.0
20200519:0430,796.03,76.14,31.58,1.38,0.0
20200519:0530,692.2,63.46,31.93,1.93,0.0
20200519:0630,780.4,49.61,31.35,2.21,0.0
20200519:0730,673.7,35.53,31.94,1.72,0.0
20200519:0830,480.59,21.43,30.53,1.59,0.0
20200519:0930,338.72,7.4,30.04,1.59,0.0
20200519:1030,0.0,0.0,29.57,1.17,0.0
20200519:1130,0.0,0.0,28.24,2.07,0.0
20200519:1230,0.0,0.0,27.62,1.86,0.0
20200519:1330,0.0,0.0,27.45,1.72,0.0
20200519:1430,0.0,0.0,27.12,1.52,0.0
20200519:1530,0.0,0.0,26.86,1.66,0.0
20200519:1630,0.0,0.0,26.61,1.72,0.0
20200519:1730,0.0,0.0,26.41,1.79,0.0
20200519:1830,0.0,0.0,26.13,1.59,0.0
20200519:1930,0.0,0.0,26.13,1.03,0.0
20200519:2030,0.0,0.0,25.72,1.38,0.0
20200519:2130,0.0,-0.16,25.96,1.24,0.0
20200519:2230,490.65,13.78,26.91,0.55,0.0
20200519:2330,722.78,27.85,27.76,0.69,0.0
20200520:0030,854.65,41.94,28.7,0.9,0.0
20200520:0130,717.21,55.93,29.7,1.59,0.0
20200520:0230,842.87,69.43,30.24,2.0,0.0
20200520:0330,853.3,79.96,30.87,1.86,0.0
20200520:0430,852.49,76.01,31.41,1.59,0.0
20200520:0530,770.27,63.41,31.73,1.31,0.0
20200520:0630,597.9,49.6,31.82,1.72,0.0
20200520:0730,586.61,35.54,32.03,2.55,0.0
20200520:0830,338.8,21.45,31.57,2.34,0.0
20200520:0930,247.99,7.45,30.64,1.66,0.0
20200520:1030,0.0,0.0,29.74,1.03,0.0
20200520:1130,0.0,0.0,28.02,1.52,0.0
20200520:1230,0.0,0.0,27.63,1.86,0.0
20200520:1330,0.0,0.0,27.4,1.66,0.0
20200520:1430,0.0,0.0,27.15,1.52,0.0
20200520:1530,0.0,0.0,26.92,1.45,0.0
20200520:1630,0.0,0.0,26.78,1.72,0.0
20200520:1730,0.0,0.0,26.62,2.21,0.0
20200520:1830,0.0,0.0,26.54,2.62,0.0
20200520:1930,0.0,0.0,26.78,2.07,0.0
20200520:2030,0.0,0.0,26.52,1.93,0.0
20200520:2130,0.0,-0.13,26.26,1.59,0.0
20200520:2230,459.01,13.79,26.33,1.52,0.0
20200520:2330,617.53,27.85,27.88,1.93,0.0
20200521:0030,738.4,41.91,28.72,1.86,0.0
20200521:0130,620.51,55.88,29.56,1.52,0.0
20200521:0230,824.5,69.33,29.66,0.97,0.0
20200521:0330,786.87,79.76,30.49,1.03,0.0
20200521:0430,723.2,75.89,31.18,1.03,0.0
20200521:0530,691.25,63.37,31.67,1.86,0.0
20200521:0630,329.23,49.59,32.0,1.59,0.0
20200521:0730,290.59,35.55,30.57,1.59,0.0
20200521:0830,259.53,21.48,30.75,2.0,0.0
20200521:0930,64.0,7.49,30.52,2.0,0.0
20200521:1030,0.0,0.0,29.94,0.48,0.0
20200521:1130,0.0,0.0,28.74,1.66,0.0
20200521:1230,0.0,0.0,28.06,1.45,0.0
20200521:1330,0.0,0.0,27.54,1.86,0.0
20200521:1430,0.0,0.0,27.21,2.14,0.0
20200521:1530,0.0,0.0,26.99,2.62,0.0
20200521:1630,0.0,0.0,26.56,2.48,0.0
20200521:1730,0.0,0.0,26.34,2.48,0.0
20200521:1830,0.0,0.0,26.0,1.93,0.0
20200521:1930,0.0,0.0,26.39,0.69,0.0
20200521:2030,0.0,0.0,26.32,0.62,0.0
20200521:2130,0.0,-0.1,25.85,1.03,0.0
20200521:2230,355.97,13.8,26.61,0.62,0.0
20200521:2330,682.92,27.84,27.41,0.55,0.0
20200522:0030,709.96,41.88,28.32,0.97,0.0
20200522:0130,726.6,55.82,29.26,1.24,0.0
20200522:0230,901.82,69.23,30.2,1.52,0.0
20200522:0330,880.99,79.57,31.18,1.86,0.0
20200522:0430,847.04,75.77,31.89,2.34,0.0
20200522:0530,605.24,63.32,31.96,2.76,0.0
20200522:0630,410.65,49.58,31.3,2.76,0.0
20200522:0730,391.99,35.56,30.74,1.1,0.0
20200522:0830,107.95,21.51,30.76,1.31,0.0
20200522:0930,85.52,7.54,30.21,1.17,0.0
20200522:1030,0.0,0.0,29.23,1.59,0.0
20200522:1130,0.0,0.0,27.95,1.31,0.0
20200522:1230,0.0,0.0,27.29,1.93,0.0
20200522:1330,0.0,0.0,26.9,2.34,0.0
20200522:1430,0.0,0.0,26.67,2.21,0.0
20200522:1530,0.0,0.0,26.48,1.93,0.0
20200522:1630,0.0,0.0,26.25,1.52,0.0
20200522:1730,0.0,0.0,26.3,1.79,0.0
20200522:1830,0.0,0.0,26.26,2.62,0.0
20200522:1930,0.0,0.0,25.81,2.76,0.0
20200522:2030,0.0,0.0,25.95,2.62,0.0
20200522:2130,0.0,-0.08,26.06,2.69,0.0
20200522:2230,207.12,13.81,26.33,3.24,0.0
20200522:2330,424.7,27.83,26.65,3.72,0.0
20200523:0030,636.22,41.85,27.39,4.07,0.0
20200523:0130,663.06,55.77,28.16,4.0,0.0
20200523:0230,770.25,69.14,28.77,4.28,0.0
20200523:0330,633.4,79.39,29.18,4.48,0.0
20200523:0430,581.79,75.66,29.41,4.48,0.0
20200523:0530,669.08,63.28,29.83,4.69,0.0
20200523:0630,486.61,49.57,30.04,4.83,0.0
20200523:0730,396.28,35.57,30.27,4.21,0.0
20200523:0830,301.74,21.54,30.19,3.72,0.0
20200523:0930,132.81,7.58,29.99,3.45,0.0
20200523:1030,0.0,-6.18,29.33,2.76,0.0
20200523:1130,0.0,0.0,28.76,1.59,0.0
20200523:1230,0.0,0.0,28.34,1.79,0.0
20200523:1330,0.0,0.0,27.91,1.93,0.0
20200523:1430,0.0,0.0,27.43,1.66,0.0
20200523:1530,0.0,0.0,27.11,1.45,0.0
20200523:1630,0.0,0.0,27.23,1.03,0.0
20200523:1730,0.0,0.0,27.33,0.62,0.0
20200523:1830,0.0,0.0,27.05,0.48,0.0
20200523:1930,0.0,0.0,27.62,0.48,0.0
20200523:2030,0.0,0.0,27.59,0.28,0.0
20200523:2130,0.0,-0.05,27.38,0.34,0.0
20200523:2230,370.47,13.81,27.1,0.21,0.0
20200523:2330,703.76,27.82,28.02,0.48,0.0
20200524:0030,803.72,41.82,29.18,0.76,0.0
20200524:0130,861.14,55.71,30.18,0.83,0.0
20200524:0230,914.96,69.04,31.11,0.97,0.0
20200524:0330,918.94,79.21,31.94,1.03,0.0
20200524:0430,911.85,75.55,32.58,1.17,0.0
20200524:0530,897.59,63.24,33.0,1.24,0.0
20200524:0630,814.06,49.56,33.18,1.38,0.0
20200524:0730,434.52,35.59,33.54,1.66,0.0
20200524:0830,368.19,21.57,32.23,1.72,0.0
20200524:0930,133.2,7.63,31.38,1.17,0.0
20200524:1030,0.0,-6.12,30.73,0.62,0.0
20200524:1130,0.0,0.0,29.27,0.97,0.0
20200524:1230,0.0,0.0,28.52,1.1,0.0
20200524:1330,0.0,0.0,27.95,1.79,0.0
20200524:1430,0.0,0.0,27.62,2.34,0.0
20200524:1530,0.0,0.0,27.25,1.66,0.0
20200524:1630,0.0,0.0,26.75,1.38,0.0
20200524:1730,0.0,0.0,26.49,1.24,0.0
20200524:1830,0.0,0.0,26.5,1.86,0.0
20200524:1930,0.0,0.0,26.66,1.72,0.0
20200524:2030,0.0,0.0,26.48,1.72,0.0
20200524:2130,0.0,-0.04,26.25,1.52,0.0
20200524:2230,433.9,13.81,26.21,1.24,0.0
20200524:2330,713.22,27.8,27.9,1.38,0.0
20200525:0030,837.68,41.78,28.87,1.93,0.0
20200525:0130,832.89,55.65,29.99,2.41,0.0
20200525:0230,850.34,68.94,30.88,2.62,0.0
20200525:0330,803.7,79.03,31.56,2.55,0.0
20200525:0430,832.25,75.44,31.99,2.07,0.0
20200525:0530,773.46,63.21,32.08,2.0,0.0
20200525:0630,757.72,49.56,31.83,1.45,0.0
20200525:0730,634.72,35.61,32.46,1.24,0.0
20200525:0830,472.24,21.61,32.05,0.69,0.0
20200525:0930,275.22,7.68,31.26,0.41,0.0
20200525:1030,0.0,-6.05,29.94,1.17,0.0
20200525:1130,0.0,0.0,28.78,0.76,0.0
20200525:1230,0.0,0.0,28.24,0.97,0.0
20200525:1330,0.0,0.0,27.52,0.9,0.0
20200525:1430,0.0,0.0,27.57,0.69,0.0
20200525:1530,0.0,0.0,27.98,0.48,0.0
20200525:1630,0.0,0.0,27.66,0.07,0.0
20200525:1730,0.0,0.0,27.62,0.07,0.0
20200525:1830,0.0,0.0,27.04,0.48,0.0
20200525:1930,0.0,0.0,27.52,0.69,0.0
20200525:2030,0.0,0.0,26.93,0.83,0.0
20200525:2130,0.0,-0.02,25.96,1.24,0.0
20200525:2230,431.64,13.81,25.92,1.52,0.0
20200525:2330,742.76,27.79,27.78,2.0,0.0
20200526:0030,866.98,41.75,28.69,2.69,0.0
20200526:0130,789.59,55.59,29.72,2.9,0.0
20200526:0230,896.08,68.84,30.37,2.76,0.0
20200526:0330,868.17,78.86,31.33,2.55,0.0
20200526:0430,905.23,75.34,31.92,2.21,0.0
20200526:0530,835.88,63.17,32.42,1.79,0.0
20200526:0630,819.57,49.56,32.73,1.52,0.0
20200526:0730,783.81,35.62,32.78,1.45,0.0
20200526:0830,725.52,21.64,32.31,0.69,0.0
20200526:0930,428.35,7.73,32.05,0.34,0.0
20200526:1030,0.0,-5.99,31.48,0.28,0.0
20200526:1130,0.0,0.0,30.44,0.62,0.0
20200526:1230,0.0,0.0,30.44,0.34,0.0
20200526:1330,0.0,0.0,30.1,0.41,0.0
20200526:1430,0.0,0.0,29.18,0.9,0.0
20200526:1530,0.0,0.0,27.79,1.31,0.0
20200526:1630,0.0,0.0,27.34,1.38,0.0
20200526:1730,0.0,0.0,27.58,1.17,0.0
20200526:1830,0.0,0.0,27.55,0.97,0.0
20200526:1930,0.0,0.0,25.53,2.48,0.0
20200526:2030,0.0,0.0,25.54,2.41,0.0
20200526:2130,0.0,-0.01,25.42,2.28,0.0
20200526:2230,629.36,13.81,25.48,2.21,0.0
20200526:2330,818.56,27.77,27.75,2.07,0.0
20200527:0030,938.93,41.71,29.29,1.86,0.0
20200527:0130,993.63,55.53,30.4,1.59,0.0
20200527:0230,957.21,68.74,31.4,1.59,0.0
20200527:0330,890.06,78.69,32.19,1.66,0.0
20200527:0430,834.14,75.24,32.69,1.52,0.0
20200527:0530,835.1,63.14,32.88,1.31,0.0
20200527:0630,859.0,49.56,32.79,1.1,0.0
20200527:0730,646.17,35.64,33.16,1.17,0.0
20200527:0830,454.65,21.68,32.8,1.03,0.0
20200527:0930,320.59,7.78,31.54,2.55,0.0
20200527:1030,0.0,-5.92,30.42,2.76,0.0
20200527:1130,0.0,0.0,29.42,2.41,0.0
20200527:1230,0.0,0.0,28.55,1.72,0.0
20200527:1330,0.0,0.0,28.1,0.97,0.0
20200527:1430,0.0,0.0,27.6,0.48,0.0
20200527:1530,0.0,0.0,27.07,0.76,0.0
20200527:1630,0.0,0.0,27.52,0.48,0.0
20200527:1730,0.0,0.0,27.61,0.48,0.0
20200527:1830,0.0,0.0,27.6,0.48,0.0
20200527:1930,0.0,0.0,26.39,1.59,0.0
20200527:2030,0.0,0.0,26.12,1.45,0.0
20200527:2130,3.17,0.0,26.49,1.17,0.0
20200527:2230,447.25,13.8,26.36,1.17,0.0
20200527:2330,750.35,27.74,28.23,1.66,0.0
20200528:0030,765.78,41.67,29.17,2.14,0.0
20200528:0130,716.59,55.47,29.87,2.28,0.0
20200528:0230,851.43,68.64,30.54,2.41,0.0
20200528:0330,746.12,78.53,31.39,2.34,0.0
20200528:0430,711.73,75.14,31.36,2.21,0.0
20200528:0530,720.62,63.11,31.3,2.28,0.0
20200528:0630,751.42,49.56,31.71,2.21,0.0
20200528:0730,587.66,35.67,32.1,1.38,0.0
20200528:0830,211.19,21.71,31.61,1.66,0.0
20200528:0930,58.87,7.83,29.97,1.93,0.0
20200528:1030,0.0,-5.86,28.44,2.62,0.0
20200528:1130,0.0,0.0,27.78,1.52,0.0
20200528:1230,0.0,0.0,27.53,0.83,0.0
20200528:1330,0.0,0.0,27.09,1.38,0.0
20200528:1430,0.0,0.0,26.99,1.38,0.0
20200528:1530,0.0,0.0,26.64,1.59,0.0
20200528:1630,0.0,0.0,26.37,1.59,0.0
20200528:1730,0.0,0.0,26.06,1.1,0.0
20200528:1830,0.0,0.0,25.78,1.52,0.0
20200528:1930,0.0,0.0,26.37,2.62,0.0
20200528:2030,0.0,0.0,26.27,3.03,0.0
20200528:2130,4.08,0.01,26.19,3.31,0.0
20200528:2230,447.25,13.79,26.29,3.45,0.0
20200528:2330,707.38,27.72,27.19,3.59,0.0
20200529:0030,778.48,41.63,28.47,3.52,0.0
20200529:0130,878.43,55.41,29.77,3.24,0.0
20200529:0230,877.45,68.55,30.91,2.69,0.0
20200529:0330,876.49,78.37,31.75,2.14,0.0
20200529:0430,856.01,75.05,32.28,1.72,0.0
20200529:0530,741.13,63.09,32.27,1.52,0.0
20200529:0630,666.24,49.56,32.15,1.93,0.0
20200529:0730,493.16,35.69,31.6,2.48,0.0
20200529:0830,232.57,21.75,30.9,2.55,0.0
20200529:0930,66.55,7.88,29.81,1.59,0.0
20200529:1030,0.0,-5.79,28.85,0.69,0.0
20200529:1130,0.0,0.0,28.04,1.72,0.0
20200529:1230,0.0,0.0,27.36,2.14,0.0
20200529:1330,0.0,0.0,27.18,1.24,0.0
20200529:1430,0.0,0.0,26.89,1.17,0.0
20200529:1530,0.0,0.0,26.6,1.03,0.0
20200529:1630,0.0,0.0,26.6,0.76,0.0
20200529:1730,0.0,0.0,25.96,1.52,0.0
20200529:1830,0.0,0.0,25.81,1.31,0.0
20200529:1930,0.0,0.0,25.95,1.79,0.0
20200529:2030,0.0,0.0,26.18,1.38,0.0
20200529:2130,3.99,0.01,26.08,0.76,0.0
20200529:2230,421.36,13.78,26.78,0.28,0.0
20200529:2330,633.96,27.69,27.24,0.48,0.0
20200530:0030,603.74,41.58,28.11,0.69,0.0
20200530:0130,782.94,55.34,28.87,0.97,0.0
20200530:0230,849.47,68.45,29.88,1.24,0.0
20200530:0330,864.65,78.22,30.7,1.31,0.0
20200530:0430,796.92,74.97,31.36,1.45,0.0
20200530:0530,772.11,63.06,31.6,1.17,0.0
20200530:0630,766.38,49.57,31.74,0.97,0.0
20200530:0730,644.35,35.71,32.5,3.03,0.0
20200530:0830,531.73,21.79,32.31,3.66,0.0
20200530:0930,239.41,7.94,31.29,3.52,0.0
20200530:1030,0.0,-5.73,30.44,3.1,0.0
20200530:1130,0.0,0.0,29.66,2.83,0.0
20200530:1230,0.0,0.0,28.56,2.69,0.0
20200530:1330,0.0,0.0,27.99,2.62,0.0
20200530:1430,0.0,0.0,27.4,2.41,0.0
20200530:1530,0.0,0.0,26.89,2.21,0.0
20200530:1630,0.0,0.0,26.52,2.69,0.0
20200530:1730,0.0,0.0,26.21,2.55,0.0
20200530:1830,0.0,0.0,26.08,2.69,0.0
20200530:1930,0.0,0.0,26.64,2.83,0.0
20200530:2030,0.0,0.0,26.21,2.76,0.0
20200530:2130,3.92,0.01,26.46,3.1,0.0
20200530:2230,362.8,13.77,26.37,3.31,0.0
20200530:2330,565.44,27.67,26.93,3.93,0.0
20200531:0030,674.74,41.54,27.82,4.69,0.0
20200531:0130,873.26,55.28,28.87,4.76,0.0
20200531:0230,859.09,68.35,30.02,4.62,0.0
20200531:0330,860.27,78.07,30.87,4.21,0.0
20200531:0430,853.34,74.88,31.39,3.66,0.0
20200531:0530,797.42,63.04,31.68,3.31,0.0
20200531:0630,811.55,49.58,31.79,3.31,0.0
20200531:0730,647.67,35.74,32.34,3.45,0.0
20200531:0830,545.45,21.83,31.87,3.45,0.0
20200531:0930,360.83,7.99,31.23,3.72,0.0
20200531:1030,0.0,-5.66,30.25,3.17,0.0
20200531:1130,0.0,0.0,29.5,2.83,0.0
20200531:1230,0.0,0.0,28.99,2.69,0.0
20200531:1330,0.0,0.0,28.59,2.55,0.0
20200531:1430,0.0,0.0,28.12,2.69,0.0
20200531:1530,0.0,0.0,27.84,2.83,0.0
20200531:1630,0.0,0.0,27.54,2.83,0.0
20200531:1730,0.0,0.0,27.22,2.69,0.0
20200531:1830,0.0,0.0,27.09,2.76,0.0
20200531:1930,0.0,0.0,27.03,2.97,0.0
20200531:2030,0.0,0.0,26.93,3.1,0.0
20200531:2130,3.85,0.01,26.8,3.38,0.0
20200531:2230,476.46,13.75,26.71,3.38,0.0
20200531:2330,651.0,27.64,27.68,3.66,0.0
20200601:0030,791.99,41.49,28.8,3.52,0.0
20200601:0130,827.49,55.22,29.72,3.17,0.0
20200601:0230,778.12,68.26,30.21,2.28,0.0
20200601:0330,639.03,77.93,30.25,1.72,0.0
20200601:0430,738.65,74.81,30.44,2.21,0.0
20200601:0530,643.69,63.03,30.92,2.62,0.0
20200601:0630,796.02,49.59,30.96,2.76,0.0
20200601:0730,529.26,35.77,30.88,2.07,0.0
20200601:0830,375.82,21.87,30.68,1.86,0.0
20200601:0930,255.55,8.04,30.16,2.07,0.0
20200601:1030,0.0,-5.59,29.02,1.52,0.0
20200601:1130,0.0,0.0,28.08,0.69,0.0
20200601:1230,0.0,0.0,27.84,1.03,0.0
20200601:1330,0.0,0.0,27.52,0.83,0.0
20200601:1430,0.0,0.0,26.94,1.03,0.0
20200601:1530,0.0,0.0,26.43,1.17,0.0
20200601:1630,0.0,0.0,26.46,1.03,0.0
20200601:1730,0.0,0.0,27.01,0.69,0.0
20200601:1830,0.0,0.0,25.42,1.03,0.0
20200601:1930,0.0,0.0,26.07,1.03,0.0
20200601:2030,0.0,0.0,26.27,1.38,0.0
20200601:2130,4.22,0.0,26.06,1.24,0.0
20200601:2230,429.65,13.74,25.95,0.83,0.0
20200601:2330,611.59,27.61,27.16,0.48,0.0
20200602:0030,809.95,41.45,27.9,0.28,0.0
20200602:0130,838.59,55.15,28.93,0.55,0.0
20200602:0230,862.11,68.16,29.78,0.97,0.0
20200602:0330,734.93,77.79,30.53,0.9,0.0
20200602:0430,682.45,74.74,30.83,0.83,0.0
20200602:0530,614.01,63.01,30.92,1.03,0.0
20200602:0630,392.72,49.6,30.69,1.17,0.0
20200602:0730,360.69,35.8,29.05,2.34,0.0
20200602:0830,286.74,21.91,28.88,1.52,0.0
20200602:0930,118.22,8.1,28.97,0.9,0.0
20200602:1030,0.0,-5.53,28.75,0.48,0.0
20200602:1130,0.0,0.0,28.17,1.17,0.0
20200602:1230,0.0,0.0,27.44,0.9,0.0
20200602:1330,0.0,0.0,27.83,0.55,0.0
20200602:1430,0.0,0.0,27.89,0.34,0.0
20200602:1530,0.0,0.0,27.58,0.55,0.0
20200602:1630,0.0,0.0,27.04,0.69,0.0
20200602:1730,0.0,0.0,26.9,0.76,0.0
20200602:1830,0.0,0.0,26.46,0.83,0.0
20200602:1930,0.0,0.0,26.34,0.97,0.0
20200602:2030,0.0,0.0,27.18,0.55,0.0
20200602:2130,0.0,-0.0,27.08,0.21,0.0
20200602:2230,445.2,13.72,27.04,0.28,0.0
20200602:2330,738.13,27.57,27.58,0.69,0.0
20200603:0030,843.56,41.4,28.67,0.83,0.0
20200603:0130,871.07,55.09,29.75,0.76,0.0
20200603:0230,874.62,68.07,30.58,0.9,0.0
20200603:0330,799.88,77.66,31.29,1.1,0.0
20200603:0430,679.05,74.67,31.5,1.72,0.0
20200603:0530,712.25,63.0,31.27,2.14,0.0
20200603:0630,658.04,49.62,31.32,1.66,0.0
20200603:0730,442.91,35.83,31.49,1.72,0.0
20200603:0830,379.18,21.95,30.07,0.69,0.0
20200603:0930,182.15,8.15,29.83,0.28,0.0
20200603:1030,0.0,-5.46,29.34,1.03,0.0
20200603:1130,0.0,0.0,28.79,1.17,0.0
20200603:1230,0.0,0.0,27.92,1.86,0.0
20200603:1330,0.0,0.0,27.28,2.28,0.0
20200603:1430,0.0,0.0,26.95,1.72,0.0
20200603:1530,0.0,0.0,26.33,1.17,0.0
20200603:1630,0.0,0.0,26.02,1.1,0.0
20200603:1730,0.0,0.0,26.03,0.97,0.0
20200603:1830,0.0,0.0,25.73,1.1,0.0
20200603:1930,0.0,0.0,26.23,0.83,0.0
20200603:2030,0.0,0.0,26.55,0.21,0.0
20200603:2130,0.0,-0.01,26.63,0.34,0.0
20200603:2230,473.87,13.69,26.52,0.48,0.0
20200603:2330,674.18,27.54,27.15,0.41,0.0
20200604:0030,883.99,41.35,28.29,0.83,0.0
20200604:0130,913.65,55.02,29.5,1.17,0.0
20200604:0230,866.03,67.98,30.61,1.1,0.0
20200604:0330,936.87,77.54,31.46,0.9,0.0
20200604:0430,866.0,74.61,32.29,0.97,0.0
20200604:0530,875.13,62.99,32.74,1.1,0.0
20200604:0630,740.35,49.63,32.86,1.03,0.0
20200604:0730,624.54,35.86,32.28,0.76,0.0
20200604:0830,560.67,22.0,31.45,0.34,0.0
20200604:0930,263.57,8.2,30.3,0.62,0.0
20200604:1030,0.0,-5.4,29.59,1.17,0.0
20200604:1130,0.0,0.0,28.99,1.66,0.0
20200604:1230,0.0,0.0,28.02,2.21,0.0
20200604:1330,0.0,0.0,27.5,1.72,0.0
20200604:1430,0.0,0.0,27.24,0.62,0.0
20200604:1530,0.0,0.0,27.65,0.14,0.0
20200604:1630,0.0,0.0,26.65,1.1,0.0
20200604:1730,0.0,0.0,26.19,1.24,0.0
20200604:1830,0.0,0.0,26.87,0.69,0.0
20200604:1930,0.0,0.0,26.07,1.31,0.0
20200604:2030,0.0,0.0,25.79,1.59,0.0
20200604:2130,0.0,-0.03,25.78,1.86,0.0
20200604:2230,574.13,13.67,26.13,1.86,0.0
20200604:2330,705.06,27.5,27.79,2.0,0.0
20200605:0030,845.99,41.3,28.75,2.21,0.0
20200605:0130,730.27,54.96,29.94,2.21,0.0
20200605:0230,832.82,67.89,30.51,2.21,0.0
20200605:0330,715.63,77.42,31.21,1.93,0.0
20200605:0430,730.76,74.55,31.54,2.0,0.0
20200605:0530,696.45,62.99,31.59,2.34,0.0
20200605:0630,780.77,49.65,31.85,2.55,0.0
20200605:0730,733.17,35.89,32.02,2.83,0.0
20200605:0830,589.74,22.04,32.04,3.17,0.0
20200605:0930,355.18,8.26,31.61,2.97,0.0
20200605:1030,0.0,-5.33,30.81,2.34,0.0
20200605:1130,0.0,0.0,30.02,1.38,0.0
20200605:1230,0.0,0.0,29.24,0.55,0.0
20200605:1330,0.0,0.0,29.33,0.34,0.0
20200605:1430,0.0,0.0,27.57,1.17,0.0
20200605:1530,0.0,0.0,26.76,1.17,0.0
20200605:1630,0.0,0.0,26.67,0.97,0.0
20200605:1730,0.0,0.0,26.52,2.07,0.0
20200605:1830,0.0,0.0,26.45,2.9,0.0
20200605:1930,0.0,0.0,26.58,3.24,0.0
20200605:2030,0.0,0.0,26.52,2.55,0.0
20200605:2130,0.0,-0.04,26.48,2.55,0.0
20200605:2230,453.16,13.64,26.33,2.62,0.0
20200605:2330,696.01,27.47,27.07,2.34,0.0
20200606:0030,903.72,41.25,28.15,2.07,0.0
20200606:0130,888.88,54.89,29.35,1.66,0.0
20200606:0230,837.04,67.81,30.26,1.38,0.0
20200606:0330,845.87,77.31,30.99,1.38,0.0
20200606:0430,826.48,74.49,31.5,1.38,0.0
20200606:0530,777.7,62.98,31.89,1.45,0.0
20200606:0630,798.76,49.67,32.11,1.31,0.0
20200606:0730,651.14,35.93,32.42,2.41,0.0
20200606:0830,480.0,22.09,32.26,2.76,0.0
20200606:0930,220.34,8.31,31.75,2.83,0.0
20200606:1030,0.0,-5.27,30.72,2.21,0.0
20200606:1130,0.0,0.0,29.55,1.1,0.0
20200606:1230,0.0,0.0,28.64,1.17,0.0
20200606:1330,0.0,0.0,27.84,1.24,0.0
20200606:1430,0.0,0.0,27.24,1.1,0.0
20200606:1530,0.0,0.0,26.91,1.31,0.0
20200606:1630,0.0,0.0,26.65,1.24,0.0
20200606:1730,0.0,0.0,26.38,1.1,0.0
20200606:1830,0.0,0.0,25.84,1.1,0.0
20200606:1930,0.0,0.0,25.88,1.52,0.0
20200606:2030,0.0,0.0,25.66,1.31,0.0
20200606:2130,0.0,-0.06,25.51,1.31,0.0
20200606:2230,384.39,13.61,25.82,0.83,0.0
20200606:2330,587.65,27.43,26.96,0.9,0.0
20200607:0030,701.73,41.2,27.87,1.86,0.0
20200607:0130,775.81,54.83,28.82,1.72,0.0
20200607:0230,744.0,67.72,29.92,1.79,0.0
20200607:0330,762.07,77.2,30.65,1.66,0.0
20200607:0430,709.2,74.45,31.03,1.31,0.0
20200607:0530,667.81,62.98,30.86,1.24,0.0
20200607:0630,402.43,49.69,30.73,1.52,0.0
20200607:0730,308.69,35.96,30.11,1.24,0.0
20200607:0830,131.65,22.13,29.63,1.17,0.0
20200607:0930,57.31,8.37,28.84,0.9,0.0
20200607:1030,0.0,-5.2,28.64,0.34,0.0
20200607:1130,0.0,0.0,28.09,0.48,0.0
20200607:1230,0.0,0.0,27.44,0.97,0.0
20200607:1330,0.0,0.0,26.93,0.48,0.0
20200607:1430,0.0,0.0,26.8,0.76,0.0
20200607:1530,0.0,0.0,26.7,0.69,0.0
20200607:1630,0.0,0.0,26.22,0.62,0.0
20200607:1730,0.0,0.0,25.89,0.62,0.0
20200607:1830,0.0,0.0,25.77,1.03,0.0
20200607:1930,0.0,0.0,25.81,1.86,0.0
20200607:2030,0.0,0.0,25.88,2.28,0.0
20200607:2130,0.0,-0.08,25.77,1.93,0.0
20200607:2230,173.77,13.58,25.61,1.17,0.0
20200607:2330,415.32,27.39,26.55,1.03,0.0
20200608:0030,506.87,41.15,27.5,1.31,0.0
20200608:0130,537.31,54.76,28.6,1.45,0.0
20200608:0230,671.94,67.64,29.31,1.1,0.0
20200608:0330,654.84,77.1,30.18,1.1,0.0
20200608:0430,540.52,74.4,30.74,1.31,0.0
20200608:0530,481.27,62.99,31.09,2.0,0.0
20200608:0630,583.36,49.72,30.83,2.41,0.0
20200608:0730,371.75,36.0,31.13,3.03,0.0
20200608:0830,178.43,22.18,30.81,2.97,0.0
20200608:0930,165.31,8.42,29.72,2.48,0.0
20200608:1030,0.0,-5.14,28.76,0.9,0.0
20200608:1130,0.0,0.0,27.83,0.62,0.0
20200608:1230,0.0,0.0,27.57,0.48,0.0
20200608:1330,0.0,0.0,27.83,0.14,0.0
20200608:1430,0.0,0.0,26.76,0.97,0.0
20200608:1530,0.0,0.0,26.29,1.45,0.0
20200608:1630,0.0,0.0,26.2,1.79,0.0
20200608:1730,0.0,0.0,26.08,2.0,0.0
20200608:1830,0.0,0.0,25.86,2.21,0.0
20200608:1930,0.0,0.0,25.69,3.1,0.0
20200608:2030,0.0,0.0,25.7,3.1,0.0
20200608:2130,0.0,-0.1,25.68,2.97,0.0
20200608:2230,421.92,13.55,25.83,2.9,0.0
20200608:2330,595.23,27.35,26.67,2.97,0.0
20200609:0030,556.44,41.1,27.73,2.76,0.0
20200609:0130,676.82,54.7,28.36,1.72,0.0
20200609:0230,685.27,67.56,29.06,0.62,0.0
20200609:0330,615.41,77.0,29.37,0.55,0.0
20200609:0430,675.68,74.37,29.66,1.93,0.0
20200609:0530,676.05,63.0,30.22,1.24,0.0
20200609:0630,391.65,49.74,30.93,1.03,0.0
20200609:0730,373.68,36.04,29.97,1.17,0.0
20200609:0830,122.44,22.23,29.95,1.31,0.0
20200609:0930,16.87,8.48,28.29,1.45,0.0
20200609:1030,0.0,-5.08,28.04,0.55,0.0
20200609:1130,0.0,0.0,27.88,0.41,0.0
20200609:1230,0.0,0.0,27.52,0.55,0.0
20200609:1330,0.0,0.0,27.24,0.69,0.0
20200609:1430,0.0,0.0,26.62,1.17,0.0
20200609:1530,0.0,0.0,26.36,1.24,0.0
20200609:1630,0.0,0.0,25.96,1.24,0.0
20200609:1730,0.0,0.0,26.34,0.55,0.0
20200609:1830,0.0,0.0,26.01,0.55,0.0
20200609:1930,0.0,0.0,25.89,1.72,0.0
20200609:2030,0.0,0.0,26.2,1.31,0.0
20200609:2130,0.0,-0.13,25.99,1.86,0.0
20200609:2230,62.25,13.52,26.0,1.93,0.0
20200609:2330,49.28,27.3,26.52,2.28,0.0
20200610:0030,86.03,41.05,26.78,2.21,0.0
20200610:0130,74.75,54.64,26.89,2.21,0.0
20200610:0230,124.36,67.48,26.86,2.76,0.0
20200610:0330,72.38,76.91,27.04,2.83,0.0
20200610:0430,105.05,74.33,27.09,2.21,0.0
20200610:0530,144.51,63.0,27.11,2.48,0.0
20200610:0630,103.41,49.77,27.4,3.03,0.0
20200610:0730,79.89,36.08,26.69,2.83,0.0
20200610:0830,53.99,22.28,26.62,3.17,0.0
20200610:0930,28.02,8.53,26.39,3.45,0.0
20200610:1030,0.0,-5.01,26.04,3.38,0.0
20200610:1130,0.0,0.0,26.18,3.31,0.0
20200610:1230,0.0,0.0,26.27,3.24,0.0
20200610:1330,0.0,0.0,26.39,3.17,0.0
20200610:1430,0.0,0.0,26.36,3.38,0.0
20200610:1530,0.0,0.0,26.01,4.34,0.0
20200610:1630,0.0,0.0,25.84,4.97,0.0
20200610:1730,0.0,0.0,25.85,4.83,0.0
20200610:1830,0.0,0.0,25.88,4.0,0.0
20200610:1930,0.0,0.0,25.74,4.14,0.0
20200610:2030,0.0,0.0,25.6,3.52,0.0
20200610:2130,0.0,-0.15,25.69,3.66,0.0
20200610:2230,20.03,13.48,25.62,4.21,0.0
20200610:2330,49.19,27.26,25.65,4.69,0.0
20200611:0030,66.76,40.99,25.9,5.17,0.0
20200611:0130,115.49,54.58,25.79,5.52,0.0
20200611:0230,241.74,67.41,25.91,6.07,0.0
20200611:0330,234.39,76.82,25.96,6.14,0.0
20200611:0430,174.04,74.31,26.15,5.93,0.0
20200611:0530,72.76,63.02,25.75,6.0,0.0
20200611:0630,99.27,49.8,25.68,5.59,0.0
20200611:0730,53.48,36.12,25.76,5.79,0.0
20200611:0830,35.73,22.32,25.74,5.59,0.0
20200611:0930,7.18,8.59,25.77,5.79,0.0
20200611:1030,0.0,-4.95,25.44,6.07,0.0
20200611:1130,0.0,0.0,25.5,5.45,0.0
20200611:1230,0.0,0.0,25.64,5.38,0.0
20200611:1330,0.0,0.0,25.73,5.52,0.0
20200611:1430,0.0,0.0,25.86,4.97,0.0
20200611:1530,0.0,0.0,25.7,5.45,0.0
20200611:1630,0.0,0.0,25.63,5.86,0.0
20200611:1730,0.0,0.0,25.42,6.14,0.0
20200611:1830,0.0,0.0,25.34,5.66,0.0
20200611:1930,0.0,0.0,25.62,4.28,0.0
20200611:2030,0.0,0.0,25.61,4.28,0.0
20200611:2130,0.0,-0.18,25.46,4.41,0.0
20200611:2230,275.57,13.45,25.61,3.72,0.0
20200611:2330,541.86,27.22,26.21,3.66,0.0
20200612:0030,440.92,40.94,26.84,4.55,0.0
20200612:0130,650.81,54.52,26.98,4.69,0.0
20200612:0230,640.32,67.33,27.45,4.48,0.0
20200612:0330,560.62,76.75,28.07,4.69,0.0
20200612:0430,429.28,74.28,27.96,4.97,0.0
20200612:0530,208.84,63.03,27.5,5.17,0.0
20200612:0630,214.12,49.83,27.32,4.55,0.0
20200612:0730,167.98,36.16,26.77,4.41,0.0
20200612:0830,80.62,22.37,26.67,3.66,0.0
20200612:0930,14.62,8.64,26.5,3.17,0.0
20200612:1030,0.0,-4.89,26.27,2.97,0.0
20200612:1130,0.0,0.0,26.1,2.41,0.0
20200612:1230,0.0,0.0,25.9,2.41,0.0
20200612:1330,0.0,0.0,25.92,2.34,0.0
20200612:1430,0.0,0.0,25.89,2.14,0.0
20200612:1530,0.0,0.0,26.29,2.34,0.0
20200612:1630,0.0,0.0,26.0,2.34,0.0
20200612:1730,0.0,0.0,25.98,2.14,0.0
20200612:1830,0.0,0.0,25.72,1.72,0.0
20200612:1930,0.0,0.0,26.82,0.28,0.0
20200612:2030,0.0,0.0,26.11,0.83,0.0
20200612:2130,0.0,-0.21,25.55,0.83,0.0
20200612:2230,78.87,13.41,25.34,0.83,0.0
20200612:2330,276.15,27.17,26.21,1.03,0.0
20200613:0030,156.13,40.89,26.97,1.17,0.0
20200613:0130,600.07,54.46,27.5,1.03,0.0
20200613:0230,602.5,67.26,28.75,1.31,0.0
20200613:0330,728.94,76.67,29.05,1.79,0.0
20200613:0430,573.97,74.27,29.74,1.1,0.0
20200613:0530,449.91,63.05,30.09,1.24,0.0
20200613:0630,314.85,49.87,30.11,1.66,0.0
20200613:0730,288.92,36.2,29.69,2.69,0.0
20200613:0830,160.77,22.42,29.46,2.9,0.0
20200613:0930,89.72,8.7,28.99,2.62,0.0
20200613:1030,0.0,-4.83,28.43,2.21,0.0
20200613:1130,0.0,0.0,27.9,2.55,0.0
20200613:1230,0.0,0.0,27.69,2.83,0.0
20200613:1330,0.0,0.0,27.47,2.9,0.0
20200613:1430,0.0,0.0,27.25,3.17,0.0
20200613:1530,0.0,0.0,26.92,3.52,0.0
20200613:1630,0.0,0.0,26.77,3.66,0.0
20200613:1730,0.0,0.0,26.53,3.17,0.0
20200613:1830,0.0,0.0,26.41,2.76,0.0
20200613:1930,0.0,0.0,26.14,3.1,0.0
20200613:2030,0.0,0.0,25.85,3.03,0.0
20200613:2130,0.0,-0.25,25.7,2.97,0.0
20200613:2230,266.57,13.37,25.77,2.9,0.0
20200613:2330,504.74,27.12,26.57,2.83,0.0
20200614:0030,701.65,40.84,27.47,2.9,0.0
20200614:0130,760.91,54.4,28.38,2.69,0.0
20200614:0230,708.42,67.2,29.28,2.48,0.0
20200614:0330,840.34,76.61,29.66,2.34,0.0
20200614:0430,635.73,74.26,30.15,2.76,0.0
20200614:0530,581.19,63.07,29.74,2.9,0.0
20200614:0630,280.86,49.9,28.78,3.52,0.0
20200614:0730,251.62,36.24,28.23,4.62,0.0
20200614:0830,158.54,22.47,27.58,4.28,0.0
20200614:0930,50.97,8.75,27.51,3.45,0.0
20200614:1030,0.0,-4.78,26.9,3.72,0.0
20200614:1130,0.0,0.0,26.31,4.21,0.0
20200614:1230,0.0,0.0,25.89,3.86,0.0
20200614:1330,0.0,0.0,25.79,3.45,0.0
20200614:1430,0.0,0.0,25.99,3.24,0.0
20200614:1530,0.0,0.0,26.01,3.17,0.0
20200614:1630,0.0,0.0,26.04,2.9,0.0
20200614:1730,0.0,0.0,25.98,2.83,0.0
20200614:1830,0.0,0.0,25.85,2.69,0.0
20200614:1930,0.0,0.0,25.99,3.03,0.0
20200614:2030,0.0,0.0,26.2,2.9,0.0
20200614:2130,0.0,-0.28,26.27,2.83,0.0
20200614:2230,49.29,13.33,26.4,2.76,0.0
20200614:2330,175.04,27.08,26.77,2.55,0.0
20200615:0030,447.92,40.79,27.5,2.83,0.0
20200615:0130,620.94,54.34,28.28,3.31,0.0
20200615:0230,587.54,67.13,28.76,3.38,0.0
20200615:0330,654.95,76.55,28.74,3.45,0.0
20200615:0430,523.1,74.25,28.66,3.17,0.0
20200615:0530,458.64,63.1,28.43,3.17,0.0
20200615:0630,336.94,49.94,28.21,3.59,0.0
20200615:0730,109.09,36.29,27.77,3.86,0.0
20200615:0830,44.44,22.52,27.68,3.86,0.0
20200615:0930,26.38,8.8,27.22,3.86,0.0
20200615:1030,0.0,-4.72,26.9,3.03,0.0
20200615:1130,0.0,0.0,26.69,2.83,0.0
20200615:1230,0.0,0.0,26.6,2.48,0.0
20200615:1330,0.0,0.0,26.32,2.34,0.0
20200615:1430,0.0,0.0,26.16,2.55,0.0
20200615:1530,0.0,0.0,26.07,3.1,0.0
20200615:1630,0.0,0.0,25.88,3.38,0.0
20200615:1730,0.0,0.0,25.78,3.38,0.0
20200615:1830,0.0,0.0,25.59,3.31,0.0
20200615:1930,0.0,0.0,25.87,2.9,0.0
20200615:2030,0.0,0.0,25.72,3.17,0.0
20200615:2130,0.0,-0.32,25.64,3.38,0.0
20200615:2230,169.34,13.28,25.56,3.79,0.0
20200615:2330,350.64,27.03,25.94,3.72,0.0
20200616:0030,695.84,40.73,26.66,3.93,0.0
20200616:0130,824.6,54.28,27.81,4.0,0.0
20200616:0230,862.54,67.07,28.87,4.21,0.0
20200616:0330,828.53,76.49,29.74,4.48,0.0
20200616:0430,747.03,74.25,30.17,4.97,0.0
20200616:0530,865.7,63.13,30.28,5.45,0.0
20200616:0630,804.91,49.98,30.52,5.66,0.0
20200616:0730,823.44,36.33,30.63,4.9,0.0
20200616:0830,639.6,22.57,30.36,4.83,0.0
20200616:0930,458.22,8.86,29.72,4.21,0.0
20200616:1030,0.0,-4.66,28.76,3.59,0.0
20200616:1130,0.0,0.0,27.88,3.24,0.0
20200616:1230,0.0,0.0,27.35,3.17,0.0
20200616:1330,0.0,0.0,26.97,3.1,0.0
20200616:1430,0.0,0.0,26.69,2.97,0.0
20200616:1530,0.0,0.0,26.52,2.83,0.0
20200616:1630,0.0,0.0,26.35,2.83,0.0
20200616:1730,0.0,0.0,26.16,2.76,0.0
20200616:1830,0.0,0.0,25.88,2.9,0.0
20200616:1930,0.0,0.0,25.98,2.76,0.0
20200616:2030,0.0,0.0,25.8,2.69,0.0
20200616:2130,0.0,-0.36,25.65,2.69,0.0
20200616:2230,450.97,13.24,25.76,2.97,0.0
20200616:2330,708.35,26.98,26.57,3.03,0.0
20200617:0030,812.45,40.68,27.5,2.9,0.0
20200617:0130,742.27,54.23,28.52,2.34,0.0
20200617:0230,857.72,67.01,29.17,1.72,0.0
20200617:0330,877.27,76.44,29.95,0.83,0.0
20200617:0430,819.34,74.25,30.48,0.07,0.0
20200617:0530,616.04,63.16,30.69,0.55,0.0
20200617:0630,605.7,50.02,30.36,1.93,0.0
20200617:0730,492.72,36.38,29.75,1.45,0.0
20200617:0830,212.03,22.62,29.33,0.69,0.0
20200617:0930,148.67,8.91,28.45,1.17,0.0
20200617:1030,0.0,-4.61,27.36,1.03,0.0
20200617:1130,0.0,0.0,26.93,1.31,0.0
20200617:1230,0.0,0.0,26.56,1.45,0.0
20200617:1330,0.0,0.0,26.02,1.45,0.0
20200617:1430,0.0,0.0,25.91,1.52,0.0
20200617:1530,0.0,0.0,25.83,0.76,0.0
20200617:1630,0.0,0.0,25.75,1.17,0.0
20200617:1730,0.0,0.0,25.61,1.1,0.0
20200617:1830,0.0,0.0,25.33,1.03,0.0
20200617:1930,0.0,0.0,25.32,0.48,0.0
20200617:2030,0.0,0.0,25.67,0.21,0.0
20200617:2130,0.0,-0.4,25.54,0.41,0.0
20200617:2230,166.46,13.2,25.27,1.17,0.0
20200617:2330,290.45,26.94,25.83,1.38,0.0
20200618:0030,345.3,40.63,26.16,1.17,0.0
20200618:0130,513.47,54.18,26.54,0.69,0.0
20200618:0230,501.21,66.96,27.23,0.76,0.0
20200618:0330,393.86,76.4,27.66,0.69,0.0
20200618:0430,494.4,74.26,27.4,2.0,0.0
20200618:0530,427.76,63.19,27.36,1.52,0.0
20200618:0630,211.18,50.06,27.59,1.03,0.0
20200618:0730,144.11,36.42,28.43,3.38,0.0
20200618:0830,91.39,22.67,27.48,2.76,0.0
20200618:0930,16.27,8.96,27.05,2.21,0.0
20200618:1030,0.0,-4.56,26.52,2.34,0.0
20200618:1130,0.0,0.0,26.26,2.62,0.0
20200618:1230,0.0,0.0,26.15,2.41,0.0
20200618:1330,0.0,0.0,26.11,2.41,0.0
20200618:1430,0.0,0.0,25.75,2.83,0.0
20200618:1530,0.0,0.0,25.57,3.45,0.0
20200618:1630,0.0,0.0,25.74,3.59,0.0
20200618:1730,0.0,0.0,25.74,3.1,0.0
20200618:1830,0.0,0.0,25.85,2.9,0.0
20200618:1930,0.0,0.0,25.59,3.03,0.0
20200618:2030,0.0,0.0,25.78,2.83,0.0
20200618:2130,0.0,-0.44,25.8,2.48,0.0
20200618:2230,66.05,13.15,25.9,2.41,0.0
20200618:2330,152.71,26.89,26.63,2.21,0.0
20200619:0030,254.82,40.58,27.14,2.21,0.0
20200619:0130,293.47,54.12,27.49,2.14,0.0
20200619:0230,475.72,66.91,27.68,2.48,0.0
20200619:0330,332.68,76.37,27.9,3.24,0.0
20200619:0430,218.37,74.28,27.6,2.76,0.0
20200619:0530,222.06,63.23,27.52,1.79,0.0
20200619:0630,314.04,50.11,27.78,1.66,0.0
20200619:0730,277.42,36.47,28.06,1.17,0.0
20200619:0830,210.35,22.72,28.22,1.17,0.0
20200619:0930,125.72,9.01,28.04,1.31,0.0
20200619:1030,0.0,-4.5,27.45,0.9,0.0
20200619:1130,0.0,0.0,26.5,1.03,0.0
20200619:1230,0.0,0.0,25.79,0.97,0.0
20200619:1330,0.0,0.0,26.05,1.79,0.0
20200619:1430,0.0,0.0,25.73,1.79,0.0
20200619:1530,0.0,0.0,26.0,1.31,0.0
20200619:1630,0.0,0.0,25.47,1.03,0.0
20200619:1730,0.0,0.0,24.84,1.31,0.0
20200619:1830,0.0,0.0,24.69,1.31,0.0
20200619:1930,0.0,0.0,25.18,1.45,0.0
20200619:2030,0.0,0.0,25.15,1.38,0.0
20200619:2130,0.0,-0.48,25.28,1.31,0.0
20200619:2230,233.83,13.11,25.31,1.59,0.0
20200619:2330,506.7,26.84,27.03,1.72,0.0
20200620:0030,784.21,40.53,27.67,1.79,0.0
20200620:0130,872.12,54.07,28.65,1.93,0.0
20200620:0230,909.84,66.86,29.44,2.28,0.0
20200620:0330,794.37,76.34,30.04,2.21,0.0
20200620:0430,812.74,74.3,30.37,1.93,0.0
20200620:0530,841.56,63.27,30.78,2.21,0.0
20200620:0630,739.25,50.15,30.99,2.41,0.0
20200620:0730,524.3,36.52,30.73,2.07,0.0
20200620:0830,284.22,22.76,30.38,2.0,0.0
20200620:0930,185.42,9.06,29.96,2.0,0.0
20200620:1030,0.0,-4.45,29.22,1.86,0.0
20200620:1130,0.0,0.0,28.38,1.59,0.0
20200620:1230,0.0,0.0,27.72,1.79,0.0
20200620:1330,0.0,0.0,27.04,1.79,0.0
20200620:1430,0.0,0.0,26.7,1.93,0.0
20200620:1530,0.0,0.0,26.5,2.21,0.0
20200620:1630,0.0,0.0,26.35,2.28,0.0
20200620:1730,0.0,0.0,26.35,2.62,0.0
20200620:1830,0.0,0.0,26.1,2.41,0.0
20200620:1930,0.0,0.0,26.03,2.34,0.0
20200620:2030,0.0,0.0,26.03,2.62,0.0
20200620:2130,0.0,-0.53,26.02,2.83,0.0
20200620:2230,255.16,13.06,26.01,2.83,0.0
20200620:2330,498.53,26.79,26.59,2.41,0.0
20200621:0030,773.02,40.48,27.52,2.69,0.0
20200621:0130,812.11,54.03,28.4,2.62,0.0
20200621:0230,759.46,66.82,28.88,2.41,0.0
20200621:0330,553.88,76.31,29.36,2.55,0.0
20200621:0430,590.81,74.33,29.23,2.97,0.0
20200621:0530,594.25,63.31,29.05,2.9,0.0
20200621:0630,400.65,50.2,29.18,3.17,0.0
20200621:0730,625.44,36.57,28.91,2.41,0.0
20200621:0830,409.51,22.81,29.08,2.07,0.0
20200621:0930,303.7,9.11,28.94,1.59,0.0
20200621:1030,0.0,-4.41,28.45,1.17,0.0
20200621:1130,0.0,0.0,27.62,1.52,0.0
20200621:1230,0.0,0.0,26.84,1.93,0.0
20200621:1330,0.0,0.0,26.35,2.21,0.0
20200621:1430,0.0,0.0,26.11,2.34,0.0
20200621:1530,0.0,0.0,25.89,2.07,0.0
20200621:1630,0.0,0.0,25.72,2.0,0.0
20200621:1730,0.0,0.0,25.66,2.0,0.0
20200621:1830,0.0,0.0,25.78,2.21,0.0
20200621:1930,0.0,0.0,26.1,2.48,0.0
20200621:2030,0.0,0.0,25.95,2.41,0.0
20200621:2130,0.0,-0.57,25.83,2.41,0.0
20200621:2230,538.81,13.01,25.83,2.28,0.0
20200621:2330,779.15,26.74,26.93,2.21,0.0
20200622:0030,769.57,40.44,27.88,2.28,0.0
20200622:0130,798.28,53.98,28.74,2.28,0.0
20200622:0230,831.59,66.77,29.43,2.14,0.0
20200622:0330,877.32,76.3,30.09,1.93,0.0
20200622:0430,895.08,74.36,30.55,1.59,0.0
20200622:0530,833.16,63.36,30.87,1.24,0.0
20200622:0630,678.39,50.25,30.87,0.62,0.0
20200622:0730,596.87,36.62,30.88,0.9,0.0
20200622:0830,508.45,22.86,30.46,1.31,0.0
20200622:0930,265.01,9.16,28.96,1.38,0.0
20200622:1030,0.0,-4.36,28.4,1.03,0.0
20200622:1130,0.0,0.0,28.05,1.24,0.0
20200622:1230,0.0,0.0,27.49,1.72,0.0
20200622:1330,0.0,0.0,26.87,1.24,0.0
20200622:1430,0.0,0.0,26.91,0.9,0.0
20200622:1530,0.0,0.0,26.29,0.97,0.0
20200622:1630,0.0,0.0,25.46,1.24,0.0
20200622:1730,0.0,0.0,26.09,0.07,0.0
20200622:1830,0.0,0.0,25.48,0.62,0.0
20200622:1930,0.0,0.0,25.22,1.17,0.0
20200622:2030,0.0,0.0,24.81,0.69,0.0
20200622:2130,0.0,-0.62,25.01,0.69,0.0
20200622:2230,428.95,12.96,25.01,1.52,0.0
20200622:2330,662.46,26.69,26.01,1.59,0.0
20200623:0030,841.89,40.39,26.81,1.31,0.0
20200623:0130,805.76,53.93,27.86,1.03,0.0
20200623:0230,739.42,66.74,28.82,0.9,0.0
20200623:0330,772.73,76.29,29.57,0.9,0.0
20200623:0430,864.56,74.39,30.01,0.83,0.0
20200623:0530,888.63,63.4,30.47,0.69,0.0
20200623:0630,680.0,50.3,30.75,1.31,0.0
20200623:0730,519.91,36.67,30.6,2.07,0.0
20200623:0830,409.09,22.91,29.84,1.72,0.0
20200623:0930,329.09,9.2,29.33,0.48,0.0
20200623:1030,0.0,-4.31,28.82,1.79,0.0
20200623:1130,0.0,0.0,27.79,1.93,0.0
20200623:1230,0.0,0.0,27.24,1.86,0.0
20200623:1330,0.0,0.0,26.9,1.31,0.0
20200623:1430,0.0,0.0,26.85,2.07,0.0
20200623:1530,0.0,0.0,26.34,1.79,0.0
20200623:1630,0.0,0.0,25.91,1.17,0.0
20200623:1730,0.0,0.0,25.94,0.9,0.0
20200623:1830,0.0,0.0,25.85,0.62,0.0
20200623:1930,0.0,0.0,25.96,1.86,0.0
20200623:2030,0.0,0.0,25.68,2.21,0.0
20200623:2130,0.0,-0.67,25.47,2.48,0.0
20200623:2230,282.63,12.91,25.74,2.21,0.0
20200623:2330,475.82,26.65,26.2,2.07,0.0
20200624:0030,670.98,40.34,27.01,2.07,0.0
20200624:0130,723.39,53.89,28.01,1.79,0.0
20200624:0230,738.88,66.7,28.83,1.52,0.0
20200624:0330,681.53,76.28,29.6,1.45,0.0
20200624:0430,837.64,74.43,29.94,1.03,0.0
20200624:0530,769.62,63.45,30.62,0.83,0.0
20200624:0630,764.37,50.35,30.75,0.55,0.0
20200624:0730,597.32,36.71,31.11,1.03,0.0
20200624:0830,395.19,22.96,30.9,0.34,0.0
20200624:0930,184.64,9.25,30.56,0.76,0.0
20200624:1030,0.0,-4.27,30.01,1.52,0.0
20200624:1130,0.0,0.0,29.01,1.24,0.0
20200624:1230,0.0,0.0,28.78,0.41,0.0
20200624:1330,0.0,0.0,28.13,0.62,0.0
20200624:1430,0.0,0.0,27.3,0.69,0.0
20200624:1530,0.0,0.0,26.48,1.66,0.0
20200624:1630,0.0,0.0,26.24,1.38,0.0
20200624:1730,0.0,0.0,26.18,1.79,0.0
20200624:1830,0.0,0.0,25.67,1.31,0.0
20200624:1930,0.0,0.0,25.9,1.86,0.0
20200624:2030,0.0,0.0,25.77,2.21,0.0
20200624:2130,0.0,-0.72,25.32,2.41,0.0
20200624:2230,26.84,12.86,25.06,2.48,0.0
20200624:2330,59.51,26.6,25.29,3.03,0.0
20200625:0030,159.09,40.3,25.58,3.59,0.0
20200625:0130,201.44,53.85,26.06,3.03,0.0
20200625:0230,441.24,66.67,26.77,1.86,0.0
20200625:0330,453.14,76.28,27.95,1.31,0.0
20200625:0430,570.81,74.48,28.47,0.9,0.0
20200625:0530,637.94,63.51,29.09,0.76,0.0
20200625:0630,654.12,50.4,29.28,1.03,0.0
20200625:0730,494.08,36.76,30.46,3.86,0.0
20200625:0830,346.47,23.0,28.8,4.21,0.0
20200625:0930,113.11,9.29,28.15,2.76,0.0
20200625:1030,0.0,-4.23,27.83,2.34,0.0
20200625:1130,0.0,0.0,27.46,2.97,0.0
20200625:1230,0.0,0.0,27.05,3.72,0.0
20200625:1330,0.0,0.0,26.74,3.66,0.0
20200625:1430,0.0,0.0,26.38,2.83,0.0
20200625:1530,0.0,0.0,26.22,2.28,0.0
20200625:1630,0.0,0.0,26.17,2.48,0.0
20200625:1730,0.0,0.0,25.64,2.14,0.0
20200625:1830,0.0,0.0,25.24,1.66,0.0
20200625:1930,0.0,0.0,24.84,1.72,0.0
20200625:2030,0.0,0.0,24.92,2.0,0.0
20200625:2130,0.0,-0.77,25.01,2.07,0.0
20200625:2230,180.19,12.81,25.08,2.14,0.0
20200625:2330,266.37,26.55,25.91,2.62,0.0
20200626:0030,286.56,40.25,26.63,2.97,0.0
20200626:0130,306.28,53.81,27.07,2.9,0.0
20200626:0230,335.02,66.64,27.09,2.41,0.0
20200626:0330,232.02,76.29,26.72,2.0,0.0
20200626:0430,299.76,74.53,26.56,1.72,0.0
20200626:0530,360.71,63.56,26.9,1.79,0.0
20200626:0630,250.51,50.45,27.52,1.66,0.0
20200626:0730,146.01,36.81,27.71,2.41,0.0
20200626:0830,91.6,23.05,27.39,2.14,0.0
20200626:0930,33.52,9.34,26.74,1.79,0.0
20200626:1030,0.0,-4.19,26.68,1.66,0.0
20200626:1130,0.0,0.0,26.29,2.07,0.0
20200626:1230,0.0,0.0,26.06,2.62,0.0
20200626:1330,0.0,0.0,25.82,2.62,0.0
20200626:1430,0.0,0.0,25.74,1.93,0.0
20200626:1530,0.0,0.0,25.68,1.45,0.0
20200626:1630,0.0,0.0,25.32,1.03,0.0
20200626:1730,0.0,0.0,25.24,1.31,0.0
20200626:1830,0.0,0.0,25.15,1.38,0.0
20200626:1930,0.0,0.0,25.31,1.66,0.0
20200626:2030,0.0,0.0,25.16,1.66,0.0
20200626:2130,0.0,-0.83,24.9,1.38,0.0
20200626:2230,80.93,12.76,25.09,1.03,0.0
20200626:2330,303.19,26.5,26.13,1.03,0.0
20200627:0030,375.09,40.21,26.67,1.17,0.0
20200627:0130,649.24,53.78,27.25,0.97,0.0
20200627:0230,664.08,66.62,28.17,1.03,0.0
20200627:0330,810.29,76.3,28.86,0.97,0.0
20200627:0430,666.1,74.59,29.37,0.48,0.0
20200627:0530,666.77,63.62,29.34,0.34,0.0
20200627:0630,582.69,50.5,29.64,0.9,0.0
20200627:0730,356.92,36.86,28.93,3.03,0.0
20200627:0830,116.42,23.1,28.98,2.34,0.0
20200627:0930,12.21,9.38,28.0,2.07,0.0
20200627:1030,0.0,-4.15,27.42,0.69,0.0
20200627:1130,0.0,0.0,26.77,0.69,0.0
20200627:1230,0.0,0.0,26.41,0.83,0.0
20200627:1330,0.0,0.0,26.35,1.1,0.0
20200627:1430,0.0,0.0,26.05,1.1,0.0
20200627:1530,0.0,0.0,26.11,1.52,0.0
20200627:1630,0.0,0.0,26.1,1.93,0.0
20200627:1730,0.0,0.0,26.06,2.07,0.0
20200627:1830,0.0,0.0,26.05,2.21,0.0
20200627:1930,0.0,0.0,25.94,3.24,0.0
20200627:2030,0.0,0.0,25.31,3.17,0.0
20200627:2130,0.0,-0.88,25.42,3.03,0.0
20200627:2230,81.57,12.71,25.47,2.76,0.0
20200627:2330,249.02,26.45,25.68,2.97,0.0
20200628:0030,263.31,40.17,26.12,3.24,0.0
20200628:0130,335.98,53.74,26.44,2.83,0.0
20200628:0230,416.79,66.6,26.68,2.48,0.0
20200628:0330,452.38,76.32,27.03,2.69,0.0
20200628:0430,473.38,74.65,27.15,2.97,0.0
20200628:0530,278.46,63.68,27.33,3.59,0.0
20200628:0630,172.53,50.56,27.02,4.07,0.0
20200628:0730,109.86,36.91,26.53,4.07,0.0
20200628:0830,56.03,23.14,26.32,3.86,0.0
20200628:0930,35.22,9.42,26.21,3.38,0.0
20200628:1030,0.0,-4.12,25.82,3.38,0.0
20200628:1130,0.0,0.0,25.58,2.83,0.0
20200628:1230,0.0,0.0,25.54,2.28,0.0
20200628:1330,0.0,0.0,25.47,2.48,0.0
20200628:1430,0.0,0.0,25.37,2.48,0.0
20200628:1530,0.0,0.0,25.35,2.21,0.0
20200628:1630,0.0,0.0,25.42,2.34,0.0
20200628:1730,0.0,0.0,25.43,2.48,0.0
20200628:1830,0.0,0.0,25.43,2.41,0.0
20200628:1930,0.0,0.0,25.03,1.1,0.0
20200628:2030,0.0,0.0,25.16,1.86,0.0
20200628:2130,0.0,-0.93,25.01,1.59,0.0
20200628:2230,133.54,12.66,25.13,1.1,0.0
20200628:2330,186.3,26.41,26.3,0.83,0.0
20200629:0030,167.16,40.13,26.65,1.24,0.0
20200629:0130,204.7,53.71,26.91,1.59,0.0
20200629:0230,297.46,66.58,27.1,1.72,0.0
20200629:0330,220.95,76.35,27.29,1.72,0.0
20200629:0430,225.17,74.72,27.26,1.66,0.0
20200629:0530,290.55,63.74,27.3,1.45,0.0
20200629:0630,213.27,50.61,27.59,1.17,0.0
20200629:0730,182.29,36.96,27.73,1.24,0.0
20200629:0830,162.3,23.19,27.62,1.52,0.0
20200629:0930,25.34,9.46,27.51,1.66,0.0
20200629:1030,0.0,-4.09,27.18,1.79,0.0
20200629:1130,0.0,0.0,26.73,1.66,0.0
20200629:1230,0.0,0.0,26.27,1.72,0.0
20200629:1330,0.0,0.0,26.09,1.86,0.0
20200629:1430,0.0,0.0,25.85,1.79,0.0
20200629:1530,0.0,0.0,25.59,1.59,0.0
20200629:1630,0.0,0.0,26.4,1.03,0.0
20200629:1730,0.0,0.0,27.25,0.48,0.0
20200629:1830,0.0,0.0,27.04,0.41,0.0
20200629:1930,0.0,0.0,25.2,2.0,0.0
20200629:2030,0.0,0.0,25.18,1.93,0.0
20200629:2130,0.0,-0.99,24.96,1.86,0.0
20200629:2230,114.34,12.61,25.01,1.79,0.0
20200629:2330,455.08,26.36,26.54,1.52,0.0
20200630:0030,667.07,40.09,27.38,1.93,0.0
20200630:0130,832.69,53.68,27.85,2.0,0.0
20200630:0230,799.35,66.57,28.45,1.45,0.0
20200630:0330,766.0,76.38,28.87,1.03,0.0
20200630:0430,758.78,74.79,29.2,0.76,0.0
20200630:0530,724.81,63.81,29.47,0.62,0.0
20200630:0630,685.84,50.67,29.64,0.62,0.0
20200630:0730,507.3,37.01,30.24,0.83,0.0
20200630:0830,352.45,23.23,29.15,2.07,0.0
20200630:0930,223.9,9.5,28.24,2.97,0.0
20200630:1030,0.0,-4.05,27.92,2.0,0.0
20200630:1130,0.0,0.0,27.36,1.72,0.0
20200630:1230,0.0,0.0,26.7,1.38,0.0
20200630:1330,0.0,0.0,26.27,1.45,0.0
20200630:1430,0.0,0.0,26.04,1.38,0.0
20200630:1530,0.0,0.0,25.8,1.45,0.0
20200630:1630,0.0,0.0,25.91,1.24,0.0
20200630:1730,0.0,0.0,25.49,1.45,0.0
20200630:1830,0.0,0.0,25.42,1.66,0.0
20200630:1930,0.0,0.0,25.57,2.07,0.0
20200630:2030,0.0,0.0,25.66,2.0,0.0
20200630:2130,0.0,-1.04,25.61,1.93,0.0
20200630:2230,413.41,12.56,25.22,1.59,0.0
20200630:2330,788.34,26.31,26.91,1.24,0.0
20200701:0030,914.14,40.05,27.8,1.38,0.0
20200701:0130,957.12,53.65,28.63,1.31,0.0
20200701:0230,944.85,66.56,29.42,1.17,0.0
20200701:0330,890.5,76.42,29.99,1.31,0.0
20200701:0430,812.58,74.87,30.31,1.45,0.0
20200701:0530,707.1,63.87,30.09,1.79,0.0
20200701:0630,536.63,50.72,30.35,2.14,0.0
20200701:0730,534.85,37.06,29.71,0.97,0.0
20200701:0830,386.87,23.27,29.42,1.17,0.0
20200701:0930,324.37,9.53,29.2,0.55,0.0
20200701:1030,0.0,-4.03,28.56,0.83,0.0
20200701:1130,0.0,0.0,27.72,1.45,0.0
20200701:1230,0.0,0.0,27.14,2.07,0.0
20200701:1330,0.0,0.0,26.51,2.34,0.0
20200701:1430,0.0,0.0,26.26,2.14,0.0
20200701:1530,0.0,0.0,25.84,1.72,0.0
20200701:1630,0.0,0.0,25.41,1.1,0.0
20200701:1730,0.0,0.0,25.56,0.83,0.0
20200701:1830,0.0,0.0,25.46,0.69,0.0
20200701:1930,0.0,0.0,24.99,1.52,0.0
20200701:2030,0.0,0.0,25.13,1.52,0.0
20200701:2130,0.0,-1.1,25.04,1.66,0.0
20200701:2230,464.54,12.51,25.35,2.41,0.0
20200701:2330,694.97,26.27,26.3,2.69,0.0
20200702:0030,840.93,40.01,27.23,2.55,0.0
20200702:0130,850.67,53.62,28.2,2.48,0.0
20200702:0230,762.61,66.56,28.94,2.14,0.0
20200702:0330,770.27,76.46,29.1,1.59,0.0
20200702:0430,703.17,74.95,29.42,1.52,0.0
20200702:0530,743.62,63.94,29.21,2.07,0.0
20200702:0630,616.27,50.78,28.82,2.28,0.0
20200702:0730,402.14,37.11,29.32,2.97,0.0
20200702:0830,373.98,23.31,29.2,3.1,0.0
20200702:0930,237.94,9.56,28.44,2.28,0.0
20200702:1030,0.0,-4.0,27.83,0.97,0.0
20200702:1130,0.0,0.0,27.15,0.83,0.0
20200702:1230,0.0,0.0,26.32,0.21,0.0
20200702:1330,0.0,0.0,26.0,1.1,0.0
20200702:1430,0.0,0.0,25.61,1.1,0.0
20200702:1530,0.0,0.0,25.33,1.45,0.0
20200702:1630,0.0,0.0,25.12,1.79,0.0
20200702:1730,0.0,0.0,25.2,2.07,0.0
20200702:1830,0.0,0.0,25.15,2.0,0.0
20200702:1930,0.0,0.0,25.24,1.59,0.0
20200702:2030,0.0,0.0,24.87,1.72,0.0
20200702:2130,0.0,-1.16,24.7,1.72,0.0
20200702:2230,275.35,12.46,25.31,1.66,0.0
20200702:2330,466.32,26.22,25.81,1.03,0.0
20200703:0030,489.9,39.98,26.58,0.14,0.0
20200703:0130,671.1,53.6,27.02,0.48,0.0
20200703:0230,685.84,66.56,27.69,1.17,0.0
20200703:0330,733.74,76.51,28.06,1.52,0.0
20200703:0430,703.93,75.04,28.53,1.66,0.0
20200703:0530,534.62,64.01,28.66,0.34,0.0
20200703:0630,306.18,50.84,28.45,0.76,0.0
20200703:0730,268.89,37.15,28.51,1.93,0.0
20200703:0830,139.57,23.35,27.81,2.69,0.0
20200703:0930,144.49,9.6,27.19,2.0,0.0
20200703:1030,0.0,-3.98,27.17,1.45,0.0
20200703:1130,0.0,0.0,26.52,2.14,0.0
20200703:1230,0.0,0.0,25.86,1.72,0.0
20200703:1330,0.0,0.0,25.7,1.59,0.0
20200703:1430,0.0,0.0,25.31,1.17,0.0
20200703:1530,0.0,0.0,25.88,0.21,0.0
20200703:1630,0.0,0.0,25.3,0.97,0.0
20200703:1730,0.0,0.0,25.33,1.38,0.0
20200703:1830,0.0,0.0,25.24,1.45,0.0
20200703:1930,0.0,0.0,25.07,0.83,0.0
20200703:2030,0.0,0.0,24.8,1.03,0.0
20200703:2130,0.0,-1.22,24.68,1.17,0.0
20200703:2230,32.56,12.41,24.83,1.24,0.0
20200703:2330,82.97,26.18,25.84,2.0,0.0
20200704:0030,230.46,39.94,26.07,2.14,0.0
20200704:0130,562.8,53.58,26.21,2.07,0.0
20200704:0230,694.76,66.56,26.85,2.55,0.0
20200704:0330,519.31,76.57,27.42,2.62,0.0
20200704:0430,456.16,75.13,27.6,2.14,0.0
20200704:0530,337.34,64.08,27.49,3.45,0.0
20200704:0630,198.16,50.9,26.83,4.0,0.0
20200704:0730,176.86,37.2,26.19,3.31,0.0
20200704:0830,119.01,23.39,26.27,2.69,0.0
20200704:0930,108.05,9.63,26.33,2.69,0.0
20200704:1030,0.0,-3.96,26.31,2.28,0.0
20200704:1130,0.0,0.0,26.2,2.0,0.0
20200704:1230,0.0,0.0,26.08,1.93,0.0
20200704:1330,0.0,0.0,25.99,2.14,0.0
20200704:1430,0.0,0.0,25.79,2.28,0.0
20200704:1530,0.0,0.0,25.72,2.48,0.0
20200704:1630,0.0,0.0,25.67,2.55,0.0
20200704:1730,0.0,0.0,25.65,2.14,0.0
20200704:1830,0.0,0.0,25.37,1.79,0.0
20200704:1930,0.0,0.0,25.71,0.9,0.0
20200704:2030,0.0,0.0,25.7,1.03,0.0
20200704:2130,0.0,-1.27,25.09,1.24,0.0
20200704:2230,185.63,12.35,25.22,1.17,0.0
20200704:2330,475.35,26.14,26.31,0.97,0.0
20200705:0030,600.25,39.91,27.15,0.76,0.0
20200705:0130,801.5,53.56,27.75,0.55,0.0
20200705:0230,888.64,66.56,28.54,0.76,0.0
20200705:0330,809.15,76.63,29.2,1.03,0.0
20200705:0430,776.05,75.22,29.59,0.83,0.0
20200705:0530,629.57,64.16,29.73,1.1,0.0
20200705:0630,573.12,50.95,29.51,1.72,0.0
20200705:0730,309.18,37.25,30.05,1.38,0.0
20200705:0830,117.81,23.43,29.91,1.24,0.0
20200705:0930,69.6,9.66,29.37,1.86,0.0
20200705:1030,0.0,-3.94,28.77,2.14,0.0
20200705:1130,0.0,0.0,27.96,1.86,0.0
20200705:1230,0.0,0.0,27.42,1.03,0.0
20200705:1330,0.0,0.0,26.67,1.66,0.0
20200705:1430,0.0,0.0,26.04,2.69,0.0
20200705:1530,0.0,0.0,25.67,2.41,0.0
20200705:1630,0.0,0.0,25.46,2.14,0.0
20200705:1730,0.0,0.0,25.2,1.86,0.0
20200705:1830,0.0,0.0,24.83,1.59,0.0
20200705:1930,0.0,0.0,24.91,1.79,0.0
20200705:2030,0.0,0.0,24.79,1.86,0.0
20200705:2130,0.0,-1.33,24.8,1.86,0.0
20200705:2230,491.97,12.3,24.84,1.72,0.0
20200705:2330,729.61,26.1,26.02,1.45,0.0
20200706:0030,822.32,39.88,27.34,2.21,0.0
20200706:0130,831.11,53.54,28.21,2.69,0.0
20200706:0230,743.52,66.57,28.83,2.69,0.0
20200706:0330,891.44,76.7,29.26,2.48,0.0
20200706:0430,788.85,75.32,30.07,2.28,0.0
20200706:0530,891.29,64.23,30.4,2.41,0.0
20200706:0630,839.01,51.01,30.81,2.9,0.0
20200706:0730,776.0,37.29,31.08,2.97,0.0
20200706:0830,600.48,23.46,30.95,2.76,0.0
20200706:0930,383.16,9.68,30.37,2.69,0.0
20200706:1030,0.0,-3.92,29.52,2.41,0.0
20200706:1130,0.0,0.0,28.49,2.21,0.0
20200706:1230,0.0,0.0,27.83,2.14,0.0
20200706:1330,0.0,0.0,27.26,2.34,0.0
20200706:1430,0.0,0.0,26.9,2.34,0.0
20200706:1530,0.0,0.0,26.71,2.55,0.0
20200706:1630,0.0,0.0,26.53,2.69,0.0
20200706:1730,0.0,0.0,26.41,3.03,0.0
20200706:1830,0.0,0.0,26.24,3.17,0.0
20200706:1930,0.0,0.0,26.27,3.79,0.0
20200706:2030,0.0,0.0,26.19,3.86,0.0
20200706:2130,0.0,-1.39,26.04,3.79,0.0
20200706:2230,494.0,12.25,26.0,3.79,0.0
20200706:2330,677.88,26.05,26.65,4.07,0.0
20200707:0030,779.12,39.85,27.58,4.69,0.0
20200707:0130,854.56,53.53,28.35,5.66,0.0
20200707:0230,830.05,66.59,29.01,5.79,0.0
20200707:0330,802.33,76.77,29.48,5.52,0.0
20200707:0430,878.07,75.43,29.92,4.55,0.0
20200707:0530,764.29,64.31,30.39,3.79,0.0
20200707:0630,650.93,51.07,30.41,3.72,0.0
20200707:0730,579.74,37.34,30.28,3.93,0.0
20200707:0830,373.88,23.5,30.05,3.52,0.0
20200707:0930,232.68,9.71,29.64,2.9,0.0
20200707:1030,0.0,-3.91,29.06,2.48,0.0
20200707:1130,0.0,0.0,28.35,2.76,0.0
20200707:1230,0.0,0.0,27.84,2.83,0.0
20200707:1330,0.0,0.0,27.42,2.97,0.0
20200707:1430,0.0,0.0,27.16,3.31,0.0
20200707:1530,0.0,0.0,26.94,4.0,0.0
20200707:1630,0.0,0.0,26.45,4.41,0.0
20200707:1730,0.0,0.0,26.04,4.34,0.0
20200707:1830,0.0,0.0,25.78,3.72,0.0
20200707:1930,0.0,0.0,25.76,3.52,0.0
20200707:2030,0.0,0.0,25.48,2.83,0.0
20200707:2130,0.0,-1.45,25.32,2.55,0.0
20200707:2230,257.76,12.2,25.28,2.41,0.0
20200707:2330,569.76,26.01,26.02,2.34,0.0
20200708:0030,760.31,39.82,27.13,2.55,0.0
20200708:0130,798.98,53.52,28.12,2.55,0.0
20200708:0230,823.27,66.6,28.85,2.07,0.0
20200708:0330,809.41,76.85,29.53,1.79,0.0
20200708:0430,824.76,75.54,29.89,1.72,0.0
20200708:0530,650.42,64.38,29.95,2.62,0.0
20200708:0630,319.04,51.12,29.14,2.76,0.0
20200708:0730,261.91,37.38,28.27,2.69,0.0
20200708:0830,184.35,23.53,27.73,1.79,0.0
20200708:0930,216.21,9.73,27.7,1.38,0.0
20200708:1030,0.0,-3.9,27.59,0.83,0.0
20200708:1130,0.0,0.0,26.98,1.17,0.0
20200708:1230,0.0,0.0,26.53,1.52,0.0
20200708:1330,0.0,0.0,26.11,1.38,0.0
20200708:1430,0.0,0.0,25.81,1.38,0.0
20200708:1530,0.0,0.0,26.22,1.03,0.0
20200708:1630,0.0,0.0,26.95,0.62,0.0
20200708:1730,0.0,0.0,25.51,0.97,0.0
20200708:1830,0.0,0.0,24.99,1.38,0.0
20200708:1930,0.0,0.0,24.92,1.38,0.0
20200708:2030,0.0,0.0,24.67,1.24,0.0
20200708:2130,0.0,-1.51,25.01,1.93,0.0
20200708:2230,127.22,12.15,24.91,1.31,0.0
20200708:2330,276.89,25.97,25.6,0.34,0.0
20200709:0030,511.79,39.8,26.28,1.24,0.0
20200709:0130,543.18,53.51,27.2,2.0,0.0
20200709:0230,581.82,66.62,27.94,1.52,0.0
20200709:0330,656.01,76.94,28.55,0.97,0.0
20200709:0430,660.71,75.65,29.2,0.69,0.0
20200709:0530,551.46,64.46,29.75,0.97,0.0
20200709:0630,619.46,51.18,29.64,1.03,0.0
20200709:0730,368.89,37.42,29.82,1.1,0.0
20200709:0830,97.37,23.56,29.7,0.97,0.0
20200709:0930,21.99,9.75,29.54,1.45,0.0
20200709:1030,0.0,-3.89,28.37,2.0,0.0
20200709:1130,0.0,0.0,27.51,1.93,0.0
20200709:1230,0.0,0.0,27.09,1.52,0.0
20200709:1330,0.0,0.0,26.16,1.31,0.0
20200709:1430,0.0,0.0,25.92,1.72,0.0
20200709:1530,0.0,0.0,25.61,2.34,0.0
20200709:1630,0.0,0.0,25.4,2.21,0.0
20200709:1730,0.0,0.0,25.15,1.79,0.0
20200709:1830,0.0,0.0,25.28,1.24,0.0
20200709:1930,0.0,0.0,27.31,0.34,0.0
20200709:2030,0.0,0.0,26.53,0.83,0.0
20200709:2130,0.0,-1.57,25.35,0.97,0.0
20200709:2230,92.61,12.11,25.35,0.69,0.0
20200709:2330,331.99,25.94,25.63,1.31,0.0
20200710:0030,641.58,39.77,25.91,1.52,0.0
20200710:0130,798.6,53.5,26.88,1.24,0.0
20200710:0230,695.58,66.65,28.11,1.03,0.0
20200710:0330,755.59,77.03,28.69,0.97,0.0
20200710:0430,851.7,75.77,29.22,0.9,0.0
20200710:0530,748.37,64.54,29.72,0.97,0.0
20200710:0630,552.2,51.24,29.71,1.79,0.0
20200710:0730,410.85,37.47,29.82,1.38,0.0
20200710:0830,112.8,23.59,29.45,1.79,0.0
20200710:0930,18.08,9.76,28.66,2.0,0.0
20200710:1030,0.0,-3.88,26.69,2.0,0.0
20200710:1130,0.0,0.0,26.15,1.24,0.0
20200710:1230,0.0,0.0,26.14,0.62,0.0
20200710:1330,0.0,0.0,25.75,0.97,0.0
20200710:1430,0.0,0.0,25.7,1.45,0.0
20200710:1530,0.0,0.0,25.21,1.1,0.0
20200710:1630,0.0,0.0,25.26,2.0,0.0
20200710:1730,0.0,0.0,25.04,2.41,0.0
20200710:1830,0.0,0.0,24.7,1.72,0.0
20200710:1930,0.0,0.0,25.01,1.86,0.0
20200710:2030,0.0,0.0,24.95,1.38,0.0
20200710:2130,0.0,-1.63,25.27,0.34,0.0
20200710:2230,126.14,12.06,25.32,0.41,0.0
20200710:2330,241.67,25.9,25.6,0.28,0.0
20200711:0030,436.39,39.75,26.08,0.69,0.0
20200711:0130,445.63,53.5,26.82,1.1,0.0
20200711:0230,514.5,66.67,27.41,1.52,0.0
20200711:0330,368.68,77.13,27.84,1.72,0.0
20200711:0430,537.49,75.89,27.53,1.66,0.0
20200711:0530,567.58,64.62,27.4,1.52,0.0
20200711:0630,565.21,51.29,28.0,1.1,0.0
20200711:0730,392.27,37.5,28.21,1.38,0.0
20200711:0830,118.78,23.62,28.28,1.52,0.0
20200711:0930,75.06,9.78,27.83,1.79,0.0
20200711:1030,0.0,-3.88,27.09,2.0,0.0
20200711:1130,0.0,0.0,26.86,1.52,0.0
20200711:1230,0.0,0.0,26.17,1.79,0.0
20200711:1330,0.0,0.0,25.88,1.86,0.0
20200711:1430,0.0,0.0,25.67,2.14,0.0
20200711:1530,0.0,0.0,25.51,1.79,0.0
20200711:1630,0.0,0.0,25.14,1.38,0.0
20200711:1730,0.0,0.0,24.92,1.31,0.0
20200711:1830,0.0,0.0,25.16,1.86,0.0
20200711:1930,0.0,0.0,25.07,2.0,0.0
20200711:2030,0.0,0.0,24.84,1.72,0.0
20200711:2130,0.0,-1.69,24.84,1.03,0.0
20200711:2230,375.81,12.01,25.24,0.83,0.0
20200711:2330,634.4,25.86,26.21,0.83,0.0
20200712:0030,716.52,39.73,26.9,1.24,0.0
20200712:0130,665.96,53.5,27.59,1.52,0.0
20200712:0230,881.54,66.7,28.06,1.17,0.0
20200712:0330,823.26,77.23,28.98,0.9,0.0
20200712:0430,768.21,76.02,29.35,1.1,0.0
20200712:0530,734.38,64.7,29.39,2.21,0.0
20200712:0630,701.44,51.35,28.86,1.86,0.0
20200712:0730,537.3,37.54,29.15,2.0,0.0
20200712:0830,245.42,23.64,28.92,1.72,0.0
20200712:0930,35.56,9.79,28.42,2.21,0.0
20200712:1030,0.0,-3.88,27.74,1.31,0.0
20200712:1130,0.0,0.0,27.03,1.38,0.0
20200712:1230,0.0,0.0,26.5,1.93,0.0
20200712:1330,0.0,0.0,26.05,2.41,0.0
20200712:1430,0.0,0.0,26.01,2.83,0.0
20200712:1530,0.0,0.0,26.01,2.69,0.0
20200712:1630,0.0,0.0,25.96,2.21,0.0
20200712:1730,0.0,0.0,25.84,2.07,0.0
20200712:1830,0.0,0.0,25.76,2.14,0.0
20200712:1930,0.0,0.0,25.79,1.72,0.0
20200712:2030,0.0,0.0,25.73,1.72,0.0
20200712:2130,0.0,-1.75,25.76,2.21,0.0
20200712:2230,348.28,11.96,25.8,2.48,0.0
20200712:2330,534.17,25.83,26.73,2.69,0.0
20200713:0030,518.75,39.71,27.26,2.9,0.0
20200713:0130,533.99,53.5,27.61,2.83,0.0
20200713:0230,764.78,66.74,27.9,2.41,0.0
20200713:0330,725.02,77.34,28.4,2.21,0.0
20200713:0430,539.68,76.15,28.41,2.69,0.0
20200713:0530,689.72,64.78,28.35,2.69,0.0
20200713:0630,333.05,51.4,28.81,2.9,0.0
20200713:0730,413.97,37.58,28.75,2.21,0.0
20200713:0830,378.59,23.66,28.79,2.55,0.0
20200713:0930,192.2,9.8,28.22,2.07,0.0
20200713:1030,0.0,-3.89,27.47,1.03,0.0
20200713:1130,0.0,0.0,26.96,1.03,0.0
20200713:1230,0.0,0.0,26.21,1.17,0.0
20200713:1330,0.0,0.0,26.49,0.83,0.0
20200713:1430,0.0,0.0,27.07,0.62,0.0
20200713:1530,0.0,0.0,26.84,0.76,0.0
20200713:1630,0.0,0.0,25.14,1.45,0.0
20200713:1730,0.0,0.0,25.3,2.0,0.0
20200713:1830,0.0,0.0,25.14,1.72,0.0
20200713:1930,0.0,0.0,25.08,1.59,0.0
20200713:2030,0.0,0.0,24.98,1.17,0.0
20200713:2130,0.0,-1.8,24.97,1.31,0.0
20200713:2230,238.59,11.92,25.04,1.1,0.0
20200713:2330,640.59,25.8,26.19,0.83,0.0
20200714:0030,748.85,39.69,27.07,1.1,0.0
20200714:0130,826.52,53.5,27.75,1.03,0.0
20200714:0230,797.18,66.77,28.46,0.9,0.0
20200714:0330,853.7,77.45,29.02,0.83,0.0
20200714:0430,696.66,76.28,29.54,0.76,0.0
20200714:0530,594.95,64.86,29.69,1.17,0.0
20200714:0630,525.63,51.46,29.4,1.66,0.0
20200714:0730,497.87,37.62,28.65,0.62,0.0
20200714:0830,350.45,23.68,28.63,0.48,0.0
20200714:0930,70.16,9.81,28.31,1.03,0.0
20200714:1030,0.0,-3.89,26.15,1.86,0.0
20200714:1130,0.0,0.0,25.74,0.83,0.0
20200714:1230,0.0,0.0,25.96,0.48,0.0
20200714:1330,0.0,0.0,26.01,0.48,0.0
20200714:1430,0.0,0.0,26.28,0.34,0.0
20200714:1530,0.0,0.0,26.23,0.34,0.0
20200714:1630,0.0,0.0,26.05,0.48,0.0
20200714:1730,0.0,0.0,24.94,1.17,0.0
20200714:1830,0.0,0.0,24.97,1.17,0.0
20200714:1930,0.0,0.0,25.48,2.34,0.0
20200714:2030,0.0,0.0,25.31,1.72,0.0
20200714:2130,0.0,-1.86,25.3,1.38,0.0
20200714:2230,220.85,11.87,25.42,1.66,0.0
20200714:2330,481.08,25.76,26.49,1.38,0.0
20200715:0030,633.58,39.68,27.12,1.31,0.0
20200715:0130,648.37,53.51,27.65,1.17,0.0
20200715:0230,635.85,66.81,28.11,0.83,0.0
20200715:0330,771.5,77.57,28.28,1.03,0.0
20200715:0430,687.29,76.41,28.65,2.14,0.0
20200715:0530,596.22,64.94,28.49,1.93,0.0
20200715:0630,506.98,51.51,28.55,1.45,0.0
20200715:0730,409.56,37.65,28.6,1.79,0.0
20200715:0830,243.41,23.7,28.2,2.14,0.0
20200715:0930,139.96,9.81,27.59,1.52,0.0
20200715:1030,0.0,-3.9,27.38,0.83,0.0
20200715:1130,0.0,0.0,26.39,0.9,0.0
20200715:1230,0.0,0.0,25.96,1.31,0.0
20200715:1330,0.0,0.0,25.68,1.59,0.0
20200715:1430,0.0,0.0,25.87,1.31,0.0
20200715:1530,0.0,0.0,25.53,1.31,0.0
20200715:1630,0.0,0.0,25.83,0.97,0.0
20200715:1730,0.0,0.0,26.01,0.34,0.0
20200715:1830,0.0,0.0,25.98,0.41,0.0
20200715:1930,0.0,0.0,25.12,1.72,0.0
20200715:2030,0.0,0.0,25.19,1.93,0.0
20200715:2130,0.0,-1.92,25.29,2.07,0.0
20200715:2230,53.14,11.83,25.29,2.14,0.0
20200715:2330,226.24,25.73,25.58,1.86,0.0
20200716:0030,253.82,39.67,26.3,2.0,0.0
20200716:0130,596.29,53.51,26.85,2.14,0.0
20200716:0230,675.94,66.86,27.75,2.21,0.0
20200716:0330,709.03,77.7,28.43,2.0,0.0
20200716:0430,674.74,76.55,28.93,1.45,0.0
20200716:0530,579.17,65.02,29.25,1.03,0.0
20200716:0630,609.68,51.56,29.26,0.21,0.0
20200716:0730,503.35,37.68,29.83,1.59,0.0
20200716:0830,387.38,23.72,29.37,1.31,0.0
20200716:0930,101.99,9.82,28.63,1.79,0.0
20200716:1030,0.0,-3.92,27.71,2.21,0.0
20200716:1130,0.0,0.0,26.9,1.93,0.0
20200716:1230,0.0,0.0,26.73,1.24,0.0
20200716:1330,0.0,0.0,26.22,1.1,0.0
20200716:1430,0.0,0.0,26.27,0.97,0.0
20200716:1530,0.0,0.0,26.19,0.97,0.0
20200716:1630,0.0,0.0,26.15,0.9,0.0
20200716:1730,0.0,0.0,25.72,0.9,0.0
20200716:1830,0.0,0.0,25.33,0.9,0.0
20200716:1930,0.0,0.0,26.58,0.9,0.0
20200716:2030,0.0,0.0,27.04,0.76,0.0
20200716:2130,0.0,-1.98,27.06,0.62,0.0
20200716:2230,502.84,11.79,27.18,0.0,0.0
20200716:2330,636.77,25.71,27.38,0.97,0.0
20200717:0030,591.1,39.65,27.77,1.93,0.0
20200717:0130,642.28,53.52,27.77,2.34,0.0
20200717:0230,724.59,66.9,28.19,1.79,0.0
20200717:0330,759.17,77.83,29.05,2.0,0.0
20200717:0430,738.96,76.7,29.74,1.86,0.0
20200717:0530,539.09,65.11,29.71,2.83,0.0
20200717:0630,469.92,51.61,28.71,3.24,0.0
20200717:0730,353.74,37.71,28.18,3.03,0.0
20200717:0830,160.13,23.73,28.46,2.69,0.0
20200717:0930,133.98,9.81,28.36,2.48,0.0
20200717:1030,0.0,-3.93,28.1,2.28,0.0
20200717:1130,0.0,0.0,27.56,2.9,0.0
20200717:1230,0.0,0.0,27.28,3.03,0.0
20200717:1330,0.0,0.0,27.19,3.1,0.0
20200717:1430,0.0,0.0,26.92,3.03,0.0
20200717:1530,0.0,0.0,26.78,2.83,0.0
20200717:1630,0.0,0.0,26.49,3.59,0.0
20200717:1730,0.0,0.0,26.13,4.0,0.0
20200717:1830,0.0,0.0,25.89,3.66,0.0
20200717:1930,0.0,0.0,25.55,3.52,0.0
20200717:2030,0.0,0.0,25.31,3.31,0.0
20200717:2130,0.0,-2.04,25.25,3.52,0.0
20200717:2230,423.49,11.74,25.3,3.45,0.0
20200717:2330,483.51,25.68,25.97,3.86,0.0
20200718:0030,517.34,39.64,26.72,4.62,0.0
20200718:0130,676.26,53.54,27.47,4.41,0.0
20200718:0230,697.78,66.95,28.39,4.69,0.0
20200718:0330,789.13,77.96,28.97,5.1,0.0
20200718:0430,812.92,76.84,29.45,5.38,0.0
20200718:0530,627.55,65.19,29.81,5.17,0.0
20200718:0630,661.65,51.66,29.65,5.17,0.0
20200718:0730,580.96,37.74,29.56,5.45,0.0
20200718:0830,319.36,23.75,29.17,5.24,0.0
20200718:0930,109.06,9.81,28.65,4.34,0.0
20200718:1030,0.0,-3.95,27.74,3.79,0.0
20200718:1130,0.0,0.0,27.12,3.59,0.0
20200718:1230,0.0,0.0,26.78,3.79,0.0
20200718:1330,0.0,0.0,26.65,4.14,0.0
20200718:1430,0.0,0.0,26.42,4.48,0.0
20200718:1530,0.0,0.0,26.19,4.34,0.0
20200718:1630,0.0,0.0,25.79,4.07,0.0
20200718:1730,0.0,0.0,25.52,3.93,0.0
20200718:1830,0.0,0.0,25.31,4.14,0.0
20200718:1930,0.0,0.0,25.51,3.86,0.0
20200718:2030,0.0,0.0,25.4,3.66,0.0
20200718:2130,0.0,-2.09,25.37,3.38,0.0
20200718:2230,325.23,11.7,25.4,3.31,0.0
20200718:2330,372.53,25.65,25.91,3.45,0.0
20200719:0030,635.24,39.64,26.7,3.1,0.0
20200719:0130,692.74,53.55,27.67,2.69,0.0
20200719:0230,665.55,67.01,28.28,2.28,0.0
20200719:0330,575.91,78.1,28.5,2.21,0.0
20200719:0430,388.06,76.99,28.56,1.86,0.0
20200719:0530,374.11,65.27,27.74,2.14,0.0
20200719:0630,373.57,51.7,27.3,0.9,0.0
20200719:0730,213.8,37.76,27.86,1.59,0.0
20200719:0830,117.96,23.75,26.84,2.07,0.0
20200719:0930,25.59,9.8,26.5,1.86,0.0
20200719:1030,0.0,-3.98,26.22,2.28,0.0
20200719:1130,0.0,0.0,26.0,2.69,0.0
20200719:1230,0.0,0.0,25.66,2.55,0.0
20200719:1330,0.0,0.0,25.24,1.86,0.0
20200719:1430,0.0,0.0,25.08,1.31,0.0
20200719:1530,0.0,0.0,24.97,1.1,0.0
20200719:1630,0.0,0.0,25.18,1.66,0.0
20200719:1730,0.0,0.0,25.6,0.76,0.0
20200719:1830,0.0,0.0,26.03,0.28,0.0
20200719:1930,0.0,0.0,24.63,0.83,0.0
20200719:2030,0.0,0.0,24.73,0.9,0.0
20200719:2130,0.0,-2.15,24.7,0.9,0.0
20200719:2230,223.89,11.66,24.67,1.31,0.0
20200719:2330,403.95,25.63,25.9,0.9,0.0
20200720:0030,479.11,39.63,26.55,0.69,0.0
20200720:0130,604.13,53.57,27.12,1.03,0.0
20200720:0230,812.6,67.06,27.79,1.1,0.0
20200720:0330,856.87,78.25,28.49,0.97,0.0
20200720:0430,668.64,77.14,29.09,0.9,0.0
20200720:0530,713.46,65.34,29.2,1.17,0.0
20200720:0630,495.74,51.75,29.33,0.41,0.0
20200720:0730,266.96,37.79,29.8,2.62,0.0
20200720:0830,85.85,23.76,29.17,2.76,0.0
20200720:0930,132.83,9.8,28.25,3.45,0.0
20200720:1030,0.0,-4.0,27.61,2.97,0.0
20200720:1130,0.0,0.0,27.3,2.14,0.0
20200720:1230,0.0,0.0,26.89,2.14,0.0
20200720:1330,0.0,0.0,26.51,2.0,0.0
20200720:1430,0.0,0.0,26.12,2.0,0.0
20200720:1530,0.0,0.0,25.72,1.86,0.0
20200720:1630,0.0,0.0,25.37,1.79,0.0
20200720:1730,0.0,0.0,25.01,1.59,0.0
20200720:1830,0.0,0.0,24.68,1.38,0.0
20200720:1930,0.0,0.0,25.63,3.17,0.0
20200720:2030,0.0,0.0,25.56,2.97,0.0
20200720:2130,0.0,-2.2,25.5,2.76,0.0
20200720:2230,353.65,11.62,25.54,2.55,0.0
20200720:2330,623.38,25.6,26.41,2.55,0.0
20200721:0030,762.55,39.63,27.31,2.55,0.0
20200721:0130,814.02,53.59,28.25,2.55,0.0
20200721:0230,858.0,67.12,28.75,2.55,0.0
20200721:0330,498.72,78.4,29.51,3.03,0.0
20200721:0430,254.88,77.29,28.51,4.41,0.0
20200721:0530,230.85,65.42,27.59,4.69,0.0
20200721:0630,166.69,51.79,27.81,4.21,0.0
20200721:0730,163.04,37.81,27.55,3.17,0.0
20200721:0830,84.2,23.76,27.94,2.62,0.0
20200721:0930,18.2,9.78,27.82,2.55,0.0
20200721:1030,0.0,-4.03,27.39,2.76,0.0
20200721:1130,0.0,0.0,26.93,2.76,0.0
20200721:1230,0.0,0.0,26.6,2.76,0.0
20200721:1330,0.0,0.0,26.13,3.17,0.0
20200721:1430,0.0,0.0,25.81,2.9,0.0
20200721:1530,0.0,0.0,25.5,2.55,0.0
20200721:1630,0.0,0.0,25.32,2.62,0.0
20200721:1730,0.0,0.0,25.12,2.62,0.0
20200721:1830,0.0,0.0,25.03,2.07,0.0
20200721:1930,0.0,0.0,25.05,2.55,0.0
20200721:2030,0.0,0.0,25.01,2.34,0.0
20200721:2130,0.0,-2.26,24.95,2.48,0.0
20200721:2230,131.2,11.59,24.91,2.69,0.0
20200721:2330,461.43,25.58,25.44,2.76,0.0
20200722:0030,569.53,39.63,26.58,2.55,0.0
20200722:0130,766.71,53.61,27.51,2.41,0.0
20200722:0230,766.63,67.18,28.34,2.21,0.0
20200722:0330,848.38,78.55,28.81,1.72,0.0
20200722:0430,660.33,77.44,28.95,1.59,0.0
20200722:0530,369.26,65.5,28.51,1.79,0.0
20200722:0630,660.75,51.83,27.9,0.55,0.0
20200722:0730,477.03,37.83,29.15,1.31,0.0
20200722:0830,360.49,23.77,28.74,1.66,0.0
20200722:0930,236.61,9.77,28.43,1.79,0.0
20200722:1030,0.0,-4.06,28.09,1.1,0.0
20200722:1130,0.0,0.0,27.57,0.48,0.0
20200722:1230,0.0,0.0,27.18,0.76,0.0
20200722:1330,0.0,0.0,26.15,1.52,0.0
20200722:1430,0.0,0.0,25.58,1.24,0.0
20200722:1530,0.0,0.0,25.55,1.86,0.0
20200722:1630,0.0,0.0,25.34,1.59,0.0
20200722:1730,0.0,0.0,25.23,1.72,0.0
20200722:1830,0.0,0.0,25.05,1.17,0.0
20200722:1930,0.0,0.0,25.24,1.93,0.0
20200722:2030,0.0,0.0,25.17,2.0,0.0
20200722:2130,0.0,-2.31,24.95,1.72,0.0
20200722:2230,480.03,11.55,24.86,1.52,0.0
20200722:2330,725.3,25.56,26.96,1.38,0.0
20200723:0030,881.62,39.63,27.9,1.24,0.0
20200723:0130,798.91,53.63,28.82,0.9,0.0
20200723:0230,736.28,67.25,29.24,1.38,0.0
20200723:0330,795.31,78.71,29.48,1.45,0.0
20200723:0430,705.75,77.6,29.68,1.66,0.0
20200723:0530,691.77,65.57,29.75,2.83,0.0
20200723:0630,559.95,51.87,29.88,2.69,0.0
20200723:0730,526.9,37.84,29.65,2.41,0.0
20200723:0830,407.97,23.76,28.64,1.93,0.0
20200723:0930,167.2,9.75,27.98,2.62,0.0
20200723:1030,0.0,-4.1,27.34,1.59,0.0
20200723:1130,0.0,0.0,26.98,1.45,0.0
20200723:1230,0.0,0.0,26.38,1.31,0.0
20200723:1330,0.0,0.0,25.94,1.17,0.0
20200723:1430,0.0,0.0,25.84,1.1,0.0
20200723:1530,0.0,0.0,26.18,0.97,0.0
20200723:1630,0.0,0.0,25.69,0.97,0.0
20200723:1730,0.0,0.0,25.69,0.97,0.0
20200723:1830,0.0,0.0,25.88,0.48,0.0
20200723:1930,0.0,0.0,24.85,1.93,0.0
20200723:2030,0.0,0.0,24.86,1.72,0.0
20200723:2130,0.0,-2.36,24.85,1.45,0.0
20200723:2230,180.75,11.52,24.65,1.24,0.0
20200723:2330,333.16,25.54,25.94,1.31,0.0
20200724:0030,464.91,39.63,26.34,1.79,0.0
20200724:0130,585.32,53.66,27.07,1.86,0.0
20200724:0230,546.65,67.31,27.64,1.79,0.0
20200724:0330,483.94,78.88,27.47,1.52,0.0
20200724:0430,392.96,77.75,27.6,1.45,0.0
20200724:0530,254.11,65.65,27.76,1.72,0.0
20200724:0630,173.54,51.91,27.75,1.66,0.0
20200724:0730,104.63,37.86,27.31,0.34,0.0
20200724:0830,80.08,23.76,26.95,1.59,0.0
20200724:0930,38.28,9.73,26.46,1.72,0.0
20200724:1030,0.0,-4.14,26.34,1.1,0.0
20200724:1130,0.0,0.0,26.02,1.45,0.0
20200724:1230,0.0,0.0,25.76,1.72,0.0
20200724:1330,0.0,0.0,25.5,1.45,0.0
20200724:1430,0.0,0.0,25.3,1.45,0.0
20200724:1530,0.0,0.0,25.37,1.86,0.0
20200724:1630,0.0,0.0,25.05,1.38,0.0
20200724:1730,0.0,0.0,24.93,1.31,0.0
20200724:1830,0.0,0.0,24.95,1.38,0.0
20200724:1930,0.0,0.0,25.69,0.9,0.0
20200724:2030,0.0,0.0,26.21,0.48,0.0
20200724:2130,0.0,-2.41,26.1,0.48,0.0
20200724:2230,98.43,11.48,26.16,0.28,0.0
20200724:2330,406.93,25.53,26.01,0.69,0.0
20200725:0030,567.15,39.63,27.19,1.31,0.0
20200725:0130,598.86,53.69,27.78,1.93,0.0
20200725:0230,704.7,67.38,28.23,2.34,0.0
20200725:0330,558.74,79.04,28.73,2.76,0.0
20200725:0430,563.3,77.91,28.86,2.76,0.0
20200725:0530,439.41,65.72,28.67,2.41,0.0
20200725:0630,361.25,51.94,28.35,1.86,0.0
20200725:0730,176.34,37.87,28.35,2.34,0.0
20200725:0830,100.11,23.75,27.83,2.07,0.0
20200725:0930,60.68,9.7,27.63,1.86,0.0
20200725:1030,0.0,-4.18,27.21,2.07,0.0
20200725:1130,0.0,0.0,26.44,1.79,0.0
20200725:1230,0.0,0.0,26.01,0.83,0.0
20200725:1330,0.0,0.0,26.61,0.62,0.0
20200725:1430,0.0,0.0,26.37,0.76,0.0
20200725:1530,0.0,0.0,26.17,0.83,0.0
20200725:1630,0.0,0.0,26.42,0.62,0.0
20200725:1730,0.0,0.0,26.17,0.55,0.0
20200725:1830,0.0,0.0,25.32,0.76,0.0
20200725:1930,0.0,0.0,25.66,0.55,0.0
20200725:2030,0.0,0.0,25.68,0.21,0.0
20200725:2130,0.0,-2.46,25.57,0.48,0.0
20200725:2230,190.87,11.45,25.28,0.62,0.0
20200725:2330,332.25,25.51,26.01,0.9,0.0
20200726:0030,546.59,39.64,26.68,0.76,0.0
20200726:0130,645.25,53.72,27.37,1.17,0.0
20200726:0230,779.02,67.45,28.0,1.38,0.0
20200726:0330,751.69,79.22,28.49,1.03,0.0
20200726:0430,662.14,78.07,28.78,0.62,0.0
20200726:0530,517.42,65.79,29.16,0.76,0.0
20200726:0630,518.3,51.97,29.27,0.97,0.0
20200726:0730,382.3,37.88,29.47,0.69,0.0
20200726:0830,181.34,23.74,29.26,1.52,0.0
20200726:0930,40.87,9.68,27.93,2.97,0.0
20200726:1030,0.0,-4.23,26.73,2.14,0.0
20200726:1130,0.0,0.0,26.07,2.0,0.0
20200726:1230,0.0,0.0,25.47,1.72,0.0
20200726:1330,0.0,0.0,25.24,1.17,0.0
20200726:1430,0.0,0.0,25.27,1.17,0.0
20200726:1530,0.0,0.0,25.01,1.31,0.0
20200726:1630,0.0,0.0,25.31,0.76,0.0
20200726:1730,0.0,0.0,25.53,0.34,0.0
20200726:1830,0.0,0.0,25.6,0.55,0.0
20200726:1930,0.0,0.0,24.85,1.45,0.0
20200726:2030,0.0,0.0,24.39,1.1,0.0
20200726:2130,0.0,-2.51,24.5,0.9,0.0
20200726:2230,348.02,11.42,24.48,0.97,0.0
20200726:2330,477.28,25.5,25.86,0.55,0.0
20200727:0030,679.27,39.64,26.36,0.41,0.0
20200727:0130,648.39,53.75,27.33,0.28,0.0
20200727:0230,828.22,67.53,28.09,0.14,0.0
20200727:0330,652.63,79.39,28.93,1.24,0.0
20200727:0430,639.99,78.23,28.88,1.38,0.0
20200727:0530,643.57,65.85,28.74,1.66,0.0
20200727:0630,562.03,52.0,28.41,2.0,0.0
20200727:0730,414.13,37.88,29.12,2.97,0.0
20200727:0830,306.67,23.73,28.51,3.66,0.0
20200727:0930,53.46,9.64,28.01,3.31,0.0
20200727:1030,0.0,-4.28,27.61,1.52,0.0
20200727:1130,0.0,0.0,26.52,1.72,0.0
20200727:1230,0.0,0.0,26.29,1.66,0.0
20200727:1330,0.0,0.0,25.97,2.14,0.0
20200727:1430,0.0,0.0,25.71,2.69,0.0
20200727:1530,0.0,0.0,26.02,2.76,0.0
20200727:1630,0.0,0.0,26.04,2.55,0.0
20200727:1730,0.0,0.0,25.95,2.0,0.0
20200727:1830,0.0,0.0,25.75,1.52,0.0
20200727:1930,0.0,0.0,25.11,1.1,0.0
20200727:2030,0.0,0.0,25.04,1.24,0.0
20200727:2130,0.0,-2.56,25.29,1.93,0.0
20200727:2230,73.28,11.39,25.25,1.86,0.0
20200727:2330,122.02,25.49,26.02,1.59,0.0
20200728:0030,187.11,39.65,26.56,1.45,0.0
20200728:0130,215.85,53.78,26.99,1.59,0.0
20200728:0230,423.73,67.6,27.45,1.45,0.0
20200728:0330,349.19,79.57,27.91,1.52,0.0
20200728:0430,416.33,78.39,27.9,1.79,0.0
20200728:0530,284.88,65.92,28.12,2.41,0.0
20200728:0630,199.51,52.03,27.19,2.21,0.0
20200728:0730,140.39,37.89,27.12,2.69,0.0
20200728:0830,102.23,23.71,27.06,2.97,0.0
20200728:0930,27.46,9.61,26.97,2.97,0.0
20200728:1030,0.0,-4.33,26.57,2.55,0.0
20200728:1130,0.0,0.0,26.17,2.62,0.0
20200728:1230,0.0,0.0,25.96,2.41,0.0
20200728:1330,0.0,0.0,25.91,2.21,0.0
20200728:1430,0.0,0.0,25.81,1.93,0.0
20200728:1530,0.0,0.0,25.91,2.62,0.0
20200728:1630,0.0,0.0,25.77,3.03,0.0
20200728:1730,0.0,0.0,25.74,3.17,0.0
20200728:1830,0.0,0.0,25.72,3.24,0.0
20200728:1930,0.0,0.0,25.25,3.66,0.0
20200728:2030,0.0,0.0,25.28,3.45,0.0
20200728:2130,0.0,-2.6,25.34,3.79,0.0
20200728:2230,18.12,11.36,25.18,4.34,0.0
20200728:2330,121.69,25.48,25.4,4.76,0.0
20200729:0030,251.3,39.66,25.86,4.97,0.0
20200729:0130,147.79,53.82,26.03,5.24,0.0
20200729:0230,216.85,67.68,26.1,5.24,0.0
20200729:0330,217.83,79.76,26.31,5.03,0.0
20200729:0430,148.44,78.54,26.47,5.17,0.0
20200729:0530,154.09,65.98,26.31,5.1,0.0
20200729:0630,103.37,52.05,26.17,5.45,0.0
20200729:0730,138.67,37.88,25.95,4.9,0.0
20200729:0830,67.7,23.69,26.1,4.76,0.0
20200729:0930,19.42,9.57,25.97,5.03,0.0
20200729:1030,0.0,-4.39,25.74,5.1,0.0
20200729:1130,0.0,0.0,25.56,4.9,0.0
20200729:1230,0.0,0.0,25.46,4.97,0.0
20200729:1330,0.0,0.0,25.54,5.1,0.0
20200729:1430,0.0,0.0,25.55,5.1,0.0
20200729:1530,0.0,0.0,25.42,5.31,0.0
20200729:1630,0.0,0.0,25.39,5.17,0.0
20200729:1730,0.0,0.0,25.41,5.03,0.0
20200729:1830,0.0,0.0,25.37,5.45,0.0
20200729:1930,0.0,0.0,25.35,4.76,0.0
20200729:2030,0.0,0.0,25.48,5.1,0.0
20200729:2130,0.0,-2.65,25.53,5.59,0.0
20200729:2230,266.01,11.34,25.76,5.17,0.0
20200729:2330,344.05,25.47,25.9,5.38,0.0
20200730:0030,451.36,39.68,26.45,5.24,0.0
20200730:0130,473.12,53.86,26.8,5.72,0.0
20200730:0230,426.29,67.76,27.18,6.14,0.0
20200730:0330,418.17,79.95,26.71,6.0,0.0
20200730:0430,383.93,78.7,27.18,6.28,0.0
20200730:0530,367.72,66.04,27.31,6.69,0.0
20200730:0630,507.8,52.07,26.41,6.55,0.0
20200730:0730,504.89,37.88,27.21,7.59,0.0
20200730:0830,225.15,23.67,27.25,7.38,0.0
20200730:0930,163.51,9.53,27.11,6.62,0.0
20200730:1030,0.0,-4.45,26.93,5.93,0.0
20200730:1130,0.0,0.0,26.81,5.31,0.0
20200730:1230,0.0,0.0,26.54,4.48,0.0
20200730:1330,0.0,0.0,25.84,4.14,0.0
20200730:1430,0.0,0.0,25.96,4.14,0.0
20200730:1530,0.0,0.0,25.49,4.76,0.0
20200730:1630,0.0,0.0,25.43,4.55,0.0
20200730:1730,0.0,0.0,25.52,4.48,0.0
20200730:1830,0.0,0.0,25.67,4.83,0.0
20200730:1930,0.0,0.0,25.39,4.83,0.0
20200730:2030,0.0,0.0,25.4,4.9,0.0
20200730:2130,0.0,-2.69,25.66,4.55,0.0
20200730:2230,159.18,11.31,25.79,4.34,0.0
20200730:2330,275.82,25.46,26.03,4.69,0.0
20200731:0030,400.71,39.69,26.63,4.55,0.0
20200731:0130,589.84,53.89,27.03,4.69,0.0
20200731:0230,593.02,67.84,27.66,4.83,0.0
20200731:0330,454.66,80.14,27.62,4.69,0.0
20200731:0430,512.44,78.86,27.41,4.34,0.0
20200731:0530,272.49,66.09,27.49,4.83,0.0
20200731:0630,330.34,52.09,27.14,4.76,0.0
20200731:0730,255.61,37.87,27.72,4.62,0.0
20200731:0830,183.02,23.64,27.6,4.28,0.0
20200731:0930,51.71,9.49,27.26,3.72,0.0
20200731:1030,0.0,-4.51,26.08,3.66,0.0
20200731:1130,0.0,0.0,25.54,3.45,0.0
20200731:1230,0.0,0.0,25.59,3.38,0.0
20200731:1330,0.0,0.0,25.62,3.52,0.0
20200731:1430,0.0,0.0,25.69,3.24,0.0
20200731:1530,0.0,0.0,25.68,2.9,0.0
20200731:1630,0.0,0.0,25.68,2.9,0.0
20200731:1730,0.0,0.0,25.39,3.03,0.0
20200731:1830,0.0,0.0,25.53,2.62,0.0
20200731:1930,0.0,0.0,25.27,2.69,0.0
20200731:2030,0.0,0.0,25.35,3.17,0.0
20200731:2130,0.0,-2.73,24.9,3.1,0.0
20200731:2230,43.28,11.29,25.0,2.9,0.0
20200731:2330,84.22,25.46,25.27,2.21,0.0
20200801:0030,118.2,39.71,25.75,1.93,0.0
20200801:0130,178.56,53.94,25.96,2.07,0.0
20200801:0230,280.99,67.92,26.17,2.34,0.0
20200801:0330,297.7,80.33,26.72,2.69,0.0
20200801:0430,251.27,79.01,27.16,2.83,0.0
20200801:0530,231.28,66.15,27.03,2.69,0.0
20200801:0630,139.92,52.1,27.05,2.34,0.0
20200801:0730,106.02,37.86,27.64,3.17,0.0
20200801:0830,96.45,23.61,27.43,2.76,0.0
20200801:0930,19.96,9.44,27.4,1.72,0.0
20200801:1030,0.0,-4.58,26.84,0.97,0.0
20200801:1130,0.0,0.0,26.5,0.97,0.0
20200801:1230,0.0,0.0,25.74,1.59,0.0
20200801:1330,0.0,0.0,25.65,1.38,0.0
20200801:1430,0.0,0.0,26.73,0.9,0.0
20200801:1530,0.0,0.0,27.12,0.41,0.0
20200801:1630,0.0,0.0,26.83,0.34,0.0
20200801:1730,0.0,0.0,26.29,0.76,0.0
20200801:1830,0.0,0.0,24.89,1.17,0.0
20200801:1930,0.0,0.0,24.91,1.93,0.0
20200801:2030,0.0,0.0,24.98,2.0,0.0
20200801:2130,0.0,-2.78,24.94,1.86,0.0
20200801:2230,305.96,11.27,24.82,2.07,0.0
20200801:2330,485.71,25.46,25.89,2.0,0.0
20200802:0030,553.49,39.73,26.71,2.14,0.0
20200802:0130,710.24,53.98,27.61,2.28,0.0
20200802:0230,718.59,68.01,28.43,2.48,0.0
20200802:0330,821.79,80.53,29.12,2.69,0.0
20200802:0430,827.68,79.16,29.76,2.9,0.0
20200802:0530,786.28,66.19,30.16,3.38,0.0
20200802:0630,530.12,52.11,30.24,3.59,0.0
20200802:0730,269.45,37.85,29.49,3.24,0.0
20200802:0830,180.09,23.58,28.91,3.24,0.0
20200802:0930,148.16,9.39,28.75,3.31,0.0
20200802:1030,0.0,-4.65,28.25,3.1,0.0
20200802:1130,0.0,0.0,27.77,3.17,0.0
20200802:1230,0.0,0.0,27.5,2.97,0.0
20200802:1330,0.0,0.0,27.15,2.62,0.0
20200802:1430,0.0,0.0,26.88,2.48,0.0
20200802:1530,0.0,0.0,26.67,2.55,0.0
20200802:1630,0.0,0.0,26.39,2.48,0.0
20200802:1730,0.0,0.0,25.89,2.21,0.0
20200802:1830,0.0,0.0,25.36,1.93,0.0
20200802:1930,0.0,0.0,25.45,2.14,0.0
20200802:2030,0.0,0.0,25.18,2.14,0.0
20200802:2130,0.0,-2.81,24.89,1.79,0.0
20200802:2230,474.42,11.25,25.3,1.1,0.0
20200802:2330,671.37,25.45,26.85,0.62,0.0
20200803:0030,751.93,39.75,28.01,1.17,0.0
20200803:0130,705.27,54.02,28.61,1.52,0.0
20200803:0230,667.44,68.09,29.17,1.72,0.0
20200803:0330,610.05,80.73,29.53,2.0,0.0
20200803:0430,559.95,79.31,29.27,1.93,0.0
20200803:0530,593.75,66.24,29.24,2.34,0.0
20200803:0630,116.63,52.12,29.49,2.41,0.0
20200803:0730,102.5,37.83,28.06,1.79,0.0
20200803:0830,55.81,23.54,27.91,2.14,0.0
20200803:0930,97.81,9.33,27.71,1.86,0.0
20200803:1030,0.0,-4.72,27.59,1.93,0.0
20200803:1130,0.0,0.0,27.17,1.72,0.0
20200803:1230,0.0,0.0,26.63,1.59,0.0
20200803:1330,0.0,0.0,26.39,2.21,0.0
20200803:1430,0.0,0.0,26.25,2.69,0.0
20200803:1530,0.0,0.0,26.08,2.62,0.0
20200803:1630,0.0,0.0,25.88,2.34,0.0
20200803:1730,0.0,0.0,25.7,2.48,0.0
20200803:1830,0.0,0.0,25.53,2.41,0.0
20200803:1930,0.0,0.0,25.64,2.21,0.0
20200803:2030,0.0,0.0,25.5,2.34,0.0
20200803:2130,0.0,-2.85,25.43,2.76,0.0
20200803:2230,215.08,11.23,25.41,2.83,0.0
20200803:2330,548.29,25.45,25.84,2.69,0.0
20200804:0030,682.66,39.77,26.82,3.1,0.0
20200804:0130,732.97,54.07,27.95,3.24,0.0
20200804:0230,708.8,68.18,28.65,2.97,0.0
20200804:0330,623.01,80.93,29.0,2.55,0.0
20200804:0430,538.32,79.46,28.65,3.31,0.0
20200804:0530,468.24,66.28,28.61,3.72,0.0
20200804:0630,655.27,52.12,28.64,3.93,0.0
20200804:0730,457.43,37.81,28.92,5.1,0.0
20200804:0830,120.47,23.51,28.34,5.17,0.0
20200804:0930,60.7,9.28,27.42,4.07,0.0
20200804:1030,0.0,-4.8,27.03,3.1,0.0
20200804:1130,0.0,0.0,26.76,2.9,0.0
20200804:1230,0.0,0.0,26.54,3.17,0.0
20200804:1330,0.0,0.0,26.26,3.93,0.0
20200804:1430,0.0,0.0,26.09,3.66,0.0
20200804:1530,0.0,0.0,25.95,3.24,0.0
20200804:1630,0.0,0.0,25.86,3.03,0.0
20200804:1730,0.0,0.0,25.66,3.17,0.0
20200804:1830,0.0,0.0,25.47,3.24,0.0
20200804:1930,0.0,0.0,25.03,2.97,0.0
20200804:2030,0.0,0.0,24.99,2.97,0.0
20200804:2130,0.0,-2.89,25.08,3.17,0.0
20200804:2230,48.52,11.21,25.09,3.03,0.0
20200804:2330,158.77,25.46,25.57,2.69,0.0
20200805:0030,335.06,39.79,26.22,2.76,0.0
20200805:0130,521.87,54.12,27.14,3.17,0.0
20200805:0230,587.94,68.27,28.0,3.1,0.0
20200805:0330,520.22,81.13,28.91,2.69,0.0
20200805:0430,610.76,79.6,29.05,2.07,0.0
20200805:0530,683.74,66.32,29.44,1.79,0.0
20200805:0630,346.12,52.12,29.14,1.1,0.0
20200805:0730,409.99,37.79,27.58,3.24,0.0
20200805:0830,272.65,23.46,27.65,3.1,0.0
20200805:0930,95.5,9.21,27.66,3.03,0.0
20200805:1030,0.0,-4.88,27.39,2.34,0.0
20200805:1130,0.0,0.0,26.94,1.45,0.0
20200805:1230,0.0,0.0,25.9,1.38,0.0
20200805:1330,0.0,0.0,25.56,1.59,0.0
20200805:1430,0.0,0.0,25.76,0.55,0.0
20200805:1530,0.0,0.0,25.44,0.69,0.0
20200805:1630,0.0,0.0,25.21,0.97,0.0
20200805:1730,0.0,0.0,25.13,0.9,0.0
20200805:1830,0.0,0.0,25.58,0.69,0.0
20200805:1930,0.0,0.0,25.44,0.83,0.0
20200805:2030,0.0,0.0,26.15,0.14,0.0
20200805:2130,0.0,-2.92,26.02,0.55,0.0
20200805:2230,13.63,11.2,26.07,0.62,0.0
20200805:2330,41.0,25.46,25.97,0.62,0.0
20200806:0030,179.39,39.82,26.37,0.76,0.0
20200806:0130,212.98,54.16,26.84,1.17,0.0
20200806:0230,306.26,68.36,27.12,1.66,0.0
20200806:0330,239.95,81.34,27.39,2.14,0.0
20200806:0430,295.74,79.74,27.36,2.48,0.0
20200806:0530,387.39,66.35,27.57,2.9,0.0
20200806:0630,254.61,52.11,27.85,3.38,0.0
20200806:0730,99.67,37.76,28.21,3.59,0.0
20200806:0830,68.43,23.42,27.78,3.1,0.0
20200806:0930,67.74,9.15,27.55,2.69,0.0
20200806:1030,0.0,-4.96,26.93,2.83,0.0
20200806:1130,0.0,0.0,26.41,2.41,0.0
20200806:1230,0.0,0.0,26.16,2.55,0.0
20200806:1330,0.0,0.0,25.76,2.83,0.0
20200806:1430,0.0,0.0,25.36,3.31,0.0
20200806:1530,0.0,0.0,25.27,3.1,0.0
20200806:1630,0.0,0.0,25.33,3.31,0.0
20200806:1730,0.0,0.0,25.22,3.72,0.0
20200806:1830,0.0,0.0,25.16,3.24,0.0
20200806:1930,0.0,0.0,25.61,4.34,0.0
20200806:2030,0.0,0.0,25.57,4.21,0.0
20200806:2130,0.0,-2.96,25.37,4.76,0.0
20200806:2230,10.96,11.18,25.35,5.17,0.0
20200806:2330,45.16,25.47,25.42,4.9,0.0
20200807:0030,76.42,39.84,25.77,4.76,0.0
20200807:0130,206.7,54.21,25.84,4.83,0.0
20200807:0230,219.76,68.44,26.23,5.31,0.0
20200807:0330,245.72,81.55,26.34,4.76,0.0
20200807:0430,237.44,79.87,26.62,4.83,0.0
20200807:0530,291.96,66.38,26.87,5.52,0.0
20200807:0630,206.96,52.11,27.08,5.66,0.0
20200807:0730,166.84,37.73,27.43,6.76,0.0
20200807:0830,71.49,23.37,27.47,6.14,0.0
20200807:0930,103.23,9.08,27.17,5.24,0.0
20200807:1030,0.0,-5.05,26.84,4.76,0.0
20200807:1130,0.0,0.0,26.6,4.28,0.0
20200807:1230,0.0,0.0,26.4,3.93,0.0
20200807:1330,0.0,0.0,26.41,3.45,0.0
20200807:1430,0.0,0.0,26.39,3.52,0.0
20200807:1530,0.0,0.0,26.31,3.59,0.0
20200807:1630,0.0,0.0,26.35,3.86,0.0
20200807:1730,0.0,0.0,26.43,4.07,0.0
20200807:1830,0.0,0.0,26.6,4.28,0.0
20200807:1930,0.0,0.0,26.49,4.28,0.0
20200807:2030,0.0,0.0,26.11,4.34,0.0
20200807:2130,0.0,-2.99,26.12,4.21,0.0
20200807:2230,285.82,11.17,25.89,4.62,0.0
20200807:2330,548.21,25.47,26.28,5.38,0.0
20200808:0030,610.68,39.87,26.82,5.72,0.0
20200808:0130,602.38,54.26,27.34,5.31,0.0
20200808:0230,765.19,68.53,27.81,5.03,0.0
20200808:0330,797.94,81.75,28.37,5.79,0.0
20200808:0430,616.8,79.99,28.61,5.79,0.0
20200808:0530,364.06,66.4,27.4,5.93,0.0
20200808:0630,391.23,52.09,27.19,5.93,0.0
20200808:0730,346.86,37.69,27.63,6.07,0.0
20200808:0830,146.89,23.31,27.89,6.0,0.0
20200808:0930,147.74,9.01,27.65,4.9,0.0
20200808:1030,0.0,-5.14,27.4,4.28,0.0
20200808:1130,0.0,0.0,26.96,4.9,0.0
20200808:1230,0.0,0.0,25.95,4.76,0.0
20200808:1330,0.0,0.0,25.78,5.03,0.0
20200808:1430,0.0,0.0,25.79,4.34,0.0
20200808:1530,0.0,0.0,25.97,4.14,0.0
20200808:1630,0.0,0.0,25.69,4.69,0.0
20200808:1730,0.0,0.0,25.48,4.9,0.0
20200808:1830,0.0,0.0,25.55,4.41,0.0
20200808:1930,0.0,0.0,25.33,4.48,0.0
20200808:2030,0.0,0.0,25.21,4.69,0.0
20200808:2130,0.0,-3.02,25.21,4.48,0.0
20200808:2230,215.24,11.16,25.55,4.41,0.0
20200808:2330,314.83,25.48,26.02,4.83,0.0
20200809:0030,389.66,39.9,26.49,4.97,0.0
20200809:0130,260.0,54.32,27.08,5.03,0.0
20200809:0230,328.21,68.62,27.03,5.38,0.0
20200809:0330,409.67,81.96,27.51,5.72,0.0
20200809:0430,361.66,80.11,28.07,6.07,0.0
20200809:0530,383.2,66.42,28.18,5.45,0.0
20200809:0630,710.06,52.08,28.37,5.24,0.0
20200809:0730,551.45,37.65,29.5,5.93,0.0
20200809:0830,316.83,23.25,29.25,6.0,0.0
20200809:0930,136.76,8.94,28.33,5.1,0.0
20200809:1030,0.0,-5.24,27.7,4.41,0.0
20200809:1130,0.0,0.0,27.41,4.07,0.0
20200809:1230,0.0,0.0,27.31,3.86,0.0
20200809:1330,0.0,0.0,27.04,3.86,0.0
20200809:1430,0.0,0.0,26.99,3.79,0.0
20200809:1530,0.0,0.0,26.94,3.66,0.0
20200809:1630,0.0,0.0,26.87,3.52,0.0
20200809:1730,0.0,0.0,26.65,3.31,0.0
20200809:1830,0.0,0.0,26.68,2.97,0.0
20200809:1930,0.0,0.0,26.65,2.76,0.0
20200809:2030,0.0,0.0,26.59,2.83,0.0
20200809:2130,0.0,-3.05,26.56,2.69,0.0
20200809:2230,113.3,11.16,26.47,2.55,0.0
20200809:2330,290.52,25.49,27.1,2.55,0.0
20200810:0030,442.89,39.93,28.0,2.69,0.0
20200810:0130,379.85,54.37,28.52,2.48,0.0
20200810:0230,516.32,68.71,29.03,2.14,0.0
20200810:0330,515.33,82.17,29.45,1.93,0.0
20200810:0430,575.6,80.23,29.49,1.72,0.0
20200810:0530,547.79,66.43,29.91,1.79,0.0
20200810:0630,409.15,52.05,30.08,2.0,0.0
20200810:0730,152.33,37.61,29.47,1.31,0.0
20200810:0830,110.3,23.19,29.27,1.45,0.0
20200810:0930,87.09,8.86,29.15,1.1,0.0
20200810:1030,0.0,-5.33,28.93,0.28,0.0
20200810:1130,0.0,0.0,28.86,0.34,0.0
20200810:1230,0.0,0.0,28.05,0.83,0.0
20200810:1330,0.0,0.0,27.48,1.03,0.0
20200810:1430,0.0,0.0,27.93,0.83,0.0
20200810:1530,0.0,0.0,27.9,0.62,0.0
20200810:1630,0.0,0.0,27.84,0.14,0.0
20200810:1730,0.0,0.0,26.49,0.97,0.0
20200810:1830,0.0,0.0,24.95,1.38,0.0
20200810:1930,0.0,0.0,25.01,1.38,0.0
20200810:2030,0.0,0.0,24.81,1.31,0.0
20200810:2130,0.0,-3.07,24.66,1.1,0.0
20200810:2230,459.43,11.15,24.92,0.83,0.0
20200810:2330,731.14,25.5,26.29,0.34,0.0
20200811:0030,871.05,39.96,27.77,0.55,0.0
20200811:0130,918.82,54.42,28.73,1.31,0.0
20200811:0230,914.8,68.8,29.33,1.38,0.0
20200811:0330,917.34,82.37,29.9,0.9,0.0
20200811:0430,893.26,80.33,30.46,0.9,0.0
20200811:0530,877.17,66.44,30.61,0.55,0.0
20200811:0630,850.69,52.03,30.8,0.55,0.0
20200811:0730,622.18,37.57,30.82,1.79,0.0
20200811:0830,541.08,23.13,30.43,1.59,0.0
20200811:0930,324.59,8.78,30.0,0.28,0.0
20200811:1030,0.0,-5.44,28.54,0.76,0.0
20200811:1130,0.0,0.0,27.71,1.72,0.0
20200811:1230,0.0,0.0,26.84,1.52,0.0
20200811:1330,0.0,0.0,26.72,0.76,0.0
20200811:1430,0.0,0.0,26.25,2.07,0.0
20200811:1530,0.0,0.0,25.96,2.62,0.0
20200811:1630,0.0,0.0,25.75,2.21,0.0
20200811:1730,0.0,0.0,25.66,2.07,0.0
20200811:1830,0.0,0.0,25.54,2.28,0.0
20200811:1930,0.0,0.0,25.68,2.69,0.0
20200811:2030,0.0,0.0,25.65,2.62,0.0
20200811:2130,0.0,-3.1,25.41,2.83,0.0
20200811:2230,30.01,11.14,25.29,2.48,0.0
20200811:2330,121.29,25.52,25.44,2.14,0.0
20200812:0030,304.82,39.99,25.96,1.86,0.0
20200812:0130,375.02,54.48,26.77,2.0,0.0
20200812:0230,520.15,68.89,27.55,1.86,0.0
20200812:0330,440.93,82.58,27.98,1.66,0.0
20200812:0430,501.34,80.43,28.0,1.66,0.0
20200812:0530,440.56,66.44,28.02,1.31,0.0
20200812:0630,166.15,52.0,27.7,1.52,0.0
20200812:0730,163.33,37.51,27.04,1.66,0.0
20200812:0830,90.38,23.06,26.52,1.24,0.0
20200812:0930,38.66,8.69,26.15,1.52,0.0
20200812:1030,0.0,-5.54,25.8,2.07,0.0
20200812:1130,0.0,0.0,25.53,1.79,0.0
20200812:1230,0.0,0.0,25.24,2.0,0.0
20200812:1330,0.0,0.0,24.97,2.14,0.0
20200812:1430,0.0,0.0,24.87,2.14,0.0
20200812:1530,0.0,0.0,24.66,1.72,0.0
20200812:1630,0.0,0.0,24.47,1.66,0.0
20200812:1730,0.0,0.0,24.26,1.17,0.0
20200812:1830,0.0,0.0,24.29,0.9,0.0
20200812:1930,0.0,0.0,24.61,1.17,0.0
20200812:2030,0.0,0.0,24.64,0.83,0.0
20200812:2130,0.0,-3.12,25.14,2.21,0.0
20200812:2230,3.99,11.14,25.23,2.55,0.0
20200812:2330,12.3,25.53,25.26,2.83,0.0
20200813:0030,46.03,40.03,25.53,3.1,0.0
20200813:0130,83.08,54.53,25.52,2.9,0.0
20200813:0230,193.21,68.98,25.88,3.31,0.0
20200813:0330,296.13,82.78,25.97,3.79,0.0
20200813:0430,241.29,80.51,25.99,3.79,0.0
20200813:0530,342.18,66.43,26.06,3.72,0.0
20200813:0630,183.12,51.96,26.04,4.41,0.0
20200813:0730,227.78,37.46,26.47,2.76,0.0
20200813:0830,148.68,22.99,26.56,2.69,0.0
20200813:0930,72.35,8.6,26.6,2.48,0.0
20200813:1030,0.0,-5.65,26.14,2.14,0.0
20200813:1130,0.0,0.0,25.76,2.0,0.0
20200813:1230,0.0,0.0,25.49,2.0,0.0
20200813:1330,0.0,0.0,25.33,2.28,0.0
20200813:1430,0.0,0.0,25.45,2.41,0.0
20200813:1530,0.0,0.0,25.27,2.14,0.0
20200813:1630,0.0,0.0,25.44,2.14,0.0
20200813:1730,0.0,0.0,25.42,1.93,0.0
20200813:1830,0.0,0.0,25.37,1.93,0.0
20200813:1930,0.0,0.0,25.12,3.03,0.0
20200813:2030,0.0,0.0,25.05,2.76,0.0
20200813:2130,0.0,-3.14,25.02,2.55,0.0
20200813:2230,147.78,11.14,25.1,2.62,0.0
20200813:2330,294.33,25.55,25.85,2.76,0.0
20200814:0030,556.37,40.06,26.54,2.97,0.0
20200814:0130,669.53,54.59,27.23,2.97,0.0
20200814:0230,848.89,69.06,27.92,2.69,0.0
20200814:0330,854.9,82.98,28.83,2.9,0.0
20200814:0430,856.21,80.59,29.47,3.45,0.0
20200814:0530,853.74,66.42,29.97,3.86,0.0
20200814:0630,692.01,51.93,30.0,3.86,0.0
20200814:0730,581.18,37.4,29.53,2.97,0.0
20200814:0830,551.47,22.92,29.6,2.48,0.0
20200814:0930,319.29,8.51,29.1,1.72,0.0
20200814:1030,0.0,-5.76,28.16,1.45,0.0
20200814:1130,0.0,0.0,27.31,1.38,0.0
20200814:1230,0.0,0.0,27.22,0.9,0.0
20200814:1330,0.0,0.0,27.14,0.83,0.0
20200814:1430,0.0,0.0,26.78,0.55,0.0
20200814:1530,0.0,0.0,26.75,0.41,0.0
20200814:1630,0.0,0.0,26.28,0.76,0.0
20200814:1730,0.0,0.0,24.86,1.38,0.0
20200814:1830,0.0,0.0,24.56,1.45,0.0
20200814:1930,0.0,0.0,24.53,1.52,0.0
20200814:2030,0.0,0.0,24.68,1.24,0.0
20200814:2130,0.0,-3.16,24.8,0.97,0.0
20200814:2230,432.96,11.14,24.94,0.83,0.0
20200814:2330,616.13,25.56,25.66,0.34,0.0
20200815:0030,777.24,40.1,26.72,0.48,0.0
20200815:0130,850.65,54.64,27.66,0.76,0.0
20200815:0230,791.11,69.15,28.42,0.97,0.0
20200815:0330,844.61,83.17,28.82,1.45,0.0
20200815:0430,798.78,80.66,29.43,2.14,0.0
20200815:0530,788.57,66.41,29.42,2.83,0.0
20200815:0630,474.78,51.88,29.58,2.41,0.0
20200815:0730,377.26,37.34,28.56,2.21,0.0
20200815:0830,296.26,22.84,28.52,1.45,0.0
20200815:0930,133.11,8.41,28.42,1.17,0.0
20200815:1030,0.0,-5.87,28.11,1.17,0.0
20200815:1130,0.0,0.0,27.26,1.17,0.0
20200815:1230,0.0,0.0,27.07,0.9,0.0
20200815:1330,0.0,0.0,27.06,0.9,0.0
20200815:1430,0.0,0.0,26.39,1.03,0.0
20200815:1530,0.0,0.0,25.52,1.38,0.0
20200815:1630,0.0,0.0,25.33,1.59,0.0
20200815:1730,0.0,0.0,25.23,1.72,0.0
20200815:1830,0.0,0.0,25.14,1.86,0.0
20200815:1930,0.0,0.0,25.32,1.45,0.0
20200815:2030,0.0,0.0,26.05,1.03,0.0
20200815:2130,0.0,-3.18,25.08,1.38,0.0
20200815:2230,186.22,11.14,25.1,1.86,0.0
20200815:2330,505.85,25.58,26.32,1.72,0.0
20200816:0030,652.87,40.13,27.07,2.14,0.0
20200816:0130,694.81,54.7,27.7,2.07,0.0
20200816:0230,685.6,69.24,28.22,2.21,0.0
20200816:0330,636.36,83.36,28.75,2.69,0.0
20200816:0430,485.59,80.71,27.82,3.17,0.0
20200816:0530,325.13,66.39,27.86,2.34,0.0
20200816:0630,284.94,51.83,27.38,2.48,0.0
20200816:0730,436.75,37.27,28.07,2.07,0.0
20200816:0830,327.76,22.76,28.31,2.07,0.0
20200816:0930,170.95,8.32,27.09,2.62,0.0
20200816:1030,0.0,-5.99,26.81,2.21,0.0
20200816:1130,0.0,0.0,26.3,2.0,0.0
20200816:1230,0.0,0.0,25.95,2.34,0.0
20200816:1330,0.0,0.0,25.93,2.14,0.0
20200816:1430,0.0,0.0,25.86,2.9,0.0
20200816:1530,0.0,0.0,25.85,3.24,0.0
20200816:1630,0.0,0.0,25.74,3.45,0.0
20200816:1730,0.0,0.0,25.66,3.59,0.0
20200816:1830,0.0,0.0,25.31,3.59,0.0
20200816:1930,0.0,0.0,25.43,3.59,0.0
20200816:2030,0.0,0.0,25.11,3.1,0.0
20200816:2130,0.0,-3.19,25.1,2.9,0.0
20200816:2230,82.24,11.15,25.36,3.1,0.0
20200816:2330,348.46,25.6,25.75,2.83,0.0
20200817:0030,451.16,40.17,26.2,2.76,0.0
20200817:0130,398.14,54.75,26.69,2.97,0.0
20200817:0230,634.37,69.32,27.01,3.45,0.0
20200817:0330,504.07,83.55,27.69,3.66,0.0
20200817:0430,508.03,80.76,27.36,4.0,0.0
20200817:0530,449.7,66.36,27.3,4.07,0.0
20200817:0630,172.08,51.78,27.45,3.93,0.0
20200817:0730,183.03,37.2,27.35,3.59,0.0
20200817:0830,151.62,22.67,26.75,3.31,0.0
20200817:0930,31.25,8.21,26.71,3.45,0.0
20200817:1030,0.0,-6.11,26.39,2.97,0.0
20200817:1130,0.0,0.0,26.15,2.41,0.0
20200817:1230,0.0,0.0,25.66,2.41,0.0
20200817:1330,0.0,0.0,25.35,2.83,0.0
20200817:1430,0.0,0.0,25.44,2.69,0.0
20200817:1530,0.0,0.0,25.46,2.48,0.0
20200817:1630,0.0,0.0,25.44,2.62,0.0
20200817:1730,0.0,0.0,25.24,3.31,0.0
20200817:1830,0.0,0.0,25.22,3.52,0.0
20200817:1930,0.0,0.0,25.06,2.55,0.0
20200817:2030,0.0,0.0,25.26,2.97,0.0
20200817:2130,0.0,-3.21,25.0,3.24,0.0
20200817:2230,238.2,11.15,25.33,3.24,0.0
20200817:2330,273.69,25.62,25.7,3.03,0.0
20200818:0030,506.84,40.21,26.08,2.9,0.0
20200818:0130,689.91,54.81,26.65,2.97,0.0
20200818:0230,670.44,69.4,27.35,3.03,0.0
20200818:0330,646.14,83.73,27.21,3.52,0.0
20200818:0430,543.84,80.79,27.0,3.66,0.0
20200818:0530,458.48,66.32,27.32,3.59,0.0
20200818:0630,423.2,51.72,27.64,3.24,0.0
20200818:0730,380.87,37.13,27.39,2.41,0.0
20200818:0830,200.82,22.58,27.55,2.76,0.0
20200818:0930,48.18,8.11,26.32,2.48,0.0
20200818:1030,0.0,0.0,25.67,2.14,0.0
20200818:1130,0.0,0.0,25.51,2.28,0.0
20200818:1230,0.0,0.0,25.55,2.76,0.0
20200818:1330,0.0,0.0,25.56,2.69,0.0
20200818:1430,0.0,0.0,25.32,3.31,0.0
20200818:1530,0.0,0.0,25.13,3.72,0.0
20200818:1630,0.0,0.0,25.4,3.17,0.0
20200818:1730,0.0,0.0,25.37,2.62,0.0
20200818:1830,0.0,0.0,25.42,2.41,0.0
20200818:1930,0.0,0.0,25.05,1.03,0.0
20200818:2030,0.0,0.0,24.86,1.03,0.0
20200818:2130,0.0,-3.22,24.74,1.59,0.0
20200818:2230,30.28,11.16,24.82,2.28,0.0
20200818:2330,270.0,25.65,25.25,2.48,0.0
20200819:0030,471.51,40.25,26.21,2.97,0.0
20200819:0130,667.2,54.86,27.06,3.24,0.0
20200819:0230,679.88,69.48,27.73,3.31,0.0
20200819:0330,712.62,83.89,27.91,3.79,0.0
20200819:0430,383.02,80.81,27.27,4.21,0.0
20200819:0530,210.72,66.28,26.66,4.07,0.0
20200819:0630,264.92,51.66,26.43,3.52,0.0
20200819:0730,171.0,37.05,27.31,3.31,0.0
20200819:0830,121.99,22.49,26.84,3.72,0.0
20200819:0930,55.06,8.0,26.45,3.31,0.0
20200819:1030,0.0,0.0,26.01,3.1,0.0
20200819:1130,0.0,0.0,25.68,2.69,0.0
20200819:1230,0.0,0.0,25.55,2.55,0.0
20200819:1330,0.0,0.0,25.57,2.55,0.0
20200819:1430,0.0,0.0,25.54,2.55,0.0
20200819:1530,0.0,0.0,25.53,2.9,0.0
20200819:1630,0.0,0.0,25.13,3.24,0.0
20200819:1730,0.0,0.0,25.11,3.79,0.0
20200819:1830,0.0,0.0,25.1,3.86,0.0
20200819:1930,0.0,0.0,25.4,2.9,0.0
20200819:2030,0.0,0.0,25.51,2.55,0.0
20200819:2130,0.0,-3.23,25.57,2.28,0.0
20200819:2230,14.6,11.16,25.55,2.21,0.0
20200819:2330,64.27,25.67,25.76,2.28,0.0
20200820:0030,162.3,40.29,26.21,2.48,0.0
20200820:0130,210.23,54.92,26.62,3.1,0.0
20200820:0230,343.6,69.56,27.0,3.31,0.0
20200820:0330,358.19,84.05,27.88,3.72,0.0
20200820:0430,530.85,80.81,28.21,4.14,0.0
20200820:0530,418.94,66.24,28.68,4.62,0.0
20200820:0630,563.19,51.6,28.58,4.9,0.0
20200820:0730,546.13,36.97,28.63,5.03,0.0
20200820:0830,292.57,22.39,28.33,4.83,0.0
20200820:0930,180.8,7.89,27.73,3.93,0.0
20200820:1030,0.0,0.0,27.16,3.59,0.0
20200820:1130,0.0,0.0,26.62,3.72,0.0
20200820:1230,0.0,0.0,26.24,3.52,0.0
20200820:1330,0.0,0.0,26.13,2.9,0.0
20200820:1430,0.0,0.0,26.15,2.62,0.0
20200820:1530,0.0,0.0,26.07,2.55,0.0
20200820:1630,0.0,0.0,26.01,2.48,0.0
20200820:1730,0.0,0.0,25.93,2.48,0.0
20200820:1830,0.0,0.0,25.82,2.62,0.0
20200820:1930,0.0,0.0,25.77,2.48,0.0
20200820:2030,0.0,0.0,25.76,2.48,0.0
20200820:2130,0.0,-3.24,25.71,2.55,0.0
20200820:2230,200.1,11.17,25.83,2.41,0.0
20200820:2330,534.68,25.7,26.64,2.69,0.0
20200821:0030,709.94,40.33,27.76,3.31,0.0
20200821:0130,664.27,54.97,28.54,3.72,0.0
20200821:0230,797.91,69.63,29.02,4.07,0.0
20200821:0330,773.58,84.2,29.49,4.21,0.0
20200821:0430,700.84,80.81,29.79,4.28,0.0
20200821:0530,689.65,66.18,29.59,4.21,0.0
20200821:0630,554.09,51.52,29.25,3.86,0.0
20200821:0730,554.12,36.89,29.6,3.52,0.0
20200821:0830,474.67,22.29,29.6,3.03,0.0
20200821:0930,299.57,7.78,29.26,2.83,0.0
20200821:1030,0.0,0.0,28.56,2.21,0.0
20200821:1130,0.0,0.0,27.89,2.28,0.0
20200821:1230,0.0,0.0,27.4,2.34,0.0
20200821:1330,0.0,0.0,27.06,2.14,0.0
20200821:1430,0.0,0.0,26.79,2.07,0.0
20200821:1530,0.0,0.0,26.45,2.0,0.0
20200821:1630,0.0,0.0,26.24,2.0,0.0
20200821:1730,0.0,0.0,26.13,2.0,0.0
20200821:1830,0.0,0.0,25.97,2.14,0.0
20200821:1930,0.0,0.0,25.72,1.72,0.0
20200821:2030,0.0,0.0,25.61,1.79,0.0
20200821:2130,0.0,-3.25,25.26,1.66,0.0
20200821:2230,459.91,11.18,25.31,1.66,0.0
20200821:2330,703.54,25.72,27.32,1.45,0.0
20200822:0030,788.79,40.37,28.1,1.86,0.0
20200822:0130,745.45,55.03,28.63,2.34,0.0
20200822:0230,851.78,69.7,28.94,2.62,0.0
20200822:0330,827.71,84.33,29.57,2.9,0.0
20200822:0430,768.03,80.78,29.92,3.17,0.0
20200822:0530,838.91,66.12,29.87,3.24,0.0
20200822:0630,732.91,51.45,30.04,3.17,0.0
20200822:0730,610.25,36.8,29.58,2.21,0.0
20200822:0830,405.03,22.19,29.43,2.34,0.0
20200822:0930,331.59,7.66,28.96,2.83,0.0
20200822:1030,0.0,0.0,28.3,3.17,0.0
20200822:1130,0.0,0.0,27.32,3.45,0.0
20200822:1230,0.0,0.0,27.03,3.03,0.0
20200822:1330,0.0,0.0,26.86,2.62,0.0
20200822:1430,0.0,0.0,26.66,2.21,0.0
20200822:1530,0.0,0.0,26.35,2.07,0.0
20200822:1630,0.0,0.0,25.99,1.79,0.0
20200822:1730,0.0,0.0,25.64,1.86,0.0
20200822:1830,0.0,0.0,25.75,2.55,0.0
20200822:1930,0.0,0.0,25.81,1.72,0.0
20200822:2030,0.0,0.0,25.42,1.52,0.0
20200822:2130,0.0,-3.25,25.69,1.17,0.0
20200822:2230,402.96,11.2,25.36,1.93,0.0
20200822:2330,588.36,25.75,26.79,1.79,0.0
20200823:0030,731.36,40.41,27.5,2.07,0.0
20200823:0130,876.16,55.08,28.09,1.93,0.0
20200823:0230,823.14,69.77,28.78,2.07,0.0
20200823:0330,708.89,84.45,28.96,2.07,0.0
20200823:0430,709.09,80.75,28.82,1.93,0.0
20200823:0530,450.32,66.06,28.61,1.52,0.0
20200823:0630,511.86,51.37,28.79,1.38,0.0
20200823:0730,332.59,36.7,28.77,2.07,0.0
20200823:0830,474.94,22.08,28.78,1.59,0.0
20200823:0930,130.49,7.54,28.65,1.24,0.0
20200823:1030,0.0,0.0,27.99,1.66,0.0
20200823:1130,0.0,0.0,27.33,1.93,0.0
20200823:1230,0.0,0.0,26.98,1.72,0.0
20200823:1330,0.0,0.0,26.49,1.86,0.0
20200823:1430,0.0,0.0,26.17,1.38,0.0
20200823:1530,0.0,0.0,25.8,1.38,0.0
20200823:1630,0.0,0.0,25.87,1.17,0.0
20200823:1730,0.0,0.0,26.82,0.76,0.0
20200823:1830,0.0,0.0,26.47,0.69,0.0
20200823:1930,0.0,0.0,26.75,0.62,0.0
20200823:2030,0.0,0.0,26.81,0.83,0.0
20200823:2130,0.0,-3.25,25.42,1.31,0.0
20200823:2230,427.04,11.21,25.37,1.38,0.0
20200823:2330,665.51,25.78,27.0,1.52,0.0
20200824:0030,832.38,40.45,27.67,1.79,0.0
20200824:0130,908.16,55.13,28.23,1.79,0.0
20200824:0230,803.68,69.84,29.06,1.93,0.0
20200824:0330,874.66,84.55,29.55,2.21,0.0
20200824:0430,836.59,80.7,29.97,2.55,0.0
20200824:0530,749.39,65.98,30.13,2.83,0.0
20200824:0630,808.63,51.28,29.86,2.97,0.0
20200824:0730,745.67,36.61,30.16,2.97,0.0
20200824:0830,557.63,21.98,29.96,2.97,0.0
20200824:0930,312.01,7.42,29.69,2.21,0.0
20200824:1030,0.0,0.0,28.97,2.14,0.0
20200824:1130,0.0,0.0,27.67,1.93,0.0
20200824:1230,0.0,0.0,27.36,1.86,0.0
20200824:1330,0.0,0.0,27.03,1.45,0.0
20200824:1430,0.0,0.0,26.66,1.31,0.0
20200824:1530,0.0,0.0,26.49,1.31,0.0
20200824:1630,0.0,0.0,26.1,1.38,0.0
20200824:1730,0.0,0.0,25.92,1.38,0.0
20200824:1830,0.0,0.0,25.5,1.45,0.0
20200824:1930,0.0,0.0,25.7,1.31,0.0
20200824:2030,0.0,0.0,25.31,1.31,0.0
20200824:2130,0.0,-3.26,25.04,1.38,0.0
20200824:2230,438.9,11.22,24.78,1.59,0.0
20200824:2330,698.38,25.81,26.94,1.59,0.0
20200825:0030,851.58,40.49,28.12,2.41,0.0
20200825:0130,895.9,55.18,28.99,3.1,0.0
20200825:0230,901.9,69.9,29.73,3.59,0.0
20200825:0330,918.35,84.63,30.19,3.79,0.0
20200825:0430,902.24,80.63,30.69,3.86,0.0
20200825:0530,845.68,65.9,30.85,3.86,0.0
20200825:0630,849.16,51.19,30.89,3.86,0.0
20200825:0730,785.09,36.5,30.61,3.72,0.0
20200825:0830,537.81,21.86,30.3,4.07,0.0
20200825:0930,389.67,7.29,29.7,3.72,0.0
20200825:1030,0.0,0.0,28.93,3.1,0.0
20200825:1130,0.0,0.0,28.31,2.83,0.0
20200825:1230,0.0,0.0,28.0,2.41,0.0
20200825:1330,0.0,0.0,27.62,2.0,0.0
20200825:1430,0.0,0.0,27.26,1.93,0.0
20200825:1530,0.0,0.0,27.14,2.14,0.0
20200825:1630,0.0,0.0,26.99,2.34,0.0
20200825:1730,0.0,0.0,26.8,2.41,0.0
20200825:1830,0.0,0.0,26.7,2.41,0.0
20200825:1930,0.0,0.0,26.29,1.86,0.0
20200825:2030,0.0,0.0,26.05,2.07,0.0
20200825:2130,0.0,-3.26,26.15,2.41,0.0
20200825:2230,562.41,11.24,26.13,2.62,0.0
20200825:2330,739.9,25.83,27.47,2.97,0.0
20200826:0030,652.31,40.53,28.49,3.86,0.0
20200826:0130,819.86,55.23,29.05,4.34,0.0
20200826:0230,784.58,69.96,29.6,4.62,0.0
20200826:0330,836.84,84.7,30.01,4.62,0.0
20200826:0430,732.55,80.55,30.27,4.76,0.0
20200826:0530,685.99,65.82,30.03,4.83,0.0
20200826:0630,742.15,51.09,30.03,4.9,0.0
20200826:0730,675.7,36.4,30.23,4.9,0.0
20200826:0830,489.12,21.75,30.07,4.76,0.0
20200826:0930,395.56,7.16,29.37,4.07,0.0
20200826:1030,0.0,0.0,28.48,3.86,0.0
20200826:1130,0.0,0.0,27.68,3.59,0.0
20200826:1230,0.0,0.0,27.3,3.59,0.0
20200826:1330,0.0,0.0,26.9,3.52,0.0
20200826:1430,0.0,0.0,26.58,3.24,0.0
20200826:1530,0.0,0.0,26.4,3.1,0.0
20200826:1630,0.0,0.0,26.26,2.97,0.0
20200826:1730,0.0,0.0,26.21,2.97,0.0
20200826:1830,0.0,0.0,25.97,2.76,0.0
20200826:1930,0.0,0.0,26.25,2.62,0.0
20200826:2030,0.0,0.0,26.03,2.62,0.0
20200826:2130,0.0,-3.26,25.76,2.69,0.0
20200826:2230,358.94,11.26,25.69,3.24,0.0
20200826:2330,557.57,25.86,26.35,4.14,0.0
20200827:0030,766.7,40.57,27.06,4.76,0.0
20200827:0130,853.99,55.28,27.49,5.1,0.0
20200827:0230,845.44,70.02,27.9,4.76,0.0
20200827:0330,846.9,84.74,28.6,4.55,0.0
20200827:0430,832.89,80.46,29.31,4.69,0.0
20200827:0530,785.55,65.72,29.59,4.83,0.0
20200827:0630,836.17,50.99,29.44,5.17,0.0
20200827:0730,566.79,36.29,29.44,4.69,0.0
20200827:0830,295.8,21.63,28.67,4.28,0.0
20200827:0930,85.12,7.03,27.95,3.59,0.0
20200827:1030,0.0,0.0,26.01,3.03,0.0
20200827:1130,0.0,0.0,25.9,2.14,0.0
20200827:1230,0.0,0.0,25.92,2.41,0.0
20200827:1330,0.0,0.0,25.91,3.1,0.0
20200827:1430,0.0,0.0,25.95,3.38,0.0
20200827:1530,0.0,0.0,25.95,3.38,0.0
20200827:1630,0.0,0.0,25.89,3.45,0.0
20200827:1730,0.0,0.0,25.4,3.72,0.0
20200827:1830,0.0,0.0,25.66,3.31,0.0
20200827:1930,0.0,0.0,25.8,3.38,0.0
20200827:2030,0.0,0.0,25.84,3.38,0.0
20200827:2130,0.0,-3.25,26.23,3.72,0.0
20200827:2230,250.95,11.27,26.39,3.72,0.0
20200827:2330,708.54,25.89,26.79,3.72,0.0
20200828:0030,749.99,40.61,27.57,4.34,0.0
20200828:0130,790.73,55.33,28.07,4.83,0.0
20200828:0230,724.89,70.07,28.52,4.76,0.0
20200828:0330,696.57,84.76,28.84,4.28,0.0
20200828:0430,523.87,80.35,28.77,4.14,0.0
20200828:0530,447.6,65.62,27.72,4.21,0.0
20200828:0630,356.89,50.89,27.89,4.21,0.0
20200828:0730,360.05,36.18,28.29,2.83,0.0
20200828:0830,291.65,21.51,27.97,3.1,0.0
20200828:0930,209.36,6.9,27.85,2.76,0.0
20200828:1030,0.0,0.0,27.27,2.97,0.0
20200828:1130,0.0,0.0,26.8,3.17,0.0
20200828:1230,0.0,0.0,26.69,3.24,0.0
20200828:1330,0.0,0.0,26.62,3.24,0.0
20200828:1430,0.0,0.0,26.55,3.45,0.0
20200828:1530,0.0,0.0,26.48,3.52,0.0
20200828:1630,0.0,0.0,26.45,3.17,0.0
20200828:1730,0.0,0.0,26.36,3.03,0.0
20200828:1830,0.0,0.0,26.23,3.03,0.0
20200828:1930,0.0,0.0,26.09,3.59,0.0
20200828:2030,0.0,0.0,26.14,3.31,0.0
20200828:2130,0.0,-3.25,26.14,3.24,0.0
20200828:2230,189.04,11.29,26.29,3.24,0.0
20200828:2330,520.27,25.93,26.89,3.52,0.0
20200829:0030,654.36,40.65,27.83,4.14,0.0
20200829:0130,648.93,55.38,28.52,4.83,0.0
20200829:0230,748.63,70.11,28.78,5.03,0.0
20200829:0330,708.62,84.75,29.06,4.9,0.0
20200829:0430,589.32,80.23,28.58,4.62,0.0
20200829:0530,530.46,65.52,28.31,4.0,0.0
20200829:0630,648.71,50.78,27.98,4.07,0.0
20200829:0730,455.36,36.06,28.8,4.9,0.0
20200829:0830,353.78,21.38,28.54,4.55,0.0
20200829:0930,145.85,6.76,28.44,3.72,0.0
20200829:1030,0.0,0.0,27.85,2.55,0.0
20200829:1130,0.0,0.0,27.21,2.9,0.0
20200829:1230,0.0,0.0,26.84,3.38,0.0
20200829:1330,0.0,0.0,26.69,3.52,0.0
20200829:1430,0.0,0.0,26.52,3.24,0.0
20200829:1530,0.0,0.0,26.39,3.17,0.0
20200829:1630,0.0,0.0,26.16,3.52,0.0
20200829:1730,0.0,0.0,26.03,3.79,0.0
20200829:1830,0.0,0.0,26.06,3.45,0.0
20200829:1930,0.0,0.0,26.09,3.79,0.0
20200829:2030,0.0,0.0,25.87,3.66,0.0
20200829:2130,0.0,-3.25,25.83,4.07,0.0
20200829:2230,174.13,11.31,25.79,4.28,0.0
20200829:2330,251.99,25.96,26.32,4.55,0.0
20200830:0030,282.73,40.69,27.08,5.45,0.0
20200830:0130,386.75,55.42,27.61,5.31,0.0
20200830:0230,618.82,70.15,28.17,5.72,0.0
20200830:0330,657.61,84.73,28.83,5.79,0.0
20200830:0430,730.87,80.09,28.94,5.79,0.0
20200830:0530,362.67,65.4,28.51,5.52,0.0
20200830:0630,473.71,50.67,27.98,4.9,0.0
20200830:0730,233.14,35.94,28.05,6.07,0.0
20200830:0830,164.64,21.25,27.78,5.17,0.0
20200830:0930,34.12,6.62,27.61,4.62,0.0
20200830:1030,0.0,0.0,27.27,4.14,0.0
20200830:1130,0.0,0.0,27.06,3.86,0.0
20200830:1230,0.0,0.0,26.96,3.52,0.0
20200830:1330,0.0,0.0,26.87,3.45,0.0
20200830:1430,0.0,0.0,26.65,3.38,0.0
20200830:1530,0.0,0.0,26.48,3.24,0.0
20200830:1630,0.0,0.0,26.2,3.72,0.0
20200830:1730,0.0,0.0,25.99,4.21,0.0
20200830:1830,0.0,0.0,25.87,4.34,0.0
20200830:1930,0.0,0.0,25.99,3.24,0.0
20200830:2030,0.0,0.0,25.89,3.38,0.0
20200830:2130,0.0,-3.24,25.89,3.38,0.0
20200830:2230,187.67,11.33,25.87,2.97,0.0
20200830:2330,325.82,25.99,26.34,2.76,0.0
20200831:0030,435.07,40.73,26.98,3.17,0.0
20200831:0130,553.64,55.46,27.38,3.52,0.0
20200831:0230,564.04,70.19,27.99,3.66,0.0
20200831:0330,518.03,84.67,28.43,4.0,0.0
20200831:0430,722.85,79.94,28.78,4.21,0.0
20200831:0530,794.36,65.28,29.37,4.41,0.0
20200831:0630,585.65,50.55,29.74,4.76,0.0
20200831:0730,452.59,35.82,29.05,3.66,0.0
20200831:0830,351.67,21.12,28.92,3.86,0.0
20200831:0930,255.22,6.48,28.37,3.38,0.0
20200831:1030,0.0,0.0,27.79,2.97,0.0
20200831:1130,0.0,0.0,27.33,2.9,0.0
20200831:1230,0.0,0.0,27.05,2.83,0.0
20200831:1330,0.0,0.0,26.89,2.76,0.0
20200831:1430,0.0,0.0,26.72,2.83,0.0
20200831:1530,0.0,0.0,26.49,2.97,0.0
20200831:1630,0.0,0.0,26.15,3.03,0.0
20200831:1730,0.0,0.0,25.99,3.03,0.0
20200831:1830,0.0,0.0,25.93,3.03,0.0
20200831:1930,0.0,0.0,25.98,2.41,0.0
20200831:2030,0.0,0.0,25.82,2.21,0.0
20200831:2130,0.0,-3.23,25.69,2.14,0.0
20200831:2230,337.94,11.36,25.78,2.21,0.0
20200831:2330,593.48,26.02,26.84,2.48,0.0
20200901:0030,770.68,40.77,27.8,3.17,0.0
20200901:0130,839.48,55.5,28.48,3.59,0.0
20200901:0230,876.49,70.22,29.04,3.93,0.0
20200901:0330,792.34,84.6,29.51,4.21,0.0
20200901:0430,805.35,79.78,29.64,4.28,0.0
20200901:0530,748.86,65.16,29.75,4.14,0.0
20200901:0630,772.02,50.43,29.62,4.21,0.0
20200901:0730,793.48,35.7,30.17,4.07,0.0
20200901:0830,551.38,20.99,29.99,3.79,0.0
20200901:0930,380.72,6.34,29.52,3.1,0.0
20200901:1030,0.0,0.0,28.78,2.55,0.0
20200901:1130,0.0,0.0,27.93,2.34,0.0
20200901:1230,0.0,0.0,27.42,2.28,0.0
20200901:1330,0.0,0.0,26.95,2.14,0.0
20200901:1430,0.0,0.0,26.66,2.14,0.0
20200901:1530,0.0,0.0,26.28,1.93,0.0
20200901:1630,0.0,0.0,25.88,1.79,0.0
20200901:1730,0.0,0.0,25.61,1.66,0.0
20200901:1830,0.0,0.0,25.31,1.66,0.0
20200901:1930,0.0,0.0,25.32,1.79,0.0
20200901:2030,0.0,0.0,25.17,1.86,0.0
20200901:2130,0.0,-3.22,24.98,1.79,0.0
20200901:2230,431.82,11.38,24.9,1.59,0.0
20200901:2330,702.47,26.05,27.0,1.66,0.0
20200902:0030,796.57,40.81,27.84,2.07,0.0
20200902:0130,851.65,55.54,28.6,2.0,0.0
20200902:0230,898.4,70.25,29.17,1.79,0.0
20200902:0330,920.71,84.5,29.68,1.86,0.0
20200902:0430,894.71,79.6,30.11,2.14,0.0
20200902:0530,769.14,65.02,30.2,2.14,0.0
20200902:0630,478.05,50.3,30.14,2.21,0.0
20200902:0730,402.99,35.57,29.84,2.41,0.0
20200902:0830,219.17,20.86,29.42,2.41,0.0
20200902:0930,114.09,6.19,28.96,1.38,0.0
20200902:1030,0.0,0.0,28.69,0.34,0.0
20200902:1130,0.0,0.0,27.56,0.83,0.0
20200902:1230,0.0,0.0,26.87,1.38,0.0
20200902:1330,0.0,0.0,26.56,1.72,0.0
20200902:1430,0.0,0.0,26.29,1.72,0.0
20200902:1530,0.0,0.0,25.96,1.52,0.0
20200902:1630,0.0,0.0,26.49,0.97,0.0
20200902:1730,0.0,0.0,27.04,0.48,0.0
20200902:1830,0.0,0.0,26.93,0.07,0.0
20200902:1930,0.0,0.0,27.1,0.21,0.0
20200902:2030,0.0,0.0,26.89,0.83,0.0
20200902:2130,0.0,-3.21,25.89,1.1,0.0
20200902:2230,487.25,11.4,25.2,1.38,0.0
20200902:2330,782.62,26.08,27.05,1.52,0.0
20200903:0030,848.16,40.84,27.92,1.79,0.0
20200903:0130,908.11,55.58,28.68,1.79,0.0
20200903:0230,896.63,70.27,29.35,1.79,0.0
20200903:0330,894.77,84.38,29.94,1.59,0.0
20200903:0430,852.57,79.41,30.41,1.17,0.0
20200903:0530,730.78,64.89,30.5,2.0,0.0
20200903:0630,706.85,50.17,30.2,2.14,0.0
20200903:0730,639.6,35.43,30.38,1.17,0.0
20200903:0830,241.67,20.72,29.85,1.17,0.0
20200903:0930,49.55,6.05,29.25,1.66,0.0
20200903:1030,0.0,0.0,27.92,1.79,0.0
20200903:1130,0.0,0.0,27.24,1.52,0.0
20200903:1230,0.0,0.0,26.74,0.83,0.0
20200903:1330,0.0,0.0,26.29,1.38,0.0
20200903:1430,0.0,0.0,25.96,1.24,0.0
20200903:1530,0.0,0.0,26.86,0.34,0.0
20200903:1630,0.0,0.0,26.61,0.21,0.0
20200903:1730,0.0,0.0,26.68,0.21,0.0
20200903:1830,0.0,0.0,26.43,0.28,0.0
20200903:1930,0.0,0.0,26.55,0.14,0.0
20200903:2030,0.0,0.0,26.65,0.14,0.0
20200903:2130,0.0,-3.2,26.57,0.21,0.0
20200903:2230,350.25,11.43,26.35,0.07,0.0
20200903:2330,672.71,26.12,26.83,0.34,0.0
20200904:0030,813.31,40.88,27.61,0.41,0.0
20200904:0130,888.54,55.61,28.44,0.48,0.0
20200904:0230,920.57,70.28,29.17,0.62,0.0
20200904:0330,877.32,84.23,29.79,1.03,0.0
20200904:0430,788.94,79.21,30.17,1.59,0.0
20200904:0530,684.81,64.74,30.15,1.86,0.0
20200904:0630,479.91,50.03,29.59,1.93,0.0
20200904:0730,310.46,35.3,29.21,2.07,0.0
20200904:0830,194.29,20.58,29.05,2.28,0.0
20200904:0930,198.51,5.9,28.74,1.66,0.0
20200904:1030,0.0,0.0,28.37,1.1,0.0
20200904:1130,0.0,0.0,28.19,0.41,0.0
20200904:1230,0.0,0.0,28.2,0.41,0.0
20200904:1330,0.0,0.0,27.5,0.69,0.0
20200904:1430,0.0,0.0,26.75,1.03,0.0
20200904:1530,0.0,0.0,26.22,1.24,0.0
20200904:1630,0.0,0.0,26.14,1.72,0.0
20200904:1730,0.0,0.0,25.89,1.86,0.0
20200904:1830,0.0,0.0,25.7,1.72,0.0
20200904:1930,0.0,0.0,26.15,1.1,0.0
20200904:2030,0.0,0.0,25.66,1.66,0.0
20200904:2130,0.0,-3.19,25.87,2.14,0.0
20200904:2230,434.81,11.45,25.84,2.34,0.0
20200904:2330,679.75,26.15,27.08,2.34,0.0
20200905:0030,758.71,40.91,28.1,2.41,0.0
20200905:0130,812.74,55.64,28.7,2.48,0.0
20200905:0230,534.36,70.29,28.97,3.24,0.0
20200905:0330,703.6,84.07,28.17,4.14,0.0
20200905:0430,671.05,79.0,28.58,3.52,0.0
20200905:0530,666.88,64.59,29.25,3.72,0.0
20200905:0630,567.48,49.89,29.58,4.34,0.0
20200905:0730,516.32,35.16,29.25,3.59,0.0
20200905:0830,384.54,20.43,29.25,3.45,0.0
20200905:0930,194.08,5.75,28.89,3.31,0.0
20200905:1030,0.0,0.0,27.77,2.69,0.0
20200905:1130,0.0,0.0,27.5,2.55,0.0
20200905:1230,0.0,0.0,27.11,2.55,0.0
20200905:1330,0.0,0.0,26.99,2.48,0.0
20200905:1430,0.0,0.0,26.83,2.69,0.0
20200905:1530,0.0,0.0,26.72,2.83,0.0
20200905:1630,0.0,0.0,26.51,2.83,0.0
20200905:1730,0.0,0.0,26.38,3.31,0.0
20200905:1830,0.0,0.0,26.18,3.59,0.0
20200905:1930,0.0,0.0,26.4,2.69,0.0
20200905:2030,0.0,0.0,26.35,2.48,0.0
20200905:2130,0.0,-3.17,25.94,2.9,0.0
20200905:2230,162.7,11.47,26.03,3.17,0.0
20200905:2330,521.12,26.18,26.62,3.38,0.0
20200906:0030,732.31,40.94,27.72,4.21,0.0
20200906:0130,830.14,55.67,28.52,3.93,0.0
20200906:0230,910.56,70.29,29.2,3.79,0.0
20200906:0330,898.13,83.88,29.87,4.0,0.0
20200906:0430,876.51,78.78,30.12,3.86,0.0
20200906:0530,671.92,64.43,29.87,4.14,0.0
20200906:0630,522.49,49.75,29.44,3.79,0.0
20200906:0730,361.73,35.02,29.4,3.24,0.0
20200906:0830,236.88,20.29,28.76,3.31,0.0
20200906:0930,155.54,5.59,28.0,2.55,0.0
20200906:1030,0.0,0.0,27.3,1.59,0.0
20200906:1130,0.0,0.0,26.98,1.86,0.0
20200906:1230,0.0,0.0,26.62,1.38,0.0
20200906:1330,0.0,0.0,26.17,1.59,0.0
20200906:1430,0.0,0.0,25.95,1.72,0.0
20200906:1530,0.0,0.0,25.97,2.07,0.0
20200906:1630,0.0,0.0,25.91,2.34,0.0
20200906:1730,0.0,0.0,25.81,2.07,0.0
20200906:1830,0.0,0.0,25.71,1.86,0.0
20200906:1930,0.0,0.0,25.83,1.59,0.0
20200906:2030,0.0,0.0,25.65,1.66,0.0
20200906:2130,0.0,-3.16,25.41,1.52,0.0
20200906:2230,348.2,11.5,25.3,1.03,0.0
20200906:2330,601.29,26.21,26.62,1.45,0.0
20200907:0030,747.79,40.98,27.38,2.0,0.0
20200907:0130,834.6,55.69,28.23,1.59,0.0
20200907:0230,741.05,70.28,29.02,1.24,0.0
20200907:0330,840.09,83.68,29.32,1.38,0.0
20200907:0430,671.86,78.55,29.66,1.66,0.0
20200907:0530,668.31,64.27,29.52,2.0,0.0
20200907:0630,343.0,49.6,29.01,1.31,0.0
20200907:0730,169.37,34.87,28.89,1.03,0.0
20200907:0830,156.25,20.14,28.31,1.17,0.0
20200907:0930,83.56,5.44,27.65,1.93,0.0
20200907:1030,0.0,0.0,27.19,0.76,0.0
20200907:1130,0.0,0.0,27.25,0.34,0.0
20200907:1230,0.0,0.0,26.41,0.97,0.0
20200907:1330,0.0,0.0,26.51,1.86,0.0
20200907:1430,0.0,0.0,26.39,2.34,0.0
20200907:1530,0.0,0.0,26.31,2.55,0.0
20200907:1630,0.0,0.0,26.15,2.34,0.0
20200907:1730,0.0,0.0,25.88,1.86,0.0
20200907:1830,0.0,0.0,25.41,1.03,0.0
20200907:1930,0.0,0.0,25.15,1.52,0.0
20200907:2030,0.0,0.0,25.1,1.52,0.0
20200907:2130,0.0,-3.14,25.2,1.59,0.0
20200907:2230,440.07,11.52,25.21,1.79,0.0
20200907:2330,616.5,26.24,26.52,1.79,0.0
20200908:0030,522.58,41.01,27.23,1.66,0.0
20200908:0130,851.38,55.71,27.75,0.9,0.0
20200908:0230,834.8,70.27,28.59,0.34,0.0
20200908:0330,821.55,83.46,29.12,0.48,0.0
20200908:0430,641.3,78.31,29.48,0.48,0.0
20200908:0530,678.97,64.1,29.49,1.52,0.0
20200908:0630,623.02,49.45,28.9,1.24,0.0
20200908:0730,412.47,34.73,29.25,2.55,0.0
20200908:0830,94.12,19.99,28.09,3.03,0.0
20200908:0930,12.07,5.28,27.4,2.69,0.0
20200908:1030,0.0,0.0,27.16,2.28,0.0
20200908:1130,0.0,0.0,26.84,1.79,0.0
20200908:1230,0.0,0.0,26.64,2.14,0.0
20200908:1330,0.0,0.0,26.48,2.0,0.0
20200908:1430,0.0,0.0,26.34,2.28,0.0
20200908:1530,0.0,0.0,26.21,2.0,0.0
20200908:1630,0.0,0.0,25.95,1.72,0.0
20200908:1730,0.0,0.0,25.52,1.24,0.0
20200908:1830,0.0,0.0,25.25,1.31,0.0
20200908:1930,0.0,0.0,25.56,3.38,0.0
20200908:2030,0.0,0.0,25.49,3.31,0.0
20200908:2130,0.0,-3.13,25.44,3.1,0.0
20200908:2230,290.08,11.55,25.5,2.62,0.0
20200908:2330,578.64,26.27,26.07,2.55,0.0
20200909:0030,654.68,41.03,27.07,2.83,0.0
20200909:0130,780.32,55.73,27.94,2.76,0.0
20200909:0230,820.38,70.25,28.74,2.41,0.0
20200909:0330,772.0,83.22,29.26,1.79,0.0
20200909:0430,840.33,78.06,29.59,1.17,0.0
20200909:0530,705.82,63.93,29.79,1.86,0.0
20200909:0630,662.83,49.3,28.97,1.59,0.0
20200909:0730,251.12,34.58,29.82,1.17,0.0
20200909:0830,133.16,19.84,28.64,0.69,0.0
20200909:0930,104.85,5.13,27.07,0.48,0.0
20200909:1030,0.0,0.0,26.74,0.62,0.0
20200909:1130,0.0,0.0,26.38,1.38,0.0
20200909:1230,0.0,0.0,26.05,1.79,0.0
20200909:1330,0.0,0.0,25.85,1.52,0.0
20200909:1430,0.0,0.0,25.45,1.17,0.0
20200909:1530,0.0,0.0,25.27,1.31,0.0
20200909:1630,0.0,0.0,25.16,1.31,0.0
20200909:1730,0.0,0.0,26.52,0.28,0.0
20200909:1830,0.0,0.0,25.14,1.38,0.0
20200909:1930,0.0,0.0,24.85,1.45,0.0
20200909:2030,0.0,0.0,24.85,1.38,0.0
20200909:2130,0.0,-3.11,24.88,1.86,0.0
20200909:2230,103.82,11.57,25.28,1.59,0.0
20200909:2330,306.2,26.3,25.61,0.76,0.0
20200910:0030,309.77,41.06,26.45,0.76,0.0
20200910:0130,477.34,55.75,27.11,0.97,0.0
20200910:0230,541.79,70.23,27.78,0.62,0.0
20200910:0330,509.3,82.98,28.32,0.69,0.0
20200910:0430,457.48,77.8,28.14,0.9,0.0
20200910:0530,409.66,63.75,27.83,1.24,0.0
20200910:0630,281.95,49.14,27.63,1.79,0.0
20200910:0730,89.68,34.42,27.98,0.9,0.0
20200910:0830,38.36,19.69,27.24,1.52,0.0
20200910:0930,28.84,4.97,26.45,2.41,0.0
20200910:1030,0.0,0.0,26.14,1.79,0.0
20200910:1130,0.0,0.0,25.69,1.24,0.0
20200910:1230,0.0,0.0,25.72,1.31,0.0
20200910:1330,0.0,0.0,25.45,1.31,0.0
20200910:1430,0.0,0.0,25.3,1.31,0.0
20200910:1530,0.0,0.0,24.97,1.31,0.0
20200910:1630,0.0,0.0,25.0,1.52,0.0
20200910:1730,0.0,0.0,24.85,1.24,0.0
20200910:1830,0.0,0.0,24.85,1.45,0.0
20200910:1930,0.0,0.0,25.55,0.83,0.0
20200910:2030,0.0,0.0,25.41,0.97,0.0
20200910:2130,0.0,-3.09,25.12,1.1,0.0
20200910:2230,376.52,11.6,24.79,1.24,0.0
20200910:2330,651.63,26.33,26.54,1.24,0.0
20200911:0030,844.61,41.09,27.14,1.17,0.0
20200911:0130,766.07,55.76,28.0,1.1,0.0
20200911:0230,901.22,70.19,28.52,1.03,0.0
20200911:0330,723.81,82.71,29.18,1.03,0.0
20200911:0430,759.75,77.54,29.21,1.79,0.0
20200911:0530,618.43,63.56,28.79,1.59,0.0
20200911:0630,257.06,48.98,28.73,0.83,0.0
20200911:0730,232.07,34.27,28.38,0.55,0.0
20200911:0830,181.11,19.53,28.29,0.55,0.0
20200911:0930,90.29,4.81,28.25,0.48,0.0
20200911:1030,0.0,0.0,27.82,0.69,0.0
20200911:1130,0.0,0.0,26.97,1.17,0.0
20200911:1230,0.0,0.0,26.51,1.38,0.0
20200911:1330,0.0,0.0,26.13,1.45,0.0
20200911:1430,0.0,0.0,26.14,1.03,0.0
20200911:1530,0.0,0.0,27.02,0.21,0.0
20200911:1630,0.0,0.0,26.9,0.48,0.0
20200911:1730,0.0,0.0,25.38,1.38,0.0
20200911:1830,0.0,0.0,25.3,1.66,0.0
20200911:1930,0.0,0.0,25.51,2.07,0.0
20200911:2030,0.0,0.0,25.21,1.45,0.0
20200911:2130,0.0,-3.08,25.32,1.1,0.0
20200911:2230,92.53,11.62,25.11,0.97,0.0
20200911:2330,253.86,26.36,25.89,1.24,0.0
20200912:0030,427.44,41.11,26.51,1.24,0.0
20200912:0130,596.39,55.77,27.29,1.38,0.0
20200912:0230,577.36,70.15,28.0,1.79,0.0
20200912:0330,736.56,82.44,28.63,2.34,0.0
20200912:0430,620.96,77.26,29.08,2.48,0.0
20200912:0530,518.99,63.38,29.1,2.34,0.0
20200912:0630,147.96,48.81,28.14,2.76,0.0
20200912:0730,118.78,34.11,27.79,2.97,0.0
20200912:0830,54.81,19.38,27.73,1.72,0.0
20200912:0930,22.26,4.65,27.67,1.17,0.0
20200912:1030,0.0,0.0,27.43,0.41,0.0
20200912:1130,0.0,0.0,27.37,0.62,0.0
20200912:1230,0.0,0.0,27.49,0.41,0.0
20200912:1330,0.0,0.0,26.57,1.03,0.0
20200912:1430,0.0,0.0,25.82,1.24,0.0
20200912:1530,0.0,0.0,26.35,0.97,0.0
20200912:1630,0.0,0.0,26.64,0.76,0.0
20200912:1730,0.0,0.0,26.17,0.69,0.0
20200912:1830,0.0,0.0,25.86,0.34,0.0
20200912:1930,0.0,0.0,26.42,0.9,0.0
20200912:2030,0.0,0.0,25.81,0.97,0.0
20200912:2130,0.0,-3.06,25.18,1.1,0.0
20200912:2230,409.06,11.65,24.61,1.31,0.0
20200912:2330,681.21,26.38,26.37,1.1,0.0
20200913:0030,737.35,41.13,27.43,1.38,0.0
20200913:0130,769.65,55.77,28.18,1.38,0.0
20200913:0230,846.47,70.11,28.81,1.31,0.0
20200913:0330,660.88,82.15,29.21,1.17,0.0
20200913:0430,824.05,76.98,29.45,1.31,0.0
20200913:0530,697.64,63.18,29.91,1.1,0.0
20200913:0630,745.82,48.64,29.97,1.45,0.0
20200913:0730,613.19,33.95,29.68,1.79,0.0
20200913:0830,495.09,19.22,29.58,1.59,0.0
20200913:0930,287.41,4.49,29.12,1.72,0.0
20200913:1030,0.0,0.0,28.43,1.66,0.0
20200913:1130,0.0,0.0,27.78,1.45,0.0
20200913:1230,0.0,0.0,26.99,1.45,0.0
20200913:1330,0.0,0.0,26.51,1.72,0.0
20200913:1430,0.0,0.0,26.36,2.07,0.0
20200913:1530,0.0,0.0,26.21,2.07,0.0
20200913:1630,0.0,0.0,26.19,2.41,0.0
20200913:1730,0.0,0.0,25.64,2.9,0.0
20200913:1830,0.0,0.0,25.59,2.97,0.0
20200913:1930,0.0,0.0,25.89,2.76,0.0
20200913:2030,0.0,0.0,25.72,2.28,0.0
20200913:2130,0.0,-3.04,25.55,2.07,0.0
20200913:2230,359.07,11.67,25.36,2.14,0.0
20200913:2330,592.58,26.41,26.34,2.14,0.0
20200914:0030,782.14,41.15,27.38,2.34,0.0
20200914:0130,658.13,55.77,28.15,1.79,0.0
20200914:0230,652.51,70.05,28.26,1.38,0.0
20200914:0330,599.18,81.86,28.49,0.9,0.0
20200914:0430,642.49,76.7,28.33,1.17,0.0
20200914:0530,698.04,62.98,28.91,1.93,0.0
20200914:0630,362.38,48.47,29.1,2.28,0.0
20200914:0730,152.67,33.79,28.17,4.14,0.0
20200914:0830,149.1,19.06,27.26,3.31,0.0
20200914:0930,9.01,4.33,27.22,2.41,0.0
20200914:1030,0.0,0.0,26.86,1.72,0.0
20200914:1130,0.0,0.0,26.38,2.21,0.0
20200914:1230,0.0,0.0,26.1,1.86,0.0
20200914:1330,0.0,0.0,26.03,1.93,0.0
20200914:1430,0.0,0.0,25.82,1.86,0.0
20200914:1530,0.0,0.0,25.73,1.86,0.0
20200914:1630,0.0,0.0,25.73,2.28,0.0
20200914:1730,0.0,0.0,25.42,1.79,0.0
20200914:1830,0.0,0.0,25.26,1.45,0.0
20200914:1930,0.0,0.0,25.06,1.24,0.0
20200914:2030,0.0,0.0,24.9,0.83,0.0
20200914:2130,0.0,-3.02,25.43,0.55,0.0
20200914:2230,46.84,11.7,24.88,0.97,0.0
20200914:2330,216.78,26.43,25.96,1.52,0.0
20200915:0030,461.6,41.16,26.52,2.34,0.0
20200915:0130,236.7,55.77,27.24,3.17,0.0
20200915:0230,286.17,69.99,27.04,4.07,0.0
20200915:0330,262.81,81.56,26.43,4.76,0.0
20200915:0430,169.63,76.4,26.54,4.55,0.0
20200915:0530,281.62,62.78,26.24,4.9,0.0
20200915:0630,144.52,48.3,26.45,5.38,0.0
20200915:0730,47.71,33.63,26.18,5.72,0.0
20200915:0830,39.34,18.9,25.93,5.59,0.0
20200915:0930,4.3,4.17,25.95,5.72,0.0
20200915:1030,0.0,0.0,25.86,5.59,0.0
20200915:1130,0.0,0.0,25.73,5.59,0.0
20200915:1230,0.0,0.0,25.57,5.59,0.0
20200915:1330,0.0,0.0,25.68,5.52,0.0
20200915:1430,0.0,0.0,25.68,5.52,0.0
20200915:1530,0.0,0.0,25.68,5.17,0.0
20200915:1630,0.0,0.0,25.65,5.1,0.0
20200915:1730,0.0,0.0,25.74,5.45,0.0
20200915:1830,0.0,0.0,25.55,5.93,0.0
20200915:1930,0.0,0.0,25.38,3.86,0.0
20200915:2030,0.0,0.0,25.43,3.86,0.0
20200915:2130,0.0,-3.0,25.51,4.28,0.0
20200915:2230,6.93,11.72,25.47,5.1,0.0
20200915:2330,34.15,26.46,25.42,5.45,0.0
20200916:0030,68.56,41.18,25.63,5.24,0.0
20200916:0130,50.69,55.76,25.84,5.59,0.0
20200916:0230,69.26,69.92,25.16,6.41,0.0
20200916:0330,128.25,81.24,25.29,6.55,0.0
20200916:0430,191.09,76.1,25.37,6.9,0.0
20200916:0530,188.7,62.57,25.65,6.28,0.0
20200916:0630,92.35,48.12,25.49,6.62,0.0
20200916:0730,73.0,33.46,25.82,6.9,0.0
20200916:0830,36.07,18.74,25.85,6.48,0.0
20200916:0930,7.54,4.0,25.42,6.28,0.0
20200916:1030,0.0,0.0,25.62,6.55,0.0
20200916:1130,0.0,0.0,25.77,5.79,0.0
20200916:1230,0.0,0.0,25.63,5.24,0.0
20200916:1330,0.0,0.0,25.67,4.9,0.0
20200916:1430,0.0,0.0,25.37,5.45,0.0
20200916:1530,0.0,0.0,25.48,4.9,0.0
20200916:1630,0.0,0.0,25.41,5.1,0.0
20200916:1730,0.0,0.0,25.27,5.1,0.0
20200916:1830,0.0,0.0,25.09,5.17,0.0
20200916:1930,0.0,0.0,25.3,6.28,0.0
20200916:2030,0.0,0.0,25.37,6.21,0.0
20200916:2130,0.0,-2.98,25.55,5.79,0.0
20200916:2230,11.19,11.74,25.75,5.66,0.0
20200916:2330,62.22,26.48,25.87,5.79,0.0
20200917:0030,157.69,41.19,25.52,5.17,0.0
20200917:0130,200.96,55.74,25.99,4.21,0.0
20200917:0230,234.73,69.84,26.26,4.48,0.0
20200917:0330,299.35,80.92,26.33,4.21,0.0
20200917:0430,230.46,75.8,26.53,4.34,0.0
20200917:0530,220.98,62.36,26.15,4.41,0.0
20200917:0630,75.66,47.94,26.03,4.41,0.0
20200917:0730,55.18,33.29,25.63,3.24,0.0
20200917:0830,23.92,18.57,25.72,3.52,0.0
20200917:0930,9.9,3.84,25.76,3.79,0.0
20200917:1030,0.0,0.0,25.78,3.66,0.0
20200917:1130,0.0,0.0,25.79,3.31,0.0
20200917:1230,0.0,0.0,25.9,3.03,0.0
20200917:1330,0.0,0.0,25.95,2.9,0.0
20200917:1430,0.0,0.0,25.94,2.76,0.0
20200917:1530,0.0,0.0,25.64,2.76,0.0
20200917:1630,0.0,0.0,25.5,2.69,0.0
20200917:1730,0.0,0.0,25.5,2.55,0.0
20200917:1830,0.0,0.0,25.48,2.55,0.0
20200917:1930,0.0,0.0,25.23,2.28,0.0
20200917:2030,0.0,0.0,25.28,2.76,0.0
20200917:2130,0.0,-2.96,25.14,2.41,0.0
20200917:2230,39.35,11.77,25.03,2.07,0.0
20200917:2330,212.92,26.5,25.35,2.07,0.0
20200918:0030,171.44,41.2,25.85,1.79,0.0
20200918:0130,228.26,55.73,25.91,1.79,0.0
20200918:0230,358.78,69.75,26.15,1.52,0.0
20200918:0330,521.96,80.6,26.41,1.38,0.0
20200918:0430,464.32,75.49,26.92,1.17,0.0
20200918:0530,445.1,62.14,27.18,1.1,0.0
20200918:0630,422.71,47.76,27.65,1.31,0.0
20200918:0730,328.31,33.13,26.94,1.24,0.0
20200918:0830,276.68,18.41,27.07,1.24,0.0
20200918:0930,181.37,3.68,26.93,1.59,0.0
20200918:1030,0.0,0.0,26.63,2.21,0.0
20200918:1130,0.0,0.0,26.27,2.48,0.0
20200918:1230,0.0,0.0,26.02,2.9,0.0
20200918:1330,0.0,0.0,25.88,3.24,0.0
20200918:1430,0.0,0.0,25.77,3.1,0.0
20200918:1530,0.0,0.0,25.6,3.1,0.0
20200918:1630,0.0,0.0,25.46,3.17,0.0
20200918:1730,0.0,0.0,25.31,3.24,0.0
20200918:1830,0.0,0.0,25.23,3.03,0.0
20200918:1930,0.0,0.0,25.24,2.97,0.0
20200918:2030,0.0,0.0,25.18,3.1,0.0
20200918:2130,0.0,-2.95,25.12,3.31,0.0
20200918:2230,358.25,11.79,25.2,3.24,0.0
20200918:2330,714.77,26.52,26.0,3.17,0.0
20200919:0030,819.31,41.2,27.3,4.14,0.0
20200919:0130,816.86,55.71,28.19,4.55,0.0
20200919:0230,865.25,69.66,29.03,4.83,0.0
20200919:0330,874.74,80.27,29.87,4.83,0.0
20200919:0430,867.75,75.18,30.4,4.69,0.0
20200919:0530,815.42,61.92,30.68,4.55,0.0
20200919:0630,806.26,47.57,30.66,4.55,0.0
20200919:0730,588.95,32.96,30.44,4.69,0.0
20200919:0830,435.93,18.25,29.76,4.34,0.0
20200919:0930,377.29,3.51,29.15,3.93,0.0
20200919:1030,0.0,0.0,28.33,3.59,0.0
20200919:1130,0.0,0.0,27.66,3.59,0.0
20200919:1230,0.0,0.0,27.21,3.38,0.0
20200919:1330,0.0,0.0,26.81,3.24,0.0
20200919:1430,0.0,0.0,26.44,2.97,0.0
20200919:1530,0.0,0.0,26.19,3.03,0.0
20200919:1630,0.0,0.0,25.96,3.03,0.0
20200919:1730,0.0,0.0,25.68,3.03,0.0
20200919:1830,0.0,0.0,25.47,3.1,0.0
20200919:1930,0.0,0.0,25.51,3.24,0.0
20200919:2030,0.0,0.0,25.47,3.17,0.0
20200919:2130,0.0,-2.93,25.38,3.1,0.0
20200919:2230,388.3,11.81,25.37,2.97,0.0
20200919:2330,491.06,26.53,26.06,1.93,0.0
20200920:0030,820.4,41.2,27.07,2.48,0.0
20200920:0130,720.54,55.68,28.08,2.76,0.0
20200920:0230,894.09,69.56,28.58,2.34,0.0
20200920:0330,738.04,79.93,29.42,2.28,0.0
20200920:0430,807.74,74.86,29.58,2.07,0.0
20200920:0530,652.82,61.7,30.06,2.07,0.0
20200920:0630,432.66,47.39,29.55,2.07,0.0
20200920:0730,411.52,32.78,28.68,2.34,0.0
20200920:0830,282.65,18.08,28.72,2.14,0.0
20200920:0930,148.73,3.35,28.04,2.14,0.0
20200920:1030,0.0,0.0,27.16,2.34,0.0
20200920:1130,0.0,0.0,26.72,2.07,0.0
20200920:1230,0.0,0.0,26.35,2.0,0.0
20200920:1330,0.0,0.0,26.07,1.38,0.0
20200920:1430,0.0,0.0,26.18,0.76,0.0
20200920:1530,0.0,0.0,25.19,1.24,0.0
20200920:1630,0.0,0.0,25.1,1.52,0.0
20200920:1730,0.0,0.0,25.42,2.21,0.0
20200920:1830,0.0,0.0,25.22,1.93,0.0
20200920:1930,0.0,0.0,25.01,0.9,0.0
20200920:2030,0.0,0.0,25.01,1.31,0.0
20200920:2130,0.0,-2.91,24.97,1.79,0.0
20200920:2230,44.2,11.83,24.73,1.24,0.0
20200920:2330,78.73,26.55,25.2,0.97,0.0
20200921:0030,143.41,41.2,25.55,0.48,0.0
20200921:0130,185.11,55.65,26.04,0.76,0.0
20200921:0230,212.04,69.45,26.3,1.31,0.0
20200921:0330,189.03,79.59,26.54,1.72,0.0
20200921:0430,283.23,74.54,26.57,1.66,0.0
20200921:0530,263.44,61.47,26.78,1.79,0.0
20200921:0630,111.38,47.2,27.01,2.48,0.0
20200921:0730,57.85,32.61,26.36,1.72,0.0
20200921:0830,22.66,17.92,26.19,1.59,0.0
20200921:0930,2.67,3.19,26.17,2.21,0.0
20200921:1030,0.0,0.0,26.12,2.0,0.0
20200921:1130,0.0,0.0,26.0,1.86,0.0
20200921:1230,0.0,0.0,25.76,1.52,0.0
20200921:1330,0.0,0.0,26.01,0.97,0.0
20200921:1430,0.0,0.0,26.2,0.83,0.0
20200921:1530,0.0,0.0,25.34,1.45,0.0
20200921:1630,0.0,0.0,25.33,1.59,0.0
20200921:1730,0.0,0.0,26.04,0.83,0.0
20200921:1830,0.0,0.0,25.99,0.41,0.0
20200921:1930,0.0,0.0,25.69,0.83,0.0
20200921:2030,0.0,0.0,24.8,1.31,0.0
20200921:2130,0.0,-2.89,24.66,1.72,0.0
20200921:2230,195.62,11.85,24.92,2.21,0.0
20200921:2330,507.12,26.56,26.1,2.07,0.0
20200922:0030,585.87,41.2,27.04,2.55,0.0
20200922:0130,786.32,55.62,27.63,2.41,0.0
20200922:0230,763.67,69.34,28.39,2.55,0.0
20200922:0330,812.61,79.24,28.89,2.97,0.0
20200922:0430,746.33,74.22,29.26,3.52,0.0
20200922:0530,723.54,61.25,29.58,4.21,0.0
20200922:0630,399.37,47.01,28.48,4.07,0.0
20200922:0730,162.7,32.44,28.18,4.21,0.0
20200922:0830,49.53,17.75,27.73,2.9,0.0
20200922:0930,30.71,3.02,27.49,1.66,0.0
20200922:1030,0.0,0.0,27.28,0.48,0.0
20200922:1130,0.0,0.0,26.52,1.45,0.0
20200922:1230,0.0,0.0,26.31,1.93,0.0
20200922:1330,0.0,0.0,26.0,1.72,0.0
20200922:1430,0.0,0.0,25.91,2.0,0.0
20200922:1530,0.0,0.0,25.81,2.14,0.0
20200922:1630,0.0,0.0,25.7,2.0,0.0
20200922:1730,0.0,0.0,25.49,1.79,0.0
20200922:1830,0.0,0.0,25.22,2.0,0.0
20200922:1930,0.0,0.0,24.89,1.59,0.0
20200922:2030,0.0,0.0,24.6,1.66,0.0
20200922:2130,0.0,-2.87,24.56,2.0,0.0
20200922:2230,440.53,11.86,24.76,2.0,0.0
20200922:2330,647.33,26.57,26.47,1.72,0.0
20200923:0030,753.8,41.19,27.48,2.0,0.0
20200923:0130,890.04,55.58,28.22,2.41,0.0
20200923:0230,826.73,69.21,28.8,2.9,0.0
20200923:0330,790.81,78.89,29.29,3.45,0.0
20200923:0430,776.83,73.89,28.93,4.21,0.0
20200923:0530,414.18,61.01,28.44,4.83,0.0
20200923:0630,160.61,46.81,28.24,3.66,0.0
20200923:0730,253.14,32.26,28.03,3.66,0.0
20200923:0830,257.16,17.59,27.01,3.52,0.0
20200923:0930,119.98,2.86,27.03,2.69,0.0
20200923:1030,0.0,0.0,26.86,1.93,0.0
20200923:1130,0.0,0.0,26.47,2.28,0.0
20200923:1230,0.0,0.0,26.05,2.41,0.0
20200923:1330,0.0,0.0,25.85,2.41,0.0
20200923:1430,0.0,0.0,25.78,2.69,0.0
20200923:1530,0.0,0.0,25.83,2.76,0.0
20200923:1630,0.0,0.0,25.81,2.83,0.0
20200923:1730,0.0,0.0,25.67,2.97,0.0
20200923:1830,0.0,0.0,25.31,3.72,0.0
20200923:1930,0.0,0.0,25.17,3.1,0.0
20200923:2030,0.0,0.0,25.2,2.62,0.0
20200923:2130,0.0,-2.86,25.32,2.62,0.0
20200923:2230,67.85,11.88,25.42,2.62,0.0
20200923:2330,279.13,26.58,25.79,3.17,0.0
20200924:0030,423.2,41.18,26.35,4.14,0.0
20200924:0130,640.59,55.53,27.09,4.28,0.0
20200924:0230,693.34,69.08,28.06,4.07,0.0
20200924:0330,609.9,78.53,28.71,4.48,0.0
20200924:0430,724.36,73.56,28.53,5.31,0.0
20200924:0530,501.89,60.78,27.77,5.66,0.0
20200924:0630,405.65,46.62,27.54,4.34,0.0
20200924:0730,249.36,32.09,27.46,3.86,0.0
20200924:0830,316.31,17.42,27.31,3.86,0.0
20200924:0930,96.65,2.7,27.25,3.59,0.0
20200924:1030,0.0,0.0,26.77,2.9,0.0
20200924:1130,0.0,0.0,26.42,2.9,0.0
20200924:1230,0.0,0.0,26.18,2.76,0.0
20200924:1330,0.0,0.0,26.01,2.14,0.0
20200924:1430,0.0,0.0,25.95,2.48,0.0
20200924:1530,0.0,0.0,25.8,3.17,0.0
20200924:1630,0.0,0.0,25.76,3.52,0.0
20200924:1730,0.0,0.0,25.6,3.86,0.0
20200924:1830,0.0,0.0,25.59,3.66,0.0
20200924:1930,0.0,0.0,26.18,3.1,0.0
20200924:2030,0.0,0.0,26.12,2.83,0.0
20200924:2130,0.0,-2.84,25.97,2.34,0.0
20200924:2230,157.87,11.89,25.72,2.55,0.0
20200924:2330,300.65,26.59,26.25,2.83,0.0
20200925:0030,361.74,41.17,26.82,3.45,0.0
20200925:0130,612.21,55.48,27.36,3.93,0.0
20200925:0230,538.99,68.95,27.98,4.62,0.0
20200925:0330,747.42,78.18,28.11,4.9,0.0
20200925:0430,837.9,73.23,28.58,5.24,0.0
20200925:0530,715.39,60.54,28.89,5.45,0.0
20200925:0630,378.99,46.42,28.45,5.17,0.0
20200925:0730,314.27,31.91,27.76,4.0,0.0
20200925:0830,231.57,17.26,27.64,4.0,0.0
20200925:0930,101.65,2.54,26.97,3.52,0.0
20200925:1030,0.0,0.0,26.58,2.83,0.0
20200925:1130,0.0,0.0,26.34,2.83,0.0
20200925:1230,0.0,0.0,26.19,2.9,0.0
20200925:1330,0.0,0.0,26.07,2.9,0.0
20200925:1430,0.0,0.0,26.01,2.97,0.0
20200925:1530,0.0,0.0,25.96,2.9,0.0
20200925:1630,0.0,0.0,25.78,2.76,0.0
20200925:1730,0.0,0.0,25.4,2.76,0.0
20200925:1830,0.0,0.0,25.4,3.1,0.0
20200925:1930,0.0,0.0,25.89,2.9,0.0
20200925:2030,0.0,0.0,25.72,2.97,0.0
20200925:2130,0.0,-2.82,25.68,2.62,0.0
20200925:2230,329.43,11.91,25.69,2.48,0.0
20200925:2330,590.73,26.59,26.7,2.76,0.0
20200926:0030,728.95,41.15,27.25,3.86,0.0
20200926:0130,852.1,55.43,27.58,3.79,0.0
20200926:0230,865.34,68.8,28.25,4.41,0.0
20200926:0330,736.51,77.82,28.6,5.17,0.0
20200926:0430,800.0,72.89,28.59,5.1,0.0
20200926:0530,606.94,60.3,28.74,4.0,0.0
20200926:0630,644.88,46.23,28.07,4.28,0.0
20200926:0730,284.49,31.74,28.59,3.72,0.0
20200926:0830,178.01,17.09,27.79,4.0,0.0
20200926:0930,125.83,2.38,27.19,3.66,0.0
20200926:1030,0.0,0.0,26.44,2.83,0.0
20200926:1130,0.0,0.0,26.17,1.59,0.0
20200926:1230,0.0,0.0,25.81,1.38,0.0
20200926:1330,0.0,0.0,25.69,0.97,0.0
20200926:1430,0.0,0.0,25.96,0.97,0.0
20200926:1530,0.0,0.0,25.47,1.17,0.0
20200926:1630,0.0,0.0,25.22,1.31,0.0
20200926:1730,0.0,0.0,24.86,1.52,0.0
20200926:1830,0.0,0.0,24.85,1.86,0.0
20200926:1930,0.0,0.0,25.58,1.03,0.0
20200926:2030,0.0,0.0,26.32,0.76,0.0
20200926:2130,0.0,-2.81,26.31,0.48,0.0
20200926:2230,298.6,11.92,26.17,0.76,0.0
20200926:2330,599.79,26.59,26.39,1.24,0.0
20200927:0030,800.16,41.13,27.1,1.03,0.0
20200927:0130,787.37,55.37,27.83,0.97,0.0
20200927:0230,834.97,68.65,28.3,0.9,0.0
20200927:0330,841.35,77.45,28.9,0.97,0.0
20200927:0430,723.57,72.55,29.23,1.72,0.0
20200927:0530,787.68,60.06,28.95,1.03,0.0
20200927:0630,670.55,46.03,29.46,0.97,0.0
20200927:0730,612.55,31.56,29.79,1.72,0.0
20200927:0830,460.38,16.93,29.6,2.07,0.0
20200927:0930,6.66,2.22,29.0,1.93,0.0
20200927:1030,0.0,0.0,28.37,2.48,0.0
20200927:1130,0.0,0.0,27.7,1.86,0.0
20200927:1230,0.0,0.0,27.64,0.76,0.0
20200927:1330,0.0,0.0,27.88,0.55,0.0
20200927:1430,0.0,0.0,27.79,0.55,0.0
20200927:1530,0.0,0.0,27.66,0.28,0.0
20200927:1630,0.0,0.0,27.33,0.41,0.0
20200927:1730,0.0,0.0,26.86,0.62,0.0
20200927:1830,0.0,0.0,26.61,0.28,0.0
20200927:1930,0.0,0.0,26.87,0.21,0.0
20200927:2030,0.0,0.0,26.69,0.55,0.0
20200927:2130,0.0,-2.79,26.07,0.83,0.0
20200927:2230,482.58,11.93,26.17,0.69,0.0
20200927:2330,733.23,26.59,26.57,0.14,0.0
20200928:0030,789.94,41.11,27.52,0.76,0.0
20200928:0130,791.92,55.3,28.17,1.38,0.0
20200928:0230,695.95,68.49,28.4,1.93,0.0
20200928:0330,582.21,77.09,28.0,1.93,0.0
20200928:0430,695.82,72.22,28.0,1.72,0.0
20200928:0530,635.79,59.81,28.57,1.66,0.0
20200928:0630,341.91,45.83,28.89,1.38,0.0
20200928:0730,183.61,31.39,27.86,2.0,0.0
20200928:0830,119.79,16.76,27.42,2.55,0.0
20200928:0930,7.14,2.06,27.18,2.76,0.0
20200928:1030,0.0,0.0,26.99,2.21,0.0
20200928:1130,0.0,0.0,26.72,1.72,0.0
20200928:1230,0.0,0.0,26.34,1.66,0.0
20200928:1330,0.0,0.0,25.91,1.38,0.0
20200928:1430,0.0,0.0,25.91,1.72,0.0
20200928:1530,0.0,0.0,25.67,2.14,0.0
20200928:1630,0.0,0.0,25.52,2.07,0.0
20200928:1730,0.0,0.0,24.93,1.45,0.0
20200928:1830,0.0,0.0,24.89,0.9,0.0
20200928:1930,0.0,0.0,24.86,1.1,0.0
20200928:2030,0.0,0.0,25.17,1.86,0.0
20200928:2130,0.0,-2.78,24.92,1.86,0.0
20200928:2230,327.39,11.94,25.76,0.76,0.0
20200928:2330,549.41,26.59,26.24,0.69,0.0
20200929:0030,681.13,41.08,26.92,0.55,0.0
20200929:0130,663.09,55.23,27.64,0.34,0.0
20200929:0230,653.46,68.32,28.11,1.1,0.0
20200929:0330,513.74,76.72,27.76,2.07,0.0
20200929:0430,483.15,71.88,27.4,2.14,0.0
20200929:0530,394.56,59.57,27.19,2.9,0.0
20200929:0630,325.43,45.63,27.16,2.76,0.0
20200929:0730,497.84,31.21,28.15,2.62,0.0
20200929:0830,273.89,16.6,28.45,2.48,0.0
20200929:0930,7.34,1.9,27.87,2.14,0.0
20200929:1030,0.0,0.0,27.43,2.21,0.0
20200929:1130,0.0,0.0,26.87,1.79,0.0
20200929:1230,0.0,0.0,26.61,1.17,0.0
20200929:1330,0.0,0.0,27.19,0.55,0.0
20200929:1430,0.0,0.0,27.14,0.21,0.0
20200929:1530,0.0,0.0,26.87,0.21,0.0
20200929:1630,0.0,0.0,26.64,0.28,0.0
20200929:1730,0.0,0.0,26.16,0.07,0.0
20200929:1830,0.0,0.0,25.75,0.48,0.0
20200929:1930,0.0,0.0,24.73,1.38,0.0
20200929:2030,0.0,0.0,24.8,1.31,0.0
20200929:2130,0.0,-2.77,24.83,1.24,0.0
20200929:2230,338.94,11.94,25.02,1.1,0.0
20200929:2330,684.99,26.59,26.14,0.62,0.0
20200930:0030,814.97,41.05,27.29,1.17,0.0
20200930:0130,857.29,55.16,28.18,1.52,0.0
20200930:0230,869.3,68.15,28.95,1.79,0.0
20200930:0330,851.97,76.35,29.46,2.34,0.0
20200930:0430,701.52,71.54,29.66,2.97,0.0
20200930:0530,601.66,59.32,28.94,3.38,0.0
20200930:0630,551.32,45.43,27.97,3.52,0.0
20200930:0730,416.03,31.03,27.71,2.62,0.0
20200930:0830,265.66,16.44,28.13,2.0,0.0
20200930:0930,6.78,1.75,28.11,0.97,0.0
20200930:1030,0.0,0.0,27.94,0.41,0.0
20200930:1130,0.0,0.0,26.76,1.1,0.0
20200930:1230,0.0,0.0,26.41,1.72,0.0
20200930:1330,0.0,0.0,26.1,2.0,0.0
20200930:1430,0.0,0.0,26.0,2.14,0.0
20200930:1530,0.0,0.0,25.84,2.28,0.0
20200930:1630,0.0,0.0,25.78,2.34,0.0
20200930:1730,0.0,0.0,25.76,2.48,0.0
20200930:1830,0.0,0.0,25.78,2.55,0.0
20200930:1930,0.0,0.0,25.87,2.62,0.0
20200930:2030,0.0,0.0,25.85,2.69,0.0
20200930:2130,0.0,-2.76,25.76,2.48,0.0
20200930:2230,523.46,11.95,25.63,2.55,0.0
20200930:2330,734.13,26.58,26.6,2.83,0.0
20201001:0030,839.43,41.02,27.45,3.1,0.0
20201001:0130,763.19,55.08,28.07,3.24,0.0
20201001:0230,837.71,67.97,28.55,3.45,0.0
20201001:0330,779.05,75.98,28.99,3.79,0.0
20201001:0430,856.3,71.2,29.1,4.21,0.0
20201001:0530,662.95,59.07,29.36,4.21,0.0
20201001:0630,587.83,45.23,28.84,3.86,0.0
20201001:0730,516.91,30.86,28.86,3.59,0.0
20201001:0830,439.46,16.27,28.6,3.31,0.0
20201001:0930,7.62,1.59,28.4,2.83,0.0
20201001:1030,0.0,0.0,27.59,2.28,0.0
20201001:1130,0.0,0.0,26.91,1.79,0.0
20201001:1230,0.0,0.0,26.28,1.03,0.0
20201001:1330,0.0,0.0,25.98,1.17,0.0
20201001:1430,0.0,0.0,25.77,1.52,0.0
20201001:1530,0.0,0.0,25.67,1.93,0.0
20201001:1630,0.0,0.0,25.37,1.93,0.0
20201001:1730,0.0,0.0,25.24,1.86,0.0
20201001:1830,0.0,0.0,24.96,1.93,0.0
20201001:1930,0.0,0.0,25.17,2.62,0.0
20201001:2030,0.0,0.0,25.45,2.83,0.0
20201001:2130,0.0,-2.75,25.6,2.34,0.0
20201001:2230,343.09,11.95,25.38,1.72,0.0
20201001:2330,649.89,26.57,26.26,1.93,0.0
20201002:0030,754.3,40.98,26.98,2.21,0.0
20201002:0130,768.67,54.99,27.62,2.21,0.0
20201002:0230,777.85,67.79,28.23,2.62,0.0
20201002:0330,488.57,75.61,27.81,3.03,0.0
20201002:0430,688.83,70.85,27.43,2.14,0.0
20201002:0530,578.04,58.82,28.2,2.83,0.0
20201002:0630,366.37,45.02,28.58,2.83,0.0
20201002:0730,319.85,30.68,28.41,2.97,0.0
20201002:0830,214.11,16.11,28.25,1.79,0.0
20201002:0930,6.82,1.44,27.53,0.48,0.0
20201002:1030,0.0,0.0,26.65,0.83,0.0
20201002:1130,0.0,0.0,25.99,0.9,0.0
20201002:1230,0.0,0.0,25.53,1.17,0.0
20201002:1330,0.0,0.0,26.1,0.69,0.0
20201002:1430,0.0,0.0,26.22,0.21,0.0
20201002:1530,0.0,0.0,26.27,0.62,0.0
20201002:1630,0.0,0.0,25.38,1.03,0.0
20201002:1730,0.0,0.0,24.78,1.24,0.0
20201002:1830,0.0,0.0,25.21,1.03,0.0
20201002:1930,0.0,0.0,24.43,1.59,0.0
20201002:2030,0.0,0.0,24.56,1.52,0.0
20201002:2130,0.0,-2.74,24.78,1.72,0.0
20201002:2230,344.4,11.95,25.04,1.72,0.0
20201002:2330,464.38,26.55,26.84,1.45,0.0
20201003:0030,753.72,40.94,27.45,1.59,0.0
20201003:0130,905.38,54.9,28.28,1.79,0.0
20201003:0230,795.75,67.6,29.04,1.86,0.0
20201003:0330,906.13,75.24,29.26,2.28,0.0
20201003:0430,790.38,70.51,29.72,2.83,0.0
20201003:0530,664.06,58.57,28.56,2.97,0.0
20201003:0630,399.75,44.82,28.6,2.97,0.0
20201003:0730,117.41,30.51,28.41,3.52,0.0
20201003:0830,67.14,15.95,28.19,1.86,0.0
20201003:0930,4.62,1.29,27.87,1.52,0.0
20201003:1030,0.0,0.0,27.36,1.45,0.0
20201003:1130,0.0,0.0,26.8,1.52,0.0
20201003:1230,0.0,0.0,26.62,1.93,0.0
20201003:1330,0.0,0.0,26.47,2.07,0.0
20201003:1430,0.0,0.0,26.1,1.93,0.0
20201003:1530,0.0,0.0,25.83,2.0,0.0
20201003:1630,0.0,0.0,25.58,1.59,0.0
20201003:1730,0.0,0.0,25.61,2.0,0.0
20201003:1830,0.0,0.0,25.65,2.69,0.0
20201003:1930,0.0,0.0,25.57,3.17,0.0
20201003:2030,0.0,0.0,25.54,2.41,0.0
20201003:2130,0.0,-2.74,25.89,1.66,0.0
20201003:2230,165.77,11.95,25.64,1.66,0.0
20201003:2330,473.81,26.54,26.42,1.72,0.0
20201004:0030,622.04,40.89,27.18,1.1,0.0
20201004:0130,818.58,54.81,27.98,1.66,0.0
20201004:0230,760.92,67.4,28.71,2.34,0.0
20201004:0330,372.34,74.87,28.6,2.76,0.0
20201004:0430,223.55,70.17,27.39,2.69,0.0
20201004:0530,187.3,58.32,27.12,2.07,0.0
20201004:0630,470.6,44.62,27.23,1.24,0.0
20201004:0730,331.04,30.33,28.51,1.72,0.0
20201004:0830,304.77,15.8,28.32,2.21,0.0
20201004:0930,4.64,1.14,27.11,2.14,0.0
20201004:1030,0.0,0.0,26.85,0.07,0.0
20201004:1130,0.0,0.0,26.41,0.62,0.0
20201004:1230,0.0,0.0,25.89,0.9,0.0
20201004:1330,0.0,0.0,25.92,1.38,0.0
20201004:1430,0.0,0.0,25.81,2.14,0.0
20201004:1530,0.0,0.0,25.48,1.93,0.0
20201004:1630,0.0,0.0,25.22,1.1,0.0
20201004:1730,0.0,0.0,25.86,0.48,0.0
20201004:1830,0.0,0.0,26.04,0.21,0.0
20201004:1930,0.0,0.0,25.11,0.9,0.0
20201004:2030,0.0,0.0,25.17,1.59,0.0
20201004:2130,0.0,-2.73,25.27,1.66,0.0
20201004:2230,239.75,11.94,25.31,1.66,0.0
20201004:2330,338.85,26.52,26.25,1.31,0.0
20201005:0030,662.9,40.84,26.78,1.45,0.0
20201005:0130,544.55,54.71,27.62,2.07,0.0
20201005:0230,834.56,67.2,27.82,2.28,0.0
20201005:0330,580.93,74.49,28.42,1.93,0.0
20201005:0430,475.89,69.83,28.34,2.14,0.0
20201005:0530,345.97,58.07,27.68,1.93,0.0
20201005:0630,167.97,44.42,27.89,2.21,0.0
20201005:0730,208.14,30.16,27.44,3.03,0.0
20201005:0830,63.77,15.64,27.5,3.72,0.0
20201005:0930,5.27,1.0,26.38,3.03,0.0
20201005:1030,0.0,0.0,26.37,2.55,0.0
20201005:1130,0.0,0.0,26.28,2.28,0.0
20201005:1230,0.0,0.0,26.24,2.21,0.0
20201005:1330,0.0,0.0,26.16,2.28,0.0
20201005:1430,0.0,0.0,26.13,2.62,0.0
20201005:1530,0.0,0.0,25.72,2.62,0.0
20201005:1630,0.0,0.0,25.51,2.83,0.0
20201005:1730,0.0,0.0,25.48,3.24,0.0
20201005:1830,0.0,0.0,25.69,3.38,0.0
20201005:1930,0.0,0.0,25.31,2.76,0.0
20201005:2030,0.0,0.0,25.46,2.9,0.0
20201005:2130,0.0,-2.73,25.58,2.48,0.0
20201005:2230,229.45,11.94,25.66,2.28,0.0
20201005:2330,361.4,26.49,25.98,2.41,0.0
20201006:0030,472.28,40.79,26.3,2.41,0.0
20201006:0130,546.65,54.6,26.67,2.21,0.0
20201006:0230,700.92,66.99,27.03,2.0,0.0
20201006:0330,337.99,74.12,27.77,2.28,0.0
20201006:0430,368.08,69.48,27.8,3.31,0.0
20201006:0530,408.21,57.82,26.88,3.45,0.0
20201006:0630,329.24,44.22,27.15,2.97,0.0
20201006:0730,281.0,29.98,27.62,2.9,0.0
20201006:0830,124.41,15.48,27.81,3.38,0.0
20201006:0930,2.82,0.85,26.72,2.83,0.0
20201006:1030,0.0,0.0,26.03,2.69,0.0
20201006:1130,0.0,0.0,25.97,3.1,0.0
20201006:1230,0.0,0.0,26.04,2.28,0.0
20201006:1330,0.0,0.0,26.09,2.0,0.0
20201006:1430,0.0,0.0,26.09,2.07,0.0
20201006:1530,0.0,0.0,25.98,2.28,0.0
20201006:1630,0.0,0.0,25.94,2.41,0.0
20201006:1730,0.0,0.0,25.81,2.62,0.0
20201006:1830,0.0,0.0,25.61,2.55,0.0
20201006:1930,0.0,0.0,25.68,2.41,0.0
20201006:2030,0.0,0.0,25.67,1.79,0.0
20201006:2130,0.0,-2.73,25.58,1.66,0.0
20201006:2230,62.53,11.93,25.42,1.31,0.0
20201006:2330,139.8,26.47,26.21,1.1,0.0
20201007:0030,258.55,40.73,26.75,0.76,0.0
20201007:0130,398.79,54.5,27.07,1.52,0.0
20201007:0230,556.54,66.77,27.36,1.93,0.0
20201007:0330,551.3,73.74,27.79,1.86,0.0
20201007:0430,567.67,69.14,28.12,1.59,0.0
20201007:0530,423.7,57.57,28.8,1.59,0.0
20201007:0630,86.0,44.02,27.46,1.24,0.0
20201007:0730,41.3,29.81,27.08,1.72,0.0
20201007:0830,32.87,15.33,26.88,2.34,0.0
20201007:0930,3.04,0.71,26.49,2.62,0.0
20201007:1030,0.0,0.0,26.0,2.48,0.0
20201007:1130,0.0,0.0,25.9,2.34,0.0
20201007:1230,0.0,0.0,25.72,1.52,0.0
20201007:1330,0.0,0.0,26.3,0.76,0.0
20201007:1430,0.0,0.0,25.55,1.45,0.0
20201007:1530,0.0,0.0,25.59,1.52,0.0
20201007:1630,0.0,0.0,25.62,1.86,0.0
20201007:1730,0.0,0.0,25.34,1.59,0.0
20201007:1830,0.0,0.0,25.56,2.0,0.0
20201007:1930,0.0,0.0,25.35,2.69,0.0
20201007:2030,0.0,0.0,25.42,2.55,0.0
20201007:2130,0.0,-2.73,25.44,2.55,0.0
20201007:2230,19.48,11.92,25.45,2.34,0.0
20201007:2330,120.42,26.44,25.66,2.34,0.0
20201008:0030,227.07,40.67,26.21,2.69,0.0
20201008:0130,201.76,54.38,26.66,2.69,0.0
20201008:0230,183.21,66.56,26.83,2.76,0.0
20201008:0330,354.29,73.37,27.03,3.24,0.0
20201008:0430,376.26,68.8,27.42,3.72,0.0
20201008:0530,526.83,57.32,27.51,4.21,0.0
20201008:0630,181.74,43.82,27.91,4.55,0.0
20201008:0730,45.1,29.64,26.19,4.41,0.0
20201008:0830,17.72,15.18,25.85,4.0,0.0
20201008:0930,1.26,0.57,25.56,3.86,0.0
20201008:1030,0.0,0.0,25.49,3.59,0.0
20201008:1130,0.0,0.0,25.52,3.31,0.0
20201008:1230,0.0,0.0,25.59,2.76,0.0
20201008:1330,0.0,0.0,25.63,2.83,0.0
20201008:1430,0.0,0.0,25.63,2.97,0.0
20201008:1530,0.0,0.0,25.67,2.83,0.0
20201008:1630,0.0,0.0,25.52,2.97,0.0
20201008:1730,0.0,0.0,25.25,3.59,0.0
20201008:1830,0.0,0.0,25.16,4.0,0.0
20201008:1930,0.0,0.0,25.04,2.62,0.0
20201008:2030,0.0,0.0,24.99,2.21,0.0
20201008:2130,0.0,-2.73,24.97,1.86,0.0
20201008:2230,67.68,11.9,25.06,2.21,0.0
20201008:2330,145.59,26.41,25.32,2.48,0.0
20201009:0030,174.2,40.6,25.91,2.48,0.0
20201009:0130,338.71,54.26,26.19,2.62,0.0
20201009:0230,525.66,66.33,26.59,2.9,0.0
20201009:0330,625.96,73.0,27.05,2.97,0.0
20201009:0430,597.97,68.46,27.55,2.83,0.0
20201009:0530,379.2,57.06,27.87,3.24,0.0
20201009:0630,332.79,43.62,27.54,3.59,0.0
20201009:0730,227.05,29.47,27.75,3.45,0.0
20201009:0830,79.18,15.03,27.54,3.31,0.0
20201009:0930,1.74,0.43,27.22,2.28,0.0
20201009:1030,0.0,0.0,26.91,1.72,0.0
20201009:1130,0.0,0.0,26.33,1.24,0.0
20201009:1230,0.0,0.0,26.6,0.9,0.0
20201009:1330,0.0,0.0,26.87,0.83,0.0
20201009:1430,0.0,0.0,26.95,0.41,0.0
20201009:1530,0.0,0.0,26.62,0.55,0.0
20201009:1630,0.0,0.0,26.03,0.83,0.0
20201009:1730,0.0,0.0,25.22,1.93,0.0
20201009:1830,0.0,0.0,25.38,2.28,0.0
20201009:1930,0.0,0.0,25.08,1.59,0.0
20201009:2030,0.0,0.0,24.88,1.45,0.0
20201009:2130,0.0,-2.73,25.64,0.97,0.0
20201009:2230,136.34,11.89,26.09,0.69,0.0
20201009:2330,263.03,26.37,26.23,0.83,0.0
20201010:0030,482.46,40.53,27.19,1.31,0.0
20201010:0130,555.83,54.14,27.71,1.45,0.0
20201010:0230,692.88,66.1,28.24,1.79,0.0
20201010:0330,596.96,72.63,28.8,2.34,0.0
20201010:0430,551.42,68.12,29.01,2.55,0.0
20201010:0530,534.85,56.81,29.05,2.76,0.0
20201010:0630,675.83,43.42,29.14,3.03,0.0
20201010:0730,477.27,29.3,28.84,3.1,0.0
20201010:0830,313.28,14.88,28.05,3.1,0.0
20201010:0930,3.46,0.3,27.69,1.93,0.0
20201010:1030,0.0,0.0,27.39,1.79,0.0
20201010:1130,0.0,0.0,26.83,2.14,0.0
20201010:1230,0.0,0.0,26.43,2.07,0.0
20201010:1330,0.0,0.0,26.39,2.14,0.0
20201010:1430,0.0,0.0,26.3,2.34,0.0
20201010:1530,0.0,0.0,25.96,2.69,0.0
20201010:1630,0.0,0.0,25.89,2.97,0.0
20201010:1730,0.0,0.0,25.66,3.31,0.0
20201010:1830,0.0,0.0,25.52,3.1,0.0
20201010:1930,0.0,0.0,25.45,2.83,0.0
20201010:2030,0.0,0.0,25.3,2.9,0.0
20201010:2130,0.0,-2.74,25.21,2.9,0.0
20201010:2230,209.13,11.87,25.32,2.62,0.0
20201010:2330,468.34,26.34,25.81,2.0,0.0
20201011:0030,513.38,40.46,26.63,2.14,0.0
20201011:0130,543.59,54.01,27.39,2.62,0.0
20201011:0230,667.85,65.87,28.07,2.76,0.0
20201011:0330,565.44,72.25,28.43,2.97,0.0
20201011:0430,599.02,67.78,28.45,2.9,0.0
20201011:0530,544.47,56.56,27.95,2.83,0.0
20201011:0630,323.63,43.22,27.43,3.31,0.0
20201011:0730,251.34,29.14,27.39,3.38,0.0
20201011:0830,43.42,14.73,27.03,2.76,0.0
20201011:0930,3.15,0.16,26.65,1.59,0.0
20201011:1030,0.0,0.0,26.26,1.45,0.0
20201011:1130,0.0,0.0,25.99,1.66,0.0
20201011:1230,0.0,0.0,25.92,2.0,0.0
20201011:1330,0.0,0.0,25.76,1.72,0.0
20201011:1430,0.0,0.0,25.51,1.45,0.0
20201011:1530,0.0,0.0,25.26,1.45,0.0
20201011:1630,0.0,0.0,25.19,1.66,0.0
20201011:1730,0.0,0.0,25.22,1.93,0.0
20201011:1830,0.0,0.0,25.09,1.38,0.0
20201011:1930,0.0,0.0,25.04,1.79,0.0
20201011:2030,0.0,0.0,25.05,1.52,0.0
20201011:2130,0.0,-2.75,25.31,1.03,0.0
20201011:2230,94.27,11.85,25.9,0.83,0.0
20201011:2330,507.22,26.29,26.34,1.1,0.0
20201012:0030,615.13,40.38,27.2,1.72,0.0
20201012:0130,641.69,53.88,27.47,1.31,0.0
20201012:0230,698.06,65.63,28.21,1.38,0.0
20201012:0330,814.98,71.88,28.82,1.66,0.0
20201012:0430,813.1,67.45,29.09,1.79,0.0
20201012:0530,763.18,56.31,29.16,1.38,0.0
20201012:0630,444.47,43.02,29.2,0.83,0.0
20201012:0730,224.12,28.97,29.09,2.0,0.0
20201012:0830,45.65,14.59,28.63,1.79,0.0
20201012:0930,2.51,0.03,28.18,1.45,0.0
20201012:1030,0.0,0.0,27.5,1.38,0.0
20201012:1130,0.0,0.0,27.09,0.97,0.0
20201012:1230,0.0,0.0,27.38,0.48,0.0
20201012:1330,0.0,0.0,26.88,0.14,0.0
20201012:1430,0.0,0.0,25.44,1.31,0.0
20201012:1530,0.0,0.0,26.82,0.62,0.0
20201012:1630,0.0,0.0,26.72,0.55,0.0
20201012:1730,0.0,0.0,25.41,1.03,0.0
20201012:1830,0.0,0.0,25.24,2.21,0.0
20201012:1930,0.0,0.0,25.05,1.93,0.0
20201012:2030,0.0,0.0,25.1,2.34,0.0
20201012:2130,0.0,-2.75,25.11,2.62,0.0
20201012:2230,189.23,11.82,25.46,2.62,0.0
20201012:2330,430.12,26.25,25.79,2.55,0.0
20201013:0030,587.62,40.3,26.56,2.9,0.0
20201013:0130,709.16,53.74,27.62,3.31,0.0
20201013:0230,750.58,65.39,28.62,3.59,0.0
20201013:0330,793.87,71.51,29.06,4.0,0.0
20201013:0430,581.45,67.11,29.21,4.07,0.0
20201013:0530,332.4,56.06,28.83,4.28,0.0
20201013:0630,454.26,42.83,28.44,3.24,0.0
20201013:0730,395.74,28.81,29.03,2.97,0.0
20201013:0830,307.3,14.45,29.13,1.86,0.0
20201013:0930,0.0,-0.09,28.81,0.9,0.0
20201013:1030,0.0,0.0,27.9,1.59,0.0
20201013:1130,0.0,0.0,27.56,0.21,0.0
20201013:1230,0.0,0.0,26.86,0.62,0.0
20201013:1330,0.0,0.0,25.76,1.59,0.0
20201013:1430,0.0,0.0,25.48,0.62,0.0
20201013:1530,0.0,0.0,25.05,1.45,0.0
20201013:1630,0.0,0.0,24.99,2.0,0.0
20201013:1730,0.0,0.0,24.79,1.45,0.0
20201013:1830,0.0,0.0,24.82,0.76,0.0
20201013:1930,0.0,0.0,24.85,0.83,0.0
20201013:2030,0.0,0.0,24.54,1.17,0.0
20201013:2130,0.0,-2.77,24.51,1.24,0.0
20201013:2230,73.46,11.8,25.21,0.9,0.0
20201013:2330,196.02,26.2,25.59,0.48,0.0
20201014:0030,292.8,40.22,26.42,0.41,0.0
20201014:0130,385.32,53.6,26.77,0.83,0.0
20201014:0230,472.6,65.15,27.01,1.17,0.0
20201014:0330,522.23,71.14,27.28,1.72,0.0
20201014:0430,345.49,66.78,27.12,2.14,0.0
20201014:0530,269.21,55.81,27.49,2.34,0.0
20201014:0630,434.57,42.63,27.72,2.9,0.0
20201014:0730,309.12,28.65,28.38,2.69,0.0
20201014:0830,175.54,14.31,28.17,2.9,0.0
20201014:0930,0.0,-0.22,27.8,2.62,0.0
20201014:1030,0.0,0.0,27.23,2.97,0.0
20201014:1130,0.0,0.0,26.85,3.52,0.0
20201014:1230,0.0,0.0,26.65,3.66,0.0
20201014:1330,0.0,0.0,26.46,3.79,0.0
20201014:1430,0.0,0.0,26.25,4.07,0.0
20201014:1530,0.0,0.0,26.17,4.34,0.0
20201014:1630,0.0,0.0,26.13,4.41,0.0
20201014:1730,0.0,0.0,26.1,4.41,0.0
20201014:1830,0.0,0.0,26.11,4.76,0.0
20201014:1930,0.0,0.0,25.74,4.69,0.0
20201014:2030,0.0,0.0,25.94,4.14,0.0
20201014:2130,0.0,-2.78,25.92,3.52,0.0
20201014:2230,110.84,11.77,25.73,3.38,0.0
20201014:2330,309.94,26.15,26.02,3.45,0.0
20201015:0030,308.44,40.13,26.59,3.31,0.0
20201015:0130,400.44,53.45,27.12,2.97,0.0
20201015:0230,664.65,64.9,27.53,2.41,0.0
20201015:0330,499.63,70.78,28.19,2.14,0.0
20201015:0430,458.15,66.45,27.67,2.9,0.0
20201015:0530,452.72,55.57,27.55,2.62,0.0
20201015:0630,134.06,42.44,27.38,3.79,0.0
20201015:0730,193.72,28.49,26.62,3.03,0.0
20201015:0830,16.89,14.17,26.49,2.97,0.0
20201015:0930,0.0,-0.34,25.82,2.55,0.0
20201015:1030,0.0,0.0,25.66,2.62,0.0
20201015:1130,0.0,0.0,25.62,2.9,0.0
20201015:1230,0.0,0.0,25.63,2.41,0.0
20201015:1330,0.0,0.0,25.6,2.28,0.0
20201015:1430,0.0,0.0,25.68,2.34,0.0
20201015:1530,0.0,0.0,25.59,2.28,0.0
20201015:1630,0.0,0.0,25.36,1.59,0.0
20201015:1730,0.0,0.0,25.24,1.31,0.0
20201015:1830,0.0,0.0,25.34,1.52,0.0
20201015:1930,0.0,0.0,24.82,2.21,0.0
20201015:2030,0.0,0.0,24.88,2.55,0.0
20201015:2130,0.0,-2.8,24.95,2.28,0.0
20201015:2230,38.88,11.74,25.18,2.07,0.0
20201015:2330,121.76,26.1,25.52,2.21,0.0
20201016:0030,119.4,40.04,26.19,2.48,0.0
20201016:0130,208.31,53.3,26.84,2.62,0.0
20201016:0230,344.23,64.65,27.38,2.28,0.0
20201016:0330,272.31,70.41,27.82,2.28,0.0
20201016:0430,287.58,66.12,27.72,2.28,0.0
20201016:0530,326.36,55.32,27.15,2.28,0.0
20201016:0630,238.02,42.25,27.0,2.28,0.0
20201016:0730,109.11,28.33,26.9,0.28,0.0
20201016:0830,29.01,14.04,26.86,0.41,0.0
20201016:0930,0.0,-0.46,26.28,0.83,0.0
20201016:1030,0.0,0.0,25.75,0.97,0.0
20201016:1130,0.0,0.0,25.27,1.03,0.0
20201016:1230,0.0,0.0,25.28,0.62,0.0
20201016:1330,0.0,0.0,24.89,0.9,0.0
20201016:1430,0.0,0.0,24.5,0.97,0.0
20201016:1530,0.0,0.0,24.52,0.9,0.0
20201016:1630,0.0,0.0,24.45,0.83,0.0
20201016:1730,0.0,0.0,24.78,0.48,0.0
20201016:1830,0.0,0.0,24.55,0.48,0.0
20201016:1930,0.0,0.0,23.95,1.24,0.0
20201016:2030,0.0,0.0,23.85,1.03,0.0
20201016:2130,0.0,-2.82,23.92,1.31,0.0
20201016:2230,181.58,11.7,23.88,1.31,0.0
20201016:2330,196.55,26.04,24.78,1.31,0.0
20201017:0030,314.96,39.94,25.46,1.38,0.0
20201017:0130,451.35,53.15,26.0,1.1,0.0
20201017:0230,465.34,64.4,26.93,1.03,0.0
20201017:0330,649.64,70.05,27.54,0.62,0.0
20201017:0430,585.29,65.79,28.1,0.69,0.0
20201017:0530,273.63,55.08,28.18,0.55,0.0
20201017:0630,392.09,42.06,27.65,0.9,0.0
20201017:0730,248.28,28.18,27.69,1.03,0.0
20201017:0830,139.42,13.91,27.4,2.0,0.0
20201017:0930,0.0,-0.57,26.88,1.79,0.0
20201017:1030,0.0,0.0,26.36,2.14,0.0
20201017:1130,0.0,0.0,26.0,1.86,0.0
20201017:1230,0.0,0.0,25.6,1.52,0.0
20201017:1330,0.0,0.0,25.22,1.17,0.0
20201017:1430,0.0,0.0,25.15,1.03,0.0
20201017:1530,0.0,0.0,24.54,1.17,0.0
20201017:1630,0.0,0.0,24.37,1.72,0.0
20201017:1730,0.0,0.0,24.58,1.93,0.0
20201017:1830,0.0,0.0,24.59,2.34,0.0
20201017:1930,0.0,0.0,24.49,2.07,0.0
20201017:2030,0.0,0.0,24.49,2.0,0.0
20201017:2130,0.0,-2.84,24.61,2.21,0.0
20201017:2230,104.74,11.66,24.63,2.48,0.0
20201017:2330,141.92,25.98,25.31,2.55,0.0
20201018:0030,240.47,39.84,26.04,3.03,0.0
20201018:0130,305.97,52.99,26.87,3.31,0.0
20201018:0230,387.95,64.14,27.54,3.03,0.0
20201018:0330,497.38,69.68,27.85,2.69,0.0
20201018:0430,479.05,65.46,28.12,2.55,0.0
20201018:0530,372.61,54.84,28.1,2.21,0.0
20201018:0630,335.31,41.87,27.88,2.48,0.0
20201018:0730,94.78,28.03,27.89,3.1,0.0
20201018:0830,27.82,13.78,26.96,3.86,0.0
20201018:0930,0.0,-0.68,26.49,3.03,0.0
20201018:1030,0.0,0.0,26.15,2.62,0.0
20201018:1130,0.0,0.0,25.86,3.03,0.0
20201018:1230,0.0,0.0,25.7,3.17,0.0
20201018:1330,0.0,0.0,25.58,3.31,0.0
20201018:1430,0.0,0.0,25.34,3.66,0.0
20201018:1530,0.0,0.0,25.2,3.79,0.0
20201018:1630,0.0,0.0,25.07,3.86,0.0
20201018:1730,0.0,0.0,24.99,3.52,0.0
20201018:1830,0.0,0.0,24.85,3.38,0.0
20201018:1930,0.0,0.0,25.27,3.45,0.0
20201018:2030,0.0,0.0,25.03,3.38,0.0
20201018:2130,0.0,-2.86,24.98,3.24,0.0
20201018:2230,389.16,11.62,24.99,3.1,0.0
20201018:2330,461.07,25.91,25.59,3.17,0.0
20201019:0030,493.08,39.74,26.48,4.21,0.0
20201019:0130,633.07,52.83,27.09,4.0,0.0
20201019:0230,649.51,63.88,27.97,3.59,0.0
20201019:0330,572.8,69.32,28.54,3.45,0.0
20201019:0430,383.86,65.14,29.02,3.24,0.0
20201019:0530,310.82,54.6,27.87,3.59,0.0
20201019:0630,255.19,41.69,27.71,3.38,0.0
20201019:0730,183.31,27.88,27.46,3.24,0.0
20201019:0830,54.55,13.65,27.38,2.55,0.0
20201019:0930,0.0,-0.79,27.08,2.41,0.0
20201019:1030,0.0,0.0,26.66,2.07,0.0
20201019:1130,0.0,0.0,26.15,1.79,0.0
20201019:1230,0.0,0.0,25.56,1.31,0.0
20201019:1330,0.0,0.0,25.26,0.83,0.0
20201019:1430,0.0,0.0,25.96,0.48,0.0
20201019:1530,0.0,0.0,25.53,0.76,0.0
20201019:1630,0.0,0.0,25.34,0.9,0.0
20201019:1730,0.0,0.0,24.94,1.1,0.0
20201019:1830,0.0,0.0,24.86,1.45,0.0
20201019:1930,0.0,0.0,24.92,1.66,0.0
20201019:2030,0.0,0.0,25.08,1.79,0.0
20201019:2130,0.0,-2.89,25.19,2.0,0.0
20201019:2230,42.89,11.58,25.22,1.66,0.0
20201019:2330,95.06,25.85,25.4,1.52,0.0
20201020:0030,293.03,39.63,25.76,2.14,0.0
20201020:0130,243.17,52.66,26.22,2.41,0.0
20201020:0230,310.74,63.62,26.59,2.34,0.0
20201020:0330,319.35,68.96,27.22,2.55,0.0
20201020:0430,460.65,64.82,27.59,3.17,0.0
20201020:0530,259.08,54.36,27.73,4.07,0.0
20201020:0630,101.58,41.51,27.23,4.9,0.0
20201020:0730,87.01,27.73,26.5,4.97,0.0
20201020:0830,43.13,13.53,26.19,4.9,0.0
20201020:0930,0.0,-0.9,26.12,4.14,0.0
20201020:1030,0.0,0.0,26.04,3.72,0.0
20201020:1130,0.0,0.0,25.96,3.79,0.0
20201020:1230,0.0,0.0,25.73,4.41,0.0
20201020:1330,0.0,0.0,25.52,4.76,0.0
20201020:1430,0.0,0.0,25.48,5.1,0.0
20201020:1530,0.0,0.0,25.54,4.9,0.0
20201020:1630,0.0,0.0,25.56,4.83,0.0
20201020:1730,0.0,0.0,25.26,5.03,0.0
20201020:1830,0.0,0.0,25.27,5.31,0.0
20201020:1930,0.0,0.0,25.57,5.59,0.0
20201020:2030,0.0,0.0,25.55,6.14,0.0
20201020:2130,0.0,-2.91,25.61,5.72,0.0
20201020:2230,141.1,11.53,25.79,5.66,0.0
20201020:2330,257.39,25.77,25.99,5.59,0.0
20201021:0030,301.19,39.52,26.43,5.72,0.0
20201021:0130,320.15,52.49,27.07,6.21,0.0
20201021:0230,506.41,63.36,27.25,6.34,0.0
20201021:0330,507.93,68.61,27.61,6.21,0.0
20201021:0430,446.97,64.5,27.64,6.14,0.0
20201021:0530,490.65,54.12,27.41,6.14,0.0
20201021:0630,395.99,41.33,27.82,6.41,0.0
20201021:0730,232.05,27.59,27.0,6.62,0.0
20201021:0830,91.26,13.41,26.87,5.45,0.0
20201021:0930,0.0,-1.0,25.74,5.79,0.0
20201021:1030,0.0,0.0,25.79,5.72,0.0
20201021:1130,0.0,0.0,25.83,5.38,0.0
20201021:1230,0.0,0.0,25.68,4.41,0.0
20201021:1330,0.0,0.0,25.95,4.0,0.0
20201021:1430,0.0,0.0,25.85,4.21,0.0
20201021:1530,0.0,0.0,25.44,4.62,0.0
20201021:1630,0.0,0.0,25.29,4.48,0.0
20201021:1730,0.0,0.0,25.36,4.14,0.0
20201021:1830,0.0,0.0,25.61,3.79,0.0
20201021:1930,0.0,0.0,25.87,3.24,0.0
20201021:2030,0.0,0.0,25.81,3.59,0.0
20201021:2130,0.0,-2.94,26.02,3.93,0.0
20201021:2230,396.79,11.48,26.06,4.28,0.0
20201021:2330,567.05,25.7,26.35,4.34,0.0
20201022:0030,684.45,39.4,26.75,4.69,0.0
20201022:0130,807.84,52.32,27.32,5.86,0.0
20201022:0230,849.14,63.09,28.05,6.28,0.0
20201022:0330,895.35,68.25,28.63,6.07,0.0
20201022:0430,787.89,64.19,28.92,6.48,0.0
20201022:0530,688.98,53.89,28.11,6.76,0.0
20201022:0630,554.94,41.15,28.16,6.14,0.0
20201022:0730,284.19,27.44,28.01,4.97,0.0
20201022:0830,255.32,13.29,27.33,4.41,0.0
20201022:0930,0.0,-1.09,27.23,4.14,0.0
20201022:1030,0.0,0.0,26.87,3.31,0.0
20201022:1130,0.0,0.0,26.54,3.17,0.0
20201022:1230,0.0,0.0,26.18,3.45,0.0
20201022:1330,0.0,0.0,25.85,3.52,0.0
20201022:1430,0.0,0.0,25.58,3.86,0.0
20201022:1530,0.0,0.0,25.53,4.0,0.0
20201022:1630,0.0,0.0,25.29,3.93,0.0
20201022:1730,0.0,0.0,25.37,3.38,0.0
20201022:1830,0.0,0.0,25.67,3.17,0.0
20201022:1930,0.0,0.0,25.77,3.17,0.0
20201022:2030,0.0,0.0,25.7,3.72,0.0
20201022:2130,0.0,-2.98,25.38,3.72,0.0
20201022:2230,235.7,11.43,25.64,3.52,0.0
20201022:2330,570.6,25.62,25.98,3.72,0.0
20201023:0030,682.83,39.29,26.88,4.62,0.0
20201023:0130,691.34,52.14,27.79,4.83,0.0
20201023:0230,817.16,62.82,28.12,4.97,0.0
20201023:0330,485.73,67.9,28.48,5.66,0.0
20201023:0430,555.77,63.88,26.72,5.24,0.0
20201023:0530,530.59,53.65,27.46,4.69,0.0
20201023:0630,490.69,40.97,27.85,4.14,0.0
20201023:0730,232.16,27.31,26.8,4.97,0.0
20201023:0830,23.29,13.18,26.78,3.79,0.0
20201023:0930,0.0,-1.19,26.29,2.97,0.0
20201023:1030,0.0,0.0,26.01,2.55,0.0
20201023:1130,0.0,0.0,25.92,3.17,0.0
20201023:1230,0.0,0.0,25.66,3.66,0.0
20201023:1330,0.0,0.0,25.57,3.17,0.0
20201023:1430,0.0,0.0,25.37,3.17,0.0
20201023:1530,0.0,0.0,25.31,2.21,0.0
20201023:1630,0.0,0.0,25.47,2.28,0.0
20201023:1730,0.0,0.0,25.35,2.34,0.0
20201023:1830,0.0,0.0,25.28,2.69,0.0
20201023:1930,0.0,0.0,25.25,3.86,0.0
20201023:2030,0.0,0.0,25.27,3.72,0.0
20201023:2130,0.0,-3.01,25.25,3.52,0.0
20201023:2230,42.28,11.38,25.31,2.83,0.0
20201023:2330,266.96,25.54,25.63,2.48,0.0
20201024:0030,268.17,39.16,26.51,2.55,0.0
20201024:0130,198.61,51.96,26.71,2.83,0.0
20201024:0230,219.8,62.56,26.33,3.59,0.0
20201024:0330,150.36,67.55,26.21,3.52,0.0
20201024:0430,121.38,63.57,26.18,3.24,0.0
20201024:0530,126.39,53.43,26.31,3.45,0.0
20201024:0630,102.58,40.8,26.07,3.38,0.0
20201024:0730,113.98,27.17,26.8,3.72,0.0
20201024:0830,116.27,13.07,26.96,2.97,0.0
20201024:0930,0.0,-1.28,26.84,2.41,0.0
20201024:1030,0.0,0.0,26.4,2.0,0.0
20201024:1130,0.0,0.0,25.89,1.45,0.0
20201024:1230,0.0,0.0,25.65,1.52,0.0
20201024:1330,0.0,0.0,25.56,1.79,0.0
20201024:1430,0.0,0.0,25.46,2.0,0.0
20201024:1530,0.0,0.0,25.35,1.86,0.0
20201024:1630,0.0,0.0,25.32,1.93,0.0
20201024:1730,0.0,0.0,25.14,1.59,0.0
20201024:1830,0.0,0.0,24.92,1.59,0.0
20201024:1930,0.0,0.0,24.89,1.93,0.0
20201024:2030,0.0,0.0,24.61,1.24,0.0
20201024:2130,0.0,-3.05,24.78,0.9,0.0
20201024:2230,29.62,11.32,24.51,1.1,0.0
20201024:2330,121.42,25.46,25.44,1.17,0.0
20201025:0030,230.25,39.04,26.01,1.79,0.0
20201025:0130,425.06,51.78,26.69,2.21,0.0
20201025:0230,336.61,62.29,27.27,2.76,0.0
20201025:0330,343.48,67.21,27.21,3.17,0.0
20201025:0430,213.17,63.26,26.89,3.59,0.0
20201025:0530,181.04,53.2,26.51,3.31,0.0
20201025:0630,38.16,40.63,26.1,2.83,0.0
20201025:0730,15.65,27.04,25.81,5.03,0.0
20201025:0830,9.67,12.96,25.63,5.31,0.0
20201025:0930,0.0,-1.36,25.55,5.31,0.0
20201025:1030,0.0,0.0,25.49,5.24,0.0
20201025:1130,0.0,0.0,25.55,5.24,0.0
20201025:1230,0.0,0.0,25.65,5.59,0.0
20201025:1330,0.0,0.0,25.44,6.0,0.0
20201025:1430,0.0,0.0,25.41,6.55,0.0
20201025:1530,0.0,0.0,25.38,6.69,0.0
20201025:1630,0.0,0.0,25.37,6.9,0.0
20201025:1730,0.0,0.0,25.12,7.38,0.0
20201025:1830,0.0,0.0,25.17,8.0,0.0
20201025:1930,0.0,0.0,25.24,7.93,0.0
20201025:2030,0.0,0.0,24.79,8.21,0.0
20201025:2130,0.0,-3.09,25.04,7.93,0.0
20201025:2230,12.38,11.26,24.91,8.28,0.0
20201025:2330,36.7,25.37,24.74,8.62,0.0
20201026:0030,142.12,38.91,25.27,7.86,0.0
20201026:0130,238.33,51.6,25.4,7.45,0.0
20201026:0230,95.24,62.02,25.76,7.24,0.0
20201026:0330,154.18,66.86,25.14,7.03,0.0
20201026:0430,168.17,62.96,25.54,6.69,0.0
20201026:0530,99.56,52.97,24.47,7.52,0.0
20201026:0630,70.72,40.46,25.01,6.48,0.0
20201026:0730,25.27,26.91,25.58,7.31,0.0
20201026:0830,8.35,12.86,25.23,7.72,0.0
20201026:0930,0.0,-1.45,24.94,6.83,0.0
20201026:1030,0.0,0.0,25.06,6.76,0.0
20201026:1130,0.0,0.0,25.26,6.55,0.0
20201026:1230,0.0,0.0,25.32,6.34,0.0
20201026:1330,0.0,0.0,25.07,5.86,0.0
20201026:1430,0.0,0.0,25.16,6.0,0.0
20201026:1530,0.0,0.0,25.12,5.93,0.0
20201026:1630,0.0,0.0,25.17,5.86,0.0
20201026:1730,0.0,0.0,24.97,5.86,0.0
20201026:1830,0.0,0.0,25.09,5.45,0.0
20201026:1930,0.0,0.0,25.09,3.86,0.0
20201026:2030,0.0,0.0,25.2,2.97,0.0
20201026:2130,0.0,-3.13,25.12,2.41,0.0
20201026:2230,455.44,11.2,24.86,2.28,0.0
20201026:2330,707.43,25.28,25.81,2.07,0.0
20201027:0030,751.94,38.78,26.89,2.34,0.0
20201027:0130,828.24,51.41,27.54,2.69,0.0
20201027:0230,916.39,61.75,28.09,3.31,0.0
20201027:0330,813.95,66.52,28.54,4.21,0.0
20201027:0430,831.07,62.66,28.44,4.21,0.0
20201027:0530,568.52,52.75,28.4,4.48,0.0
20201027:0630,434.48,40.3,27.78,4.62,0.0
20201027:0730,158.3,26.78,27.53,4.14,0.0
20201027:0830,76.03,12.76,27.26,3.03,0.0
20201027:0930,0.0,-1.53,26.99,2.28,0.0
20201027:1030,0.0,0.0,26.82,1.66,0.0
20201027:1130,0.0,0.0,26.23,1.45,0.0
20201027:1230,0.0,0.0,25.64,1.72,0.0
20201027:1330,0.0,0.0,25.51,2.28,0.0
20201027:1430,0.0,0.0,25.33,2.0,0.0
20201027:1530,0.0,0.0,25.22,1.72,0.0
20201027:1630,0.0,0.0,25.68,1.03,0.0
20201027:1730,0.0,0.0,26.31,0.83,0.0
20201027:1830,0.0,0.0,24.66,1.31,0.0
20201027:1930,0.0,0.0,24.87,1.17,0.0
20201027:2030,0.0,0.0,23.93,1.86,0.0
20201027:2130,0.0,-3.18,24.0,2.07,0.0
20201027:2230,531.41,11.13,23.97,1.79,0.0
20201027:2330,604.0,25.19,26.09,1.03,0.0
20201028:0030,742.44,38.65,27.15,0.55,0.0
20201028:0130,877.89,51.22,27.77,0.34,0.0
20201028:0230,853.32,61.47,28.48,0.41,0.0
20201028:0330,789.32,66.19,29.05,0.97,0.0
20201028:0430,752.63,62.37,29.34,1.45,0.0
20201028:0530,776.61,52.54,29.22,1.52,0.0
20201028:0630,568.61,40.14,29.34,2.0,0.0
20201028:0730,381.42,26.66,29.18,0.69,0.0
20201028:0830,188.86,12.67,28.04,1.93,0.0
20201028:0930,0.0,-1.6,26.73,2.69,0.0
20201028:1030,0.0,0.0,26.18,3.1,0.0
20201028:1130,0.0,0.0,25.59,3.24,0.0
20201028:1230,0.0,0.0,25.4,2.62,0.0
20201028:1330,0.0,0.0,25.33,2.34,0.0
20201028:1430,0.0,0.0,25.24,2.34,0.0
20201028:1530,0.0,0.0,25.19,2.83,0.0
20201028:1630,0.0,0.0,25.18,3.03,0.0
20201028:1730,0.0,0.0,25.16,2.97,0.0
20201028:1830,0.0,0.0,25.09,3.24,0.0
20201028:1930,0.0,0.0,25.15,2.97,0.0
20201028:2030,0.0,0.0,25.02,3.03,0.0
20201028:2130,0.0,-3.23,24.92,3.03,0.0
20201028:2230,512.82,11.06,24.93,3.03,0.0
20201028:2330,675.36,25.09,25.82,2.76,0.0
20201029:0030,802.42,38.51,27.06,3.03,0.0
20201029:0130,740.75,51.03,28.15,3.66,0.0
20201029:0230,840.35,61.2,28.76,3.72,0.0
20201029:0330,577.18,65.85,29.13,3.59,0.0
20201029:0430,513.09,62.07,28.46,3.45,0.0
20201029:0530,564.81,52.32,27.71,3.1,0.0
20201029:0630,755.5,39.98,28.05,2.69,0.0
20201029:0730,572.77,26.54,29.44,3.38,0.0
20201029:0830,392.48,12.57,28.33,3.31,0.0
20201029:0930,0.0,-1.67,27.74,2.41,0.0
20201029:1030,0.0,0.0,27.09,2.55,0.0
20201029:1130,0.0,0.0,26.65,2.76,0.0
20201029:1230,0.0,0.0,26.3,3.31,0.0
20201029:1330,0.0,0.0,26.0,3.17,0.0
20201029:1430,0.0,0.0,25.61,3.24,0.0
20201029:1530,0.0,0.0,25.29,3.59,0.0
20201029:1630,0.0,0.0,25.08,3.59,0.0
20201029:1730,0.0,0.0,24.95,3.72,0.0
20201029:1830,0.0,0.0,24.87,3.86,0.0
20201029:1930,0.0,0.0,24.82,3.24,0.0
20201029:2030,0.0,0.0,24.85,2.83,0.0
20201029:2130,0.0,-3.28,24.93,3.17,0.0
20201029:2230,42.38,10.99,25.01,3.52,0.0
20201029:2330,64.76,25.0,25.18,3.52,0.0
20201030:0030,136.38,38.38,25.61,3.86,0.0
20201030:0130,338.97,50.84,26.1,4.34,0.0
20201030:0230,390.09,60.93,26.69,5.03,0.0
20201030:0330,301.08,65.52,27.37,5.38,0.0
20201030:0430,298.16,61.79,27.29,5.45,0.0
20201030:0530,331.52,52.11,27.29,5.24,0.0
20201030:0630,233.51,39.82,27.68,5.1,0.0
20201030:0730,130.94,26.42,27.34,4.0,0.0
20201030:0830,34.58,12.48,26.47,4.07,0.0
20201030:0930,0.0,-1.74,25.99,3.93,0.0
20201030:1030,0.0,0.0,25.55,4.0,0.0
20201030:1130,0.0,0.0,25.3,4.21,0.0
20201030:1230,0.0,0.0,25.14,4.21,0.0
20201030:1330,0.0,0.0,24.98,4.34,0.0
20201030:1430,0.0,0.0,24.95,4.28,0.0
20201030:1530,0.0,0.0,24.95,4.07,0.0
20201030:1630,0.0,0.0,25.12,4.28,0.0
20201030:1730,0.0,0.0,25.18,4.48,0.0
20201030:1830,0.0,0.0,25.19,4.28,0.0
20201030:1930,0.0,0.0,25.23,4.48,0.0
20201030:2030,0.0,0.0,25.35,4.34,0.0
20201030:2130,0.0,-3.33,25.39,4.14,0.0
20201030:2230,204.31,10.92,25.51,4.14,0.0
20201030:2330,488.06,24.9,25.95,4.48,0.0
20201031:0030,517.58,38.23,26.82,5.66,0.0
20201031:0130,639.13,50.64,27.36,5.59,0.0
20201031:0230,787.43,60.66,28.29,5.38,0.0
20201031:0330,782.2,65.2,28.96,5.17,0.0
20201031:0430,809.83,61.5,29.5,5.24,0.0
20201031:0530,780.2,51.9,29.71,5.24,0.0
20201031:0630,832.69,39.67,29.71,5.03,0.0
20201031:0730,687.68,26.31,29.53,4.9,0.0
20201031:0830,415.61,12.4,29.05,3.93,0.0
20201031:0930,0.0,-1.8,28.27,3.38,0.0
20201031:1030,0.0,0.0,27.14,3.93,0.0
20201031:1130,0.0,0.0,26.4,3.86,0.0
20201031:1230,0.0,0.0,25.95,3.59,0.0
20201031:1330,0.0,0.0,25.81,3.52,0.0
20201031:1430,0.0,0.0,25.63,2.97,0.0
20201031:1530,0.0,0.0,25.53,2.55,0.0
20201031:1630,0.0,0.0,25.43,2.21,0.0
20201031:1730,0.0,0.0,25.29,2.0,0.0
20201031:1830,0.0,0.0,25.02,1.72,0.0
20201031:1930,0.0,0.0,25.21,1.86,0.0
20201031:2030,0.0,0.0,25.08,1.59,0.0
20201031:2130,0.0,-3.38,25.88,0.62,0.0
20201031:2230,26.82,10.84,26.19,0.28,0.0
20201031:2330,78.22,24.79,25.78,1.66,0.0
20201101:0030,83.61,38.09,26.31,3.03,0.0
20201101:0130,175.51,50.44,26.5,3.72,0.0
20201101:0230,264.87,60.39,26.93,4.48,0.0
20201101:0330,309.88,64.87,27.54,5.17,0.0
20201101:0430,345.44,61.22,28.0,6.0,0.0
20201101:0530,342.52,51.7,27.75,6.83,0.0
20201101:0630,193.89,39.52,27.55,7.66,0.0
20201101:0730,195.15,26.2,26.28,6.69,0.0
20201101:0830,114.73,12.32,26.27,5.93,0.0
20201101:0930,0.0,-1.86,26.01,5.66,0.0
20201101:1030,0.0,0.0,25.74,5.52,0.0
20201101:1130,0.0,0.0,25.67,5.03,0.0
20201101:1230,0.0,0.0,25.72,4.28,0.0
20201101:1330,0.0,0.0,25.33,4.69,0.0
20201101:1430,0.0,0.0,25.4,4.55,0.0
20201101:1530,0.0,0.0,25.45,4.76,0.0
20201101:1630,0.0,0.0,25.42,4.76,0.0
20201101:1730,0.0,0.0,25.3,4.83,0.0
20201101:1830,0.0,0.0,25.08,4.76,0.0
20201101:1930,0.0,0.0,25.56,4.14,0.0
20201101:2030,0.0,0.0,25.41,3.86,0.0
20201101:2130,0.0,-3.44,25.37,4.14,0.0
20201101:2230,146.46,10.76,25.19,4.62,0.0
20201101:2330,419.9,24.69,25.45,5.24,0.0
20201102:0030,524.84,37.94,25.85,5.52,0.0
20201102:0130,623.16,50.24,26.56,5.31,0.0
20201102:0230,574.98,60.12,27.16,5.38,0.0
20201102:0330,500.91,64.55,27.32,6.69,0.0
20201102:0430,500.85,60.95,26.71,7.1,0.0
20201102:0530,288.91,51.5,26.92,6.0,0.0
20201102:0630,392.3,39.38,26.02,5.31,0.0
20201102:0730,344.55,26.09,26.57,6.14,0.0
20201102:0830,128.76,12.24,26.14,6.34,0.0
20201102:0930,0.0,-1.92,25.81,5.59,0.0
20201102:1030,0.0,0.0,25.58,4.9,0.0
20201102:1130,0.0,0.0,25.48,4.28,0.0
20201102:1230,0.0,0.0,25.48,4.07,0.0
20201102:1330,0.0,0.0,25.51,3.72,0.0
20201102:1430,0.0,0.0,25.45,3.79,0.0
20201102:1530,0.0,0.0,25.29,4.0,0.0
20201102:1630,0.0,0.0,25.32,4.21,0.0
20201102:1730,0.0,0.0,25.04,4.28,0.0
20201102:1830,0.0,0.0,25.08,4.0,0.0
20201102:1930,0.0,0.0,25.58,3.03,0.0
20201102:2030,0.0,0.0,25.66,2.9,0.0
20201102:2130,0.0,-3.5,25.61,2.62,0.0
20201102:2230,469.81,10.68,25.5,2.69,0.0
20201102:2330,622.19,24.58,25.83,3.24,0.0
20201103:0030,689.82,37.8,26.48,3.93,0.0
20201103:0130,726.17,50.04,26.88,4.41,0.0
20201103:0230,612.49,59.85,27.12,4.07,0.0
20201103:0330,729.26,64.24,27.41,3.66,0.0
20201103:0430,838.34,60.68,28.15,3.72,0.0
20201103:0530,728.87,51.3,28.65,4.14,0.0
20201103:0630,763.18,39.24,28.71,4.41,0.0
20201103:0730,531.87,25.99,28.78,4.34,0.0
20201103:0830,207.86,12.17,27.67,3.66,0.0
20201103:0930,0.0,-1.97,27.29,2.9,0.0
20201103:1030,0.0,0.0,26.78,2.83,0.0
20201103:1130,0.0,0.0,26.34,2.9,0.0
20201103:1230,0.0,0.0,25.95,2.9,0.0
20201103:1330,0.0,0.0,25.7,2.83,0.0
20201103:1430,0.0,0.0,25.5,2.83,0.0
20201103:1530,0.0,0.0,25.54,2.9,0.0
20201103:1630,0.0,0.0,25.37,2.48,0.0
20201103:1730,0.0,0.0,25.17,2.28,0.0
20201103:1830,0.0,0.0,24.92,1.93,0.0
20201103:1930,0.0,0.0,24.97,1.93,0.0
20201103:2030,0.0,0.0,24.91,1.93,0.0
20201103:2130,0.0,-3.56,24.94,2.34,0.0
20201103:2230,131.9,10.6,24.77,2.21,0.0
20201103:2330,222.08,24.46,25.42,1.66,0.0
20201104:0030,434.59,37.65,26.16,1.59,0.0
20201104:0130,630.99,49.84,26.97,1.59,0.0
20201104:0230,600.43,59.58,27.79,2.07,0.0
20201104:0330,594.32,63.93,28.23,2.28,0.0
20201104:0430,440.48,60.41,28.42,2.55,0.0
20201104:0530,400.94,51.11,28.01,2.83,0.0
20201104:0630,406.7,39.1,27.66,3.03,0.0
20201104:0730,298.92,25.89,28.11,1.93,0.0
20201104:0830,38.35,12.1,27.93,1.24,0.0
20201104:0930,0.0,-2.02,26.84,0.69,0.0
20201104:1030,0.0,0.0,26.3,0.97,0.0
20201104:1130,0.0,0.0,25.74,1.24,0.0
20201104:1230,0.0,0.0,25.52,1.45,0.0
20201104:1330,0.0,0.0,25.29,1.45,0.0
20201104:1430,0.0,0.0,25.06,1.38,0.0
20201104:1530,0.0,0.0,25.2,1.03,0.0
20201104:1630,0.0,0.0,25.74,0.69,0.0
20201104:1730,0.0,0.0,25.03,0.9,0.0
20201104:1830,0.0,0.0,25.46,0.69,0.0
20201104:1930,0.0,0.0,25.29,1.03,0.0
20201104:2030,0.0,0.0,24.73,1.66,0.0
20201104:2130,0.0,-3.63,24.34,1.24,0.0
20201104:2230,89.88,10.51,24.53,1.03,0.0
20201104:2330,221.72,24.35,25.46,1.03,0.0
20201105:0030,397.99,37.49,26.05,1.1,0.0
20201105:0130,459.47,49.64,26.39,1.17,0.0
20201105:0230,532.59,59.31,26.67,1.1,0.0
20201105:0330,679.73,63.62,27.13,0.48,0.0
20201105:0430,576.83,60.15,27.59,0.9,0.0
20201105:0530,413.23,50.92,27.9,0.62,0.0
20201105:0630,240.71,38.97,27.44,0.83,0.0
20201105:0730,130.57,25.8,27.03,1.1,0.0
20201105:0830,140.35,12.03,26.34,0.62,0.0
20201105:0930,0.0,-2.06,26.09,0.62,0.0
20201105:1030,0.0,0.0,25.71,1.03,0.0
20201105:1130,0.0,0.0,25.47,1.66,0.0
20201105:1230,0.0,0.0,25.3,1.86,0.0
20201105:1330,0.0,0.0,25.2,2.07,0.0
20201105:1430,0.0,0.0,25.0,1.79,0.0
20201105:1530,0.0,0.0,24.82,1.52,0.0
20201105:1630,0.0,0.0,24.95,1.66,0.0
20201105:1730,0.0,0.0,24.58,1.72,0.0
20201105:1830,0.0,0.0,24.34,1.79,0.0
20201105:1930,0.0,0.0,24.41,1.66,0.0
20201105:2030,0.0,0.0,24.14,1.79,0.0
20201105:2130,0.0,-3.7,24.05,1.93,0.0
20201105:2230,212.07,10.42,24.11,2.07,0.0
20201105:2330,390.92,24.23,24.66,1.93,0.0
20201106:0030,493.0,37.34,25.64,2.34,0.0
20201106:0130,696.81,49.43,26.64,3.17,0.0
20201106:0230,609.67,59.04,27.47,3.72,0.0
20201106:0330,484.79,63.31,27.84,3.93,0.0
20201106:0430,238.31,59.89,27.71,4.55,0.0
20201106:0530,156.47,50.73,27.15,4.21,0.0
20201106:0630,577.38,38.84,27.11,3.79,0.0
20201106:0730,555.72,25.71,28.06,4.97,0.0
20201106:0830,220.7,11.97,27.99,4.62,0.0
20201106:0930,0.0,-2.1,27.44,4.28,0.0
20201106:1030,0.0,0.0,26.81,3.93,0.0
20201106:1130,0.0,0.0,26.52,4.07,0.0
20201106:1230,0.0,0.0,26.25,4.0,0.0
20201106:1330,0.0,0.0,26.07,3.59,0.0
20201106:1430,0.0,0.0,25.97,3.31,0.0
20201106:1530,0.0,0.0,25.8,3.38,0.0
20201106:1630,0.0,0.0,25.66,3.59,0.0
20201106:1730,0.0,0.0,25.29,3.86,0.0
20201106:1830,0.0,0.0,25.09,4.0,0.0
20201106:1930,0.0,0.0,25.31,2.9,0.0
20201106:2030,0.0,0.0,25.19,3.1,0.0
20201106:2130,0.0,-3.77,25.16,3.31,0.0
20201106:2230,66.83,10.33,25.23,3.38,0.0
20201106:2330,212.3,24.12,25.51,3.17,0.0
20201107:0030,307.76,37.18,26.35,3.03,0.0
20201107:0130,370.83,49.23,27.16,3.72,0.0
20201107:0230,443.81,58.78,27.69,4.21,0.0
20201107:0330,447.54,63.02,28.04,4.28,0.0
20201107:0430,282.2,59.64,27.57,4.83,0.0
20201107:0530,133.7,50.55,26.57,4.55,0.0
20201107:0630,87.04,38.71,25.94,3.66,0.0
20201107:0730,55.32,25.62,26.01,2.76,0.0
20201107:0830,12.29,11.91,25.9,2.21,0.0
20201107:0930,0.0,-2.13,25.69,2.41,0.0
20201107:1030,0.0,0.0,25.42,2.97,0.0
20201107:1130,0.0,0.0,25.3,2.97,0.0
20201107:1230,0.0,0.0,25.14,3.03,0.0
20201107:1330,0.0,0.0,25.11,3.1,0.0
20201107:1430,0.0,0.0,25.12,2.9,0.0
20201107:1530,0.0,0.0,25.12,2.34,0.0
20201107:1630,0.0,0.0,24.97,1.93,0.0
20201107:1730,0.0,0.0,24.75,1.59,0.0
20201107:1830,0.0,0.0,24.64,1.45,0.0
20201107:1930,0.0,0.0,24.77,3.03,0.0
20201107:2030,0.0,0.0,24.8,2.97,0.0
20201107:2130,0.0,-3.84,24.8,2.69,0.0
20201107:2230,270.29,10.24,24.73,2.76,0.0
20201107:2330,691.19,24.0,25.37,3.31,0.0
20201108:0030,824.02,37.03,26.25,3.52,0.0
20201108:0130,807.17,49.03,26.99,3.52,0.0
20201108:0230,878.59,58.51,27.62,3.79,0.0
20201108:0330,928.02,62.72,28.27,4.0,0.0
20201108:0430,747.69,59.39,28.71,3.86,0.0
20201108:0530,833.53,50.37,28.76,3.86,0.0
20201108:0630,707.82,38.59,28.87,3.72,0.0
20201108:0730,562.75,25.54,28.79,3.66,0.0
20201108:0830,284.89,11.86,28.38,3.38,0.0
20201108:0930,0.0,-2.17,27.55,2.83,0.0
20201108:1030,0.0,0.0,26.77,2.69,0.0
20201108:1130,0.0,0.0,26.35,2.55,0.0
20201108:1230,0.0,0.0,26.03,2.55,0.0
20201108:1330,0.0,0.0,25.81,2.83,0.0
20201108:1430,0.0,0.0,25.64,3.03,0.0
20201108:1530,0.0,0.0,25.5,2.69,0.0
20201108:1630,0.0,0.0,25.37,2.07,0.0
20201108:1730,0.0,0.0,24.97,1.72,0.0
20201108:1830,0.0,0.0,25.03,1.24,0.0
20201108:1930,0.0,0.0,26.09,0.69,0.0
20201108:2030,0.0,0.0,25.24,1.1,0.0
20201108:2130,0.0,-3.91,24.28,1.52,0.0
20201108:2230,430.92,10.14,25.69,0.97,0.0
20201108:2330,552.17,23.87,26.17,0.62,0.0
20201109:0030,787.96,36.87,26.9,1.03,0.0
20201109:0130,814.26,48.82,27.54,1.52,0.0
20201109:0230,819.1,58.25,28.1,1.79,0.0
20201109:0330,707.13,62.43,28.52,2.14,0.0
20201109:0430,689.35,59.14,28.71,2.0,0.0
20201109:0530,439.46,50.2,28.74,2.34,0.0
20201109:0630,514.0,38.47,28.08,2.9,0.0
20201109:0730,334.93,25.46,27.98,2.0,0.0
20201109:0830,175.94,11.81,27.87,1.93,0.0
20201109:0930,0.0,-2.19,27.67,1.17,0.0
20201109:1030,0.0,0.0,26.98,0.97,0.0
20201109:1130,0.0,0.0,26.82,0.9,0.0
20201109:1230,0.0,0.0,25.67,1.38,0.0
20201109:1330,0.0,0.0,25.28,1.31,0.0
20201109:1430,0.0,0.0,25.31,0.97,0.0
20201109:1530,0.0,0.0,26.17,0.69,0.0
20201109:1630,0.0,0.0,25.22,0.83,0.0
20201109:1730,0.0,0.0,24.45,1.59,0.0
20201109:1830,0.0,0.0,24.31,2.07,0.0
20201109:1930,0.0,0.0,25.18,1.1,0.0
20201109:2030,0.0,0.0,25.21,1.03,0.0
20201109:2130,0.0,-3.99,24.72,1.17,0.0
20201109:2230,316.92,10.04,25.64,0.69,0.0
20201109:2330,586.53,23.75,25.95,0.28,0.0
20201110:0030,632.87,36.71,26.51,0.21,0.0
20201110:0130,809.99,48.61,27.12,0.69,0.0
20201110:0230,743.6,57.99,27.93,2.21,0.0
20201110:0330,694.21,62.15,28.59,2.76,0.0
20201110:0430,661.5,58.91,27.92,2.76,0.0
20201110:0530,597.67,50.03,27.43,2.9,0.0
20201110:0630,211.31,38.36,27.86,2.69,0.0
20201110:0730,127.26,25.38,26.71,2.9,0.0
20201110:0830,85.46,11.76,26.67,1.86,0.0
20201110:0930,0.0,-2.22,26.65,1.31,0.0
20201110:1030,0.0,0.0,26.24,1.66,0.0
20201110:1130,0.0,0.0,25.77,1.17,0.0
20201110:1230,0.0,0.0,26.35,0.62,0.0
20201110:1330,0.0,0.0,26.41,0.28,0.0
20201110:1430,0.0,0.0,26.41,0.28,0.0
20201110:1530,0.0,0.0,25.55,0.9,0.0
20201110:1630,0.0,0.0,24.8,1.93,0.0
20201110:1730,0.0,0.0,24.93,2.34,0.0
20201110:1830,0.0,0.0,24.94,2.34,0.0
20201110:1930,0.0,0.0,25.16,2.69,0.0
20201110:2030,0.0,0.0,25.21,2.62,0.0
20201110:2130,0.0,-4.07,25.22,2.34,0.0
20201110:2230,28.69,9.94,25.3,2.48,0.0
20201110:2330,76.05,23.62,25.55,2.76,0.0
20201111:0030,163.53,36.55,26.09,3.66,0.0
20201111:0130,332.64,48.41,26.56,4.41,0.0
20201111:0230,407.38,57.73,27.08,4.9,0.0
20201111:0330,380.39,61.86,27.47,4.97,0.0
20201111:0430,286.4,58.67,27.27,5.1,0.0
20201111:0530,195.6,49.87,26.9,5.31,0.0
20201111:0630,147.11,38.25,26.65,5.59,0.0
20201111:0730,80.28,25.31,26.3,4.97,0.0
20201111:0830,27.09,11.72,26.09,5.03,0.0
20201111:0930,0.0,-2.23,25.96,4.69,0.0
20201111:1030,0.0,0.0,25.81,4.41,0.0
20201111:1130,0.0,0.0,25.85,4.21,0.0
20201111:1230,0.0,0.0,25.93,4.21,0.0
20201111:1330,0.0,0.0,26.04,4.41,0.0
20201111:1430,0.0,0.0,26.04,4.55,0.0
20201111:1530,0.0,0.0,26.16,4.34,0.0
20201111:1630,0.0,0.0,25.96,4.69,0.0
20201111:1730,0.0,0.0,25.76,5.45,0.0
20201111:1830,0.0,0.0,25.7,5.45,0.0
20201111:1930,0.0,0.0,25.43,5.38,0.0
20201111:2030,0.0,0.0,25.34,5.24,0.0
20201111:2130,0.0,-4.15,25.66,4.9,0.0
20201111:2230,186.17,9.84,25.81,4.62,0.0
20201111:2330,231.21,23.49,26.0,5.17,0.0
20201112:0030,478.08,36.38,26.23,5.59,0.0
20201112:0130,543.1,48.2,26.7,6.21,0.0
20201112:0230,642.53,57.48,27.08,6.69,0.0
20201112:0330,722.56,61.59,27.42,6.41,0.0
20201112:0430,663.54,58.44,27.8,5.72,0.0
20201112:0530,511.37,49.71,27.81,5.59,0.0
20201112:0630,404.21,38.14,27.74,5.17,0.0
20201112:0730,424.78,25.24,27.54,4.55,0.0
20201112:0830,109.19,11.68,26.89,4.48,0.0
20201112:0930,0.0,-2.25,26.48,3.72,0.0
20201112:1030,0.0,0.0,26.25,3.17,0.0
20201112:1130,0.0,0.0,26.21,2.83,0.0
20201112:1230,0.0,0.0,26.27,2.55,0.0
20201112:1330,0.0,0.0,26.25,2.21,0.0
20201112:1430,0.0,0.0,25.94,1.93,0.0
20201112:1530,0.0,0.0,25.68,1.86,0.0
20201112:1630,0.0,0.0,25.43,1.79,0.0
20201112:1730,0.0,0.0,25.09,1.66,0.0
20201112:1830,0.0,0.0,24.93,1.52,0.0
20201112:1930,0.0,0.0,26.28,0.41,0.0
20201112:2030,0.0,0.0,26.23,0.34,0.0
20201112:2130,0.0,-4.23,26.15,0.55,0.0
20201112:2230,332.8,9.73,25.3,0.9,0.0
20201112:2330,620.44,23.36,25.61,1.17,0.0
20201113:0030,825.07,36.22,26.65,1.38,0.0
20201113:0130,950.05,48.0,27.61,1.24,0.0
20201113:0230,898.95,57.23,28.56,1.1,0.0
20201113:0330,811.66,61.32,29.18,1.03,0.0
20201113:0430,837.68,58.22,29.48,0.97,0.0
20201113:0530,829.83,49.55,29.66,1.52,0.0
20201113:0630,673.54,38.04,29.58,1.86,0.0
20201113:0730,574.57,25.18,29.64,2.14,0.0
20201113:0830,339.73,11.64,29.34,2.28,0.0
20201113:0930,0.0,-2.26,28.66,2.41,0.0
20201113:1030,0.0,0.0,27.83,2.69,0.0
20201113:1130,0.0,0.0,27.33,2.76,0.0
20201113:1230,0.0,0.0,27.01,3.03,0.0
20201113:1330,0.0,0.0,26.78,3.24,0.0
20201113:1430,0.0,0.0,26.66,3.31,0.0
20201113:1530,0.0,0.0,26.4,3.79,0.0
20201113:1630,0.0,0.0,26.2,4.21,0.0
20201113:1730,0.0,0.0,25.95,4.41,0.0
20201113:1830,0.0,0.0,25.68,4.28,0.0
20201113:1930,0.0,0.0,25.65,4.34,0.0
20201113:2030,0.0,0.0,25.61,4.28,0.0
20201113:2130,0.0,-4.32,25.66,4.48,0.0
20201113:2230,536.46,9.63,25.59,4.97,0.0
20201113:2330,641.22,23.23,26.14,5.38,0.0
20201114:0030,745.48,36.06,27.04,6.76,0.0
20201114:0130,794.66,47.79,27.72,6.97,0.0
20201114:0230,831.35,56.98,28.48,6.69,0.0
20201114:0330,859.93,61.05,29.08,6.48,0.0
20201114:0430,745.38,58.0,29.53,6.21,0.0
20201114:0530,764.41,49.4,29.57,5.86,0.0
20201114:0630,789.68,37.94,29.55,5.72,0.0
20201114:0730,730.11,25.12,29.21,5.86,0.0
20201114:0830,512.77,11.61,28.82,5.31,0.0
20201114:0930,0.0,-2.27,28.05,4.9,0.0
20201114:1030,0.0,0.0,27.35,4.9,0.0
20201114:1130,0.0,0.0,26.97,4.76,0.0
20201114:1230,0.0,0.0,26.67,4.9,0.0
20201114:1330,0.0,0.0,26.35,5.17,0.0
20201114:1430,0.0,0.0,26.02,5.31,0.0
20201114:1530,0.0,0.0,25.81,5.03,0.0
20201114:1630,0.0,0.0,25.71,4.76,0.0
20201114:1730,0.0,0.0,25.61,4.83,0.0
20201114:1830,0.0,0.0,25.68,5.1,0.0
20201114:1930,0.0,0.0,25.47,4.97,0.0
20201114:2030,0.0,0.0,25.35,5.24,0.0
20201114:2130,0.0,-4.4,25.43,5.52,0.0
20201114:2230,275.97,9.52,25.46,5.45,0.0
20201114:2330,614.4,23.1,25.67,5.93,0.0
20201115:0030,820.49,35.89,26.37,6.34,0.0
20201115:0130,748.52,47.59,27.36,6.28,0.0
20201115:0230,822.64,56.73,27.95,6.28,0.0
20201115:0330,970.61,60.79,28.6,6.14,0.0
20201115:0430,820.77,57.79,29.27,6.14,0.0
20201115:0530,767.57,49.26,29.3,5.86,0.0
20201115:0630,889.98,37.85,29.33,5.66,0.0
20201115:0730,819.51,25.07,29.23,6.0,0.0
20201115:0830,525.67,11.59,28.73,5.79,0.0
20201115:0930,0.0,-2.27,27.82,5.52,0.0
20201115:1030,0.0,0.0,27.02,5.38,0.0
20201115:1130,0.0,0.0,26.65,5.17,0.0
20201115:1230,0.0,0.0,26.53,4.97,0.0
20201115:1330,0.0,0.0,26.32,5.03,0.0
20201115:1430,0.0,0.0,26.2,5.17,0.0
20201115:1530,0.0,0.0,25.94,5.24,0.0
20201115:1630,0.0,0.0,25.82,5.03,0.0
20201115:1730,0.0,0.0,25.53,5.03,0.0
20201115:1830,0.0,0.0,25.27,5.1,0.0
20201115:1930,0.0,0.0,25.85,5.72,0.0
20201115:2030,0.0,0.0,25.79,5.45,0.0
20201115:2130,0.0,-4.49,25.73,5.03,0.0
20201115:2230,529.11,9.41,25.68,5.03,0.0
20201115:2330,758.8,22.97,26.18,4.97,0.0
20201116:0030,825.71,35.73,27.11,5.24,0.0
20201116:0130,889.82,47.39,28.11,5.38,0.0
20201116:0230,898.44,56.49,28.95,5.45,0.0
20201116:0330,969.27,60.54,29.47,5.38,0.0
20201116:0430,920.85,57.58,29.95,5.45,0.0
20201116:0530,877.37,49.12,30.01,5.38,0.0
20201116:0630,881.76,37.76,29.8,5.59,0.0
20201116:0730,634.25,25.02,29.44,5.59,0.0
20201116:0830,278.25,11.57,28.69,5.31,0.0
20201116:0930,0.0,-2.27,27.92,4.69,0.0
20201116:1030,0.0,0.0,27.28,4.55,0.0
20201116:1130,0.0,0.0,26.85,3.93,0.0
20201116:1230,0.0,0.0,26.53,4.28,0.0
20201116:1330,0.0,0.0,26.22,4.62,0.0
20201116:1430,0.0,0.0,25.93,4.28,0.0
20201116:1530,0.0,0.0,25.67,4.21,0.0
20201116:1630,0.0,0.0,25.53,4.21,0.0
20201116:1730,0.0,0.0,25.3,4.41,0.0
20201116:1830,0.0,0.0,25.18,4.62,0.0
20201116:1930,0.0,0.0,25.48,4.83,0.0
20201116:2030,0.0,0.0,25.47,4.97,0.0
20201116:2130,0.0,-4.58,25.5,4.83,0.0
20201116:2230,438.08,9.3,25.49,4.41,0.0
20201116:2330,695.31,22.83,26.0,4.28,0.0
20201117:0030,593.96,35.56,27.05,5.31,0.0
20201117:0130,552.66,47.18,27.85,5.24,0.0
20201117:0230,396.29,56.24,28.37,5.03,0.0
20201117:0330,619.74,60.29,28.59,4.34,0.0
20201117:0430,631.34,57.38,29.03,4.07,0.0
20201117:0530,720.57,48.98,29.06,4.0,0.0
20201117:0630,587.49,37.68,28.04,4.41,0.0
20201117:0730,558.82,24.97,28.61,4.14,0.0
20201117:0830,345.67,11.55,28.32,4.69,0.0
20201117:0930,0.0,-2.27,27.46,4.48,0.0
20201117:1030,0.0,0.0,26.6,4.62,0.0
20201117:1130,0.0,0.0,26.23,4.55,0.0
20201117:1230,0.0,0.0,26.03,4.48,0.0
20201117:1330,0.0,0.0,25.83,4.21,0.0
20201117:1430,0.0,0.0,25.76,4.34,0.0
20201117:1530,0.0,0.0,25.64,4.55,0.0
20201117:1630,0.0,0.0,25.52,4.41,0.0
20201117:1730,0.0,0.0,25.36,4.41,0.0
20201117:1830,0.0,0.0,25.27,4.28,0.0
20201117:1930,0.0,0.0,25.28,3.86,0.0
20201117:2030,0.0,0.0,25.25,3.79,0.0
20201117:2130,0.0,-4.67,25.25,3.79,0.0
20201117:2230,565.18,9.19,25.46,3.79,0.0
20201117:2330,791.89,22.7,26.1,3.93,0.0
20201118:0030,806.06,35.4,27.08,4.76,0.0
20201118:0130,863.66,46.98,27.82,4.83,0.0
20201118:0230,939.25,56.01,28.59,4.83,0.0
20201118:0330,811.19,60.04,29.34,4.69,0.0
20201118:0430,748.31,57.19,29.53,4.76,0.0
20201118:0530,889.97,48.85,29.53,5.17,0.0
20201118:0630,707.19,37.6,29.54,5.38,0.0
20201118:0730,728.59,24.93,29.29,5.1,0.0
20201118:0830,496.82,11.53,28.85,4.9,0.0
20201118:0930,0.0,-2.26,28.11,4.41,0.0
20201118:1030,0.0,0.0,27.4,4.41,0.0
20201118:1130,0.0,0.0,27.03,4.48,0.0
20201118:1230,0.0,0.0,26.71,4.69,0.0
20201118:1330,0.0,0.0,26.41,4.83,0.0
20201118:1430,0.0,0.0,26.02,4.83,0.0
20201118:1530,0.0,0.0,25.8,4.76,0.0
20201118:1630,0.0,0.0,25.62,4.41,0.0
20201118:1730,0.0,0.0,25.42,4.34,0.0
20201118:1830,0.0,0.0,25.41,4.48,0.0
20201118:1930,0.0,0.0,25.66,4.21,0.0
20201118:2030,0.0,0.0,25.6,4.34,0.0
20201118:2130,0.0,-4.77,25.61,4.62,0.0
20201118:2230,440.22,9.07,25.57,4.62,0.0
20201118:2330,585.09,22.56,26.06,4.76,0.0
20201119:0030,735.91,35.23,26.9,6.0,0.0
20201119:0130,851.68,46.78,27.81,5.79,0.0
20201119:0230,789.31,55.77,28.22,6.14,0.0
20201119:0330,871.82,59.8,28.57,5.72,0.0
20201119:0430,748.07,56.99,28.96,5.38,0.0
20201119:0530,551.73,48.73,28.48,5.38,0.0
20201119:0630,557.27,37.52,28.2,4.9,0.0
20201119:0730,604.63,24.89,28.27,4.69,0.0
20201119:0830,461.25,11.52,27.69,4.9,0.0
20201119:0930,0.0,-2.25,27.01,4.55,0.0
20201119:1030,0.0,0.0,26.45,4.0,0.0
20201119:1130,0.0,0.0,26.1,4.34,0.0
20201119:1230,0.0,0.0,25.88,4.48,0.0
20201119:1330,0.0,0.0,25.78,4.62,0.0
20201119:1430,0.0,0.0,25.61,4.62,0.0
20201119:1530,0.0,0.0,25.51,4.69,0.0
20201119:1630,0.0,0.0,25.49,4.48,0.0
20201119:1730,0.0,0.0,25.42,4.07,0.0
20201119:1830,0.0,0.0,25.35,3.86,0.0
20201119:1930,0.0,0.0,25.39,4.28,0.0
20201119:2030,0.0,0.0,25.42,4.14,0.0
20201119:2130,0.0,-4.86,25.44,4.07,0.0
20201119:2230,359.02,8.96,25.35,4.07,0.0
20201119:2330,730.56,22.42,25.79,4.62,0.0
20201120:0030,642.96,35.06,26.69,5.17,0.0
20201120:0130,690.67,46.59,27.37,4.9,0.0
20201120:0230,861.54,55.54,27.95,4.62,0.0
20201120:0330,767.63,59.57,28.74,4.34,0.0
20201120:0430,808.77,56.81,29.02,4.21,0.0
20201120:0530,708.88,48.61,29.17,4.28,0.0
20201120:0630,679.92,37.46,29.33,4.48,0.0
20201120:0730,704.73,24.86,29.05,4.41,0.0
20201120:0830,488.98,11.52,28.67,4.48,0.0
20201120:0930,0.0,-2.23,27.95,3.79,0.0
20201120:1030,0.0,0.0,27.3,3.66,0.0
20201120:1130,0.0,0.0,26.93,3.59,0.0
20201120:1230,0.0,0.0,26.62,3.66,0.0
20201120:1330,0.0,0.0,26.44,3.86,0.0
20201120:1430,0.0,0.0,26.2,4.14,0.0
20201120:1530,0.0,0.0,25.9,3.93,0.0
20201120:1630,0.0,0.0,25.56,4.07,0.0
20201120:1730,0.0,0.0,25.41,4.28,0.0
20201120:1830,0.0,0.0,25.32,4.41,0.0
20201120:1930,0.0,0.0,25.42,4.55,0.0
20201120:2030,0.0,0.0,25.4,4.62,0.0
20201120:2130,0.0,-4.96,25.35,4.69,0.0
20201120:2230,409.97,8.84,25.39,4.83,0.0
20201120:2330,676.75,22.28,25.68,5.45,0.0
20201121:0030,794.18,34.9,26.54,6.28,0.0
20201121:0130,855.09,46.39,27.4,6.14,0.0
20201121:0230,901.28,55.32,28.28,6.21,0.0
20201121:0330,847.06,59.34,28.9,6.34,0.0
20201121:0430,889.99,56.63,29.23,6.21,0.0
20201121:0530,948.61,48.49,29.49,6.21,0.0
20201121:0630,906.37,37.39,29.61,6.21,0.0
20201121:0730,657.37,24.83,29.16,5.79,0.0
20201121:0830,503.51,11.51,28.55,5.17,0.0
20201121:0930,0.0,-2.21,27.69,5.24,0.0
20201121:1030,0.0,0.0,26.84,5.52,0.0
20201121:1130,0.0,0.0,26.41,5.52,0.0
20201121:1230,0.0,0.0,26.06,5.52,0.0
20201121:1330,0.0,0.0,25.92,5.52,0.0
20201121:1430,0.0,0.0,25.88,5.52,0.0
20201121:1530,0.0,0.0,25.77,5.38,0.0
20201121:1630,0.0,0.0,25.57,5.52,0.0
20201121:1730,0.0,0.0,25.37,5.79,0.0
20201121:1830,0.0,0.0,25.08,5.45,0.0
20201121:1930,0.0,0.0,25.19,5.72,0.0
20201121:2030,0.0,0.0,25.06,5.93,0.0
20201121:2130,0.0,-5.06,24.97,6.21,0.0
20201121:2230,316.6,8.72,24.9,6.28,0.0
20201121:2330,527.37,22.14,25.12,6.97,0.0
20201122:0030,628.6,34.74,25.62,7.66,0.0
20201122:0130,734.45,46.2,26.3,7.52,0.0
20201122:0230,702.23,55.09,26.84,7.38,0.0
20201122:0330,808.38,59.12,27.28,7.17,0.0
20201122:0430,675.15,56.46,27.84,6.69,0.0
20201122:0530,745.74,48.38,27.64,6.76,0.0
20201122:0630,764.14,37.33,27.81,6.83,0.0
20201122:0730,398.59,24.8,28.31,7.17,0.0
20201122:0830,310.94,11.52,27.89,6.69,0.0
20201122:0930,0.0,-2.19,27.25,5.79,0.0
20201122:1030,0.0,0.0,26.85,5.1,0.0
20201122:1130,0.0,0.0,26.61,5.31,0.0
20201122:1230,0.0,0.0,26.54,5.66,0.0
20201122:1330,0.0,0.0,26.48,5.93,0.0
20201122:1430,0.0,0.0,26.43,5.79,0.0
20201122:1530,0.0,0.0,26.29,5.52,0.0
20201122:1630,0.0,0.0,26.18,5.59,0.0
20201122:1730,0.0,0.0,26.1,5.86,0.0
20201122:1830,0.0,0.0,26.06,5.93,0.0
20201122:1930,0.0,0.0,25.81,5.79,0.0
20201122:2030,0.0,0.0,25.5,6.0,0.0
20201122:2130,0.0,-5.16,25.35,5.24,0.0
20201122:2230,328.61,8.61,25.32,4.9,0.0
20201122:2330,412.3,22.0,25.66,5.72,0.0
20201123:0030,455.93,34.57,26.22,6.55,0.0
20201123:0130,265.63,46.0,26.4,6.48,0.0
20201123:0230,332.21,54.88,26.23,7.1,0.0
20201123:0330,323.51,58.9,25.87,7.03,0.0
20201123:0430,263.65,56.29,25.96,7.79,0.0
20201123:0530,321.65,48.28,25.61,7.86,0.0
20201123:0630,226.5,37.27,25.56,8.62,0.0
20201123:0730,130.98,24.78,25.99,7.79,0.0
20201123:0830,37.9,11.52,26.16,8.07,0.0
20201123:0930,0.0,-2.16,26.01,7.93,0.0
20201123:1030,0.0,0.0,25.74,7.59,0.0
20201123:1130,0.0,0.0,25.78,7.38,0.0
20201123:1230,0.0,0.0,25.83,7.24,0.0
20201123:1330,0.0,0.0,25.91,7.03,0.0
20201123:1430,0.0,0.0,25.93,6.9,0.0
20201123:1530,0.0,0.0,25.91,6.69,0.0
20201123:1630,0.0,0.0,25.74,6.28,0.0
20201123:1730,0.0,0.0,25.48,5.86,0.0
20201123:1830,0.0,0.0,25.22,5.86,0.0
20201123:1930,0.0,0.0,25.37,5.79,0.0
20201123:2030,0.0,0.0,25.19,6.0,0.0
20201123:2130,0.0,-5.26,25.03,5.86,0.0
20201123:2230,429.32,8.49,25.05,5.79,0.0
20201123:2330,599.29,21.86,25.52,6.21,0.0
20201124:0030,533.1,34.41,26.19,7.86,0.0
20201124:0130,570.94,45.81,26.54,7.86,0.0
20201124:0230,765.51,54.66,26.98,8.07,0.0
20201124:0330,743.87,58.69,27.38,7.93,0.0
20201124:0430,606.62,56.13,27.32,7.59,0.0
20201124:0530,801.62,48.18,27.04,7.31,0.0
20201124:0630,748.89,37.22,27.41,7.31,0.0
20201124:0730,524.06,24.77,26.97,8.69,0.0
20201124:0830,458.96,11.53,26.43,8.28,0.0
20201124:0930,0.0,-2.13,25.69,7.79,0.0
20201124:1030,0.0,0.0,25.31,7.1,0.0
20201124:1130,0.0,0.0,25.38,6.9,0.0
20201124:1230,0.0,0.0,25.09,6.97,0.0
20201124:1330,0.0,0.0,25.17,6.76,0.0
20201124:1430,0.0,0.0,25.03,6.62,0.0
20201124:1530,0.0,0.0,24.98,6.76,0.0
20201124:1630,0.0,0.0,24.88,6.76,0.0
20201124:1730,0.0,0.0,24.67,6.83,0.0
20201124:1830,0.0,0.0,24.67,6.76,0.0
20201124:1930,0.0,0.0,24.8,6.97,0.0
20201124:2030,0.0,0.0,24.81,6.69,0.0
20201124:2130,0.0,-5.36,24.83,6.55,0.0
20201124:2230,432.13,8.37,24.91,6.41,0.0
20201124:2330,548.8,21.72,25.27,6.55,0.0
20201125:0030,567.26,34.25,26.01,7.45,0.0
20201125:0130,799.01,45.63,26.56,7.86,0.0
20201125:0230,771.55,54.45,27.3,8.14,0.0
20201125:0330,824.17,58.49,27.56,8.21,0.0
20201125:0430,773.34,55.98,27.8,8.34,0.0
20201125:0530,902.22,48.09,27.78,8.21,0.0
20201125:0630,598.2,37.18,27.82,7.86,0.0
20201125:0730,503.78,24.75,27.52,7.31,0.0
20201125:0830,385.52,11.54,27.09,6.62,0.0
20201125:0930,0.0,-2.1,26.37,6.14,0.0
20201125:1030,0.0,0.0,25.77,5.79,0.0
20201125:1130,0.0,0.0,25.47,6.0,0.0
20201125:1230,0.0,0.0,25.42,6.0,0.0
20201125:1330,0.0,0.0,25.3,6.07,0.0
20201125:1430,0.0,0.0,25.03,5.79,0.0
20201125:1530,0.0,0.0,24.84,5.52,0.0
20201125:1630,0.0,0.0,24.86,5.38,0.0
20201125:1730,0.0,0.0,24.85,5.38,0.0
20201125:1830,0.0,0.0,24.67,5.24,0.0
20201125:1930,0.0,0.0,24.8,5.66,0.0
20201125:2030,0.0,0.0,24.71,5.66,0.0
20201125:2130,0.0,-5.47,24.66,5.52,0.0
20201125:2230,393.14,8.25,24.75,5.24,0.0
20201125:2330,579.62,21.58,25.22,5.17,0.0
20201126:0030,732.85,34.08,26.17,6.14,0.0
20201126:0130,784.53,45.44,27.11,7.66,0.0
20201126:0230,757.12,54.25,27.62,7.1,0.0
20201126:0330,867.04,58.29,28.02,7.24,0.0
20201126:0430,712.06,55.83,28.5,7.03,0.0
20201126:0530,725.78,48.0,28.61,7.03,0.0
20201126:0630,687.43,37.14,28.43,6.83,0.0
20201126:0730,761.59,24.75,28.52,6.62,0.0
20201126:0830,388.68,11.56,28.04,5.79,0.0
20201126:0930,0.0,-2.06,27.08,5.79,0.0
20201126:1030,0.0,0.0,26.15,5.38,0.0
20201126:1130,0.0,0.0,25.74,5.17,0.0
20201126:1230,0.0,0.0,25.48,4.48,0.0
20201126:1330,0.0,0.0,25.28,4.41,0.0
20201126:1430,0.0,0.0,25.23,4.28,0.0
20201126:1530,0.0,0.0,25.26,4.55,0.0
20201126:1630,0.0,0.0,25.17,4.0,0.0
20201126:1730,0.0,0.0,25.09,4.0,0.0
20201126:1830,0.0,0.0,25.04,4.14,0.0
20201126:1930,0.0,0.0,24.93,3.59,0.0
20201126:2030,0.0,0.0,24.88,3.93,0.0
20201126:2130,0.0,-5.57,24.94,4.28,0.0
20201126:2230,416.49,8.12,25.11,4.34,0.0
20201126:2330,620.79,21.44,25.54,4.14,0.0
20201127:0030,754.99,33.92,26.57,5.38,0.0
20201127:0130,608.81,45.26,27.21,5.45,0.0
20201127:0230,838.69,54.05,27.64,4.97,0.0
20201127:0330,691.39,58.1,28.17,4.83,0.0
20201127:0430,538.62,55.69,28.15,5.45,0.0
20201127:0530,359.2,47.92,27.43,6.14,0.0
20201127:0630,192.67,37.1,27.05,5.72,0.0
20201127:0730,33.56,24.74,26.99,5.38,0.0
20201127:0830,21.25,11.58,26.38,4.83,0.0
20201127:0930,0.0,-2.02,25.92,5.31,0.0
20201127:1030,0.0,0.0,25.54,5.03,0.0
20201127:1130,0.0,0.0,25.45,5.1,0.0
20201127:1230,0.0,0.0,25.6,5.45,0.0
20201127:1330,0.0,0.0,25.61,5.52,0.0
20201127:1430,0.0,0.0,25.64,5.38,0.0
20201127:1530,0.0,0.0,25.55,5.38,0.0
20201127:1630,0.0,0.0,25.45,5.31,0.0
20201127:1730,0.0,0.0,25.24,5.24,0.0
20201127:1830,0.0,0.0,25.12,5.24,0.0
20201127:1930,0.0,0.0,25.27,5.17,0.0
20201127:2030,0.0,0.0,25.18,5.17,0.0
20201127:2130,0.0,-5.68,25.22,5.17,0.0
20201127:2230,310.48,8.0,25.25,5.38,0.0
20201127:2330,482.68,21.3,25.48,5.86,0.0
20201128:0030,630.7,33.77,25.94,6.97,0.0
20201128:0130,720.25,45.08,26.73,6.97,0.0
20201128:0230,870.88,53.85,27.59,6.83,0.0
20201128:0330,951.03,57.91,28.32,6.48,0.0
20201128:0430,928.31,55.55,28.94,6.0,0.0
20201128:0530,891.6,47.84,28.77,5.79,0.0
20201128:0630,707.59,37.07,28.74,5.52,0.0
20201128:0730,779.51,24.74,28.53,5.66,0.0
20201128:0830,496.17,11.61,28.11,5.59,0.0
20201128:0930,0.0,-1.97,27.37,4.83,0.0
20201128:1030,0.0,0.0,26.6,4.62,0.0
20201128:1130,0.0,0.0,26.0,4.97,0.0
20201128:1230,0.0,0.0,25.63,5.31,0.0
20201128:1330,0.0,0.0,25.49,5.03,0.0
20201128:1430,0.0,0.0,25.52,4.62,0.0
20201128:1530,0.0,0.0,25.4,4.69,0.0
20201128:1630,0.0,0.0,25.26,5.1,0.0
20201128:1730,0.0,0.0,25.21,5.59,0.0
20201128:1830,0.0,0.0,25.01,5.72,0.0
20201128:1930,0.0,0.0,25.3,5.17,0.0
20201128:2030,0.0,0.0,25.26,4.76,0.0
20201128:2130,0.0,-5.79,25.15,4.62,0.0
20201128:2230,347.38,7.88,25.19,4.62,0.0
20201128:2330,635.22,21.16,25.49,5.24,0.0
20201129:0030,830.57,33.61,26.19,6.21,0.0
20201129:0130,786.63,44.9,27.35,6.34,0.0
20201129:0230,901.88,53.66,28.09,6.34,0.0
20201129:0330,966.61,57.73,28.76,6.34,0.0
20201129:0430,970.09,55.42,29.14,6.34,0.0
20201129:0530,1007.53,47.77,29.26,6.41,0.0
20201129:0630,886.15,37.04,29.23,6.41,0.0
20201129:0730,568.59,24.75,28.08,6.62,0.0
20201129:0830,557.25,11.64,27.59,6.28,0.0
20201129:0930,0.0,-1.93,27.1,5.31,0.0
20201129:1030,0.0,0.0,26.34,5.24,0.0
20201129:1130,0.0,0.0,25.78,5.59,0.0
20201129:1230,0.0,0.0,25.48,5.52,0.0
20201129:1330,0.0,0.0,25.44,5.66,0.0
20201129:1430,0.0,0.0,25.2,5.66,0.0
20201129:1530,0.0,0.0,24.88,5.38,0.0
20201129:1630,0.0,0.0,24.82,5.17,0.0
20201129:1730,0.0,0.0,24.75,4.9,0.0
20201129:1830,0.0,0.0,24.68,4.9,0.0
20201129:1930,0.0,0.0,24.84,5.59,0.0
20201129:2030,0.0,0.0,24.78,5.52,0.0
20201129:2130,0.0,-5.9,24.67,5.45,0.0
20201129:2230,423.92,7.76,24.71,5.31,0.0
20201129:2330,566.12,21.02,25.13,6.0,0.0
20201130:0030,594.64,33.45,25.7,6.97,0.0
20201130:0130,745.93,44.73,26.26,7.24,0.0
20201130:0230,817.19,53.47,26.83,7.17,0.0
20201130:0330,720.53,57.56,27.27,7.52,0.0
20201130:0430,792.39,55.3,26.98,7.45,0.0
20201130:0530,691.96,47.7,27.46,6.76,0.0
20201130:0630,574.91,37.02,27.19,6.76,0.0
20201130:0730,688.03,24.76,27.24,6.62,0.0
20201130:0830,407.66,11.67,26.79,6.21,0.0
20201130:0930,0.0,-1.88,26.05,6.28,0.0
20201130:1030,0.0,0.0,25.25,5.86,0.0
20201130:1130,0.0,0.0,25.08,5.72,0.0
20201130:1230,0.0,0.0,25.04,5.59,0.0
20201130:1330,0.0,0.0,25.0,5.31,0.0
20201130:1430,0.0,0.0,24.91,5.1,0.0
20201130:1530,0.0,0.0,24.9,4.83,0.0
20201130:1630,0.0,0.0,24.85,4.41,0.0
20201130:1730,0.0,0.0,24.81,4.41,0.0
20201130:1830,0.0,0.0,24.78,4.76,0.0
20201130:1930,0.0,0.0,24.96,4.9,0.0
20201130:2030,0.0,0.0,25.06,5.03,0.0
20201130:2130,0.0,-6.01,25.09,5.1,0.0
20201130:2230,466.52,7.63,24.98,5.24,0.0
20201130:2330,672.59,20.89,25.27,5.24,0.0
20201201:0030,781.74,33.3,26.24,6.21,0.0
20201201:0130,774.65,44.55,27.32,6.76,0.0
20201201:0230,606.56,53.29,28.09,6.41,0.0
20201201:0330,830.42,57.39,28.35,5.79,0.0
20201201:0430,728.01,55.19,28.94,6.28,0.0
20201201:0530,716.65,47.64,28.81,5.79,0.0
20201201:0630,571.83,37.0,28.44,5.59,0.0
20201201:0730,349.7,24.77,28.57,5.52,0.0
20201201:0830,172.69,11.7,27.95,4.76,0.0
20201201:0930,0.0,-1.82,27.36,4.28,0.0
20201201:1030,0.0,0.0,26.84,4.28,0.0
20201201:1130,0.0,0.0,26.52,4.07,0.0
20201201:1230,0.0,0.0,26.11,3.93,0.0
20201201:1330,0.0,0.0,25.91,3.31,0.0
20201201:1430,0.0,0.0,25.83,2.55,0.0
20201201:1530,0.0,0.0,25.74,2.07,0.0
20201201:1630,0.0,0.0,25.73,2.21,0.0
20201201:1730,0.0,0.0,25.7,2.21,0.0
20201201:1830,0.0,0.0,25.75,2.21,0.0
20201201:1930,0.0,0.0,24.95,2.41,0.0
20201201:2030,0.0,0.0,25.0,2.21,0.0
20201201:2130,0.0,-6.12,25.0,2.34,0.0
20201201:2230,45.64,7.51,25.04,2.0,0.0
20201201:2330,107.81,20.75,25.3,1.52,0.0
20201202:0030,147.64,33.14,25.82,1.59,0.0
20201202:0130,420.41,44.39,26.15,2.34,0.0
20201202:0230,523.23,53.11,27.02,2.9,0.0
20201202:0330,355.78,57.23,27.6,3.1,0.0
20201202:0430,483.56,55.08,27.93,3.24,0.0
20201202:0530,342.24,47.59,28.1,3.45,0.0
20201202:0630,397.75,36.99,27.75,3.17,0.0
20201202:0730,270.36,24.79,27.21,3.1,0.0
20201202:0830,110.58,11.74,27.13,2.41,0.0
20201202:0930,0.0,-1.77,26.3,1.66,0.0
20201202:1030,0.0,0.0,25.64,1.59,0.0
20201202:1130,0.0,0.0,25.63,1.66,0.0
20201202:1230,0.0,0.0,25.35,0.97,0.0
20201202:1330,0.0,0.0,25.88,0.41,0.0
20201202:1430,0.0,0.0,25.89,0.28,0.0
20201202:1530,0.0,0.0,25.01,0.83,0.0
20201202:1630,0.0,0.0,24.49,1.17,0.0
20201202:1730,0.0,0.0,24.75,0.9,0.0
20201202:1830,0.0,0.0,25.44,0.41,0.0
20201202:1930,0.0,0.0,23.98,1.24,0.0
20201202:2030,0.0,0.0,24.07,1.17,0.0
20201202:2130,0.0,-6.23,23.92,1.31,0.0
20201202:2230,75.41,7.38,24.08,1.45,0.0
20201202:2330,268.48,20.61,25.22,0.76,0.0
20201203:0030,449.19,32.99,26.16,0.14,0.0
20201203:0130,484.36,44.22,26.89,0.21,0.0
20201203:0230,625.6,52.94,27.48,0.14,0.0
20201203:0330,532.57,57.08,28.24,0.55,0.0
20201203:0430,595.38,54.97,28.63,1.52,0.0
20201203:0530,499.81,47.54,28.75,1.79,0.0
20201203:0630,301.22,36.98,28.75,1.66,0.0
20201203:0730,231.52,24.81,27.41,1.86,0.0
20201203:0830,44.1,11.79,27.32,1.38,0.0
20201203:0930,0.0,-1.71,27.15,1.03,0.0
20201203:1030,0.0,0.0,26.58,0.97,0.0
20201203:1130,0.0,0.0,26.14,1.31,0.0
20201203:1230,0.0,0.0,25.73,1.17,0.0
20201203:1330,0.0,0.0,25.58,1.17,0.0
20201203:1430,0.0,0.0,25.23,1.24,0.0
20201203:1530,0.0,0.0,25.35,1.45,0.0
20201203:1630,0.0,0.0,25.3,1.52,0.0
20201203:1730,0.0,0.0,25.03,1.17,0.0
20201203:1830,0.0,0.0,25.12,0.97,0.0
20201203:1930,0.0,0.0,25.12,0.9,0.0
20201203:2030,0.0,0.0,24.67,1.17,0.0
20201203:2130,0.0,-6.34,24.34,1.52,0.0
20201203:2230,283.58,7.26,24.37,1.38,0.0
20201203:2330,428.27,20.47,25.24,1.24,0.0
20201204:0030,707.1,32.85,26.1,0.97,0.0
20201204:0130,846.76,44.06,26.99,0.97,0.0
20201204:0230,738.56,52.78,27.73,1.86,0.0
20201204:0330,723.31,56.94,28.13,2.34,0.0
20201204:0430,783.18,54.88,28.39,2.9,0.0
20201204:0530,672.13,47.5,28.44,2.55,0.0
20201204:0630,475.2,36.98,28.65,2.28,0.0
20201204:0730,424.01,24.84,28.39,0.97,0.0
20201204:0830,142.5,11.83,28.36,0.62,0.0
20201204:0930,0.0,-1.64,27.92,1.1,0.0
20201204:1030,0.0,0.0,26.82,1.86,0.0
20201204:1130,0.0,0.0,26.41,2.28,0.0
20201204:1230,0.0,0.0,26.31,2.0,0.0
20201204:1330,0.0,0.0,25.96,1.86,0.0
20201204:1430,0.0,0.0,25.42,1.52,0.0
20201204:1530,0.0,0.0,25.01,1.31,0.0
20201204:1630,0.0,0.0,24.98,1.59,0.0
20201204:1730,0.0,0.0,24.81,1.66,0.0
20201204:1830,0.0,0.0,24.71,1.93,0.0
20201204:1930,0.0,0.0,24.79,1.38,0.0
20201204:2030,0.0,0.0,24.56,1.38,0.0
20201204:2130,0.0,-6.45,24.73,2.21,0.0
20201204:2230,219.44,7.14,24.74,2.62,0.0
20201204:2330,536.8,20.34,25.07,2.48,0.0
20201205:0030,703.15,32.7,26.0,2.28,0.0
20201205:0130,725.72,43.9,26.95,2.21,0.0
20201205:0230,800.99,52.62,27.76,1.93,0.0
20201205:0330,698.98,56.8,28.48,1.93,0.0
20201205:0430,694.84,54.79,28.78,2.76,0.0
20201205:0530,580.76,47.46,28.66,3.1,0.0
20201205:0630,465.88,36.98,28.11,3.45,0.0
20201205:0730,342.84,24.87,28.16,3.79,0.0
20201205:0830,399.17,11.88,27.76,3.93,0.0
20201205:0930,0.0,-1.58,27.42,3.52,0.0
20201205:1030,0.0,0.0,26.94,3.24,0.0
20201205:1130,0.0,0.0,26.59,3.45,0.0
20201205:1230,0.0,0.0,26.42,3.38,0.0
20201205:1330,0.0,0.0,26.15,3.38,0.0
20201205:1430,0.0,0.0,25.81,3.59,0.0
20201205:1530,0.0,0.0,25.61,3.79,0.0
20201205:1630,0.0,0.0,25.43,4.0,0.0
20201205:1730,0.0,0.0,25.26,3.86,0.0
20201205:1830,0.0,0.0,25.15,3.72,0.0
20201205:1930,0.0,0.0,25.31,4.41,0.0
20201205:2030,0.0,0.0,25.33,4.41,0.0
20201205:2130,0.0,-6.56,25.33,4.07,0.0
20201205:2230,272.39,7.01,25.31,3.72,0.0
20201205:2330,425.15,20.2,25.59,3.59,0.0
20201206:0030,630.44,32.55,26.46,4.9,0.0
20201206:0130,646.26,43.75,27.29,5.45,0.0
20201206:0230,756.26,52.46,28.0,5.45,0.0
20201206:0330,730.92,56.66,28.6,5.38,0.0
20201206:0430,753.02,54.71,28.65,5.24,0.0
20201206:0530,663.8,47.43,28.57,4.62,0.0
20201206:0630,354.19,36.99,28.51,4.21,0.0
20201206:0730,100.43,24.9,27.67,4.0,0.0
20201206:0830,23.7,11.94,26.34,4.0,0.0
20201206:0930,0.0,-1.51,25.84,4.34,0.0
20201206:1030,0.0,0.0,25.48,4.34,0.0
20201206:1130,0.0,0.0,25.33,4.14,0.0
20201206:1230,0.0,0.0,25.31,3.86,0.0
20201206:1330,0.0,0.0,25.18,3.66,0.0
20201206:1430,0.0,0.0,25.17,3.79,0.0
20201206:1530,0.0,0.0,25.12,3.79,0.0
20201206:1630,0.0,0.0,24.91,3.79,0.0
20201206:1730,0.0,0.0,24.92,3.93,0.0
20201206:1830,0.0,0.0,24.93,4.21,0.0
20201206:1930,0.0,0.0,24.91,4.28,0.0
20201206:2030,0.0,0.0,25.12,3.86,0.0
20201206:2130,0.0,-6.67,25.22,4.07,0.0
20201206:2230,88.23,6.89,25.29,3.72,0.0
20201206:2330,225.99,20.07,25.51,3.59,0.0
20201207:0030,483.42,32.41,26.0,2.83,0.0
20201207:0130,756.02,43.6,26.87,2.34,0.0
20201207:0230,783.33,52.31,27.79,2.21,0.0
20201207:0330,724.16,56.54,28.39,1.31,0.0
20201207:0430,655.39,54.63,28.65,0.62,0.0
20201207:0530,485.07,47.41,28.63,0.0,0.0
20201207:0630,466.09,37.0,28.26,0.48,0.0
20201207:0730,274.91,24.94,27.38,1.38,0.0
20201207:0830,105.97,11.99,27.0,1.17,0.0
20201207:0930,0.0,-1.44,26.62,0.55,0.0
20201207:1030,0.0,0.0,26.42,0.28,0.0
20201207:1130,0.0,0.0,25.66,0.55,0.0
20201207:1230,0.0,0.0,25.34,0.48,0.0
20201207:1330,0.0,0.0,25.12,0.76,0.0
20201207:1430,0.0,0.0,25.07,0.83,0.0
20201207:1530,0.0,0.0,24.91,0.9,0.0
20201207:1630,0.0,0.0,24.33,1.38,0.0
20201207:1730,0.0,0.0,24.19,1.17,0.0
20201207:1830,0.0,0.0,24.32,1.66,0.0
20201207:1930,0.0,0.0,24.78,2.69,0.0
20201207:2030,0.0,0.0,24.92,2.76,0.0
20201207:2130,0.0,0.0,24.94,2.62,0.0
20201207:2230,485.2,6.77,24.81,2.21,0.0
20201207:2330,700.57,19.94,25.58,2.28,0.0
20201208:0030,691.71,32.27,26.53,3.1,0.0
20201208:0130,750.5,43.45,27.55,3.52,0.0
20201208:0230,825.56,52.17,28.44,3.38,0.0
20201208:0330,801.16,56.42,29.08,2.83,0.0
20201208:0430,850.41,54.56,29.49,2.62,0.0
20201208:0530,768.47,47.39,29.56,2.69,0.0
20201208:0630,407.33,37.02,29.11,3.38,0.0
20201208:0730,397.93,24.98,28.18,3.93,0.0
20201208:0830,176.72,12.06,27.91,3.66,0.0
20201208:0930,0.0,-1.36,27.32,2.76,0.0
20201208:1030,0.0,0.0,26.84,3.31,0.0
20201208:1130,0.0,0.0,26.42,3.03,0.0
20201208:1230,0.0,0.0,25.97,2.9,0.0
20201208:1330,0.0,0.0,25.76,3.31,0.0
20201208:1430,0.0,0.0,25.55,3.45,0.0
20201208:1530,0.0,0.0,25.45,3.52,0.0
20201208:1630,0.0,0.0,25.41,3.59,0.0
20201208:1730,0.0,0.0,25.38,3.45,0.0
20201208:1830,0.0,0.0,25.34,3.38,0.0
20201208:1930,0.0,0.0,25.22,3.45,0.0
20201208:2030,0.0,0.0,25.22,3.38,0.0
20201208:2130,0.0,0.0,25.29,3.17,0.0
20201208:2230,360.35,6.65,25.2,3.1,0.0
20201208:2330,641.7,19.81,25.6,2.97,0.0
20201209:0030,819.56,32.14,26.63,3.45,0.0
20201209:0130,900.36,43.31,27.65,3.31,0.0
20201209:0230,877.96,52.03,28.42,3.1,0.0
20201209:0330,870.51,56.31,28.94,3.17,0.0
20201209:0430,931.08,54.5,29.13,3.59,0.0
20201209:0530,694.28,47.38,28.84,3.79,0.0
20201209:0630,415.63,37.04,28.38,4.34,0.0
20201209:0730,185.91,25.03,27.39,4.07,0.0
20201209:0830,37.88,12.12,27.25,3.24,0.0
20201209:0930,0.0,-1.28,27.06,2.48,0.0
20201209:1030,0.0,0.0,26.56,3.03,0.0
20201209:1130,0.0,0.0,26.12,3.03,0.0
20201209:1230,0.0,0.0,25.85,2.69,0.0
20201209:1330,0.0,0.0,25.59,2.41,0.0
20201209:1430,0.0,0.0,25.52,2.48,0.0
20201209:1530,0.0,0.0,25.41,2.48,0.0
20201209:1630,0.0,0.0,25.23,2.34,0.0
20201209:1730,0.0,0.0,25.04,2.48,0.0
20201209:1830,0.0,0.0,24.86,2.76,0.0
20201209:1930,0.0,0.0,24.84,2.07,0.0
20201209:2030,0.0,0.0,24.62,1.86,0.0
20201209:2130,0.0,0.0,24.54,2.0,0.0
20201209:2230,473.14,6.53,24.49,2.21,0.0
20201209:2330,622.56,19.68,25.16,2.21,0.0
20201210:0030,772.01,32.0,26.56,2.48,0.0
20201210:0130,823.59,43.17,27.5,2.41,0.0
20201210:0230,906.25,51.9,28.31,2.34,0.0
20201210:0330,963.9,56.2,28.99,2.07,0.0
20201210:0430,830.37,54.45,29.5,2.07,0.0
20201210:0530,895.66,47.37,29.55,1.93,0.0
20201210:0630,872.98,37.07,29.69,2.34,0.0
20201210:0730,685.45,25.08,29.73,1.66,0.0
20201210:0830,365.64,12.19,29.06,2.0,0.0
20201210:0930,0.0,-1.2,27.83,1.86,0.0
20201210:1030,0.0,0.0,26.92,2.21,0.0
20201210:1130,0.0,0.0,26.31,1.86,0.0
20201210:1230,0.0,0.0,25.92,0.76,0.0
20201210:1330,0.0,0.0,25.65,1.59,0.0
20201210:1430,0.0,0.0,25.55,1.93,0.0
20201210:1530,0.0,0.0,25.36,2.0,0.0
20201210:1630,0.0,0.0,25.2,2.0,0.0
20201210:1730,0.0,0.0,25.03,2.07,0.0
20201210:1830,0.0,0.0,25.02,2.28,0.0
20201210:1930,0.0,0.0,25.07,2.41,0.0
20201210:2030,0.0,0.0,25.09,2.83,0.0
20201210:2130,0.0,0.0,25.12,3.1,0.0
20201210:2230,460.47,6.41,25.2,3.24,0.0
20201210:2330,705.61,19.55,25.47,3.45,0.0
20201211:0030,858.95,31.87,26.47,3.93,0.0
20201211:0130,866.3,43.04,27.58,4.07,0.0
20201211:0230,862.56,51.77,28.42,4.0,0.0
20201211:0330,798.19,56.11,29.09,3.79,0.0
20201211:0430,832.37,54.4,29.35,3.59,0.0
20201211:0530,833.64,47.37,29.67,3.66,0.0
20201211:0630,802.87,37.1,29.59,3.86,0.0
20201211:0730,485.27,25.13,29.42,4.07,0.0
20201211:0830,383.31,12.26,28.5,3.79,0.0
20201211:0930,0.0,-1.12,28.0,3.03,0.0
20201211:1030,0.0,0.0,27.33,2.48,0.0
20201211:1130,0.0,0.0,26.86,2.14,0.0
20201211:1230,0.0,0.0,26.45,2.41,0.0
20201211:1330,0.0,0.0,26.21,2.69,0.0
20201211:1430,0.0,0.0,25.97,2.69,0.0
20201211:1530,0.0,0.0,25.79,3.17,0.0
20201211:1630,0.0,0.0,25.63,3.1,0.0
20201211:1730,0.0,0.0,25.53,3.1,0.0
20201211:1830,0.0,0.0,25.39,3.17,0.0
20201211:1930,0.0,0.0,25.4,3.45,0.0
20201211:2030,0.0,0.0,25.3,3.52,0.0
20201211:2130,0.0,0.0,25.16,3.72,0.0
20201211:2230,413.59,6.29,25.07,3.66,0.0
20201211:2330,606.81,19.42,25.48,3.31,0.0
20201212:0030,829.94,31.74,26.36,3.52,0.0
20201212:0130,819.14,42.91,27.5,3.93,0.0
20201212:0230,764.75,51.65,28.16,4.0,0.0
20201212:0330,758.51,56.02,28.53,4.14,0.0
20201212:0430,669.3,54.36,28.72,3.86,0.0
20201212:0530,667.98,47.37,28.56,4.07,0.0
20201212:0630,586.93,37.14,28.37,4.07,0.0
20201212:0730,399.66,25.19,28.01,3.72,0.0
20201212:0830,275.55,12.33,27.6,3.72,0.0
20201212:0930,0.0,-1.04,27.19,3.72,0.0
20201212:1030,0.0,0.0,26.73,3.45,0.0
20201212:1130,0.0,0.0,26.39,3.45,0.0
20201212:1230,0.0,0.0,26.14,3.86,0.0
20201212:1330,0.0,0.0,25.87,3.86,0.0
20201212:1430,0.0,0.0,25.53,4.07,0.0
20201212:1530,0.0,0.0,25.43,4.21,0.0
20201212:1630,0.0,0.0,25.35,3.93,0.0
20201212:1730,0.0,0.0,25.3,3.86,0.0
20201212:1830,0.0,0.0,25.14,3.79,0.0
20201212:1930,0.0,0.0,25.42,3.59,0.0
20201212:2030,0.0,0.0,25.31,3.59,0.0
20201212:2130,0.0,0.0,25.23,3.38,0.0
20201212:2230,429.01,6.17,25.25,3.31,0.0
20201212:2330,693.91,19.3,25.53,3.59,0.0
20201213:0030,741.25,31.62,26.46,3.86,0.0
20201213:0130,722.67,42.79,27.36,3.52,0.0
20201213:0230,763.69,51.54,28.05,3.31,0.0
20201213:0330,895.91,55.93,28.46,3.38,0.0
20201213:0430,826.57,54.32,28.65,3.52,0.0
20201213:0530,730.39,47.39,28.45,3.86,0.0
20201213:0630,458.81,37.18,28.38,4.41,0.0
20201213:0730,606.68,25.25,28.03,3.59,0.0
20201213:0830,389.3,12.41,27.88,4.0,0.0
20201213:0930,0.0,-0.95,27.36,3.52,0.0
20201213:1030,0.0,0.0,26.75,3.31,0.0
20201213:1130,0.0,0.0,26.32,3.52,0.0
20201213:1230,0.0,0.0,26.15,3.59,0.0
20201213:1330,0.0,0.0,25.97,3.93,0.0
20201213:1430,0.0,0.0,25.8,3.93,0.0
20201213:1530,0.0,0.0,25.58,3.86,0.0
20201213:1630,0.0,0.0,25.45,3.72,0.0
20201213:1730,0.0,0.0,25.22,3.66,0.0
20201213:1830,0.0,0.0,25.17,3.66,0.0
20201213:1930,0.0,0.0,25.33,3.79,0.0
20201213:2030,0.0,0.0,25.22,3.86,0.0
20201213:2130,0.0,0.0,25.16,4.0,0.0
20201213:2230,350.53,6.05,25.22,4.0,0.0
20201213:2330,596.61,19.18,25.53,3.79,0.0
20201214:0030,739.69,31.49,26.56,4.76,0.0
20201214:0130,941.53,42.67,27.42,4.07,0.0
20201214:0230,899.74,51.43,28.43,3.93,0.0
20201214:0330,975.25,55.86,29.05,4.21,0.0
20201214:0430,904.03,54.3,29.75,5.03,0.0
20201214:0530,778.45,47.4,29.86,5.86,0.0
20201214:0630,661.74,37.23,28.92,6.14,0.0
20201214:0730,505.88,25.32,28.78,5.93,0.0
20201214:0830,392.66,12.49,27.8,5.59,0.0
20201214:0930,0.0,-0.86,27.12,5.72,0.0
20201214:1030,0.0,0.0,26.15,5.93,0.0
20201214:1130,0.0,0.0,25.59,5.03,0.0
20201214:1230,0.0,0.0,25.4,4.69,0.0
20201214:1330,0.0,0.0,25.37,4.62,0.0
20201214:1430,0.0,0.0,25.45,5.03,0.0
20201214:1530,0.0,0.0,25.25,5.1,0.0
20201214:1630,0.0,0.0,25.23,4.83,0.0
20201214:1730,0.0,0.0,25.23,4.76,0.0
20201214:1830,0.0,0.0,25.13,4.69,0.0
20201214:1930,0.0,0.0,25.14,4.69,0.0
20201214:2030,0.0,0.0,25.2,4.28,0.0
20201214:2130,0.0,0.0,25.29,4.14,0.0
20201214:2230,257.37,5.93,25.33,4.14,0.0
20201214:2330,545.47,19.06,25.66,3.93,0.0
20201215:0030,727.26,31.38,26.52,5.03,0.0
20201215:0130,805.66,42.55,27.35,5.79,0.0
20201215:0230,882.62,51.33,28.0,5.93,0.0
20201215:0330,751.99,55.79,28.55,5.93,0.0
20201215:0430,768.74,54.28,28.64,5.86,0.0
20201215:0530,681.51,47.43,28.39,6.07,0.0
20201215:0630,606.2,37.28,28.16,5.79,0.0
20201215:0730,426.08,25.39,27.86,5.72,0.0
20201215:0830,226.54,12.57,27.13,5.24,0.0
20201215:0930,0.0,-0.77,26.58,4.69,0.0
20201215:1030,0.0,0.0,25.96,5.1,0.0
20201215:1130,0.0,0.0,25.52,5.17,0.0
20201215:1230,0.0,0.0,25.29,5.38,0.0
20201215:1330,0.0,0.0,25.29,5.38,0.0
20201215:1430,0.0,0.0,25.13,5.52,0.0
20201215:1530,0.0,0.0,25.19,5.45,0.0
20201215:1630,0.0,0.0,25.09,5.24,0.0
20201215:1730,0.0,0.0,25.0,5.24,0.0
20201215:1830,0.0,0.0,25.05,5.17,0.0
20201215:1930,0.0,0.0,25.25,4.48,0.0
20201215:2030,0.0,0.0,25.14,4.76,0.0
20201215:2130,0.0,0.0,25.13,5.66,0.0
20201215:2230,305.43,5.82,25.2,6.76,0.0
20201215:2330,323.73,18.94,25.29,5.93,0.0
20201216:0030,666.39,31.26,25.83,5.59,0.0
20201216:0130,802.78,42.44,26.59,5.86,0.0
20201216:0230,810.55,51.23,27.39,6.69,0.0
20201216:0330,805.31,55.73,28.17,7.17,0.0
20201216:0430,734.57,54.27,28.46,7.59,0.0
20201216:0530,573.57,47.46,28.24,7.86,0.0
20201216:0630,436.74,37.34,27.38,7.45,0.0
20201216:0730,343.44,25.47,27.57,6.55,0.0
20201216:0830,176.12,12.65,27.08,6.41,0.0
20201216:0930,0.0,-0.68,26.24,6.07,0.0
20201216:1030,0.0,0.0,25.76,6.55,0.0
20201216:1130,0.0,0.0,25.46,7.17,0.0
20201216:1230,0.0,0.0,25.55,6.55,0.0
20201216:1330,0.0,0.0,25.49,6.76,0.0
20201216:1430,0.0,0.0,25.39,6.48,0.0
20201216:1530,0.0,0.0,25.3,6.41,0.0
20201216:1630,0.0,0.0,25.22,6.21,0.0
20201216:1730,0.0,0.0,25.21,6.07,0.0
20201216:1830,0.0,0.0,25.19,6.0,0.0
20201216:1930,0.0,0.0,25.27,6.34,0.0
20201216:2030,0.0,0.0,25.31,6.14,0.0
20201216:2130,0.0,0.0,25.46,6.14,0.0
20201216:2230,446.38,5.7,25.57,6.07,0.0
20201216:2330,706.78,18.82,25.85,6.14,0.0
20201217:0030,844.77,31.15,26.63,6.83,0.0
20201217:0130,972.05,42.33,27.58,7.17,0.0
20201217:0230,1018.62,51.14,28.38,7.17,0.0
20201217:0330,961.47,55.68,29.0,7.45,0.0
20201217:0430,943.07,54.26,29.3,7.66,0.0
20201217:0530,843.25,47.49,29.39,7.59,0.0
20201217:0630,908.51,37.4,29.24,7.38,0.0
20201217:0730,830.59,25.54,28.91,7.17,0.0
20201217:0830,519.26,12.74,28.45,6.55,0.0
20201217:0930,0.0,-0.58,27.69,5.79,0.0
20201217:1030,0.0,0.0,26.74,5.52,0.0
20201217:1130,0.0,0.0,26.23,5.59,0.0
20201217:1230,0.0,0.0,26.0,5.59,0.0
20201217:1330,0.0,0.0,25.63,5.79,0.0
20201217:1430,0.0,0.0,25.38,5.72,0.0
20201217:1530,0.0,0.0,25.25,5.86,0.0
20201217:1630,0.0,0.0,25.18,5.86,0.0
20201217:1730,0.0,0.0,25.08,6.21,0.0
20201217:1830,0.0,0.0,24.88,5.93,0.0
20201217:1930,0.0,0.0,25.06,7.17,0.0
20201217:2030,0.0,0.0,25.06,6.9,0.0
20201217:2130,0.0,0.0,24.96,6.83,0.0
20201217:2230,14.09,5.59,24.81,6.55,0.0
20201217:2330,69.67,18.71,24.87,6.76,0.0
20201218:0030,95.19,31.04,25.23,6.21,0.0
20201218:0130,85.12,42.23,25.64,5.93,0.0
20201218:0230,53.4,51.06,25.33,6.14,0.0
20201218:0330,70.98,55.63,25.39,5.66,0.0
20201218:0430,153.03,54.26,25.46,5.45,0.0
20201218:0530,81.72,47.53,25.68,5.86,0.0
20201218:0630,68.67,37.47,25.68,6.62,0.0
20201218:0730,54.59,25.63,24.96,6.55,0.0
20201218:0830,26.55,12.83,25.06,6.97,0.0
20201218:0930,0.0,-0.48,25.06,6.76,0.0
20201218:1030,0.0,0.0,25.02,6.55,0.0
20201218:1130,0.0,0.0,25.07,6.28,0.0
20201218:1230,0.0,0.0,25.18,6.34,0.0
20201218:1330,0.0,0.0,25.25,6.34,0.0
20201218:1430,0.0,0.0,25.26,6.34,0.0
20201218:1530,0.0,0.0,25.15,6.21,0.0
20201218:1630,0.0,0.0,25.14,6.69,0.0
20201218:1730,0.0,0.0,25.27,6.97,0.0
20201218:1830,0.0,0.0,25.28,6.76,0.0
20201218:1930,0.0,0.0,24.96,7.31,0.0
20201218:2030,0.0,0.0,24.89,7.1,0.0
20201218:2130,0.0,0.0,24.75,7.03,0.0
20201218:2230,12.32,5.48,25.12,6.0,0.0
20201218:2330,100.17,18.6,25.42,4.76,0.0
20201219:0030,205.56,30.93,25.94,4.0,0.0
20201219:0130,328.53,42.13,26.39,3.79,0.0
20201219:0230,595.48,50.98,26.87,3.52,0.0
20201219:0330,757.93,55.59,27.87,3.24,0.0
20201219:0430,512.5,54.27,28.68,3.31,0.0
20201219:0530,467.03,47.58,28.7,2.76,0.0
20201219:0630,548.44,37.54,28.56,2.14,0.0
20201219:0730,544.32,25.71,28.71,2.9,0.0
20201219:0830,342.63,12.93,28.5,2.76,0.0
20201219:0930,0.0,-0.38,27.68,2.9,0.0
20201219:1030,0.0,0.0,26.82,3.17,0.0
20201219:1130,0.0,0.0,26.33,3.17,0.0
20201219:1230,0.0,0.0,26.04,3.17,0.0
20201219:1330,0.0,0.0,25.96,3.17,0.0
20201219:1430,0.0,0.0,25.77,3.03,0.0
20201219:1530,0.0,0.0,25.65,2.97,0.0
20201219:1630,0.0,0.0,25.61,2.83,0.0
20201219:1730,0.0,0.0,25.36,2.55,0.0
20201219:1830,0.0,0.0,25.15,2.48,0.0
20201219:1930,0.0,0.0,25.04,3.38,0.0
20201219:2030,0.0,0.0,24.88,3.66,0.0
20201219:2130,0.0,0.0,24.83,3.59,0.0
20201219:2230,364.17,5.37,24.86,3.17,0.0
20201219:2330,637.62,18.49,25.3,2.83,0.0
20201220:0030,717.36,30.83,26.4,2.83,0.0
20201220:0130,907.22,42.04,27.42,2.55,0.0
20201220:0230,717.71,50.91,28.33,2.21,0.0
20201220:0330,785.32,55.56,28.8,2.07,0.0
20201220:0430,835.45,54.29,29.0,2.34,0.0
20201220:0530,859.05,47.64,28.91,2.41,0.0
20201220:0630,443.57,37.62,29.15,3.59,0.0
20201220:0730,259.29,25.8,28.41,4.48,0.0
20201220:0830,280.66,13.02,28.08,3.86,0.0
20201220:0930,0.0,-0.28,27.65,3.38,0.0
20201220:1030,0.0,0.0,27.2,3.79,0.0
20201220:1130,0.0,0.0,26.78,4.14,0.0
20201220:1230,0.0,0.0,26.4,4.34,0.0
20201220:1330,0.0,0.0,26.04,4.0,0.0
20201220:1430,0.0,0.0,25.86,3.72,0.0
20201220:1530,0.0,0.0,25.7,3.66,0.0
20201220:1630,0.0,0.0,25.66,3.59,0.0
20201220:1730,0.0,0.0,25.65,3.45,0.0
20201220:1830,0.0,0.0,25.68,3.38,0.0
20201220:1930,0.0,0.0,25.31,4.14,0.0
20201220:2030,0.0,0.0,25.24,4.21,0.0
20201220:2130,0.0,0.0,25.25,3.93,0.0
20201220:2230,9.84,5.26,25.14,3.72,0.0
20201220:2330,164.51,18.38,25.1,3.93,0.0
20201221:0030,325.92,30.73,25.42,3.66,0.0
20201221:0130,741.91,41.95,26.05,3.45,0.0
20201221:0230,846.18,50.85,27.58,3.66,0.0
20201221:0330,909.85,55.53,28.37,3.03,0.0
20201221:0430,823.6,54.31,28.91,2.83,0.0
20201221:0530,840.65,47.7,28.96,2.76,0.0
20201221:0630,773.99,37.7,29.04,2.9,0.0
20201221:0730,683.54,25.89,29.33,3.86,0.0
20201221:0830,548.39,13.12,28.95,3.52,0.0
20201221:0930,0.0,-0.18,28.27,3.1,0.0
20201221:1030,0.0,0.0,27.36,3.1,0.0
20201221:1130,0.0,0.0,26.71,3.45,0.0
20201221:1230,0.0,0.0,26.26,3.66,0.0
20201221:1330,0.0,0.0,25.88,3.79,0.0
20201221:1430,0.0,0.0,25.59,3.72,0.0
20201221:1530,0.0,0.0,25.43,3.66,0.0
20201221:1630,0.0,0.0,25.26,3.38,0.0
20201221:1730,0.0,0.0,25.05,3.1,0.0
20201221:1830,0.0,0.0,24.8,3.03,0.0
20201221:1930,0.0,0.0,24.94,3.86,0.0
20201221:2030,0.0,0.0,24.93,3.86,0.0
20201221:2130,0.0,0.0,24.91,3.93,0.0
20201221:2230,514.44,5.15,24.93,3.93,0.0
20201221:2330,750.79,18.28,25.38,3.79,0.0
20201222:0030,837.34,30.64,26.46,3.93,0.0
20201222:0130,812.47,41.87,27.42,3.79,0.0
20201222:0230,913.18,50.79,28.09,3.24,0.0
20201222:0330,773.08,55.52,28.72,2.62,0.0
20201222:0430,939.75,54.34,28.96,2.48,0.0
20201222:0530,734.05,47.76,29.37,2.97,0.0
20201222:0630,615.72,37.78,28.87,3.17,0.0
20201222:0730,708.61,25.99,28.9,3.72,0.0
20201222:0830,467.54,13.23,28.56,4.21,0.0
20201222:0930,0.0,-0.07,27.87,4.14,0.0
20201222:1030,0.0,0.0,27.11,4.07,0.0
20201222:1130,0.0,0.0,26.81,3.86,0.0
20201222:1230,0.0,0.0,26.45,3.52,0.0
20201222:1330,0.0,0.0,26.23,3.17,0.0
20201222:1430,0.0,0.0,25.91,3.1,0.0
20201222:1530,0.0,0.0,25.59,3.03,0.0
20201222:1630,0.0,0.0,25.35,2.76,0.0
20201222:1730,0.0,0.0,25.15,3.03,0.0
20201222:1830,0.0,0.0,25.06,3.17,0.0
20201222:1930,0.0,0.0,25.1,3.38,0.0
20201222:2030,0.0,0.0,25.06,3.59,0.0
20201222:2130,0.0,0.0,25.07,3.93,0.0
20201222:2230,455.41,5.05,25.15,4.14,0.0
20201222:2330,675.61,18.18,25.55,4.0,0.0
20201223:0030,877.39,30.55,26.66,4.41,0.0
20201223:0130,885.16,41.8,27.72,4.28,0.0
20201223:0230,971.7,50.74,28.55,4.0,0.0
20201223:0330,953.2,55.51,29.27,3.79,0.0
20201223:0430,919.92,54.38,29.7,3.59,0.0
20201223:0530,874.21,47.83,29.84,3.79,0.0
20201223:0630,861.01,37.87,29.76,4.28,0.0
20201223:0730,781.69,26.09,29.43,5.1,0.0
20201223:0830,623.09,13.33,28.88,4.97,0.0
20201223:0930,3.44,0.03,28.05,4.55,0.0
20201223:1030,0.0,0.0,27.11,4.55,0.0
20201223:1130,0.0,0.0,26.53,4.55,0.0
20201223:1230,0.0,0.0,26.18,4.41,0.0
20201223:1330,0.0,0.0,26.01,4.34,0.0
20201223:1430,0.0,0.0,25.88,4.28,0.0
20201223:1530,0.0,0.0,25.8,4.07,0.0
20201223:1630,0.0,0.0,25.52,4.0,0.0
20201223:1730,0.0,0.0,25.18,3.79,0.0
20201223:1830,0.0,0.0,25.15,3.59,0.0
20201223:1930,0.0,0.0,25.4,3.93,0.0
20201223:2030,0.0,0.0,25.23,4.21,0.0
20201223:2130,0.0,0.0,25.21,4.48,0.0
20201223:2230,515.68,4.94,25.14,4.55,0.0
20201223:2330,677.85,18.08,25.47,4.48,0.0
20201224:0030,813.91,30.46,26.37,5.72,0.0
20201224:0130,819.96,41.72,27.34,6.21,0.0
20201224:0230,781.36,50.69,28.01,6.0,0.0
20201224:0330,892.49,55.51,28.5,5.86,0.0
20201224:0430,854.73,54.43,29.03,5.93,0.0
20201224:0530,863.64,47.91,29.18,5.79,0.0
20201224:0630,827.3,37.97,29.23,5.72,0.0
20201224:0730,840.36,26.19,28.97,5.66,0.0
20201224:0830,608.99,13.44,28.6,5.31,0.0
20201224:0930,3.52,0.14,27.79,4.55,0.0
20201224:1030,0.0,0.0,26.87,4.55,0.0
20201224:1130,0.0,0.0,26.29,4.83,0.0
20201224:1230,0.0,0.0,26.03,4.83,0.0
20201224:1330,0.0,0.0,25.8,4.76,0.0
20201224:1430,0.0,0.0,25.55,4.62,0.0
20201224:1530,0.0,0.0,25.42,4.76,0.0
20201224:1630,0.0,0.0,25.12,4.9,0.0
20201224:1730,0.0,0.0,24.96,4.83,0.0
20201224:1830,0.0,0.0,24.89,4.62,0.0
20201224:1930,0.0,0.0,24.82,4.9,0.0
20201224:2030,0.0,0.0,24.78,4.9,0.0
20201224:2130,0.0,0.0,24.78,4.83,0.0
20201224:2230,382.33,4.84,24.72,4.69,0.0
20201224:2330,510.87,17.98,25.06,4.83,0.0
20201225:0030,552.33,30.38,25.91,5.72,0.0
20201225:0130,478.29,41.66,26.65,6.97,0.0
20201225:0230,356.48,50.65,27.12,6.76,0.0
20201225:0330,386.47,55.51,27.13,6.34,0.0
20201225:0430,308.54,54.48,27.18,6.48,0.0
20201225:0530,324.61,48.0,27.1,6.21,0.0
20201225:0630,119.13,38.07,27.05,6.34,0.0
20201225:0730,87.22,26.3,26.67,5.66,0.0
20201225:0830,42.5,13.55,26.36,5.59,0.0
20201225:0930,3.34,0.25,26.0,5.52,0.0
20201225:1030,0.0,0.0,25.73,5.1,0.0
20201225:1130,0.0,0.0,25.59,5.1,0.0
20201225:1230,0.0,0.0,25.55,5.86,0.0
20201225:1330,0.0,0.0,25.33,6.14,0.0
20201225:1430,0.0,0.0,25.19,5.86,0.0
20201225:1530,0.0,0.0,25.06,5.86,0.0
20201225:1630,0.0,0.0,25.05,6.14,0.0
20201225:1730,0.0,0.0,24.79,5.79,0.0
20201225:1830,0.0,0.0,24.78,5.66,0.0
20201225:1930,0.0,0.0,25.16,5.31,0.0
20201225:2030,0.0,0.0,25.24,5.72,0.0
20201225:2130,0.0,0.0,25.21,5.1,0.0
20201225:2230,178.38,4.74,25.15,5.31,0.0
20201225:2330,208.99,17.89,25.12,5.52,0.0
20201226:0030,262.38,30.3,25.44,4.69,0.0
20201226:0130,328.4,41.6,25.89,4.83,0.0
20201226:0230,287.98,50.62,26.3,5.1,0.0
20201226:0330,480.07,55.52,26.41,5.66,0.0
20201226:0430,265.6,54.54,26.95,5.52,0.0
20201226:0530,307.94,48.09,26.4,4.9,0.0
20201226:0630,13.33,38.17,26.29,4.76,0.0
20201226:0730,135.42,26.41,25.33,3.59,0.0
20201226:0830,77.39,13.66,24.92,3.86,0.0
20201226:0930,3.05,0.36,25.15,4.55,0.0
20201226:1030,0.0,0.0,25.24,4.34,0.0
20201226:1130,0.0,0.0,25.33,4.07,0.0
20201226:1230,0.0,0.0,25.27,3.72,0.0
20201226:1330,0.0,0.0,25.25,3.38,0.0
20201226:1430,0.0,0.0,25.14,2.76,0.0
20201226:1530,0.0,0.0,25.08,2.34,0.0
20201226:1630,0.0,0.0,24.94,2.14,0.0
20201226:1730,0.0,0.0,24.81,2.41,0.0
20201226:1830,0.0,0.0,24.75,1.86,0.0
20201226:1930,0.0,0.0,24.97,0.55,0.0
20201226:2030,0.0,0.0,25.01,0.34,0.0
20201226:2130,0.0,0.0,25.02,0.55,0.0
20201226:2230,11.28,4.65,25.0,0.62,0.0
20201226:2330,182.44,17.8,24.86,0.62,0.0
20201227:0030,466.71,30.22,25.78,0.41,0.0
20201227:0130,436.05,41.54,26.37,0.28,0.0
20201227:0230,548.92,50.6,27.03,0.9,0.0
20201227:0330,545.47,55.54,27.69,1.66,0.0
20201227:0430,438.32,54.61,28.05,2.28,0.0
20201227:0530,434.83,48.18,28.07,1.93,0.0
20201227:0630,462.25,38.28,28.14,1.79,0.0
20201227:0730,297.46,26.52,27.96,0.48,0.0
20201227:0830,100.88,13.77,27.45,1.38,0.0
20201227:0930,3.54,0.48,27.01,1.59,0.0
20201227:1030,0.0,0.0,26.51,1.66,0.0
20201227:1130,0.0,0.0,25.96,1.24,0.0
20201227:1230,0.0,0.0,25.3,1.31,0.0
20201227:1330,0.0,0.0,25.76,0.9,0.0
20201227:1430,0.0,0.0,25.91,0.9,0.0
20201227:1530,0.0,0.0,25.66,0.97,0.0
20201227:1630,0.0,0.0,25.43,1.03,0.0
20201227:1730,0.0,0.0,24.45,1.52,0.0
20201227:1830,0.0,0.0,24.29,1.52,0.0
20201227:1930,0.0,0.0,24.46,1.72,0.0
20201227:2030,0.0,0.0,24.88,1.86,0.0
20201227:2130,0.0,0.0,24.72,1.45,0.0
20201227:2230,120.06,4.55,24.59,1.31,0.0
20201227:2330,241.65,17.71,24.96,1.45,0.0
20201228:0030,443.71,30.15,26.18,1.52,0.0
20201228:0130,520.06,41.49,26.66,1.86,0.0
20201228:0230,726.72,50.58,27.06,2.14,0.0
20201228:0330,809.47,55.57,27.67,2.14,0.0
20201228:0430,811.67,54.68,28.22,1.72,0.0
20201228:0530,769.6,48.28,28.59,1.24,0.0
20201228:0630,168.68,38.39,28.64,0.83,0.0
20201228:0730,102.1,26.63,27.62,0.28,0.0
20201228:0830,39.28,13.88,27.34,0.83,0.0
20201228:0930,3.45,0.59,27.08,0.9,0.0
20201228:1030,0.0,0.0,26.67,1.59,0.0
20201228:1130,0.0,0.0,26.09,1.59,0.0
20201228:1230,0.0,0.0,25.46,1.45,0.0
20201228:1330,0.0,0.0,25.21,1.59,0.0
20201228:1430,0.0,0.0,25.04,1.59,0.0
20201228:1530,0.0,0.0,24.8,1.45,0.0
20201228:1630,0.0,0.0,24.7,1.17,0.0
20201228:1730,0.0,0.0,24.58,1.1,0.0
20201228:1830,0.0,0.0,24.35,1.03,0.0
20201228:1930,0.0,0.0,24.17,1.17,0.0
20201228:2030,0.0,0.0,24.05,1.38,0.0
20201228:2130,0.0,0.0,23.78,1.79,0.0
20201228:2230,444.0,4.46,23.81,2.14,0.0
20201228:2330,647.76,17.63,24.79,2.07,0.0
20201229:0030,825.34,30.08,26.14,2.34,0.0
20201229:0130,942.24,41.44,27.04,2.21,0.0
20201229:0230,985.79,50.56,28.01,2.14,0.0
20201229:0330,896.43,55.61,28.85,1.79,0.0
20201229:0430,934.93,54.76,29.2,1.59,0.0
20201229:0530,898.12,48.39,29.3,1.93,0.0
20201229:0630,858.4,38.51,29.35,2.48,0.0
20201229:0730,521.14,26.75,29.26,2.34,0.0
20201229:0830,559.46,14.0,28.9,1.86,0.0
20201229:0930,3.55,0.7,28.47,1.86,0.0
20201229:1030,0.0,0.0,27.6,1.72,0.0
20201229:1130,0.0,0.0,26.93,1.86,0.0
20201229:1230,0.0,0.0,26.49,2.21,0.0
20201229:1330,0.0,0.0,26.19,2.55,0.0
20201229:1430,0.0,0.0,25.98,2.55,0.0
20201229:1530,0.0,0.0,25.91,2.48,0.0
20201229:1630,0.0,0.0,25.81,2.55,0.0
20201229:1730,0.0,0.0,25.63,2.48,0.0
20201229:1830,0.0,0.0,25.46,2.62,0.0
20201229:1930,0.0,0.0,25.59,2.9,0.0
20201229:2030,0.0,0.0,25.45,2.9,0.0
20201229:2130,0.0,0.0,25.31,3.24,0.0
20201229:2230,112.29,4.37,25.07,3.38,0.0
20201229:2330,375.03,17.55,25.05,3.66,0.0
20201230:0030,611.5,30.02,25.43,4.07,0.0
20201230:0130,707.8,41.4,26.05,4.28,0.0
20201230:0230,780.04,50.56,26.97,4.76,0.0
20201230:0330,727.28,55.65,27.59,5.03,0.0
20201230:0430,562.6,54.85,27.97,4.97,0.0
20201230:0530,441.18,48.5,27.98,5.1,0.0
20201230:0630,205.99,38.63,27.47,5.03,0.0
20201230:0730,272.98,26.87,26.82,4.21,0.0
20201230:0830,201.13,14.12,26.86,3.93,0.0
20201230:0930,6.95,0.82,26.62,3.79,0.0
20201230:1030,0.0,0.0,26.04,3.79,0.0
20201230:1130,0.0,0.0,25.52,4.28,0.0
20201230:1230,0.0,0.0,25.31,4.28,0.0
20201230:1330,0.0,0.0,24.95,4.07,0.0
20201230:1430,0.0,0.0,24.64,3.93,0.0
20201230:1530,0.0,0.0,24.63,4.0,0.0
20201230:1630,0.0,0.0,24.52,4.21,0.0
20201230:1730,0.0,0.0,24.34,4.21,0.0
20201230:1830,0.0,0.0,24.19,4.55,0.0
20201230:1930,0.0,0.0,24.71,4.34,0.0
20201230:2030,0.0,0.0,24.88,4.76,0.0
20201230:2130,0.0,0.0,25.09,4.83,0.0
20201230:2230,156.36,4.28,25.16,4.9,0.0
20201230:2330,343.54,17.47,25.29,4.9,0.0
20201231:0030,638.24,29.96,25.89,6.0,0.0
20201231:0130,626.33,41.37,26.56,6.48,0.0
20201231:0230,741.91,50.56,26.91,6.55,0.0
20201231:0330,669.44,55.7,27.29,6.97,0.0
20201231:0430,673.22,54.94,27.25,7.1,0.0
20201231:0530,685.81,48.62,27.24,7.17,0.0
20201231:0630,480.13,38.75,27.59,7.17,0.0
20201231:0730,376.47,27.0,26.92,6.69,0.0
20201231:0830,181.72,14.24,26.52,5.59,0.0
20201231:0930,6.44,0.94,26.11,5.72,0.0
20201231:1030,0.0,0.0,25.62,5.45,0.0
20201231:1130,0.0,0.0,25.26,5.45,0.0
20201231:1230,0.0,0.0,25.26,5.59,0.0
20201231:1330,0.0,0.0,25.0,6.0,0.0
20201231:1430,0.0,0.0,24.93,5.93,0.0
20201231:1530,0.0,0.0,25.03,5.86,0.0
20201231:1630,0.0,0.0,25.12,5.59,0.0
20201231:1730,0.0,0.0,25.03,5.79,0.0
20201231:1830,0.0,0.0,25.02,6.07,0.0
20201231:1930,0.0,0.0,24.95,6.14,0.0
20201231:2030,0.0,0.0,24.86,5.86,0.0
20201231:2130,0.0,0.0,24.9,5.93,0.0
20201231:2230,259.62,4.19,24.92,5.93,0.0
20201231:2330,496.11,17.4,25.17,6.34,0.0
20210101:0030,574.66,29.89,25.47,7.1,0.0
20210101:0130,707.22,41.33,25.75,7.17,0.0
20210101:0230,757.74,50.57,26.65,7.03,0.0
20210101:0330,778.27,55.77,27.42,6.69,0.0
20210101:0430,805.85,55.07,27.94,6.69,0.0
20210101:0530,867.96,48.78,28.31,6.83,0.0
20210101:0630,925.55,38.92,28.51,6.76,0.0
20210101:0730,814.0,27.16,28.5,7.31,0.0
20210101:0830,630.87,14.4,27.88,6.9,0.0
20210101:0930,8.06,1.08,27.15,6.14,0.0
20210101:1030,0.0,0.0,26.31,5.59,0.0
20210101:1130,0.0,0.0,25.97,5.45,0.0
20210101:1230,0.0,0.0,25.66,5.38,0.0
20210101:1330,0.0,0.0,25.52,5.38,0.0
20210101:1430,0.0,0.0,25.41,5.52,0.0
20210101:1530,0.0,0.0,25.43,5.66,0.0
20210101:1630,0.0,0.0,25.37,5.66,0.0
20210101:1730,0.0,0.0,25.17,5.59,0.0
20210101:1830,0.0,0.0,24.95,5.86,0.0
20210101:1930,0.0,0.0,24.82,6.55,0.0
20210101:2030,0.0,0.0,24.67,6.28,0.0
20210101:2130,0.0,0.0,24.65,5.93,0.0
20210101:2230,284.38,4.09,24.68,5.86,0.0
20210101:2330,476.97,17.31,24.79,6.21,0.0
20210102:0030,612.32,29.84,25.33,7.72,0.0
20210102:0130,723.71,41.3,26.33,7.93,0.0
20210102:0230,847.67,50.58,27.03,7.93,0.0
20210102:0330,547.25,55.84,27.77,7.86,0.0
20210102:0430,608.73,55.18,27.83,7.52,0.0
20210102:0530,285.8,48.91,27.86,7.38,0.0
20210102:0630,324.42,39.05,26.89,7.1,0.0
20210102:0730,115.61,27.29,26.76,7.38,0.0
20210102:0830,78.29,14.52,26.09,6.34,0.0
20210102:0930,4.19,1.2,25.71,6.69,0.0
20210102:1030,0.0,0.0,25.29,6.41,0.0
20210102:1130,0.0,0.0,25.22,6.34,0.0
20210102:1230,0.0,0.0,25.26,6.62,0.0
20210102:1330,0.0,0.0,25.24,6.62,0.0
20210102:1430,0.0,0.0,25.2,6.69,0.0
20210102:1530,0.0,0.0,25.04,6.55,0.0
20210102:1630,0.0,0.0,24.94,6.28,0.0
20210102:1730,0.0,0.0,24.98,6.0,0.0
20210102:1830,0.0,0.0,24.95,5.79,0.0
20210102:1930,0.0,0.0,24.72,5.93,0.0
20210102:2030,0.0,0.0,24.57,5.45,0.0
20210102:2130,0.0,0.0,24.48,4.55,0.0
20210102:2230,58.55,4.01,24.64,4.28,0.0
20210102:2330,104.3,17.24,24.81,4.48,0.0
20210103:0030,181.76,29.8,25.2,4.69,0.0
20210103:0130,404.63,41.29,25.63,4.83,0.0
20210103:0230,396.96,50.6,26.34,5.17,0.0
20210103:0330,531.82,55.91,26.99,4.83,0.0
20210103:0430,412.93,55.3,27.54,4.83,0.0
20210103:0530,389.19,49.04,27.52,5.24,0.0
20210103:0630,437.39,39.19,27.06,5.03,0.0
20210103:0730,298.39,27.42,26.98,5.93,0.0
20210103:0830,184.87,14.65,26.68,5.79,0.0
20210103:0930,6.96,1.32,26.31,5.31,0.0
20210103:1030,0.0,0.0,25.31,5.03,0.0
20210103:1130,0.0,0.0,24.92,5.17,0.0
20210103:1230,0.0,0.0,24.84,4.97,0.0
20210103:1330,0.0,0.0,24.78,4.9,0.0
20210103:1430,0.0,0.0,24.75,5.1,0.0
20210103:1530,0.0,0.0,24.74,5.31,0.0
20210103:1630,0.0,0.0,24.66,5.38,0.0
20210103:1730,0.0,0.0,24.63,5.72,0.0
20210103:1830,0.0,0.0,24.58,5.79,0.0
20210103:1930,0.0,0.0,24.83,5.31,0.0
20210103:2030,0.0,0.0,24.93,5.17,0.0
20210103:2130,0.0,0.0,24.92,4.97,0.0
20210103:2230,405.89,3.93,24.9,4.69,0.0
20210103:2330,535.67,17.18,25.21,4.76,0.0
20210104:0030,744.67,29.76,26.0,5.59,0.0
20210104:0130,840.1,41.27,26.91,6.14,0.0
20210104:0230,924.47,50.63,27.5,6.48,0.0
20210104:0330,895.53,55.99,27.99,6.28,0.0
20210104:0430,772.3,55.42,28.19,6.28,0.0
20210104:0530,751.81,49.18,27.96,6.21,0.0
20210104:0630,704.4,39.33,28.03,5.72,0.0
20210104:0730,620.13,27.56,28.07,5.93,0.0
20210104:0830,276.85,14.77,27.7,5.86,0.0
20210104:0930,8.64,1.44,26.43,5.52,0.0
20210104:1030,0.0,0.0,25.68,5.1,0.0
20210104:1130,0.0,0.0,25.53,4.9,0.0
20210104:1230,0.0,0.0,25.42,5.38,0.0
20210104:1330,0.0,0.0,25.24,5.72,0.0
20210104:1430,0.0,0.0,25.09,5.72,0.0
20210104:1530,0.0,0.0,24.97,5.24,0.0
20210104:1630,0.0,0.0,24.98,5.17,0.0
20210104:1730,0.0,0.0,25.02,5.1,0.0
20210104:1830,0.0,0.0,24.93,5.38,0.0
20210104:1930,0.0,0.0,25.09,5.1,0.0
20210104:2030,0.0,0.0,24.96,5.24,0.0
20210104:2130,0.0,0.0,24.71,5.38,0.0
20210104:2230,354.52,3.86,24.76,5.31,0.0
20210104:2330,613.47,17.12,24.94,5.03,0.0
20210105:0030,785.98,29.72,25.68,5.93,0.0
20210105:0130,828.44,41.27,26.56,6.21,0.0
20210105:0230,952.92,50.67,27.46,6.41,0.0
20210105:0330,954.59,56.08,28.29,6.83,0.0
20210105:0430,1007.37,55.56,28.79,6.9,0.0
20210105:0530,1041.15,49.33,29.01,6.76,0.0
20210105:0630,1008.26,39.47,28.95,6.69,0.0
20210105:0730,917.01,27.69,28.71,6.69,0.0
20210105:0830,687.74,14.9,28.15,6.28,0.0
20210105:0930,6.7,1.56,27.31,5.52,0.0
20210105:1030,0.0,0.0,26.44,5.24,0.0
20210105:1130,0.0,0.0,25.99,5.38,0.0
20210105:1230,0.0,0.0,25.86,5.66,0.0
20210105:1330,0.0,0.0,25.76,5.86,0.0
20210105:1430,0.0,0.0,25.58,5.79,0.0
20210105:1530,0.0,0.0,25.44,5.52,0.0
20210105:1630,0.0,0.0,25.34,5.52,0.0
20210105:1730,0.0,0.0,25.2,5.59,0.0
20210105:1830,0.0,0.0,25.02,5.72,0.0
20210105:1930,0.0,0.0,25.06,5.59,0.0
20210105:2030,0.0,0.0,24.93,5.86,0.0
20210105:2130,0.0,0.0,24.74,5.86,0.0
20210105:2230,204.6,3.79,24.67,5.72,0.0
20210105:2330,403.42,17.06,24.74,5.72,0.0
20210106:0030,600.74,29.69,25.19,6.62,0.0
20210106:0130,801.45,41.26,25.76,6.41,0.0
20210106:0230,659.49,50.71,26.55,7.1,0.0
20210106:0330,814.44,56.17,26.96,7.31,0.0
20210106:0430,852.98,55.69,27.38,7.24,0.0
20210106:0530,886.19,49.48,27.81,6.34,0.0
20210106:0630,745.44,39.62,27.85,6.48,0.0
20210106:0730,543.86,27.83,28.1,6.9,0.0
20210106:0830,506.6,15.03,27.59,6.48,0.0
20210106:0930,7.35,1.68,27.09,5.59,0.0
20210106:1030,0.0,0.0,26.32,5.31,0.0
20210106:1130,0.0,0.0,25.57,5.52,0.0
20210106:1230,0.0,0.0,25.11,5.31,0.0
20210106:1330,0.0,0.0,25.02,5.03,0.0
20210106:1430,0.0,0.0,25.07,4.83,0.0
20210106:1530,0.0,0.0,25.14,4.9,0.0
20210106:1630,0.0,0.0,25.02,4.9,0.0
20210106:1730,0.0,0.0,24.99,4.97,0.0
20210106:1830,0.0,0.0,24.93,4.9,0.0
20210106:1930,0.0,0.0,24.81,5.1,0.0
20210106:2030,0.0,0.0,24.69,5.1,0.0
20210106:2130,0.0,0.0,24.56,5.31,0.0
20210106:2230,293.44,3.72,24.48,5.45,0.0
20210106:2330,569.61,17.01,24.68,5.31,0.0
20210107:0030,712.46,29.66,25.44,6.97,0.0
20210107:0130,776.58,41.27,26.21,7.38,0.0
20210107:0230,869.8,50.75,27.01,7.31,0.0
20210107:0330,824.01,56.27,27.52,7.45,0.0
20210107:0430,922.72,55.84,27.54,6.55,0.0
20210107:0530,765.19,49.64,27.72,6.9,0.0
20210107:0630,321.51,39.77,27.49,6.28,0.0
20210107:0730,108.33,27.97,27.03,5.66,0.0
20210107:0830,32.01,15.16,26.76,5.1,0.0
20210107:0930,3.42,1.8,26.37,4.9,0.0
20210107:1030,0.0,0.0,26.13,4.9,0.0
20210107:1130,0.0,0.0,25.55,5.59,0.0
20210107:1230,0.0,0.0,25.26,5.38,0.0
20210107:1330,0.0,0.0,25.14,5.38,0.0
20210107:1430,0.0,0.0,25.06,5.38,0.0
20210107:1530,0.0,0.0,25.0,5.17,0.0
20210107:1630,0.0,0.0,25.01,5.52,0.0
20210107:1730,0.0,0.0,24.94,5.38,0.0
20210107:1830,0.0,0.0,24.84,5.1,0.0
20210107:1930,0.0,0.0,24.89,5.31,0.0
20210107:2030,0.0,0.0,24.71,5.03,0.0
20210107:2130,0.0,0.0,24.63,5.03,0.0
20210107:2230,5.62,3.65,24.68,5.31,0.0
20210107:2330,28.54,16.96,24.88,5.93,0.0
20210108:0030,66.4,29.64,24.98,6.21,0.0
20210108:0130,143.13,41.27,25.34,6.76,0.0
20210108:0230,164.9,50.81,25.73,6.0,0.0
20210108:0330,162.47,56.38,25.79,6.14,0.0
20210108:0430,156.07,55.99,25.93,5.59,0.0
20210108:0530,116.72,49.8,25.94,5.38,0.0
20210108:0630,308.28,39.93,25.52,5.17,0.0
20210108:0730,74.17,28.12,25.59,4.69,0.0
20210108:0830,104.86,15.3,25.16,4.41,0.0
20210108:0930,3.03,1.92,25.01,4.21,0.0
20210108:1030,0.0,0.0,24.91,4.21,0.0
20210108:1130,0.0,0.0,24.93,4.21,0.0
20210108:1230,0.0,0.0,24.93,3.86,0.0
20210108:1330,0.0,0.0,24.98,3.79,0.0
20210108:1430,0.0,0.0,24.96,3.66,0.0
20210108:1530,0.0,0.0,24.99,3.52,0.0
20210108:1630,0.0,0.0,25.04,3.45,0.0
20210108:1730,0.0,0.0,24.94,3.45,0.0
20210108:1830,0.0,0.0,24.73,3.45,0.0
20210108:1930,0.0,0.0,24.7,3.03,0.0
20210108:2030,0.0,0.0,24.75,3.17,0.0
20210108:2130,0.0,0.0,24.5,3.1,0.0
20210108:2230,118.57,3.59,24.4,2.76,0.0
20210108:2330,201.1,16.91,24.64,2.41,0.0
20210109:0030,179.04,29.62,25.28,2.21,0.0
20210109:0130,337.17,41.29,25.81,2.07,0.0
20210109:0230,380.62,50.87,26.57,2.28,0.0
20210109:0330,557.15,56.5,27.03,2.21,0.0
20210109:0430,601.12,56.15,27.54,2.48,0.0
20210109:0530,642.32,49.97,27.43,2.55,0.0
20210109:0630,512.93,40.09,27.45,2.9,0.0
20210109:0730,354.45,28.26,26.9,4.14,0.0
20210109:0830,108.48,15.43,26.75,4.9,0.0
20210109:0930,4.69,2.05,25.86,5.59,0.0
20210109:1030,0.0,0.0,25.26,6.0,0.0
20210109:1130,0.0,0.0,25.04,6.41,0.0
20210109:1230,0.0,0.0,24.75,6.41,0.0
20210109:1330,0.0,0.0,24.61,6.83,0.0
20210109:1430,0.0,0.0,24.58,6.83,0.0
20210109:1530,0.0,0.0,24.67,7.1,0.0
20210109:1630,0.0,0.0,24.6,7.38,0.0
20210109:1730,0.0,0.0,24.49,7.52,0.0
20210109:1830,0.0,0.0,24.37,7.31,0.0
20210109:1930,0.0,0.0,24.33,7.03,0.0
20210109:2030,0.0,0.0,24.08,6.62,0.0
20210109:2130,0.0,0.0,24.06,6.0,0.0
20210109:2230,78.29,3.53,24.13,5.59,0.0
20210109:2330,38.15,16.87,24.34,5.72,0.0
20210110:0030,164.62,29.6,24.63,5.59,0.0
20210110:0130,197.8,41.3,25.03,6.14,0.0
20210110:0230,273.88,50.93,25.29,6.14,0.0
20210110:0330,307.05,56.62,25.52,6.21,0.0
20210110:0430,367.52,56.31,25.5,6.07,0.0
20210110:0530,330.77,50.14,25.51,6.34,0.0
20210110:0630,83.26,40.25,25.4,6.62,0.0
20210110:0730,79.19,28.41,24.95,8.62,0.0
20210110:0830,63.49,15.56,24.82,8.9,0.0
20210110:0930,3.34,2.17,24.4,8.76,0.0
20210110:1030,0.0,0.0,24.08,8.48,0.0
20210110:1130,0.0,0.0,24.03,8.14,0.0
20210110:1230,0.0,0.0,23.98,8.14,0.0
20210110:1330,0.0,0.0,24.02,8.34,0.0
20210110:1430,0.0,0.0,24.05,8.34,0.0
20210110:1530,0.0,0.0,24.24,8.34,0.0
20210110:1630,0.0,0.0,24.38,8.14,0.0
20210110:1730,0.0,0.0,24.43,8.07,0.0
20210110:1830,0.0,0.0,24.44,8.07,0.0
20210110:1930,0.0,0.0,24.25,8.34,0.0
20210110:2030,0.0,0.0,24.25,8.21,0.0
20210110:2130,0.0,0.0,24.19,8.14,0.0
20210110:2230,85.01,3.47,24.2,8.21,0.0
20210110:2330,105.63,16.83,24.38,8.21,0.0
20210111:0030,141.32,29.59,24.69,8.55,0.0
20210111:0130,140.78,41.33,25.0,8.0,0.0
20210111:0230,264.41,51.0,25.27,8.69,0.0
20210111:0330,488.29,56.75,25.55,8.28,0.0
20210111:0430,588.43,56.48,26.09,8.69,0.0
20210111:0530,587.81,50.32,26.18,9.38,0.0
20210111:0630,258.72,40.41,26.02,8.69,0.0
20210111:0730,251.37,28.56,25.16,8.07,0.0
20210111:0830,244.6,15.7,25.05,8.21,0.0
20210111:0930,4.39,2.29,24.84,7.93,0.0
20210111:1030,0.0,0.0,24.53,7.45,0.0
20210111:1130,0.0,0.0,24.28,7.17,0.0
20210111:1230,0.0,0.0,24.0,6.69,0.0
20210111:1330,0.0,0.0,23.96,6.69,0.0
20210111:1430,0.0,0.0,23.98,6.83,0.0
20210111:1530,0.0,0.0,24.06,7.03,0.0
20210111:1630,0.0,0.0,24.1,7.03,0.0
20210111:1730,0.0,0.0,24.11,6.9,0.0
20210111:1830,0.0,0.0,24.06,7.03,0.0
20210111:1930,0.0,0.0,24.07,6.9,0.0
20210111:2030,0.0,0.0,24.09,6.9,0.0
20210111:2130,0.0,0.0,24.14,7.03,0.0
20210111:2230,36.31,3.42,24.21,7.45,0.0
20210111:2330,274.03,16.79,24.38,7.72,0.0
20210112:0030,202.05,29.59,24.86,7.52,0.0
20210112:0130,189.71,41.36,25.38,7.66,0.0
20210112:0230,244.84,51.08,25.68,8.0,0.0
20210112:0330,227.17,56.89,25.62,7.66,0.0
20210112:0430,217.6,56.66,25.65,8.07,0.0
20210112:0530,140.36,50.5,25.64,8.28,0.0
20210112:0630,148.14,40.58,25.36,7.79,0.0
20210112:0730,91.22,28.71,24.55,6.9,0.0
20210112:0830,46.74,15.83,24.38,7.03,0.0
20210112:0930,5.57,2.41,24.26,7.52,0.0
20210112:1030,0.0,0.0,24.06,7.66,0.0
20210112:1130,0.0,0.0,23.92,7.52,0.0
20210112:1230,0.0,0.0,23.8,7.59,0.0
20210112:1330,0.0,0.0,23.77,7.72,0.0
20210112:1430,0.0,0.0,23.76,7.72,0.0
20210112:1530,0.0,0.0,23.73,7.66,0.0
20210112:1630,0.0,0.0,23.63,7.72,0.0
20210112:1730,0.0,0.0,23.58,7.59,0.0
20210112:1830,0.0,0.0,23.6,7.38,0.0
20210112:1930,0.0,0.0,23.44,7.24,0.0
20210112:2030,0.0,0.0,23.48,7.24,0.0
20210112:2130,0.0,0.0,23.52,7.24,0.0
20210112:2230,5.19,3.37,23.53,7.24,0.0
20210112:2330,45.05,16.76,23.51,6.9,0.0
20210113:0030,165.27,29.59,23.75,6.83,0.0
20210113:0130,322.05,41.39,24.28,6.9,0.0
20210113:0230,535.59,51.16,24.66,6.97,0.0
20210113:0330,334.6,57.03,25.33,7.59,0.0
20210113:0430,394.92,56.84,25.46,7.03,0.0
20210113:0530,289.24,50.68,25.77,6.83,0.0
20210113:0630,364.36,40.75,25.78,6.69,0.0
20210113:0730,224.57,28.86,26.6,6.9,0.0
20210113:0830,219.25,15.97,26.5,6.62,0.0
20210113:0930,110.9,2.53,26.09,6.21,0.0
20210113:1030,0.0,0.0,25.6,5.79,0.0
20210113:1130,0.0,0.0,25.4,5.45,0.0
20210113:1230,0.0,0.0,25.31,5.17,0.0
20210113:1330,0.0,0.0,25.26,5.1,0.0
20210113:1430,0.0,0.0,25.22,5.17,0.0
20210113:1530,0.0,0.0,25.22,5.17,0.0
20210113:1630,0.0,0.0,24.99,5.03,0.0
20210113:1730,0.0,0.0,24.81,5.03,0.0
20210113:1830,0.0,0.0,24.51,5.24,0.0
20210113:1930,0.0,0.0,24.51,5.66,0.0
20210113:2030,0.0,0.0,24.67,5.93,0.0
20210113:2130,0.0,0.0,24.74,6.0,0.0
20210113:2230,0.12,3.32,24.73,5.79,0.0
20210113:2330,36.91,16.74,24.73,5.72,0.0
20210114:0030,64.94,29.59,24.77,6.07,0.0
20210114:0130,213.73,41.43,24.94,6.07,0.0
20210114:0230,330.77,51.25,25.46,5.66,0.0
20210114:0330,436.27,57.18,26.05,6.34,0.0
20210114:0430,304.97,57.03,26.72,6.55,0.0
20210114:0530,473.77,50.87,26.86,5.38,0.0
20210114:0630,437.27,40.92,27.46,5.38,0.0
20210114:0730,152.48,29.02,27.59,4.55,0.0
20210114:0830,104.61,16.11,26.78,3.79,0.0
20210114:0930,7.4,2.65,26.41,3.79,0.0
20210114:1030,0.0,0.0,25.94,4.07,0.0
20210114:1130,0.0,0.0,25.47,4.07,0.0
20210114:1230,0.0,0.0,25.21,4.07,0.0
20210114:1330,0.0,0.0,24.99,4.07,0.0
20210114:1430,0.0,0.0,24.9,4.07,0.0
20210114:1530,0.0,0.0,24.82,4.0,0.0
20210114:1630,0.0,0.0,24.78,3.86,0.0
20210114:1730,0.0,0.0,24.64,3.79,0.0
20210114:1830,0.0,0.0,24.61,3.59,0.0
20210114:1930,0.0,0.0,24.73,4.14,0.0
20210114:2030,0.0,0.0,24.66,4.0,0.0
20210114:2130,0.0,0.0,24.54,3.93,0.0
20210114:2230,242.58,3.28,24.36,3.86,0.0
20210114:2330,439.82,16.71,24.55,3.72,0.0
20210115:0030,707.64,29.6,25.48,4.28,0.0
20210115:0130,832.7,41.47,26.79,5.59,0.0
20210115:0230,910.53,51.35,27.68,5.59,0.0
20210115:0330,928.89,57.34,28.35,5.52,0.0
20210115:0430,702.76,57.22,28.86,5.38,0.0
20210115:0530,974.43,51.06,29.04,5.1,0.0
20210115:0630,733.87,41.1,29.4,4.97,0.0
20210115:0730,826.8,29.17,28.8,4.69,0.0
20210115:0830,584.05,16.24,28.45,4.9,0.0
20210115:0930,385.87,2.77,27.62,4.55,0.0
20210115:1030,0.0,0.0,26.57,4.62,0.0
20210115:1130,0.0,0.0,25.95,4.69,0.0
20210115:1230,0.0,0.0,25.57,4.76,0.0
20210115:1330,0.0,0.0,25.38,4.69,0.0
20210115:1430,0.0,0.0,25.29,4.9,0.0
20210115:1530,0.0,0.0,25.29,4.97,0.0
20210115:1630,0.0,0.0,25.26,4.83,0.0
20210115:1730,0.0,0.0,25.09,4.69,0.0
20210115:1830,0.0,0.0,24.85,4.9,0.0
20210115:1930,0.0,0.0,24.84,4.62,0.0
20210115:2030,0.0,0.0,24.82,5.1,0.0
20210115:2130,0.0,0.0,24.91,5.31,0.0
20210115:2230,107.9,3.24,24.91,5.17,0.0
20210115:2330,211.03,16.69,24.99,4.97,0.0
20210116:0030,200.95,29.61,25.4,4.76,0.0
20210116:0130,434.83,41.52,25.76,5.17,0.0
20210116:0230,415.63,51.45,26.38,6.0,0.0
20210116:0330,276.22,57.5,26.75,6.41,0.0
20210116:0430,207.1,57.43,26.71,6.48,0.0
20210116:0530,189.36,51.26,26.5,6.9,0.0
20210116:0630,207.52,41.27,26.58,7.59,0.0
20210116:0730,150.2,29.33,26.43,8.28,0.0
20210116:0830,52.92,16.38,26.13,7.72,0.0
20210116:0930,38.03,2.89,25.73,7.52,0.0
20210116:1030,0.0,0.0,25.37,7.52,0.0
20210116:1130,0.0,0.0,25.12,7.17,0.0
20210116:1230,0.0,0.0,24.86,7.03,0.0
20210116:1330,0.0,0.0,24.75,6.55,0.0
20210116:1430,0.0,0.0,24.67,6.07,0.0
20210116:1530,0.0,0.0,24.68,5.66,0.0
20210116:1630,0.0,0.0,24.59,5.31,0.0
20210116:1730,0.0,0.0,24.41,4.97,0.0
20210116:1830,0.0,0.0,24.45,4.69,0.0
20210116:1930,0.0,0.0,24.17,5.72,0.0
20210116:2030,0.0,0.0,24.22,5.59,0.0
20210116:2130,0.0,0.0,24.48,5.52,0.0
20210116:2230,12.78,3.2,24.63,5.66,0.0
20210116:2330,126.19,16.68,24.81,5.93,0.0
20210117:0030,141.22,29.62,25.09,6.62,0.0
20210117:0130,469.98,41.58,25.33,6.76,0.0
20210117:0230,559.64,51.56,26.04,7.79,0.0
20210117:0330,624.05,57.67,26.5,7.66,0.0
20210117:0430,468.44,57.63,26.54,8.0,0.0
20210117:0530,362.24,51.46,26.64,7.24,0.0
20210117:0630,480.75,41.45,26.33,6.9,0.0
20210117:0730,491.5,29.48,26.48,6.69,0.0
20210117:0830,361.29,16.52,26.37,6.34,0.0
20210117:0930,58.81,3.01,26.03,6.0,0.0
20210117:1030,0.0,0.0,25.41,5.66,0.0
20210117:1130,0.0,0.0,25.0,5.72,0.0
20210117:1230,0.0,0.0,24.84,5.72,0.0
20210117:1330,0.0,0.0,24.83,5.72,0.0
20210117:1430,0.0,0.0,24.83,5.45,0.0
20210117:1530,0.0,0.0,24.86,5.66,0.0
20210117:1630,0.0,0.0,24.99,5.86,0.0
20210117:1730,0.0,0.0,25.12,6.34,0.0
20210117:1830,0.0,0.0,25.23,6.55,0.0
20210117:1930,0.0,0.0,25.22,6.76,0.0
20210117:2030,0.0,0.0,25.05,6.48,0.0
20210117:2130,0.0,0.0,25.05,6.62,0.0
20210117:2230,50.02,3.16,24.95,6.62,0.0
20210117:2330,235.29,16.66,24.95,6.69,0.0
20210118:0030,140.62,29.64,25.13,6.34,0.0
20210118:0130,163.38,41.64,25.41,6.14,0.0
20210118:0230,137.02,51.67,25.68,6.0,0.0
20210118:0330,149.88,57.85,25.56,5.1,0.0
20210118:0430,105.12,57.85,25.09,5.24,0.0
20210118:0530,114.63,51.67,24.82,5.1,0.0
20210118:0630,64.69,41.63,24.71,5.38,0.0
20210118:0730,50.01,29.64,24.43,5.1,0.0
20210118:0830,14.44,16.65,24.38,5.59,0.0
20210118:0930,2.39,3.13,24.48,6.21,0.0
20210118:1030,0.0,0.0,24.53,6.69,0.0
20210118:1130,0.0,0.0,24.43,6.55,0.0
20210118:1230,0.0,0.0,24.28,6.55,0.0
20210118:1330,0.0,0.0,24.32,6.69,0.0
20210118:1430,0.0,0.0,24.34,6.76,0.0
20210118:1530,0.0,0.0,24.4,6.83,0.0
20210118:1630,0.0,0.0,24.53,6.55,0.0
20210118:1730,0.0,0.0,24.55,6.62,0.0
20210118:1830,0.0,0.0,24.55,6.62,0.0
20210118:1930,0.0,0.0,24.58,6.0,0.0
20210118:2030,0.0,0.0,24.34,6.14,0.0
20210118:2130,0.0,0.0,24.33,6.14,0.0
20210118:2230,6.82,3.13,24.49,6.0,0.0
20210118:2330,19.58,16.66,24.66,5.86,0.0
20210119:0030,59.95,29.67,24.82,5.79,0.0
20210119:0130,117.17,41.7,25.04,5.72,0.0
20210119:0230,139.2,51.79,25.46,5.38,0.0
20210119:0330,217.7,58.03,26.02,4.21,0.0
20210119:0430,266.83,58.06,26.72,3.17,0.0
20210119:0530,340.03,51.88,26.89,2.48,0.0
20210119:0630,280.36,41.82,27.43,3.38,0.0
20210119:0730,189.93,29.8,26.72,4.69,0.0
20210119:0830,122.99,16.79,26.5,3.31,0.0
20210119:0930,15.41,3.25,26.15,2.14,0.0
20210119:1030,0.0,0.0,25.64,1.24,0.0
20210119:1130,0.0,0.0,25.81,0.14,0.0
20210119:1230,0.0,0.0,24.86,1.1,0.0
20210119:1330,0.0,0.0,24.79,2.14,0.0
20210119:1430,0.0,0.0,24.88,2.76,0.0
20210119:1530,0.0,0.0,24.79,2.69,0.0
20210119:1630,0.0,0.0,24.83,2.55,0.0
20210119:1730,0.0,0.0,24.71,2.34,0.0
20210119:1830,0.0,0.0,24.64,2.62,0.0
20210119:1930,0.0,0.0,24.75,2.28,0.0
20210119:2030,0.0,0.0,24.45,2.21,0.0
20210119:2130,0.0,0.0,24.26,2.0,0.0
20210119:2230,256.32,3.11,24.2,2.14,0.0
20210119:2330,440.62,16.65,24.7,2.14,0.0
20210120:0030,743.8,29.7,26.16,2.34,0.0
20210120:0130,889.58,41.77,27.01,3.03,0.0
20210120:0230,884.57,51.92,27.72,3.45,0.0
20210120:0330,831.0,58.22,28.12,4.0,0.0
20210120:0430,705.72,58.29,28.36,4.14,0.0
20210120:0530,835.19,52.09,28.11,4.28,0.0
20210120:0630,588.18,42.0,28.11,4.48,0.0
20210120:0730,460.83,29.96,28.23,2.83,0.0
20210120:0830,214.81,16.93,27.86,2.9,0.0
20210120:0930,157.52,3.37,27.14,2.07,0.0
20210120:1030,0.0,0.0,26.48,1.86,0.0
20210120:1130,0.0,0.0,26.09,1.45,0.0
20210120:1230,0.0,0.0,25.7,0.83,0.0
20210120:1330,0.0,0.0,26.33,0.55,0.0
20210120:1430,0.0,0.0,26.02,0.83,0.0
20210120:1530,0.0,0.0,26.26,0.76,0.0
20210120:1630,0.0,0.0,26.07,0.76,0.0
20210120:1730,0.0,0.0,25.2,0.97,0.0
20210120:1830,0.0,0.0,25.77,0.62,0.0
20210120:1930,0.0,0.0,25.03,0.97,0.0
20210120:2030,0.0,0.0,25.72,0.55,0.0
20210120:2130,0.0,0.0,25.75,0.14,0.0
20210120:2230,188.02,3.08,25.72,0.28,0.0
20210120:2330,486.59,16.65,25.29,0.83,0.0
20210121:0030,641.32,29.73,26.23,1.03,0.0
20210121:0130,804.45,41.85,26.68,1.31,0.0
20210121:0230,932.43,52.05,27.4,1.1,0.0
20210121:0330,917.8,58.41,28.17,0.97,0.0
20210121:0430,908.37,58.52,28.77,0.48,0.0
20210121:0530,728.25,52.31,29.07,1.31,0.0
20210121:0630,265.63,42.19,28.56,1.93,0.0
20210121:0730,98.27,30.12,27.81,0.41,0.0
20210121:0830,87.42,17.06,27.06,0.9,0.0
20210121:0930,8.1,3.48,26.78,1.03,0.0
20210121:1030,0.0,0.0,26.09,2.07,0.0
20210121:1130,0.0,0.0,25.62,1.03,0.0
20210121:1230,0.0,0.0,25.5,0.55,0.0
20210121:1330,0.0,0.0,25.08,1.31,0.0
20210121:1430,0.0,0.0,24.82,1.52,0.0
20210121:1530,0.0,0.0,24.42,0.9,0.0
20210121:1630,0.0,0.0,24.09,1.03,0.0
20210121:1730,0.0,0.0,24.16,1.03,0.0
20210121:1830,0.0,0.0,24.08,1.17,0.0
20210121:1930,0.0,0.0,24.38,1.1,0.0
20210121:2030,0.0,0.0,24.15,1.17,0.0
20210121:2130,0.0,0.0,24.3,0.97,0.0
20210121:2230,209.1,3.06,23.91,0.83,0.0
20210121:2330,444.47,16.66,24.13,0.62,0.0
20210122:0030,427.87,29.77,25.99,0.07,0.0
20210122:0130,869.36,41.92,26.63,0.48,0.0
20210122:0230,786.95,52.18,27.53,1.03,0.0
20210122:0330,733.43,58.62,28.07,2.0,0.0
20210122:0430,545.13,58.75,28.02,2.9,0.0
20210122:0530,542.43,52.53,27.49,3.59,0.0
20210122:0630,410.55,42.38,27.25,4.14,0.0
20210122:0730,305.71,30.28,27.23,3.38,0.0
20210122:0830,295.17,17.2,27.22,3.1,0.0
20210122:0930,155.49,3.6,26.89,2.48,0.0
20210122:1030,0.0,0.0,26.41,1.93,0.0
20210122:1130,0.0,0.0,25.93,1.59,0.0
20210122:1230,0.0,0.0,25.5,1.03,0.0
20210122:1330,0.0,0.0,25.92,0.83,0.0
20210122:1430,0.0,0.0,26.39,0.41,0.0
20210122:1530,0.0,0.0,26.34,0.69,0.0
20210122:1630,0.0,0.0,26.02,0.83,0.0
20210122:1730,0.0,0.0,25.85,0.83,0.0
20210122:1830,0.0,0.0,24.39,0.83,0.0
20210122:1930,0.0,0.0,24.7,1.1,0.0
20210122:2030,0.0,0.0,24.15,1.17,0.0
20210122:2130,0.0,0.0,23.29,1.38,0.0
20210122:2230,300.73,3.05,23.26,1.45,0.0
20210122:2330,532.13,16.66,23.98,1.03,0.0
20210123:0030,791.33,29.81,26.13,0.28,0.0
20210123:0130,941.57,42.01,27.28,0.62,0.0
20210123:0230,962.95,52.32,28.05,1.38,0.0
20210123:0330,655.99,58.82,28.56,1.66,0.0
20210123:0430,594.87,59.0,28.48,1.79,0.0
20210123:0530,681.25,52.75,28.34,2.28,0.0
20210123:0630,628.58,42.57,28.48,2.41,0.0
20210123:0730,454.74,30.43,28.3,1.86,0.0
20210123:0830,359.18,17.33,27.8,1.59,0.0
20210123:0930,194.68,3.71,27.49,1.24,0.0
20210123:1030,0.0,0.0,27.03,1.1,0.0
20210123:1130,0.0,0.0,26.29,1.17,0.0
20210123:1230,0.0,0.0,25.54,1.24,0.0
20210123:1330,0.0,0.0,24.98,1.1,0.0
20210123:1430,0.0,0.0,25.2,0.9,0.0
20210123:1530,0.0,0.0,24.66,1.1,0.0
20210123:1630,0.0,0.0,24.46,1.1,0.0
20210123:1730,0.0,0.0,24.92,0.9,0.0
20210123:1830,0.0,0.0,24.67,0.83,0.0
20210123:1930,0.0,0.0,23.61,1.59,0.0
20210123:2030,0.0,0.0,23.67,1.45,0.0
20210123:2130,0.0,0.0,23.98,1.31,0.0
20210123:2230,404.76,3.03,24.08,1.24,0.0
20210123:2330,577.26,16.67,23.71,1.24,0.0
20210124:0030,843.08,29.86,26.22,1.38,0.0
20210124:0130,964.69,42.1,27.1,1.79,0.0
20210124:0230,888.72,52.47,27.9,2.21,0.0
20210124:0330,928.48,59.04,28.47,2.69,0.0
20210124:0430,884.89,59.24,28.96,3.17,0.0
20210124:0530,826.89,52.98,29.08,3.79,0.0
20210124:0630,673.18,42.76,28.72,4.28,0.0
20210124:0730,752.23,30.59,28.3,4.48,0.0
20210124:0830,447.73,17.47,28.33,4.34,0.0
20210124:0930,390.97,3.82,27.81,3.93,0.0
20210124:1030,0.0,0.0,27.02,3.59,0.0
20210124:1130,0.0,0.0,26.41,3.72,0.0
20210124:1230,0.0,0.0,25.96,3.93,0.0
20210124:1330,0.0,0.0,25.66,4.0,0.0
20210124:1430,0.0,0.0,25.43,3.86,0.0
20210124:1530,0.0,0.0,25.16,3.93,0.0
20210124:1630,0.0,0.0,24.91,4.34,0.0
20210124:1730,0.0,0.0,24.82,4.07,0.0
20210124:1830,0.0,0.0,24.69,3.93,0.0
20210124:1930,0.0,0.0,25.31,4.34,0.0
20210124:2030,0.0,0.0,25.25,4.28,0.0
20210124:2130,0.0,0.0,25.22,4.07,0.0
20210124:2230,136.54,3.03,25.2,3.93,0.0
20210124:2330,242.54,16.69,25.4,4.07,0.0
20210125:0030,279.13,29.91,26.03,4.9,0.0
20210125:0130,665.33,42.19,26.43,5.31,0.0
20210125:0230,883.32,52.62,27.36,6.0,0.0
20210125:0330,884.16,59.26,28.2,6.07,0.0
20210125:0430,1064.76,59.49,28.59,5.86,0.0
20210125:0530,1047.49,53.21,29.04,5.93,0.0
20210125:0630,991.06,42.95,29.09,6.0,0.0
20210125:0730,888.12,30.75,28.66,6.0,0.0
20210125:0830,646.33,17.6,28.17,5.59,0.0
20210125:0930,485.11,3.94,27.34,4.83,0.0
20210125:1030,0.0,0.0,26.3,4.55,0.0
20210125:1130,0.0,0.0,25.69,4.62,0.0
20210125:1230,0.0,0.0,25.43,4.69,0.0
20210125:1330,0.0,0.0,25.34,4.9,0.0
20210125:1430,0.0,0.0,25.21,5.03,0.0
20210125:1530,0.0,0.0,25.18,5.1,0.0
20210125:1630,0.0,0.0,25.09,5.17,0.0
20210125:1730,0.0,0.0,24.94,5.17,0.0
20210125:1830,0.0,0.0,24.79,5.03,0.0
20210125:1930,0.0,0.0,24.69,5.1,0.0
20210125:2030,0.0,0.0,24.61,5.38,0.0
20210125:2130,0.0,0.0,24.49,5.52,0.0
20210125:2230,336.16,3.02,24.3,5.38,0.0
20210125:2330,424.15,16.71,24.2,5.1,0.0
20210126:0030,823.39,29.96,24.74,5.52,0.0
20210126:0130,873.54,42.29,25.94,6.76,0.0
20210126:0230,946.18,52.78,26.75,6.83,0.0
20210126:0330,998.76,59.48,27.44,6.62,0.0
20210126:0430,1028.0,59.75,27.92,6.41,0.0
20210126:0530,1027.01,53.44,28.26,6.34,0.0
20210126:0630,990.14,43.14,28.32,6.28,0.0
20210126:0730,919.44,30.91,28.21,6.69,0.0
20210126:0830,756.99,17.73,27.75,6.28,0.0
20210126:0930,493.14,4.05,26.99,5.45,0.0
20210126:1030,0.0,0.0,25.94,5.1,0.0
20210126:1130,0.0,0.0,25.35,4.9,0.0
20210126:1230,0.0,0.0,25.03,4.83,0.0
20210126:1330,0.0,0.0,24.92,4.83,0.0
20210126:1430,0.0,0.0,24.79,4.76,0.0
20210126:1530,0.0,0.0,24.79,4.69,0.0
20210126:1630,0.0,0.0,24.76,4.69,0.0
20210126:1730,0.0,0.0,24.76,4.76,0.0
20210126:1830,0.0,0.0,24.74,4.97,0.0
20210126:1930,0.0,0.0,24.84,5.59,0.0
20210126:2030,0.0,0.0,24.81,5.59,0.0
20210126:2130,0.0,0.0,24.73,5.38,0.0
20210126:2230,275.13,3.02,24.8,5.03,0.0
20210126:2330,517.84,16.73,24.93,5.03,0.0
20210127:0030,678.89,30.02,25.79,5.66,0.0
20210127:0130,780.84,42.39,26.67,6.97,0.0
20210127:0230,772.86,52.94,27.29,6.9,0.0
20210127:0330,874.41,59.71,27.39,6.76,0.0
20210127:0430,869.61,60.01,28.12,6.69,0.0
20210127:0530,765.14,53.67,28.07,7.1,0.0
20210127:0630,675.84,43.34,28.11,7.03,0.0
20210127:0730,600.01,31.07,27.79,6.55,0.0
20210127:0830,488.6,17.86,27.36,6.21,0.0
20210127:0930,239.66,4.15,26.38,5.93,0.0
20210127:1030,0.0,0.0,25.7,5.31,0.0
20210127:1130,0.0,0.0,25.2,5.72,0.0
20210127:1230,0.0,0.0,24.95,5.52,0.0
20210127:1330,0.0,0.0,24.84,5.52,0.0
20210127:1430,0.0,0.0,24.77,5.38,0.0
20210127:1530,0.0,0.0,24.67,5.45,0.0
20210127:1630,0.0,0.0,24.48,5.72,0.0
20210127:1730,0.0,0.0,24.45,5.45,0.0
20210127:1830,0.0,0.0,24.59,5.1,0.0
20210127:1930,0.0,0.0,24.81,5.66,0.0
20210127:2030,0.0,0.0,24.79,5.52,0.0
20210127:2130,0.0,0.0,24.76,5.24,0.0
20210127:2230,136.01,3.02,24.67,5.17,0.0
20210127:2330,210.23,16.76,24.75,5.52,0.0
20210128:0030,570.04,30.08,25.15,6.07,0.0
20210128:0130,538.36,42.5,26.12,7.03,0.0
20210128:0230,626.74,53.11,26.22,7.38,0.0
20210128:0330,762.67,59.95,27.03,7.79,0.0
20210128:0430,749.63,60.27,27.16,7.86,0.0
20210128:0530,788.52,53.91,27.21,8.07,0.0
20210128:0630,701.06,43.53,27.19,8.07,0.0
20210128:0730,513.94,31.23,26.53,6.69,0.0
20210128:0830,119.93,17.99,26.06,6.34,0.0
20210128:0930,81.95,4.26,25.13,6.34,0.0
20210128:1030,0.0,0.0,24.85,6.0,0.0
20210128:1130,0.0,0.0,24.79,6.48,0.0
20210128:1230,0.0,0.0,24.64,6.76,0.0
20210128:1330,0.0,0.0,24.47,6.62,0.0
20210128:1430,0.0,0.0,24.38,6.69,0.0
20210128:1530,0.0,0.0,24.3,6.83,0.0
20210128:1630,0.0,0.0,24.31,7.03,0.0
20210128:1730,0.0,0.0,24.39,7.17,0.0
20210128:1830,0.0,0.0,24.5,7.24,0.0
20210128:1930,0.0,0.0,24.43,7.31,0.0
20210128:2030,0.0,0.0,24.32,7.24,0.0
20210128:2130,0.0,0.0,24.21,6.97,0.0
20210128:2230,383.77,3.03,24.09,6.9,0.0
20210128:2330,668.8,16.79,24.21,6.83,0.0
20210129:0030,658.09,30.15,24.85,7.93,0.0
20210129:0130,880.28,42.61,25.38,8.69,0.0
20210129:0230,936.52,53.28,26.11,9.17,0.0
20210129:0330,947.79,60.19,26.78,9.24,0.0
20210129:0430,904.88,60.54,27.08,9.24,0.0
20210129:0530,1000.79,54.15,27.26,9.24,0.0
20210129:0630,775.41,43.72,27.17,9.38,0.0
20210129:0730,694.01,31.39,26.63,9.66,0.0
20210129:0830,554.46,18.12,26.04,9.45,0.0
20210129:0930,381.13,4.37,25.48,8.48,0.0
20210129:1030,0.0,0.0,24.88,8.69,0.0
20210129:1130,0.0,0.0,24.53,8.48,0.0
20210129:1230,0.0,0.0,24.39,8.69,0.0
20210129:1330,0.0,0.0,24.38,8.76,0.0
20210129:1430,0.0,0.0,24.38,8.76,0.0
20210129:1530,0.0,0.0,24.25,8.55,0.0
20210129:1630,0.0,0.0,24.18,8.28,0.0
20210129:1730,0.0,0.0,24.04,8.0,0.0
20210129:1830,0.0,0.0,23.93,8.07,0.0
20210129:1930,0.0,0.0,23.94,8.28,0.0
20210129:2030,0.0,0.0,23.85,8.14,0.0
20210129:2130,0.0,0.0,23.87,7.59,0.0
20210129:2230,322.45,3.04,23.95,7.17,0.0
20210129:2330,437.4,16.83,24.11,7.38,0.0
20210130:0030,451.0,30.22,24.29,7.31,0.0
20210130:0130,748.45,42.72,24.75,7.38,0.0
20210130:0230,750.4,53.46,25.51,8.83,0.0
20210130:0330,735.39,60.44,25.74,9.66,0.0
20210130:0430,639.08,60.82,25.87,9.59,0.0
20210130:0530,688.95,54.39,25.61,9.79,0.0
20210130:0630,289.87,43.92,25.73,9.66,0.0
20210130:0730,271.55,31.54,25.18,9.31,0.0
20210130:0830,179.73,18.25,24.9,9.72,0.0
20210130:0930,76.09,4.47,24.7,9.17,0.0
20210130:1030,0.0,0.0,24.39,8.9,0.0
20210130:1130,0.0,0.0,24.25,8.97,0.0
20210130:1230,0.0,0.0,24.12,8.97,0.0
20210130:1330,0.0,0.0,23.81,8.97,0.0
20210130:1430,0.0,0.0,23.74,8.76,0.0
20210130:1530,0.0,0.0,23.73,8.76,0.0
20210130:1630,0.0,0.0,23.69,8.48,0.0
20210130:1730,0.0,0.0,23.66,8.48,0.0
20210130:1830,0.0,0.0,23.77,8.48,0.0
20210130:1930,0.0,0.0,23.77,8.14,0.0
20210130:2030,0.0,0.0,23.67,7.93,0.0
20210130:2130,0.0,0.0,23.65,8.0,0.0
20210130:2230,359.53,3.05,23.6,8.0,0.0
20210130:2330,571.09,16.86,23.79,7.86,0.0
20210131:0030,708.28,30.3,24.52,8.07,0.0
20210131:0130,790.63,42.84,25.35,9.24,0.0
20210131:0230,848.1,53.64,25.96,9.31,0.0
20210131:0330,808.49,60.69,26.6,9.31,0.0
20210131:0430,858.09,61.1,26.77,8.69,0.0
20210131:0530,799.69,54.63,26.99,8.69,0.0
20210131:0630,728.88,44.11,27.13,8.62,0.0
20210131:0730,666.22,31.7,27.06,8.62,0.0
20210131:0830,628.44,18.38,26.61,8.07,0.0
20210131:0930,329.28,4.57,25.92,7.66,0.0
20210131:1030,0.0,0.0,25.18,7.45,0.0
20210131:1130,0.0,0.0,24.89,7.31,0.0
20210131:1230,0.0,0.0,24.5,7.24,0.0
20210131:1330,0.0,0.0,24.13,7.1,0.0
20210131:1430,0.0,0.0,24.11,7.03,0.0
20210131:1530,0.0,0.0,24.04,6.83,0.0
20210131:1630,0.0,0.0,24.0,6.9,0.0
20210131:1730,0.0,0.0,23.9,6.83,0.0
20210131:1830,0.0,0.0,23.99,6.9,0.0
20210131:1930,0.0,0.0,23.8,6.48,0.0
20210131:2030,0.0,0.0,23.81,6.62,0.0
20210131:2130,0.0,0.0,23.89,6.76,0.0
20210131:2230,159.12,3.07,24.02,6.9,0.0
20210131:2330,197.37,16.91,24.2,6.9,0.0
20210201:0030,161.73,30.38,24.68,6.9,0.0
20210201:0130,189.4,42.97,24.93,7.31,0.0
20210201:0230,443.14,53.83,25.24,7.24,0.0
20210201:0330,275.09,60.95,25.88,8.0,0.0
20210201:0430,377.03,61.38,25.59,7.45,0.0
20210201:0530,398.31,54.88,25.91,7.03,0.0
20210201:0630,274.18,44.31,26.16,6.83,0.0
20210201:0730,160.16,31.85,25.65,6.07,0.0
20210201:0830,79.92,18.5,25.41,5.59,0.0
20210201:0930,105.34,4.68,24.81,4.83,0.0
20210201:1030,0.0,0.0,24.67,4.83,0.0
20210201:1130,0.0,0.0,24.58,4.83,0.0
20210201:1230,0.0,0.0,24.49,5.03,0.0
20210201:1330,0.0,0.0,24.42,5.38,0.0
20210201:1430,0.0,0.0,24.35,5.66,0.0
20210201:1530,0.0,0.0,24.19,5.79,0.0
20210201:1630,0.0,0.0,24.09,5.66,0.0
20210201:1730,0.0,0.0,24.0,5.45,0.0
20210201:1830,0.0,0.0,23.82,5.52,0.0
20210201:1930,0.0,0.0,23.78,5.45,0.0
20210201:2030,0.0,0.0,23.81,5.59,0.0
20210201:2130,0.0,0.0,23.82,5.59,0.0
20210201:2230,132.82,3.09,23.79,5.86,0.0
20210201:2330,362.55,16.95,23.97,6.0,0.0
20210202:0030,414.04,30.46,24.73,6.9,0.0
20210202:0130,574.19,43.09,25.46,7.93,0.0
20210202:0230,694.86,54.02,26.1,8.41,0.0
20210202:0330,687.5,61.21,26.98,7.93,0.0
20210202:0430,693.71,61.67,27.18,8.0,0.0
20210202:0530,692.73,55.12,27.19,7.72,0.0
20210202:0630,421.78,44.5,27.18,7.72,0.0
20210202:0730,204.31,32.01,25.98,6.48,0.0
20210202:0830,46.81,18.62,25.85,6.62,0.0
20210202:0930,10.46,4.77,25.23,6.14,0.0
20210202:1030,0.0,0.0,24.91,6.34,0.0
20210202:1130,0.0,0.0,24.77,6.14,0.0
20210202:1230,0.0,0.0,24.7,6.14,0.0
20210202:1330,0.0,0.0,24.69,6.14,0.0
20210202:1430,0.0,0.0,24.67,6.0,0.0
20210202:1530,0.0,0.0,24.55,6.07,0.0
20210202:1630,0.0,0.0,24.41,6.07,0.0
20210202:1730,0.0,0.0,24.43,5.79,0.0
20210202:1830,0.0,0.0,24.28,6.21,0.0
20210202:1930,0.0,0.0,24.3,5.72,0.0
20210202:2030,0.0,0.0,24.17,5.86,0.0
20210202:2130,0.0,0.0,24.12,6.07,0.0
20210202:2230,145.45,3.12,24.08,6.07,0.0
20210202:2330,531.0,17.0,24.15,6.07,0.0
20210203:0030,550.78,30.55,24.76,7.52,0.0
20210203:0130,707.32,43.23,25.23,7.86,0.0
20210203:0230,886.64,54.21,25.82,8.0,0.0
20210203:0330,713.88,61.48,26.61,8.34,0.0
20210203:0430,892.17,61.96,26.89,8.14,0.0
20210203:0530,740.58,55.37,27.33,8.34,0.0
20210203:0630,722.22,44.69,27.1,8.14,0.0
20210203:0730,796.78,32.16,27.04,7.93,0.0
20210203:0830,545.52,18.75,27.01,7.52,0.0
20210203:0930,378.14,4.87,26.48,6.97,0.0
20210203:1030,0.0,0.0,25.85,6.83,0.0
20210203:1130,0.0,0.0,25.41,6.76,0.0
20210203:1230,0.0,0.0,25.2,6.76,0.0
20210203:1330,0.0,0.0,25.09,6.83,0.0
20210203:1430,0.0,0.0,24.95,6.83,0.0
20210203:1530,0.0,0.0,24.85,6.76,0.0
20210203:1630,0.0,0.0,24.63,6.48,0.0
20210203:1730,0.0,0.0,24.46,6.34,0.0
20210203:1830,0.0,0.0,24.24,6.34,0.0
20210203:1930,0.0,0.0,24.25,6.83,0.0
20210203:2030,0.0,0.0,24.41,6.9,0.0
20210203:2130,0.0,0.0,24.25,6.55,0.0
20210203:2230,271.58,3.14,24.11,6.41,0.0
20210203:2330,321.64,17.06,24.27,6.28,0.0
20210204:0030,441.79,30.64,24.88,6.62,0.0
20210204:0130,639.87,43.36,25.7,6.34,0.0
20210204:0230,784.6,54.42,26.44,7.03,0.0
20210204:0330,757.24,61.76,26.91,7.17,0.0
20210204:0430,828.81,62.26,27.27,7.38,0.0
20210204:0530,911.84,55.62,27.55,7.38,0.0
20210204:0630,894.15,44.89,27.86,7.38,0.0
20210204:0730,876.45,32.31,27.61,7.03,0.0
20210204:0830,624.79,18.86,27.51,6.83,0.0
20210204:0930,335.01,4.97,26.7,6.48,0.0
20210204:1030,0.0,0.0,25.9,6.76,0.0
20210204:1130,0.0,0.0,25.2,6.76,0.0
20210204:1230,0.0,0.0,24.98,6.69,0.0
20210204:1330,0.0,0.0,24.86,6.76,0.0
20210204:1430,0.0,0.0,24.85,7.1,0.0
20210204:1530,0.0,0.0,24.86,7.17,0.0
20210204:1630,0.0,0.0,24.81,6.69,0.0
20210204:1730,0.0,0.0,24.76,6.48,0.0
20210204:1830,0.0,0.0,24.66,6.21,0.0
20210204:1930,0.0,0.0,24.51,6.34,0.0
20210204:2030,0.0,0.0,24.43,6.55,0.0
20210204:2130,0.0,0.0,24.4,6.48,0.0
20210204:2230,281.57,3.18,24.38,6.62,0.0
20210204:2330,469.91,17.12,24.57,6.48,0.0
20210205:0030,578.99,30.73,25.24,7.38,0.0
20210205:0130,725.71,43.5,26.08,7.38,0.0
20210205:0230,667.77,54.62,27.04,7.59,0.0
20210205:0330,764.32,62.03,27.36,7.17,0.0
20210205:0430,830.41,62.56,27.73,7.24,0.0
20210205:0530,776.15,55.87,28.35,7.24,0.0
20210205:0630,771.34,45.08,28.14,6.83,0.0
20210205:0730,492.27,32.46,27.64,6.07,0.0
20210205:0830,509.33,18.98,26.88,5.86,0.0
20210205:0930,267.94,5.06,26.41,5.38,0.0
20210205:1030,0.0,0.0,25.81,5.79,0.0
20210205:1130,0.0,0.0,25.2,5.66,0.0
20210205:1230,0.0,0.0,25.01,5.72,0.0
20210205:1330,0.0,0.0,24.94,5.45,0.0
20210205:1430,0.0,0.0,24.88,5.45,0.0
20210205:1530,0.0,0.0,24.85,5.59,0.0
20210205:1630,0.0,0.0,24.75,5.59,0.0
20210205:1730,0.0,0.0,24.65,5.24,0.0
20210205:1830,0.0,0.0,24.51,5.1,0.0
20210205:1930,0.0,0.0,24.61,4.83,0.0
20210205:2030,0.0,0.0,24.58,4.76,0.0
20210205:2130,0.0,0.0,24.56,4.76,0.0
20210205:2230,378.4,3.21,24.56,4.83,0.0
20210205:2330,561.42,17.18,24.7,4.83,0.0
20210206:0030,823.4,30.83,25.32,5.86,0.0
20210206:0130,906.03,43.64,26.56,6.0,0.0
20210206:0230,927.9,54.83,27.54,6.14,0.0
20210206:0330,905.22,62.32,28.15,6.21,0.0
20210206:0430,992.1,62.86,28.48,6.34,0.0
20210206:0530,947.53,56.12,28.91,6.48,0.0
20210206:0630,828.94,45.27,28.9,6.48,0.0
20210206:0730,836.94,32.61,28.62,6.69,0.0
20210206:0830,703.1,19.1,28.23,6.34,0.0
20210206:0930,320.09,5.15,27.55,5.93,0.0
20210206:1030,0.0,0.0,26.65,5.79,0.0
20210206:1130,0.0,0.0,25.96,5.86,0.0
20210206:1230,0.0,0.0,25.48,6.0,0.0
20210206:1330,0.0,0.0,25.38,6.14,0.0
20210206:1430,0.0,0.0,25.13,6.07,0.0
20210206:1530,0.0,0.0,25.13,6.14,0.0
20210206:1630,0.0,0.0,24.95,5.93,0.0
20210206:1730,0.0,0.0,25.0,5.93,0.0
20210206:1830,0.0,0.0,24.95,5.45,0.0
20210206:1930,0.0,0.0,24.8,5.59,0.0
20210206:2030,0.0,0.0,24.76,5.52,0.0
20210206:2130,0.0,0.0,24.87,5.45,0.0
20210206:2230,204.71,3.25,24.92,5.52,0.0
20210206:2330,501.6,17.24,25.03,5.59,0.0
20210207:0030,596.34,30.93,25.66,6.41,0.0
20210207:0130,809.7,43.79,26.5,6.76,0.0
20210207:0230,906.07,55.04,27.1,7.17,0.0
20210207:0330,774.72,62.61,28.03,7.1,0.0
20210207:0430,804.39,63.17,28.13,6.76,0.0
20210207:0530,783.65,56.37,28.33,6.83,0.0
20210207:0630,548.31,45.46,28.07,6.76,0.0
20210207:0730,365.67,32.75,26.9,7.1,0.0
20210207:0830,306.22,19.21,26.71,6.48,0.0
20210207:0930,18.99,5.24,25.85,6.21,0.0
20210207:1030,0.0,0.0,25.33,6.0,0.0
20210207:1130,0.0,0.0,25.01,6.21,0.0
20210207:1230,0.0,0.0,24.92,6.28,0.0
20210207:1330,0.0,0.0,24.89,7.03,0.0
20210207:1430,0.0,0.0,24.9,6.9,0.0
20210207:1530,0.0,0.0,24.77,6.62,0.0
20210207:1630,0.0,0.0,24.79,6.41,0.0
20210207:1730,0.0,0.0,24.67,6.48,0.0
20210207:1830,0.0,0.0,24.66,6.55,0.0
20210207:1930,0.0,0.0,24.65,6.48,0.0
20210207:2030,0.0,0.0,24.51,6.69,0.0
20210207:2130,0.0,0.0,24.4,6.76,0.0
20210207:2230,3.6,3.3,24.44,6.69,0.0
20210207:2330,33.59,17.31,24.47,6.9,0.0
20210208:0030,82.36,31.04,24.56,6.83,0.0
20210208:0130,172.44,43.94,24.74,7.17,0.0
20210208:0230,103.38,55.26,24.92,6.97,0.0
20210208:0330,100.67,62.9,24.77,6.69,0.0
20210208:0430,106.86,63.48,24.84,6.41,0.0
20210208:0530,91.31,56.62,24.84,6.28,0.0
20210208:0630,112.02,45.65,24.84,6.83,0.0
20210208:0730,88.03,32.9,24.61,6.83,0.0
20210208:0830,46.11,19.32,24.68,7.1,0.0
20210208:0930,10.7,5.33,24.77,7.1,0.0
20210208:1030,0.0,0.0,24.5,7.79,0.0
20210208:1130,0.0,0.0,24.41,7.45,0.0
20210208:1230,0.0,0.0,24.44,7.38,0.0
20210208:1330,0.0,0.0,24.49,7.03,0.0
20210208:1430,0.0,0.0,24.65,6.55,0.0
20210208:1530,0.0,0.0,24.51,6.28,0.0
20210208:1630,0.0,0.0,24.39,6.07,0.0
20210208:1730,0.0,0.0,24.28,5.79,0.0
20210208:1830,0.0,0.0,24.29,5.72,0.0
20210208:1930,0.0,0.0,24.2,5.17,0.0
20210208:2030,0.0,0.0,24.27,5.31,0.0
20210208:2130,0.0,0.0,24.37,5.93,0.0
20210208:2230,2.46,3.35,24.62,7.24,0.0
20210208:2330,7.97,17.39,24.71,8.0,0.0
20210209:0030,45.67,31.15,24.67,7.93,0.0
20210209:0130,228.64,44.1,24.62,7.45,0.0
20210209:0230,280.58,55.48,24.82,7.03,0.0
20210209:0330,416.8,63.2,24.98,6.34,0.0
20210209:0430,463.99,63.79,25.12,6.34,0.0
20210209:0530,435.86,56.87,25.38,5.72,0.0
20210209:0630,412.49,45.84,25.62,5.31,0.0
20210209:0730,324.37,33.04,25.89,4.97,0.0
20210209:0830,219.13,19.43,26.08,4.83,0.0
20210209:0930,127.28,5.41,25.86,4.34,0.0
20210209:1030,0.0,0.0,25.38,4.0,0.0
20210209:1130,0.0,0.0,24.99,3.52,0.0
20210209:1230,0.0,0.0,24.92,3.31,0.0
20210209:1330,0.0,0.0,24.75,2.97,0.0
20210209:1430,0.0,0.0,24.62,2.83,0.0
20210209:1530,0.0,0.0,24.5,2.76,0.0
20210209:1630,0.0,0.0,24.44,2.55,0.0
20210209:1730,0.0,0.0,24.32,2.41,0.0
20210209:1830,0.0,0.0,24.29,2.48,0.0
20210209:1930,0.0,0.0,23.96,1.66,0.0
20210209:2030,0.0,0.0,23.67,1.59,0.0
20210209:2130,0.0,0.0,23.75,1.79,0.0
20210209:2230,270.98,3.4,23.59,1.66,0.0
20210209:2330,490.96,17.46,24.04,1.59,0.0
20210210:0030,706.79,31.26,25.69,1.86,0.0
20210210:0130,913.2,44.26,26.28,2.07,0.0
20210210:0230,870.05,55.7,27.02,1.79,0.0
20210210:0330,568.27,63.5,27.45,1.45,0.0
20210210:0430,619.46,64.1,26.95,1.17,0.0
20210210:0530,808.6,57.12,27.38,0.41,0.0
20210210:0630,732.91,46.02,28.11,0.83,0.0
20210210:0730,505.91,33.18,28.56,0.62,0.0
20210210:0830,405.69,19.54,28.52,1.52,0.0
20210210:0930,178.79,5.49,27.07,1.1,0.0
20210210:1030,0.0,0.0,26.41,1.38,0.0
20210210:1130,0.0,0.0,25.85,1.86,0.0
20210210:1230,0.0,0.0,25.48,1.93,0.0
20210210:1330,0.0,0.0,25.23,1.86,0.0
20210210:1430,0.0,0.0,24.8,1.31,0.0
20210210:1530,0.0,0.0,25.12,0.69,0.0
20210210:1630,0.0,0.0,25.12,0.69,0.0
20210210:1730,0.0,0.0,24.58,0.9,0.0
20210210:1830,0.0,0.0,23.95,1.1,0.0
20210210:1930,0.0,0.0,23.35,1.17,0.0
20210210:2030,0.0,0.0,23.22,1.38,0.0
20210210:2130,0.0,0.0,23.14,1.31,0.0
20210210:2230,386.43,3.46,23.11,1.31,0.0
20210210:2330,530.11,17.54,23.51,1.17,0.0
20210211:0030,799.03,31.37,24.79,0.76,0.0
20210211:0130,725.65,44.42,26.22,0.62,0.0
20210211:0230,963.53,55.93,27.05,0.41,0.0
20210211:0330,725.98,63.8,27.88,0.83,0.0
20210211:0430,709.69,64.42,27.83,1.31,0.0
20210211:0530,792.69,57.37,27.88,1.52,0.0
20210211:0630,669.5,46.21,28.36,2.14,0.0
20210211:0730,416.16,33.32,28.1,2.28,0.0
20210211:0830,396.87,19.64,27.69,3.24,0.0
20210211:0930,109.93,5.57,27.4,2.69,0.0
20210211:1030,0.0,0.0,26.83,2.0,0.0
20210211:1130,0.0,0.0,26.32,0.97,0.0
20210211:1230,0.0,0.0,25.7,1.03,0.0
20210211:1330,0.0,0.0,25.66,0.97,0.0
20210211:1430,0.0,0.0,25.16,0.97,0.0
20210211:1530,0.0,0.0,24.58,1.17,0.0
20210211:1630,0.0,0.0,24.35,1.59,0.0
20210211:1730,0.0,0.0,24.26,1.66,0.0
20210211:1830,0.0,0.0,23.98,1.52,0.0
20210211:1930,0.0,0.0,24.11,1.79,0.0
20210211:2030,0.0,0.0,23.9,1.52,0.0
20210211:2130,0.0,0.0,23.84,1.45,0.0
20210211:2230,195.68,3.51,24.19,1.1,0.0
20210211:2330,477.46,17.63,24.98,0.62,0.0
20210212:0030,731.6,31.49,26.0,0.55,0.0
20210212:0130,807.62,44.58,26.85,0.62,0.0
20210212:0230,839.26,56.16,27.54,0.76,0.0
20210212:0330,904.7,64.11,28.08,1.1,0.0
20210212:0430,820.67,64.74,28.43,1.59,0.0
20210212:0530,785.96,57.62,28.61,1.79,0.0
20210212:0630,869.05,46.39,28.74,2.14,0.0
20210212:0730,534.43,33.45,28.96,1.1,0.0
20210212:0830,501.67,19.75,28.61,0.34,0.0
20210212:0930,187.04,5.65,27.36,1.52,0.0
20210212:1030,0.0,0.0,26.72,1.03,0.0
20210212:1130,0.0,0.0,25.97,1.24,0.0
20210212:1230,0.0,0.0,25.5,1.59,0.0
20210212:1330,0.0,0.0,25.36,2.0,0.0
20210212:1430,0.0,0.0,25.09,1.52,0.0
20210212:1530,0.0,0.0,24.69,1.31,0.0
20210212:1630,0.0,0.0,24.32,1.1,0.0
20210212:1730,0.0,0.0,24.14,1.66,0.0
20210212:1830,0.0,0.0,24.37,2.14,0.0
20210212:1930,0.0,0.0,24.49,2.07,0.0
20210212:2030,0.0,0.0,24.53,2.34,0.0
20210212:2130,0.0,0.0,24.67,2.55,0.0
20210212:2230,164.54,3.58,24.51,2.83,0.0
20210212:2330,411.23,17.71,24.61,2.83,0.0
20210213:0030,491.21,31.62,25.5,2.83,0.0
20210213:0130,683.18,44.75,26.41,3.24,0.0
20210213:0230,730.85,56.4,27.31,3.1,0.0
20210213:0330,731.93,64.43,27.92,2.83,0.0
20210213:0430,678.63,65.07,28.32,2.76,0.0
20210213:0530,537.7,57.87,28.52,2.76,0.0
20210213:0630,393.49,46.57,28.22,2.76,0.0
20210213:0730,391.51,33.59,27.94,3.38,0.0
20210213:0830,185.42,19.85,27.69,3.17,0.0
20210213:0930,26.38,5.72,27.18,2.76,0.0
20210213:1030,0.0,0.0,26.65,2.83,0.0
20210213:1130,0.0,0.0,26.28,2.83,0.0
20210213:1230,0.0,0.0,25.95,2.83,0.0
20210213:1330,0.0,0.0,25.61,2.69,0.0
20210213:1430,0.0,0.0,25.4,2.83,0.0
20210213:1530,0.0,0.0,25.2,3.03,0.0
20210213:1630,0.0,0.0,24.82,2.97,0.0
20210213:1730,0.0,0.0,24.82,2.76,0.0
20210213:1830,0.0,0.0,24.76,2.55,0.0
20210213:1930,0.0,0.0,24.86,2.0,0.0
20210213:2030,0.0,0.0,24.69,1.93,0.0
20210213:2130,0.0,0.0,24.52,2.55,0.0
20210213:2230,91.18,3.64,24.37,2.83,0.0
20210213:2330,115.48,17.81,24.32,2.62,0.0
20210214:0030,206.16,31.74,24.56,2.83,0.0
20210214:0130,371.03,44.92,25.03,2.69,0.0
20210214:0230,442.85,56.63,25.66,2.48,0.0
20210214:0330,384.63,64.75,26.02,1.79,0.0
20210214:0430,429.13,65.4,26.36,0.97,0.0
20210214:0530,581.36,58.12,26.75,1.86,0.0
20210214:0630,245.09,46.75,26.85,2.97,0.0
20210214:0730,145.07,33.72,25.65,3.52,0.0
20210214:0830,68.36,19.94,25.53,3.38,0.0
20210214:0930,50.08,5.8,25.31,3.93,0.0
20210214:1030,0.0,0.0,25.06,4.34,0.0
20210214:1130,0.0,0.0,24.83,4.0,0.0
20210214:1230,0.0,0.0,24.67,3.38,0.0
20210214:1330,0.0,0.0,24.6,3.45,0.0
20210214:1430,0.0,0.0,24.53,3.59,0.0
20210214:1530,0.0,0.0,24.3,3.31,0.0
20210214:1630,0.0,0.0,24.22,3.24,0.0
20210214:1730,0.0,0.0,24.22,3.31,0.0
20210214:1830,0.0,0.0,23.99,3.59,0.0
20210214:1930,0.0,0.0,24.15,3.38,0.0
20210214:2030,0.0,0.0,24.31,3.31,0.0
20210214:2130,0.0,0.0,24.29,3.17,0.0
20210214:2230,40.53,3.72,24.36,3.31,0.0
20210214:2330,100.75,17.9,24.44,3.79,0.0
20210215:0030,222.47,31.87,25.04,4.28,0.0
20210215:0130,250.41,45.09,25.6,5.31,0.0
20210215:0230,279.18,56.87,25.98,5.45,0.0
20210215:0330,371.23,65.07,26.18,5.66,0.0
20210215:0430,579.66,65.72,26.33,5.31,0.0
20210215:0530,308.11,58.37,26.89,5.17,0.0
20210215:0630,172.63,46.92,26.18,4.9,0.0
20210215:0730,220.54,33.84,26.05,4.55,0.0
20210215:0830,177.07,20.04,26.2,4.41,0.0
20210215:0930,86.6,5.87,26.07,4.21,0.0
20210215:1030,0.0,0.0,25.7,4.41,0.0
20210215:1130,0.0,0.0,25.4,5.1,0.0
20210215:1230,0.0,0.0,25.13,4.97,0.0
20210215:1330,0.0,0.0,25.03,4.9,0.0
20210215:1430,0.0,0.0,24.93,5.03,0.0
20210215:1530,0.0,0.0,24.86,5.03,0.0
20210215:1630,0.0,0.0,24.81,4.9,0.0
20210215:1730,0.0,0.0,24.77,4.9,0.0
20210215:1830,0.0,0.0,24.73,4.97,0.0
20210215:1930,0.0,0.0,24.71,5.03,0.0
20210215:2030,0.0,0.0,24.65,4.97,0.0
20210215:2130,0.0,0.0,24.58,4.97,0.0
20210215:2230,165.7,3.79,24.51,5.03,0.0
20210215:2330,317.05,18.0,24.68,5.45,0.0
20210216:0030,503.62,32.0,25.4,6.28,0.0
20210216:0130,668.98,45.27,26.18,6.9,0.0
20210216:0230,678.13,57.12,27.0,7.1,0.0
20210216:0330,703.34,65.4,27.47,6.9,0.0
20210216:0430,751.76,66.06,27.35,6.48,0.0
20210216:0530,611.11,58.61,27.29,6.83,0.0
20210216:0630,647.12,47.1,27.04,6.9,0.0
20210216:0730,476.41,33.97,27.35,6.48,0.0
20210216:0830,234.7,20.13,26.95,5.93,0.0
20210216:0930,170.79,5.93,26.41,5.45,0.0
20210216:1030,0.0,0.0,26.0,5.17,0.0
20210216:1130,0.0,0.0,25.65,5.24,0.0
20210216:1230,0.0,0.0,25.42,5.03,0.0
20210216:1330,0.0,0.0,25.31,5.03,0.0
20210216:1430,0.0,0.0,25.24,5.17,0.0
20210216:1530,0.0,0.0,25.2,5.17,0.0
20210216:1630,0.0,0.0,25.13,5.1,0.0
20210216:1730,0.0,0.0,25.0,5.17,0.0
20210216:1830,0.0,0.0,24.85,5.38,0.0
20210216:1930,0.0,0.0,24.87,5.38,0.0
20210216:2030,0.0,0.0,24.71,5.52,0.0
20210216:2130,0.0,0.0,24.6,5.72,0.0
20210216:2230,320.66,3.87,24.54,5.86,0.0
20210216:2330,583.66,18.1,24.68,6.0,0.0
20210217:0030,601.34,32.14,25.37,7.24,0.0
20210217:0130,813.55,45.45,26.03,7.45,0.0
20210217:0230,710.25,57.37,26.89,7.66,0.0
20210217:0330,783.47,65.73,27.16,7.38,0.0
20210217:0430,698.35,66.39,27.33,7.03,0.0
20210217:0530,709.5,58.86,27.02,6.83,0.0
20210217:0630,506.53,47.27,26.85,6.62,0.0
20210217:0730,509.88,34.09,26.74,6.14,0.0
20210217:0830,225.19,20.22,26.47,6.21,0.0
20210217:0930,94.7,6.0,25.6,5.86,0.0
20210217:1030,0.0,0.0,25.12,5.79,0.0
20210217:1130,0.0,0.0,24.73,5.93,0.0
20210217:1230,0.0,0.0,24.59,5.72,0.0
20210217:1330,0.0,0.0,24.62,6.07,0.0
20210217:1430,0.0,0.0,24.63,6.34,0.0
20210217:1530,0.0,0.0,24.62,6.34,0.0
20210217:1630,0.0,0.0,24.68,6.41,0.0
20210217:1730,0.0,0.0,24.62,6.48,0.0
20210217:1830,0.0,0.0,24.54,6.41,0.0
20210217:1930,0.0,0.0,24.7,6.34,0.0
20210217:2030,0.0,0.0,24.69,6.41,0.0
20210217:2130,0.0,0.0,24.66,6.48,0.0
20210217:2230,84.7,3.95,24.55,6.62,0.0
20210217:2330,236.76,18.2,24.58,6.76,0.0
20210218:0030,350.98,32.28,25.06,7.03,0.0
20210218:0130,591.13,45.63,25.65,8.14,0.0
20210218:0230,817.81,57.62,26.38,8.76,0.0
20210218:0330,985.42,66.06,26.92,9.03,0.0
20210218:0430,946.9,66.72,27.39,9.17,0.0
20210218:0530,887.82,59.1,27.5,9.1,0.0
20210218:0630,818.98,47.44,27.36,9.03,0.0
20210218:0730,735.31,34.21,27.18,8.69,0.0
20210218:0830,660.37,20.31,26.74,8.34,0.0
20210218:0930,359.79,6.06,26.15,7.86,0.0
20210218:1030,0.0,0.0,25.44,7.66,0.0
20210218:1130,0.0,0.0,25.07,7.59,0.0
20210218:1230,0.0,0.0,24.9,7.66,0.0
20210218:1330,0.0,0.0,24.79,7.79,0.0
20210218:1430,0.0,0.0,24.59,7.79,0.0
20210218:1530,0.0,0.0,24.4,7.72,0.0
20210218:1630,0.0,0.0,24.17,7.52,0.0
20210218:1730,0.0,0.0,23.97,7.52,0.0
20210218:1830,0.0,0.0,23.78,7.45,0.0
20210218:1930,0.0,0.0,24.04,7.31,0.0
20210218:2030,0.0,0.0,23.77,7.45,0.0
20210218:2130,0.0,0.0,23.42,7.72,0.0
20210218:2230,385.42,4.03,23.05,7.86,0.0
20210218:2330,483.63,18.31,23.18,7.52,0.0
20210219:0030,703.44,32.42,23.8,9.03,0.0
20210219:0130,663.78,45.82,24.54,9.52,0.0
20210219:0230,725.32,57.87,24.64,9.72,0.0
20210219:0330,782.47,66.4,25.29,9.79,0.0
20210219:0430,800.7,67.06,25.61,10.14,0.0
20210219:0530,750.61,59.34,25.71,10.21,0.0
20210219:0630,719.97,47.6,25.78,10.0,0.0
20210219:0730,655.68,34.33,25.71,10.55,0.0
20210219:0830,439.72,20.39,25.47,10.34,0.0
20210219:0930,228.15,6.12,24.82,9.52,0.0
20210219:1030,0.0,0.0,24.2,9.31,0.0
20210219:1130,0.0,0.0,24.0,9.03,0.0
20210219:1230,0.0,0.0,23.97,9.03,0.0
20210219:1330,0.0,0.0,23.82,9.03,0.0
20210219:1430,0.0,0.0,23.63,8.9,0.0
20210219:1530,0.0,0.0,23.53,8.76,0.0
20210219:1630,0.0,0.0,23.29,8.48,0.0
20210219:1730,0.0,0.0,22.98,8.28,0.0
20210219:1830,0.0,0.0,22.71,8.21,0.0
20210219:1930,0.0,0.0,23.05,7.86,0.0
20210219:2030,0.0,0.0,23.05,7.66,0.0
20210219:2130,0.0,0.0,23.08,7.38,0.0
20210219:2230,13.8,4.12,23.13,7.38,0.0
20210219:2330,133.24,18.42,23.17,7.45,0.0
20210220:0030,290.85,32.56,23.49,7.52,0.0
20210220:0130,308.99,46.0,23.97,8.62,0.0
20210220:0230,310.55,58.12,24.21,8.9,0.0
20210220:0330,439.49,66.74,24.39,9.24,0.0
20210220:0430,327.08,67.4,24.79,9.24,0.0
20210220:0530,317.98,59.58,24.69,8.76,0.0
20210220:0630,184.87,47.76,24.85,9.03,0.0
20210220:0730,112.88,34.44,24.22,8.07,0.0
20210220:0830,52.58,20.47,24.0,7.72,0.0
20210220:0930,17.73,6.18,23.89,7.93,0.0
20210220:1030,0.0,0.0,23.81,7.86,0.0
20210220:1130,0.0,0.0,23.81,7.86,0.0
20210220:1230,0.0,0.0,23.87,7.93,0.0
20210220:1330,0.0,0.0,23.89,7.66,0.0
20210220:1430,0.0,0.0,23.88,7.45,0.0
20210220:1530,0.0,0.0,23.84,7.24,0.0
20210220:1630,0.0,0.0,23.82,7.17,0.0
20210220:1730,0.0,0.0,23.82,6.97,0.0
20210220:1830,0.0,0.0,23.79,6.9,0.0
20210220:1930,0.0,0.0,23.43,6.62,0.0
20210220:2030,0.0,0.0,23.25,6.28,0.0
20210220:2130,0.0,0.0,23.09,6.07,0.0
20210220:2230,9.91,4.21,22.87,6.07,0.0
20210220:2330,67.05,18.53,22.58,6.07,0.0
20210221:0030,110.1,32.7,22.81,6.34,0.0
20210221:0130,148.23,46.19,23.19,6.41,0.0
20210221:0230,264.18,58.38,23.61,5.93,0.0
20210221:0330,263.52,67.08,23.95,6.0,0.0
20210221:0430,166.95,67.74,24.26,5.66,0.0
20210221:0530,178.82,59.82,24.42,5.52,0.0
20210221:0630,158.96,47.92,24.64,6.07,0.0
20210221:0730,48.02,34.55,24.52,6.28,0.0
20210221:0830,29.05,20.55,24.28,6.48,0.0
20210221:0930,3.98,6.24,24.14,6.28,0.0
20210221:1030,0.0,0.0,24.01,6.28,0.0
20210221:1130,0.0,0.0,23.89,6.76,0.0
20210221:1230,0.0,0.0,23.96,7.1,0.0
20210221:1330,0.0,0.0,23.95,7.38,0.0
20210221:1430,0.0,0.0,23.85,7.38,0.0
20210221:1530,0.0,0.0,24.15,7.45,0.0
20210221:1630,0.0,0.0,24.32,7.31,0.0
20210221:1730,0.0,0.0,24.33,6.97,0.0
20210221:1830,0.0,0.0,24.23,6.62,0.0
20210221:1930,0.0,0.0,24.36,5.03,0.0
20210221:2030,0.0,0.0,24.35,4.97,0.0
20210221:2130,0.0,0.0,24.07,4.9,0.0
20210221:2230,44.99,4.31,24.01,4.48,0.0
20210221:2330,97.29,18.65,24.06,4.9,0.0
20210222:0030,138.47,32.85,24.28,4.83,0.0
20210222:0130,332.7,46.38,24.64,4.55,0.0
20210222:0230,479.59,58.64,25.45,5.52,0.0
20210222:0330,484.72,67.43,26.25,5.66,0.0
20210222:0430,438.02,68.08,26.85,5.59,0.0
20210222:0530,415.47,60.06,26.91,5.24,0.0
20210222:0630,434.83,48.08,27.07,3.93,0.0
20210222:0730,297.59,34.65,26.77,3.45,0.0
20210222:0830,149.74,20.62,26.44,3.59,0.0
20210222:0930,101.17,6.29,26.11,3.38,0.0
20210222:1030,0.0,0.0,25.67,3.17,0.0
20210222:1130,0.0,0.0,25.18,3.03,0.0
20210222:1230,0.0,0.0,25.06,2.55,0.0
20210222:1330,0.0,0.0,25.0,2.21,0.0
20210222:1430,0.0,0.0,24.68,1.72,0.0
20210222:1530,0.0,0.0,24.29,1.31,0.0
20210222:1630,0.0,0.0,24.05,1.24,0.0
20210222:1730,0.0,0.0,23.78,1.24,0.0
20210222:1830,0.0,0.0,23.48,1.31,0.0
20210222:1930,0.0,0.0,23.16,1.86,0.0
20210222:2030,0.0,0.0,23.28,1.72,0.0
20210222:2130,0.0,0.0,23.18,1.45,0.0
20210222:2230,442.86,4.41,22.96,1.31,0.0
20210222:2330,521.36,18.77,23.78,1.31,0.0
20210223:0030,726.36,33.0,25.24,1.38,0.0
20210223:0130,830.02,46.58,26.32,1.17,0.0
20210223:0230,758.48,58.9,27.36,0.9,0.0
20210223:0330,865.92,67.77,27.99,0.76,0.0
20210223:0430,832.36,68.42,28.57,0.62,0.0
20210223:0530,658.44,60.29,28.68,1.17,0.0
20210223:0630,723.75,48.23,28.33,1.31,0.0
20210223:0730,649.01,34.76,28.59,1.17,0.0
20210223:0830,485.45,20.69,28.46,0.83,0.0
20210223:0930,356.04,6.34,27.81,1.52,0.0
20210223:1030,0.0,0.0,26.82,0.76,0.0
20210223:1130,0.0,0.0,26.58,0.14,0.0
20210223:1230,0.0,0.0,26.22,0.62,0.0
20210223:1330,0.0,0.0,25.59,1.38,0.0
20210223:1430,0.0,0.0,24.97,1.31,0.0
20210223:1530,0.0,0.0,24.58,1.31,0.0
20210223:1630,0.0,0.0,24.25,1.59,0.0
20210223:1730,0.0,0.0,24.13,2.0,0.0
20210223:1830,0.0,0.0,24.13,2.07,0.0
20210223:1930,0.0,0.0,24.14,2.41,0.0
20210223:2030,0.0,0.0,24.18,2.28,0.0
20210223:2130,0.0,0.0,24.02,2.28,0.0
20210223:2230,458.28,4.51,23.86,2.21,0.0
20210223:2330,719.96,18.89,24.45,2.14,0.0
20210224:0030,792.67,33.15,26.13,2.55,0.0
20210224:0130,791.35,46.77,27.12,2.55,0.0
20210224:0230,956.94,59.16,27.9,2.41,0.0
20210224:0330,865.81,68.13,28.77,2.48,0.0
20210224:0430,718.97,68.76,29.0,2.62,0.0
20210224:0530,810.71,60.52,29.11,3.1,0.0
20210224:0630,662.77,48.38,29.36,3.66,0.0
20210224:0730,674.52,34.86,28.22,3.52,0.0
20210224:0830,525.0,20.76,27.79,3.38,0.0
20210224:0930,372.94,6.39,27.5,3.45,0.0
20210224:1030,0.0,0.0,26.88,2.9,0.0
20210224:1130,0.0,0.0,26.3,3.24,0.0
20210224:1230,0.0,0.0,25.94,3.52,0.0
20210224:1330,0.0,0.0,25.62,3.59,0.0
20210224:1430,0.0,0.0,25.35,3.59,0.0
20210224:1530,0.0,0.0,25.2,3.38,0.0
20210224:1630,0.0,0.0,24.98,3.17,0.0
20210224:1730,0.0,0.0,24.67,3.17,0.0
20210224:1830,0.0,0.0,24.43,3.03,0.0
20210224:1930,0.0,0.0,24.3,3.31,0.0
20210224:2030,0.0,0.0,24.1,3.24,0.0
20210224:2130,0.0,0.0,23.87,3.17,0.0
20210224:2230,464.03,4.61,23.76,3.1,0.0
20210224:2330,782.6,19.01,24.03,2.97,0.0
20210225:0030,910.46,33.31,25.58,3.45,0.0
20210225:0130,951.18,46.97,26.6,3.52,0.0
20210225:0230,1035.83,59.43,27.52,3.24,0.0
20210225:0330,991.56,68.48,28.37,2.97,0.0
20210225:0430,1056.78,69.1,28.91,2.69,0.0
20210225:0530,930.62,60.74,29.33,2.34,0.0
20210225:0630,884.53,48.52,29.5,2.14,0.0
20210225:0730,821.19,34.96,29.51,2.9,0.0
20210225:0830,677.16,20.83,29.14,3.1,0.0
20210225:0930,450.39,6.43,28.37,2.83,0.0
20210225:1030,0.0,0.0,27.23,2.83,0.0
20210225:1130,0.0,0.0,26.19,2.97,0.0
20210225:1230,0.0,0.0,25.63,3.03,0.0
20210225:1330,0.0,0.0,25.11,3.1,0.0
20210225:1430,0.0,0.0,24.77,3.03,0.0
20210225:1530,0.0,0.0,24.66,2.9,0.0
20210225:1630,0.0,0.0,24.37,2.76,0.0
20210225:1730,0.0,0.0,24.1,2.76,0.0
20210225:1830,0.0,0.0,23.79,2.69,0.0
20210225:1930,0.0,0.0,23.88,2.41,0.0
20210225:2030,0.0,0.0,23.56,2.21,0.0
20210225:2130,0.0,0.0,23.14,2.07,0.0
20210225:2230,470.99,4.72,23.18,2.21,0.0
20210225:2330,797.59,19.14,23.87,2.14,0.0
20210226:0030,883.12,33.47,25.96,2.48,0.0
20210226:0130,934.07,47.17,26.94,2.69,0.0
20210226:0230,866.93,59.69,27.85,2.62,0.0
20210226:0330,933.79,68.84,28.47,2.41,0.0
20210226:0430,927.27,69.44,28.89,2.21,0.0
20210226:0530,811.78,60.97,29.2,2.07,0.0
20210226:0630,747.07,48.67,28.79,1.93,0.0
20210226:0730,708.11,35.05,29.31,2.34,0.0
20210226:0830,582.59,20.89,29.09,2.07,0.0
20210226:0930,379.13,6.47,28.54,2.41,0.0
20210226:1030,0.0,0.0,27.57,2.41,0.0
20210226:1130,0.0,0.0,26.82,2.69,0.0
20210226:1230,0.0,0.0,26.23,2.9,0.0
20210226:1330,0.0,0.0,25.89,3.17,0.0
20210226:1430,0.0,0.0,25.59,3.17,0.0
20210226:1530,0.0,0.0,25.35,2.9,0.0
20210226:1630,0.0,0.0,25.21,3.03,0.0
20210226:1730,0.0,0.0,25.01,2.83,0.0
20210226:1830,0.0,0.0,24.7,2.55,0.0
20210226:1930,0.0,0.0,24.83,2.62,0.0
20210226:2030,0.0,0.0,24.58,2.48,0.0
20210226:2130,0.0,0.0,24.42,2.55,0.0
20210226:2230,351.14,4.83,24.35,2.41,0.0
20210226:2330,619.86,19.27,24.65,2.21,0.0
20210227:0030,873.79,33.62,25.95,2.41,0.0
20210227:0130,906.63,47.37,27.07,2.34,0.0
20210227:0230,944.45,59.96,27.8,2.21,0.0
20210227:0330,899.51,69.2,28.54,2.14,0.0
20210227:0430,624.15,69.79,29.0,2.28,0.0
20210227:0530,661.49,61.19,28.39,2.55,0.0
20210227:0630,435.53,48.8,28.1,3.79,0.0
20210227:0730,386.84,35.14,27.88,2.69,0.0
20210227:0830,416.91,20.95,27.97,3.17,0.0
20210227:0930,394.53,6.51,27.79,3.24,0.0
20210227:1030,0.0,0.0,27.06,2.76,0.0
20210227:1130,0.0,0.0,26.45,3.03,0.0
20210227:1230,0.0,0.0,25.97,3.03,0.0
20210227:1330,0.0,0.0,25.68,3.1,0.0
20210227:1430,0.0,0.0,25.46,3.24,0.0
20210227:1530,0.0,0.0,25.34,3.38,0.0
20210227:1630,0.0,0.0,25.2,3.45,0.0
20210227:1730,0.0,0.0,25.0,3.38,0.0
20210227:1830,0.0,0.0,24.88,3.24,0.0
20210227:1930,0.0,0.0,24.86,3.45,0.0
20210227:2030,0.0,0.0,24.67,3.52,0.0
20210227:2130,0.0,0.0,24.57,3.52,0.0
20210227:2230,394.83,4.94,24.61,3.52,0.0
20210227:2330,624.52,19.4,24.97,3.52,0.0
20210228:0030,789.14,33.78,26.05,4.55,0.0
20210228:0130,824.82,47.57,26.99,4.62,0.0
20210228:0230,780.1,60.23,27.76,4.62,0.0
20210228:0330,844.66,69.56,28.13,4.9,0.0
20210228:0430,797.37,70.13,28.59,5.1,0.0
20210228:0530,747.98,61.4,28.39,5.45,0.0
20210228:0630,636.32,48.94,28.47,5.52,0.0
20210228:0730,494.82,35.23,28.44,4.97,0.0
20210228:0830,344.75,21.01,27.71,4.9,0.0
20210228:0930,259.84,6.55,27.26,4.14,0.0
20210228:1030,0.0,0.0,26.74,3.93,0.0
20210228:1130,0.0,0.0,26.24,4.0,0.0
20210228:1230,0.0,0.0,25.89,4.69,0.0
20210228:1330,0.0,0.0,25.63,4.97,0.0
20210228:1430,0.0,0.0,25.44,4.69,0.0
20210228:1530,0.0,0.0,25.38,4.55,0.0
20210228:1630,0.0,0.0,25.28,4.41,0.0
20210228:1730,0.0,0.0,25.08,4.41,0.0
20210228:1830,0.0,0.0,25.04,4.41,0.0
20210228:1930,0.0,0.0,25.07,3.72,0.0
20210228:2030,0.0,0.0,24.94,3.72,0.0
20210228:2130,0.0,0.0,24.95,4.0,0.0
20210228:2230,372.89,5.06,24.98,4.41,0.0
20210228:2330,570.4,19.54,25.26,4.83,0.0
20210301:0030,718.23,33.95,25.71,5.45,0.0
20210301:0130,969.6,47.77,26.44,5.72,0.0
20210301:0230,947.82,60.5,27.38,5.66,0.0
20210301:0330,986.26,69.92,28.08,5.31,0.0
20210301:0430,1040.34,70.47,28.65,4.97,0.0
20210301:0530,996.08,61.62,29.06,4.76,0.0
20210301:0630,902.25,49.07,29.22,4.55,0.0
20210301:0730,919.23,35.31,29.09,5.38,0.0
20210301:0830,777.87,21.07,28.63,5.31,0.0
20210301:0930,433.4,6.59,27.86,4.9,0.0
20210301:1030,0.0,0.0,26.76,4.55,0.0
20210301:1130,0.0,0.0,26.02,4.55,0.0
20210301:1230,0.0,0.0,25.68,4.48,0.0
20210301:1330,0.0,0.0,25.44,4.41,0.0
20210301:1430,0.0,0.0,25.21,4.21,0.0
20210301:1530,0.0,0.0,24.97,4.21,0.0
20210301:1630,0.0,0.0,24.91,4.28,0.0
20210301:1730,0.0,0.0,24.88,4.21,0.0
20210301:1830,0.0,0.0,24.77,4.0,0.0
20210301:1930,0.0,0.0,24.58,4.28,0.0
20210301:2030,0.0,0.0,24.75,4.21,0.0
20210301:2130,0.0,0.0,24.86,4.21,0.0
20210301:2230,236.94,5.18,24.78,4.34,0.0
20210301:2330,441.72,19.67,25.03,4.48,0.0
20210302:0030,620.34,34.11,25.76,5.66,0.0
20210302:0130,727.75,47.97,26.64,5.79,0.0
20210302:0230,842.8,60.77,27.49,5.66,0.0
20210302:0330,898.1,70.29,28.16,5.38,0.0
20210302:0430,878.04,70.81,28.65,5.66,0.0
20210302:0530,838.46,61.82,28.74,5.72,0.0
20210302:0630,869.03,49.19,28.84,5.93,0.0
20210302:0730,684.66,35.39,29.05,6.07,0.0
20210302:0830,747.38,21.12,28.57,5.93,0.0
20210302:0930,456.83,6.62,28.03,5.72,0.0
20210302:1030,0.0,0.0,27.1,5.52,0.0
20210302:1130,0.0,0.0,26.15,5.45,0.0
20210302:1230,0.0,0.0,25.58,5.24,0.0
20210302:1330,0.0,0.0,25.25,5.17,0.0
20210302:1430,0.0,0.0,25.19,5.31,0.0
20210302:1530,0.0,0.0,25.12,5.38,0.0
20210302:1630,0.0,0.0,25.0,5.38,0.0
20210302:1730,0.0,0.0,24.87,5.45,0.0
20210302:1830,0.0,0.0,24.76,5.31,0.0
20210302:1930,0.0,0.0,24.72,5.31,0.0
20210302:2030,0.0,0.0,24.48,5.1,0.0
20210302:2130,0.0,0.0,24.14,4.9,0.0
20210302:2230,539.85,5.3,23.84,4.76,0.0
20210302:2330,839.18,19.81,24.2,4.69,0.0
20210303:0030,936.92,34.27,25.42,5.52,0.0
20210303:0130,977.17,48.18,26.65,6.28,0.0
20210303:0230,1002.39,61.04,27.73,6.34,0.0
20210303:0330,975.36,70.66,28.55,6.21,0.0
20210303:0430,955.1,71.15,29.06,6.14,0.0
20210303:0530,997.31,62.03,29.24,6.14,0.0
20210303:0630,924.11,49.31,29.4,6.28,0.0
20210303:0730,954.38,35.46,29.06,6.55,0.0
20210303:0830,823.24,21.17,28.63,6.21,0.0
20210303:0930,516.74,6.65,27.9,5.38,0.0
20210303:1030,0.0,0.0,26.84,5.03,0.0
20210303:1130,0.0,0.0,26.08,4.9,0.0
20210303:1230,0.0,0.0,25.68,4.9,0.0
20210303:1330,0.0,0.0,25.5,4.83,0.0
20210303:1430,0.0,0.0,25.24,4.97,0.0
20210303:1530,0.0,0.0,24.98,4.83,0.0
20210303:1630,0.0,0.0,24.84,4.9,0.0
20210303:1730,0.0,0.0,24.75,5.03,0.0
20210303:1830,0.0,0.0,24.81,5.03,0.0
20210303:1930,0.0,0.0,24.56,5.31,0.0
20210303:2030,0.0,0.0,24.4,5.17,0.0
20210303:2130,0.0,0.0,24.51,5.1,0.0
20210303:2230,425.81,5.42,24.67,5.31,0.0
20210303:2330,641.53,19.95,24.97,5.31,0.0
20210304:0030,823.24,34.44,25.53,6.14,0.0
20210304:0130,849.65,48.38,26.35,6.48,0.0
20210304:0230,834.79,61.31,27.21,6.76,0.0
20210304:0330,866.44,71.03,27.69,6.62,0.0
20210304:0430,865.01,71.49,28.17,6.76,0.0
20210304:0530,820.8,62.23,28.43,7.03,0.0
20210304:0630,739.6,49.43,28.32,7.1,0.0
20210304:0730,759.8,35.54,27.91,7.45,0.0
20210304:0830,659.97,21.21,27.4,7.24,0.0
20210304:0930,308.06,6.68,27.0,6.97,0.0
20210304:1030,0.0,0.0,25.83,6.41,0.0
20210304:1130,0.0,0.0,25.32,6.07,0.0
20210304:1230,0.0,0.0,25.11,6.0,0.0
20210304:1330,0.0,0.0,24.93,6.07,0.0
20210304:1430,0.0,0.0,24.9,5.93,0.0
20210304:1530,0.0,0.0,24.85,5.59,0.0
20210304:1630,0.0,0.0,24.79,5.17,0.0
20210304:1730,0.0,0.0,24.72,4.9,0.0
20210304:1830,0.0,0.0,24.67,4.9,0.0
20210304:1930,0.0,0.0,24.96,4.48,0.0
20210304:2030,0.0,0.0,24.8,4.34,0.0
20210304:2130,0.0,0.0,24.77,4.48,0.0
20210304:2230,452.11,5.55,24.73,4.69,0.0
20210304:2330,508.34,20.09,24.96,4.9,0.0
20210305:0030,829.84,34.61,25.61,5.59,0.0
20210305:0130,791.22,48.59,26.44,6.48,0.0
20210305:0230,801.11,61.58,26.9,6.62,0.0
20210305:0330,715.33,71.4,27.33,6.34,0.0
20210305:0430,818.64,71.83,27.57,6.55,0.0
20210305:0530,912.13,62.42,27.93,6.9,0.0
20210305:0630,777.83,49.54,28.14,7.03,0.0
20210305:0730,596.03,35.61,28.16,7.1,0.0
20210305:0830,597.59,21.26,27.63,7.03,0.0
20210305:0930,422.88,6.71,27.01,6.55,0.0
20210305:1030,0.0,0.0,26.31,5.66,0.0
20210305:1130,0.0,0.0,26.0,5.38,0.0
20210305:1230,0.0,0.0,25.76,5.17,0.0
20210305:1330,0.0,0.0,25.66,5.1,0.0
20210305:1430,0.0,0.0,25.64,5.03,0.0
20210305:1530,0.0,0.0,25.47,4.83,0.0
20210305:1630,0.0,0.0,25.31,4.69,0.0
20210305:1730,0.0,0.0,25.12,4.76,0.0
20210305:1830,0.0,0.0,24.9,4.9,0.0
20210305:1930,0.0,0.0,25.03,5.03,0.0
20210305:2030,0.0,0.0,24.98,5.1,0.0
20210305:2130,0.0,0.0,24.74,5.24,0.0
20210305:2230,499.66,5.68,24.5,5.45,0.0
20210305:2330,714.12,20.24,24.8,5.31,0.0
20210306:0030,698.57,34.78,25.78,6.41,0.0
20210306:0130,866.65,48.79,26.73,6.97,0.0
20210306:0230,896.9,61.85,27.55,7.17,0.0
20210306:0330,882.01,71.77,28.18,7.31,0.0
20210306:0430,935.11,72.16,28.56,7.17,0.0
20210306:0530,863.9,62.61,28.77,7.1,0.0
20210306:0630,845.76,49.65,28.7,6.83,0.0
20210306:0730,829.82,35.67,28.59,6.34,0.0
20210306:0830,631.3,21.3,28.14,6.07,0.0
20210306:0930,409.63,6.73,27.16,5.72,0.0
20210306:1030,0.0,0.0,25.96,5.38,0.0
20210306:1130,0.0,0.0,25.29,5.17,0.0
20210306:1230,0.0,0.0,24.87,5.1,0.0
20210306:1330,0.0,0.0,24.64,5.1,0.0
20210306:1430,0.0,0.0,24.57,5.03,0.0
20210306:1530,0.0,0.0,24.43,5.03,0.0
20210306:1630,0.0,0.0,24.44,5.03,0.0
20210306:1730,0.0,0.0,24.31,5.03,0.0
20210306:1830,0.0,0.0,24.18,4.97,0.0
20210306:1930,0.0,0.0,24.44,5.52,0.0
20210306:2030,0.0,0.0,24.38,5.45,0.0
20210306:2130,0.0,0.0,24.2,5.31,0.0
20210306:2230,457.26,5.81,24.13,5.1,0.0
20210306:2330,654.93,20.38,24.44,4.9,0.0
20210307:0030,684.68,34.94,25.41,5.93,0.0
20210307:0130,874.4,49.0,26.33,6.41,0.0
20210307:0230,920.0,62.12,27.14,6.9,0.0
20210307:0330,774.51,72.15,27.85,7.31,0.0
20210307:0430,877.62,72.5,27.98,7.31,0.0
20210307:0530,842.44,62.8,28.33,7.45,0.0
20210307:0630,677.21,49.76,28.26,7.24,0.0
20210307:0730,815.55,35.73,28.09,7.17,0.0
20210307:0830,539.11,21.33,27.81,7.1,0.0
20210307:0930,420.4,6.75,27.14,6.48,0.0
20210307:1030,0.0,0.0,26.28,6.28,0.0
20210307:1130,0.0,0.0,25.74,5.93,0.0
20210307:1230,0.0,0.0,25.37,5.66,0.0
20210307:1330,0.0,0.0,25.13,5.45,0.0
20210307:1430,0.0,0.0,24.78,5.79,0.0
20210307:1530,0.0,0.0,24.68,5.31,0.0
20210307:1630,0.0,0.0,24.44,5.03,0.0
20210307:1730,0.0,0.0,24.14,4.9,0.0
20210307:1830,0.0,0.0,24.02,5.1,0.0
20210307:1930,0.0,0.0,24.27,5.31,0.0
20210307:2030,0.0,0.0,24.19,5.38,0.0
20210307:2130,0.0,0.0,24.14,5.17,0.0
20210307:2230,308.78,5.94,24.11,5.59,0.0
20210307:2330,424.97,20.53,24.25,5.93,0.0
20210308:0030,754.94,35.11,24.94,6.97,0.0
20210308:0130,699.5,49.2,25.75,7.24,0.0
20210308:0230,774.94,62.4,26.34,7.1,0.0
20210308:0330,835.32,72.52,27.01,7.03,0.0
20210308:0430,768.87,72.83,27.52,6.76,0.0
20210308:0530,850.89,62.98,27.57,6.69,0.0
20210308:0630,818.27,49.86,27.84,6.55,0.0
20210308:0730,571.85,35.79,27.83,6.69,0.0
20210308:0830,466.92,21.37,27.45,6.21,0.0
20210308:0930,327.01,6.77,26.31,5.93,0.0
20210308:1030,0.0,0.0,25.24,5.93,0.0
20210308:1130,0.0,0.0,24.77,5.72,0.0
20210308:1230,0.0,0.0,24.71,5.52,0.0
20210308:1330,0.0,0.0,24.66,5.93,0.0
20210308:1430,0.0,0.0,24.52,5.66,0.0
20210308:1530,0.0,0.0,24.43,5.38,0.0
20210308:1630,0.0,0.0,24.43,5.38,0.0
20210308:1730,0.0,0.0,24.3,5.24,0.0
20210308:1830,0.0,0.0,24.38,5.17,0.0
20210308:1930,0.0,0.0,24.66,5.17,0.0
20210308:2030,0.0,0.0,24.54,5.03,0.0
20210308:2130,0.0,0.0,24.41,4.76,0.0
20210308:2230,336.93,6.08,24.4,4.69,0.0
20210308:2330,677.04,20.68,24.78,4.76,0.0
20210309:0030,713.44,35.28,25.75,6.0,0.0
20210309:0130,719.14,49.41,26.59,6.34,0.0
20210309:0230,873.3,62.67,27.29,6.55,0.0
20210309:0330,816.3,72.9,27.94,6.83,0.0
20210309:0430,877.44,73.16,28.29,6.9,0.0
20210309:0530,829.71,63.15,28.5,6.97,0.0
20210309:0630,744.55,49.95,28.55,6.97,0.0
20210309:0730,818.15,35.85,28.22,6.55,0.0
20210309:0830,631.89,21.4,27.93,6.07,0.0
20210309:0930,372.83,6.79,26.92,5.72,0.0
20210309:1030,0.0,0.0,25.93,5.52,0.0
20210309:1130,0.0,0.0,25.39,5.59,0.0
20210309:1230,0.0,0.0,25.26,5.86,0.0
20210309:1330,0.0,0.0,25.26,5.86,0.0
20210309:1430,0.0,0.0,25.26,6.14,0.0
20210309:1530,0.0,0.0,25.16,6.34,0.0
20210309:1630,0.0,0.0,25.12,6.28,0.0
20210309:1730,0.0,0.0,24.98,6.07,0.0
20210309:1830,0.0,0.0,24.76,6.0,0.0
20210309:1930,0.0,0.0,24.64,6.21,0.0
20210309:2030,0.0,0.0,24.48,6.34,0.0
20210309:2130,0.0,0.0,24.31,6.28,0.0
20210309:2230,458.46,6.21,24.23,6.28,0.0
20210309:2330,700.28,20.83,24.49,6.14,0.0
20210310:0030,835.07,35.46,25.39,7.45,0.0
20210310:0130,944.04,49.61,26.44,8.69,0.0
20210310:0230,865.67,62.94,27.3,8.62,0.0
20210310:0330,704.52,73.28,27.82,8.41,0.0
20210310:0430,710.78,73.49,27.92,8.0,0.0
20210310:0530,742.42,63.32,27.96,7.93,0.0
20210310:0630,652.94,50.04,28.03,7.52,0.0
20210310:0730,760.47,35.9,27.97,8.21,0.0
20210310:0830,394.34,21.43,27.72,7.72,0.0
20210310:0930,243.67,6.81,26.8,7.24,0.0
20210310:1030,0.0,0.0,26.01,6.97,0.0
20210310:1130,0.0,0.0,25.8,6.83,0.0
20210310:1230,0.0,0.0,25.54,7.03,0.0
20210310:1330,0.0,0.0,25.11,7.03,0.0
20210310:1430,0.0,0.0,24.78,6.83,0.0
20210310:1530,0.0,0.0,24.7,6.69,0.0
20210310:1630,0.0,0.0,24.72,6.69,0.0
20210310:1730,0.0,0.0,24.67,6.76,0.0
20210310:1830,0.0,0.0,24.48,6.41,0.0
20210310:1930,0.0,0.0,24.44,6.97,0.0
20210310:2030,0.0,0.0,24.27,6.9,0.0
20210310:2130,0.0,0.0,24.28,7.03,0.0
20210310:2230,195.21,6.35,24.25,7.1,0.0
20210310:2330,354.68,20.98,24.47,7.03,0.0
20210311:0030,469.52,35.63,25.35,7.59,0.0
20210311:0130,629.55,49.82,25.91,8.0,0.0
20210311:0230,362.25,63.21,26.37,8.14,0.0
20210311:0330,211.27,73.66,25.86,8.0,0.0
20210311:0430,228.53,73.81,25.41,6.69,0.0
20210311:0530,269.03,63.49,25.1,6.69,0.0
20210311:0630,122.21,50.13,25.1,6.34,0.0
20210311:0730,57.4,35.95,24.7,6.9,0.0
20210311:0830,46.9,21.46,24.43,7.72,0.0
20210311:0930,4.2,6.82,24.32,7.86,0.0
20210311:1030,0.0,0.0,24.33,7.79,0.0
20210311:1130,0.0,0.0,24.25,7.24,0.0
20210311:1230,0.0,0.0,24.24,6.55,0.0
20210311:1330,0.0,0.0,24.33,6.28,0.0
20210311:1430,0.0,0.0,24.45,5.93,0.0
20210311:1530,0.0,0.0,24.41,5.93,0.0
20210311:1630,0.0,0.0,24.38,5.72,0.0
20210311:1730,0.0,0.0,24.31,5.38,0.0
20210311:1830,0.0,0.0,24.34,5.17,0.0
20210311:1930,0.0,0.0,24.32,5.79,0.0
20210311:2030,0.0,0.0,24.3,5.93,0.0
20210311:2130,0.0,0.0,24.21,5.66,0.0
20210311:2230,91.32,6.49,24.25,5.38,0.0
20210311:2330,71.18,21.13,24.47,5.45,0.0
20210312:0030,82.67,35.8,24.89,5.66,0.0
20210312:0130,169.5,50.02,25.04,5.31,0.0
20210312:0230,313.92,63.47,25.32,5.45,0.0
20210312:0330,395.01,74.03,25.36,5.24,0.0
20210312:0430,381.31,74.13,25.74,4.97,0.0
20210312:0530,258.51,63.64,25.4,5.17,0.0
20210312:0630,201.79,50.21,25.27,5.03,0.0
20210312:0730,119.06,35.99,25.44,5.1,0.0
20210312:0830,74.44,21.48,25.45,5.17,0.0
20210312:0930,18.62,6.83,25.2,4.9,0.0
20210312:1030,0.0,0.0,24.86,4.55,0.0
20210312:1130,0.0,0.0,24.58,4.69,0.0
20210312:1230,0.0,0.0,24.48,4.28,0.0
20210312:1330,0.0,0.0,24.48,4.0,0.0
20210312:1430,0.0,0.0,24.46,3.59,0.0
20210312:1530,0.0,0.0,24.43,3.38,0.0
20210312:1630,0.0,0.0,24.4,3.45,0.0
20210312:1730,0.0,0.0,24.33,3.52,0.0
20210312:1830,0.0,0.0,24.29,3.38,0.0
20210312:1930,0.0,0.0,24.18,3.03,0.0
20210312:2030,0.0,0.0,24.19,2.76,0.0
20210312:2130,0.0,0.0,24.11,2.48,0.0
20210312:2230,53.26,6.63,24.13,2.21,0.0
20210312:2330,198.22,21.28,24.24,1.72,0.0
20210313:0030,585.81,35.97,25.05,1.79,0.0
20210313:0130,430.77,50.23,26.09,1.79,0.0
20210313:0230,418.67,63.74,26.58,1.86,0.0
20210313:0330,586.93,74.41,27.02,1.66,0.0
20210313:0430,471.97,74.45,26.97,1.93,0.0
20210313:0530,378.97,63.8,26.98,1.52,0.0
20210313:0630,242.09,50.29,26.77,0.76,0.0
20210313:0730,206.66,36.03,26.6,2.14,0.0
20210313:0830,58.11,21.5,25.56,1.52,0.0
20210313:0930,8.72,6.84,25.07,1.59,0.0
20210313:1030,0.0,0.0,24.86,1.52,0.0
20210313:1130,0.0,0.0,24.58,1.31,0.0
20210313:1230,0.0,0.0,24.41,1.24,0.0
20210313:1330,0.0,0.0,24.36,1.52,0.0
20210313:1430,0.0,0.0,24.13,1.03,0.0
20210313:1530,0.0,0.0,24.42,0.48,0.0
20210313:1630,0.0,0.0,24.58,0.34,0.0
20210313:1730,0.0,0.0,24.55,0.41,0.0
20210313:1830,0.0,0.0,24.48,0.41,0.0
20210313:1930,0.0,0.0,23.97,1.17,0.0
20210313:2030,0.0,0.0,24.02,1.31,0.0
20210313:2130,0.0,0.0,24.05,1.45,0.0
20210313:2230,201.64,6.78,24.35,1.93,0.0
20210313:2330,573.58,21.44,25.01,2.21,0.0
20210314:0030,698.93,36.14,25.81,3.17,0.0
20210314:0130,748.06,50.43,26.58,3.93,0.0
20210314:0230,754.58,64.0,27.31,4.34,0.0
20210314:0330,670.34,74.79,27.88,4.97,0.0
20210314:0430,767.04,74.76,28.08,5.45,0.0
20210314:0530,724.86,63.94,28.35,5.31,0.0
20210314:0630,466.89,50.36,28.3,5.1,0.0
20210314:0730,285.13,36.07,27.49,4.41,0.0
20210314:0830,137.33,21.52,26.89,4.0,0.0
20210314:0930,16.96,6.85,26.33,3.24,0.0
20210314:1030,0.0,0.0,25.97,2.55,0.0
20210314:1130,0.0,0.0,25.74,2.28,0.0
20210314:1230,0.0,0.0,25.43,2.34,0.0
20210314:1330,0.0,0.0,25.13,2.28,0.0
20210314:1430,0.0,0.0,24.99,2.07,0.0
20210314:1530,0.0,0.0,24.71,1.72,0.0
20210314:1630,0.0,0.0,24.61,1.93,0.0
20210314:1730,0.0,0.0,24.47,2.14,0.0
20210314:1830,0.0,0.0,24.38,2.28,0.0
20210314:1930,0.0,0.0,24.61,2.41,0.0
20210314:2030,0.0,0.0,24.55,2.34,0.0
20210314:2130,0.0,0.0,24.46,2.21,0.0
20210314:2230,305.33,6.92,24.34,1.79,0.0
20210314:2330,368.9,21.59,25.21,1.38,0.0
20210315:0030,808.07,36.31,25.93,1.45,0.0
20210315:0130,820.72,50.63,26.68,1.59,0.0
20210315:0230,834.97,64.27,27.21,1.79,0.0
20210315:0330,834.53,75.17,27.72,2.14,0.0
20210315:0430,816.3,75.07,28.2,2.48,0.0
20210315:0530,619.42,64.08,28.57,3.03,0.0
20210315:0630,769.98,50.43,28.38,3.38,0.0
20210315:0730,539.23,36.11,28.7,3.72,0.0
20210315:0830,503.06,21.54,28.19,3.72,0.0
20210315:0930,287.18,6.86,27.97,3.1,0.0
20210315:1030,0.0,0.0,27.33,2.07,0.0
20210315:1130,0.0,0.0,26.91,1.38,0.0
20210315:1230,0.0,0.0,26.06,1.1,0.0
20210315:1330,0.0,0.0,26.38,0.83,0.0
20210315:1430,0.0,0.0,25.66,1.17,0.0
20210315:1530,0.0,0.0,24.51,1.45,0.0
20210315:1630,0.0,0.0,24.18,1.72,0.0
20210315:1730,0.0,0.0,23.97,1.45,0.0
20210315:1830,0.0,0.0,24.06,1.17,0.0
20210315:1930,0.0,0.0,24.0,1.66,0.0
20210315:2030,0.0,0.0,23.84,1.66,0.0
20210315:2130,0.0,0.0,23.84,1.59,0.0
20210315:2230,357.95,7.07,24.34,1.1,0.0
20210315:2330,580.54,21.74,25.09,0.76,0.0
20210316:0030,844.32,36.48,25.88,0.62,0.0
20210316:0130,907.47,50.83,27.06,0.83,0.0
20210316:0230,924.29,64.53,27.96,0.97,0.0
20210316:0330,877.24,75.55,28.63,1.24,0.0
20210316:0430,863.74,75.37,28.94,1.38,0.0
20210316:0530,777.58,64.22,29.08,1.38,0.0
20210316:0630,661.09,50.5,29.03,1.17,0.0
20210316:0730,634.96,36.14,28.88,0.83,0.0
20210316:0830,550.03,21.55,29.08,0.69,0.0
20210316:0930,370.13,6.86,28.97,1.1,0.0
20210316:1030,0.0,0.0,27.9,2.14,0.0
20210316:1130,0.0,0.0,27.01,2.28,0.0
20210316:1230,0.0,0.0,26.46,1.45,0.0
20210316:1330,0.0,0.0,26.17,1.31,0.0
20210316:1430,0.0,0.0,26.07,1.66,0.0
20210316:1530,0.0,0.0,25.93,2.07,0.0
20210316:1630,0.0,0.0,25.71,2.07,0.0
20210316:1730,0.0,0.0,25.4,2.07,0.0
20210316:1830,0.0,0.0,25.07,1.93,0.0
20210316:1930,0.0,0.0,24.99,1.79,0.0
20210316:2030,0.0,0.0,24.88,1.79,0.0
20210316:2130,0.0,-7.52,24.55,1.72,0.0
20210316:2230,495.58,7.21,24.34,1.72,0.0
20210316:2330,762.78,21.9,25.7,1.72,0.0
20210317:0030,892.29,36.65,26.9,1.86,0.0
20210317:0130,957.95,51.03,27.8,1.86,0.0
20210317:0230,868.69,64.79,28.73,1.72,0.0
20210317:0330,873.55,75.93,29.13,1.72,0.0
20210317:0430,790.97,75.67,29.48,1.66,0.0
20210317:0530,866.59,64.35,29.68,1.93,0.0
20210317:0630,755.03,50.56,29.58,2.48,0.0
20210317:0730,666.57,36.17,29.99,3.31,0.0
20210317:0830,454.74,21.56,29.51,3.17,0.0
20210317:0930,311.32,6.87,28.95,2.48,0.0
20210317:1030,0.0,0.0,28.29,2.14,0.0
20210317:1130,0.0,0.0,27.68,2.21,0.0
20210317:1230,0.0,0.0,27.04,2.76,0.0
20210317:1330,0.0,0.0,26.63,3.03,0.0
20210317:1430,0.0,0.0,26.37,3.17,0.0
20210317:1530,0.0,0.0,26.16,3.31,0.0
20210317:1630,0.0,0.0,26.02,3.38,0.0
20210317:1730,0.0,0.0,25.82,3.52,0.0
20210317:1830,0.0,0.0,25.57,3.38,0.0
20210317:1930,0.0,0.0,25.76,4.21,0.0
20210317:2030,0.0,0.0,25.65,4.14,0.0
20210317:2130,0.0,-7.37,25.59,4.14,0.0
20210317:2230,493.77,7.36,25.55,4.14,0.0
20210317:2330,725.27,22.05,25.9,4.14,0.0
20210318:0030,874.83,36.82,26.91,5.1,0.0
20210318:0130,802.67,51.23,27.99,5.52,0.0
20210318:0230,850.18,65.04,28.66,5.38,0.0
20210318:0330,846.39,76.31,29.2,5.52,0.0
20210318:0430,845.75,75.96,29.58,5.66,0.0
20210318:0530,894.45,64.47,29.66,5.45,0.0
20210318:0630,845.8,50.61,29.76,5.45,0.0
20210318:0730,771.04,36.19,29.85,4.69,0.0
20210318:0830,593.65,21.57,29.56,4.76,0.0
20210318:0930,343.27,6.87,28.98,4.21,0.0
20210318:1030,0.0,0.0,28.18,4.28,0.0
20210318:1130,0.0,0.0,27.64,4.28,0.0
20210318:1230,0.0,0.0,27.08,4.21,0.0
20210318:1330,0.0,0.0,26.72,4.07,0.0
20210318:1430,0.0,0.0,26.5,3.79,0.0
20210318:1530,0.0,0.0,26.21,3.72,0.0
20210318:1630,0.0,0.0,26.01,3.52,0.0
20210318:1730,0.0,0.0,25.77,3.38,0.0
20210318:1830,0.0,0.0,25.51,3.45,0.0
20210318:1930,0.0,0.0,25.42,3.59,0.0
20210318:2030,0.0,0.0,25.32,3.59,0.0
20210318:2130,0.0,-7.22,25.23,3.52,0.0
20210318:2230,490.24,7.51,25.16,3.52,0.0
20210318:2330,694.78,22.21,25.78,3.52,0.0
20210319:0030,899.81,36.99,26.94,3.93,0.0
20210319:0130,916.75,51.42,27.98,4.07,0.0
20210319:0230,960.3,65.29,28.76,4.0,0.0
20210319:0330,876.27,76.68,29.45,3.93,0.0
20210319:0430,984.93,76.24,29.77,3.86,0.0
20210319:0530,970.18,64.58,30.25,4.0,0.0
20210319:0630,839.77,50.66,30.45,4.14,0.0
20210319:0730,817.99,36.21,30.44,4.55,0.0
20210319:0830,624.06,21.58,29.87,5.03,0.0
20210319:0930,449.89,6.87,28.94,4.48,0.0
20210319:1030,0.0,0.0,28.08,3.93,0.0
20210319:1130,0.0,0.0,27.4,3.79,0.0
20210319:1230,0.0,0.0,26.91,4.21,0.0
20210319:1330,0.0,0.0,26.51,4.69,0.0
20210319:1430,0.0,0.0,26.09,4.69,0.0
20210319:1530,0.0,0.0,25.77,4.28,0.0
20210319:1630,0.0,0.0,25.51,3.86,0.0
20210319:1730,0.0,0.0,25.34,3.79,0.0
20210319:1830,0.0,0.0,25.21,3.86,0.0
20210319:1930,0.0,0.0,25.55,4.14,0.0
20210319:2030,0.0,0.0,25.48,4.34,0.0
20210319:2130,0.0,-7.08,25.39,4.28,0.0
20210319:2230,516.35,7.66,25.33,4.28,0.0
20210319:2330,712.56,22.37,25.85,4.21,0.0
20210320:0030,892.07,37.16,26.93,4.9,0.0
20210320:0130,795.2,51.62,28.1,5.24,0.0
20210320:0230,908.4,65.54,28.83,5.38,0.0
20210320:0330,825.85,77.06,29.55,5.45,0.0
20210320:0430,842.72,76.52,29.9,5.52,0.0
20210320:0530,923.3,64.69,29.93,5.59,0.0
20210320:0630,801.93,50.71,30.09,5.59,0.0
20210320:0730,617.01,36.23,29.92,5.66,0.0
20210320:0830,443.3,21.59,29.25,5.24,0.0
20210320:0930,335.17,6.87,28.52,4.41,0.0
20210320:1030,0.0,0.0,27.78,4.34,0.0
20210320:1130,0.0,0.0,27.11,4.9,0.0
20210320:1230,0.0,0.0,26.6,4.41,0.0
20210320:1330,0.0,0.0,26.25,4.62,0.0
20210320:1430,0.0,0.0,25.8,4.76,0.0
20210320:1530,0.0,0.0,25.52,4.48,0.0
20210320:1630,0.0,0.0,25.36,4.0,0.0
20210320:1730,0.0,0.0,25.27,4.0,0.0
20210320:1830,0.0,0.0,25.22,3.79,0.0
20210320:1930,0.0,0.0,25.81,3.59,0.0
20210320:2030,0.0,0.0,25.68,3.66,0.0
20210320:2130,0.0,-6.93,25.45,4.0,0.0
20210320:2230,306.74,7.81,25.27,4.28,0.0
20210320:2330,450.5,22.52,25.53,4.48,0.0
20210321:0030,600.32,37.33,26.24,4.69,0.0
20210321:0130,735.69,51.81,27.18,5.1,0.0
20210321:0230,776.65,65.79,27.62,5.17,0.0
20210321:0330,611.9,77.43,28.12,5.17,0.0
20210321:0430,568.94,76.8,27.84,5.03,0.0
20210321:0530,466.26,64.8,27.92,5.17,0.0
20210321:0630,514.86,50.75,27.88,4.69,0.0
20210321:0730,341.17,36.25,27.76,4.97,0.0
20210321:0830,211.05,21.59,27.13,5.03,0.0
20210321:0930,142.55,6.87,26.29,5.1,0.0
20210321:1030,0.0,0.0,25.83,4.69,0.0
20210321:1130,0.0,0.0,25.76,4.62,0.0
20210321:1230,0.0,0.0,25.66,4.34,0.0
20210321:1330,0.0,0.0,25.59,4.55,0.0
20210321:1430,0.0,0.0,25.51,4.97,0.0
20210321:1530,0.0,0.0,25.42,4.9,0.0
20210321:1630,0.0,0.0,25.44,5.03,0.0
20210321:1730,0.0,0.0,25.29,4.83,0.0
20210321:1830,0.0,0.0,25.25,4.69,0.0
20210321:1930,0.0,0.0,25.51,4.48,0.0
20210321:2030,0.0,0.0,25.41,4.34,0.0
20210321:2130,0.0,-6.78,25.36,4.41,0.0
20210321:2230,169.56,7.96,25.25,4.34,0.0
20210321:2330,307.35,22.68,25.57,4.48,0.0
20210322:0030,464.18,37.49,26.25,5.66,0.0
20210322:0130,675.9,52.0,26.97,5.79,0.0
20210322:0230,764.19,66.03,27.67,5.59,0.0
20210322:0330,823.61,77.81,28.25,5.38,0.0
20210322:0430,874.32,77.06,29.01,5.38,0.0
20210322:0530,821.3,64.89,29.22,5.38,0.0
20210322:0630,760.89,50.79,29.0,5.59,0.0
20210322:0730,826.01,36.26,28.79,5.86,0.0
20210322:0830,560.07,21.59,28.79,5.72,0.0
20210322:0930,438.04,6.87,28.27,5.31,0.0
20210322:1030,0.0,0.0,27.4,5.52,0.0
20210322:1130,0.0,0.0,26.37,5.86,0.0
20210322:1230,0.0,0.0,25.62,6.41,0.0
20210322:1330,0.0,0.0,25.33,6.55,0.0
20210322:1430,0.0,0.0,25.27,6.41,0.0
20210322:1530,0.0,0.0,25.37,6.07,0.0
20210322:1630,0.0,0.0,25.31,5.86,0.0
20210322:1730,0.0,0.0,25.19,5.72,0.0
20210322:1830,0.0,0.0,25.03,5.59,0.0
20210322:1930,0.0,0.0,25.36,5.59,0.0
20210322:2030,0.0,0.0,25.25,5.31,0.0
20210322:2130,0.0,-6.63,25.13,5.1,0.0
20210322:2230,471.6,8.11,25.18,5.24,0.0
20210322:2330,689.45,22.83,25.62,5.24,0.0
20210323:0030,875.39,37.66,26.44,6.34,0.0
20210323:0130,993.65,52.19,27.52,6.55,0.0
20210323:0230,964.5,66.27,28.37,6.55,0.0
20210323:0330,986.03,78.18,28.73,6.9,0.0
20210323:0430,936.98,77.32,28.94,6.97,0.0
20210323:0530,863.39,64.98,29.05,7.17,0.0
20210323:0630,757.82,50.83,28.6,7.17,0.0
20210323:0730,600.35,36.28,27.9,7.38,0.0
20210323:0830,543.98,21.59,27.57,7.38,0.0
20210323:0930,313.62,6.86,26.7,7.03,0.0
20210323:1030,0.0,0.0,25.94,6.97,0.0
20210323:1130,0.0,0.0,25.71,6.97,0.0
20210323:1230,0.0,0.0,25.7,6.55,0.0
20210323:1330,0.0,0.0,25.64,6.0,0.0
20210323:1430,0.0,0.0,25.62,5.86,0.0
20210323:1530,0.0,0.0,25.42,5.59,0.0
20210323:1630,0.0,0.0,25.37,5.38,0.0
20210323:1730,0.0,0.0,25.35,5.1,0.0
20210323:1830,0.0,0.0,25.22,5.1,0.0
20210323:1930,0.0,0.0,25.45,4.97,0.0
20210323:2030,0.0,0.0,25.34,4.97,0.0
20210323:2130,0.0,-6.48,25.35,5.1,0.0
20210323:2230,372.82,8.26,25.26,5.03,0.0
20210323:2330,483.05,22.98,25.48,5.17,0.0
20210324:0030,744.48,37.82,26.19,5.79,0.0
20210324:0130,733.11,52.37,27.13,5.72,0.0
20210324:0230,811.0,66.51,27.6,5.38,0.0
20210324:0330,875.86,78.54,28.26,5.59,0.0
20210324:0430,853.83,77.57,28.62,6.14,0.0
20210324:0530,766.42,65.07,28.85,6.0,0.0
20210324:0630,692.63,50.86,27.9,5.86,0.0
20210324:0730,718.17,36.28,28.4,6.83,0.0
20210324:0830,566.37,21.59,28.22,6.28,0.0
20210324:0930,294.15,6.86,27.67,5.59,0.0
20210324:1030,0.0,0.0,26.52,5.52,0.0
20210324:1130,0.0,0.0,25.88,5.45,0.0
20210324:1230,0.0,0.0,25.52,5.66,0.0
20210324:1330,0.0,0.0,25.42,5.31,0.0
20210324:1430,0.0,0.0,25.4,5.1,0.0
20210324:1530,0.0,0.0,25.43,5.17,0.0
20210324:1630,0.0,0.0,25.29,5.1,0.0
20210324:1730,0.0,0.0,25.16,5.03,0.0
20210324:1830,0.0,0.0,25.08,5.1,0.0
20210324:1930,0.0,0.0,24.96,5.17,0.0
20210324:2030,0.0,0.0,24.85,5.38,0.0
20210324:2130,0.0,-6.32,24.74,5.38,0.0
20210324:2230,421.13,8.41,24.94,5.31,0.0
20210324:2330,702.03,23.14,25.41,5.24,0.0
20210325:0030,702.92,37.98,26.4,6.62,0.0
20210325:0130,697.1,52.55,27.33,7.03,0.0
20210325:0230,734.33,66.74,27.52,7.1,0.0
20210325:0330,671.22,78.91,27.84,7.17,0.0
20210325:0430,784.87,77.81,28.07,7.1,0.0
20210325:0530,714.5,65.14,28.21,6.76,0.0
20210325:0630,708.67,50.88,27.97,6.55,0.0
20210325:0730,649.7,36.29,28.02,6.76,0.0
20210325:0830,328.6,21.59,27.88,6.48,0.0
20210325:0930,338.31,6.86,27.32,5.66,0.0
20210325:1030,0.0,0.0,26.7,5.66,0.0
20210325:1130,0.0,0.0,26.04,5.66,0.0
20210325:1230,0.0,0.0,25.77,5.52,0.0
20210325:1330,0.0,0.0,25.59,5.38,0.0
20210325:1430,0.0,0.0,25.47,4.9,0.0
20210325:1530,0.0,0.0,25.47,4.83,0.0
20210325:1630,0.0,0.0,25.37,4.76,0.0
20210325:1730,0.0,0.0,25.17,4.69,0.0
20210325:1830,0.0,0.0,25.03,5.03,0.0
20210325:1930,0.0,0.0,25.29,5.38,0.0
20210325:2030,0.0,0.0,25.21,5.24,0.0
20210325:2130,0.0,-6.17,25.07,5.1,0.0
20210325:2230,510.52,8.56,25.08,5.03,0.0
20210325:2330,672.58,23.29,25.56,4.76,0.0
20210326:0030,851.84,38.14,26.55,6.0,0.0
20210326:0130,619.77,52.73,27.4,6.62,0.0
20210326:0230,789.98,66.97,27.48,6.69,0.0
20210326:0330,833.74,79.27,27.8,6.9,0.0
20210326:0430,925.93,78.04,28.06,6.97,0.0
20210326:0530,815.82,65.22,28.52,7.1,0.0
20210326:0630,815.72,50.9,28.49,6.76,0.0
20210326:0730,697.77,36.29,28.73,6.34,0.0
20210326:0830,578.98,21.58,28.47,6.0,0.0
20210326:0930,354.24,6.85,27.87,5.31,0.0
20210326:1030,0.0,0.0,26.9,4.48,0.0
20210326:1130,0.0,0.0,26.28,4.41,0.0
20210326:1230,0.0,0.0,25.99,4.41,0.0
20210326:1330,0.0,0.0,25.88,4.62,0.0
20210326:1430,0.0,0.0,25.52,4.97,0.0
20210326:1530,0.0,0.0,25.29,4.76,0.0
20210326:1630,0.0,0.0,25.2,4.41,0.0
20210326:1730,0.0,0.0,25.09,4.21,0.0
20210326:1830,0.0,0.0,25.01,4.07,0.0
20210326:1930,0.0,0.0,25.16,4.28,0.0
20210326:2030,0.0,0.0,25.11,4.28,0.0
20210326:2130,0.0,-6.02,24.96,4.21,0.0
20210326:2230,522.54,8.71,24.86,4.21,0.0
20210326:2330,818.16,23.44,25.45,4.21,0.0
20210327:0030,875.4,38.3,26.64,5.1,0.0
20210327:0130,836.13,52.91,27.7,5.24,0.0
20210327:0230,960.27,67.19,28.55,5.45,0.0
20210327:0330,878.96,79.63,29.19,5.45,0.0
20210327:0430,894.32,78.26,29.62,5.38,0.0
20210327:0530,949.0,65.28,29.69,5.45,0.0
20210327:0630,641.57,50.92,29.81,5.52,0.0
20210327:0730,659.0,36.29,29.11,5.1,0.0
20210327:0830,554.63,21.58,28.78,5.38,0.0
20210327:0930,385.91,6.84,28.23,4.55,0.0
20210327:1030,0.0,0.0,27.51,4.0,0.0
20210327:1130,0.0,0.0,26.9,4.0,0.0
20210327:1230,0.0,0.0,26.37,4.14,0.0
20210327:1330,0.0,0.0,25.99,4.14,0.0
20210327:1430,0.0,0.0,25.77,4.0,0.0
20210327:1530,0.0,0.0,25.45,4.0,0.0
20210327:1630,0.0,0.0,25.31,4.0,0.0
20210327:1730,0.0,0.0,25.09,3.86,0.0
20210327:1830,0.0,0.0,24.96,3.72,0.0
20210327:1930,0.0,0.0,25.22,3.66,0.0
20210327:2030,0.0,0.0,25.22,3.66,0.0
20210327:2130,0.0,-5.87,25.23,3.66,0.0
20210327:2230,458.95,8.86,25.15,3.72,0.0
20210327:2330,729.02,23.59,25.91,3.79,0.0
20210328:0030,813.36,38.46,27.03,4.28,0.0
20210328:0130,894.59,53.08,28.03,4.28,0.0
20210328:0230,932.37,67.41,28.93,4.28,0.0
20210328:0330,896.86,79.99,29.63,4.28,0.0
20210328:0430,991.7,78.47,30.06,4.55,0.0
20210328:0530,776.98,65.34,30.55,4.97,0.0
20210328:0630,808.96,50.94,30.3,5.24,0.0
20210328:0730,798.71,36.29,29.95,5.72,0.0
20210328:0830,640.88,21.57,29.54,5.66,0.0
20210328:0930,386.79,6.84,28.85,4.9,0.0
20210328:1030,0.0,0.0,27.83,4.62,0.0
20210328:1130,0.0,0.0,27.0,4.34,0.0
20210328:1230,0.0,0.0,26.47,4.28,0.0
20210328:1330,0.0,0.0,26.12,4.34,0.0
20210328:1430,0.0,0.0,25.96,4.21,0.0
20210328:1530,0.0,0.0,25.8,4.48,0.0
20210328:1630,0.0,0.0,25.52,4.34,0.0
20210328:1730,0.0,0.0,25.31,4.07,0.0
20210328:1830,0.0,0.0,25.34,4.07,0.0
20210328:1930,0.0,0.0,25.37,4.07,0.0
20210328:2030,0.0,0.0,25.38,4.14,0.0
20210328:2130,0.0,-5.71,25.38,4.07,0.0
20210328:2230,395.45,9.01,25.43,3.93,0.0
20210328:2330,619.34,23.74,26.04,3.79,0.0
20210329:0030,731.83,38.61,27.14,4.21,0.0
20210329:0130,870.02,53.25,28.09,3.86,0.0
20210329:0230,956.11,67.62,29.03,3.72,0.0
20210329:0330,939.26,80.34,29.79,3.66,0.0
20210329:0430,883.54,78.68,30.16,3.86,0.0
20210329:0530,889.73,65.39,30.35,4.28,0.0
20210329:0630,792.57,50.95,30.37,4.62,0.0
20210329:0730,714.87,36.29,30.03,5.24,0.0
20210329:0830,606.89,21.56,29.68,5.31,0.0
20210329:0930,355.78,6.83,29.06,5.03,0.0
20210329:1030,0.0,0.0,28.02,4.9,0.0
20210329:1130,0.0,0.0,27.24,4.83,0.0
20210329:1230,0.0,0.0,26.71,4.69,0.0
20210329:1330,0.0,0.0,26.38,4.48,0.0
20210329:1430,0.0,0.0,26.22,4.34,0.0
20210329:1530,0.0,0.0,26.09,4.21,0.0
20210329:1630,0.0,0.0,25.76,4.28,0.0
20210329:1730,0.0,0.0,25.38,4.21,0.0
20210329:1830,0.0,0.0,25.17,4.0,0.0
20210329:1930,0.0,0.0,25.2,3.72,0.0
20210329:2030,0.0,0.0,25.12,3.66,0.0
20210329:2130,0.0,-5.56,24.98,3.66,0.0
20210329:2230,571.23,9.15,24.94,3.66,0.0
20210329:2330,739.69,23.89,25.68,3.86,0.0
20210330:0030,915.42,38.76,26.96,4.69,0.0
20210330:0130,935.75,53.42,28.11,4.9,0.0
20210330:0230,971.36,67.83,29.08,4.97,0.0
20210330:0330,833.07,80.69,29.75,4.9,0.0
20210330:0430,813.88,78.87,29.98,4.76,0.0
20210330:0530,797.75,65.44,30.03,4.9,0.0
20210330:0630,811.96,50.96,30.03,5.17,0.0
20210330:0730,705.42,36.28,29.81,5.52,0.0
20210330:0830,410.73,21.55,29.22,5.45,0.0
20210330:0930,217.59,6.82,28.53,5.1,0.0
20210330:1030,0.0,0.0,27.82,4.69,0.0
20210330:1130,0.0,0.0,27.21,4.48,0.0
20210330:1230,0.0,0.0,26.85,4.21,0.0
20210330:1330,0.0,0.0,26.67,4.07,0.0
20210330:1430,0.0,0.0,26.51,4.34,0.0
20210330:1530,0.0,0.0,26.27,4.28,0.0
20210330:1630,0.0,0.0,26.08,4.07,0.0
20210330:1730,0.0,0.0,25.88,4.28,0.0
20210330:1830,0.0,0.0,25.73,4.48,0.0
20210330:1930,0.0,0.0,26.11,4.55,0.0
20210330:2030,0.0,0.0,26.06,4.48,0.0
20210330:2130,0.0,-5.41,25.93,4.83,0.0
20210330:2230,94.83,9.3,25.7,4.83,0.0
20210330:2330,218.15,24.04,25.67,4.83,0.0
20210331:0030,252.83,38.91,25.94,5.03,0.0
20210331:0130,523.3,53.58,26.27,4.9,0.0
20210331:0230,398.83,68.03,27.23,5.17,0.0
20210331:0330,525.21,81.03,27.47,5.03,0.0
20210331:0430,836.18,79.04,28.05,4.48,0.0
20210331:0530,602.22,65.48,28.89,4.14,0.0
20210331:0630,63.7,50.96,28.89,4.21,0.0
20210331:0730,38.99,36.28,26.08,4.21,0.0
20210331:0830,12.26,21.54,25.75,4.69,0.0
20210331:0930,7.4,6.81,25.48,4.76,0.0
20210331:1030,0.0,0.0,25.4,4.07,0.0
20210331:1130,0.0,0.0,25.38,3.45,0.0
20210331:1230,0.0,0.0,25.47,3.38,0.0
20210331:1330,0.0,0.0,25.73,3.59,0.0
20210331:1430,0.0,0.0,25.76,3.52,0.0
20210331:1530,0.0,0.0,25.76,3.59,0.0
20210331:1630,0.0,0.0,25.71,3.59,0.0
20210331:1730,0.0,0.0,25.62,3.59,0.0
20210331:1830,0.0,0.0,25.49,3.59,0.0
20210331:1930,0.0,0.0,25.84,4.07,0.0
20210331:2030,0.0,0.0,25.75,4.41,0.0
20210331:2130,0.0,-5.25,25.6,4.62,0.0
20210331:2230,308.99,9.45,25.51,4.69,0.0
20210331:2330,378.51,24.18,25.84,4.62,0.0
20210401:0030,708.47,39.06,26.56,5.52,0.0
20210401:0130,843.78,53.74,27.49,5.59,0.0
20210401:0230,688.15,68.22,28.09,5.45,0.0
20210401:0330,776.84,81.36,28.38,5.52,0.0
20210401:0430,616.08,79.21,28.8,5.86,0.0
20210401:0530,689.4,65.51,28.36,5.79,0.0
20210401:0630,546.39,50.96,28.39,5.38,0.0
20210401:0730,520.64,36.27,28.65,6.48,0.0
20210401:0830,511.49,21.53,28.39,6.07,0.0
20210401:0930,332.04,6.81,28.06,5.52,0.0
20210401:1030,0.0,0.0,27.39,4.97,0.0
20210401:1130,0.0,0.0,26.91,4.48,0.0
20210401:1230,0.0,0.0,26.61,4.48,0.0
20210401:1330,0.0,0.0,26.41,4.62,0.0
20210401:1430,0.0,0.0,26.21,4.69,0.0
20210401:1530,0.0,0.0,26.02,4.83,0.0
20210401:1630,0.0,0.0,25.76,5.24,0.0
20210401:1730,0.0,0.0,25.55,5.38,0.0
20210401:1830,0.0,0.0,25.42,5.31,0.0
20210401:1930,0.0,0.0,25.37,5.38,0.0
20210401:2030,0.0,0.0,25.21,5.45,0.0
20210401:2130,0.0,-5.1,25.13,5.45,0.0
20210401:2230,437.52,9.59,24.95,5.38,0.0
20210401:2330,724.33,24.32,25.38,5.03,0.0
20210402:0030,822.2,39.2,26.48,6.62,0.0
20210402:0130,856.32,53.89,27.36,6.62,0.0
20210402:0230,814.79,68.41,28.2,6.48,0.0
20210402:0330,888.42,81.69,28.87,6.28,0.0
20210402:0430,753.73,79.36,29.42,6.07,0.0
20210402:0530,573.87,65.54,29.59,5.93,0.0
20210402:0630,795.32,50.96,29.25,5.79,0.0
20210402:0730,774.81,36.26,29.33,6.07,0.0
20210402:0830,594.37,21.52,28.89,6.14,0.0
20210402:0930,456.58,6.8,28.13,5.17,0.0
20210402:1030,0.0,0.0,27.21,4.62,0.0
20210402:1130,0.0,0.0,26.49,4.34,0.0
20210402:1230,0.0,0.0,26.11,4.41,0.0
20210402:1330,0.0,0.0,25.86,4.55,0.0
20210402:1430,0.0,0.0,25.73,4.83,0.0
20210402:1530,0.0,0.0,25.59,4.9,0.0
20210402:1630,0.0,0.0,25.48,4.83,0.0
20210402:1730,0.0,0.0,25.28,4.69,0.0
20210402:1830,0.0,0.0,25.22,4.69,0.0
20210402:1930,0.0,0.0,25.2,5.1,0.0
20210402:2030,0.0,0.0,25.09,5.24,0.0
20210402:2130,0.0,-4.95,25.04,5.31,0.0
20210402:2230,324.76,9.74,24.97,5.45,0.0
20210402:2330,676.56,24.47,25.42,5.72,0.0
20210403:0030,771.33,39.34,26.34,6.76,0.0
20210403:0130,763.99,54.04,27.23,6.34,0.0
20210403:0230,798.58,68.6,27.98,5.72,0.0
20210403:0330,884.83,82.02,28.48,5.66,0.0
20210403:0430,802.58,79.51,28.9,6.14,0.0
20210403:0530,814.67,65.56,28.97,6.0,0.0
20210403:0630,775.23,50.96,29.17,6.0,0.0
20210403:0730,614.23,36.24,29.19,6.41,0.0
20210403:0830,642.62,21.51,28.54,5.79,0.0
20210403:0930,400.13,6.79,28.11,5.24,0.0
20210403:1030,0.0,0.0,27.39,4.83,0.0
20210403:1130,0.0,0.0,26.8,4.76,0.0
20210403:1230,0.0,0.0,26.37,4.62,0.0
20210403:1330,0.0,0.0,26.09,4.48,0.0
20210403:1430,0.0,0.0,25.88,4.62,0.0
20210403:1530,0.0,0.0,25.79,4.83,0.0
20210403:1630,0.0,0.0,25.74,5.1,0.0
20210403:1730,0.0,0.0,25.59,5.17,0.0
20210403:1830,0.0,0.0,25.39,4.97,0.0
20210403:1930,0.0,0.0,25.46,4.48,0.0
20210403:2030,0.0,0.0,25.39,4.41,0.0
20210403:2130,0.0,-4.8,25.2,4.21,0.0
20210403:2230,467.77,9.88,25.05,4.07,0.0
20210403:2330,774.49,24.61,25.6,4.0,0.0
20210404:0030,897.21,39.48,26.63,4.76,0.0
20210404:0130,922.64,54.19,27.61,4.83,0.0
20210404:0230,882.73,68.77,28.48,4.9,0.0
20210404:0330,781.71,82.33,29.03,5.1,0.0
20210404:0430,804.12,79.64,29.26,5.31,0.0
20210404:0530,878.32,65.58,29.33,5.66,0.0
20210404:0630,814.4,50.95,29.5,5.86,0.0
20210404:0730,783.82,36.23,29.47,6.28,0.0
20210404:0830,672.74,21.49,29.09,6.21,0.0
20210404:0930,485.44,6.78,28.45,5.52,0.0
20210404:1030,0.0,0.0,27.48,5.17,0.0
20210404:1130,0.0,0.0,26.83,4.97,0.0
20210404:1230,0.0,0.0,26.37,4.9,0.0
20210404:1330,0.0,0.0,26.13,4.97,0.0
20210404:1430,0.0,0.0,26.02,5.03,0.0
20210404:1530,0.0,0.0,26.03,5.17,0.0
20210404:1630,0.0,0.0,25.89,5.45,0.0
20210404:1730,0.0,0.0,25.72,5.59,0.0
20210404:1830,0.0,0.0,25.54,5.45,0.0
20210404:1930,0.0,0.0,25.65,5.17,0.0
20210404:2030,0.0,0.0,25.5,5.17,0.0
20210404:2130,0.0,-4.65,25.37,5.03,0.0
20210404:2230,504.52,10.02,25.26,4.9,0.0
20210404:2330,809.46,24.74,25.73,4.62,0.0
20210405:0030,849.36,39.62,26.8,5.52,0.0
20210405:0130,943.65,54.33,27.72,5.72,0.0
20210405:0230,918.55,68.94,28.61,6.0,0.0
20210405:0330,953.55,82.64,29.19,6.28,0.0
20210405:0430,969.42,79.75,29.6,6.55,0.0
20210405:0530,859.15,65.59,29.76,6.83,0.0
20210405:0630,889.94,50.94,29.72,6.76,0.0
20210405:0730,906.75,36.21,29.51,6.34,0.0
20210405:0830,776.08,21.48,29.21,6.0,0.0
20210405:0930,507.0,6.77,28.51,5.24,0.0
20210405:1030,0.0,0.0,27.41,4.9,0.0
20210405:1130,0.0,0.0,26.59,4.83,0.0
20210405:1230,0.0,0.0,26.07,4.76,0.0
20210405:1330,0.0,0.0,25.78,4.62,0.0
20210405:1430,0.0,0.0,25.61,4.62,0.0
20210405:1530,0.0,0.0,25.52,4.55,0.0
20210405:1630,0.0,0.0,25.43,4.48,0.0
20210405:1730,0.0,0.0,25.34,4.62,0.0
20210405:1830,0.0,0.0,25.2,4.69,0.0
20210405:1930,0.0,0.0,25.34,4.83,0.0
20210405:2030,0.0,0.0,25.27,4.69,0.0
20210405:2130,0.0,-4.5,25.23,4.62,0.0
20210405:2230,501.8,10.17,25.13,4.41,0.0
20210405:2330,758.36,24.88,25.67,4.21,0.0
20210406:0030,818.45,39.75,26.68,5.52,0.0
20210406:0130,843.45,54.47,27.48,5.52,0.0
20210406:0230,904.0,69.11,28.08,5.72,0.0
20210406:0330,918.5,82.93,28.68,6.07,0.0
20210406:0430,814.82,79.85,28.67,6.21,0.0
20210406:0530,735.24,65.6,28.24,6.21,0.0
20210406:0630,774.21,50.93,28.06,6.14,0.0
20210406:0730,676.34,36.2,28.07,6.55,0.0
20210406:0830,538.16,21.47,27.66,6.41,0.0
20210406:0930,325.03,6.77,27.23,6.07,0.0
20210406:1030,0.0,0.0,26.7,5.24,0.0
20210406:1130,0.0,0.0,26.17,5.1,0.0
20210406:1230,0.0,0.0,25.78,5.03,0.0
20210406:1330,0.0,0.0,25.59,5.03,0.0
20210406:1430,0.0,0.0,25.44,4.9,0.0
20210406:1530,0.0,0.0,25.33,4.97,0.0
20210406:1630,0.0,0.0,25.12,5.03,0.0
20210406:1730,0.0,0.0,24.88,4.9,0.0
20210406:1830,0.0,0.0,24.64,4.9,0.0
20210406:1930,0.0,0.0,24.8,5.1,0.0
20210406:2030,0.0,0.0,24.67,5.24,0.0
20210406:2130,0.0,-4.35,24.58,5.31,0.0
20210406:2230,342.62,10.3,24.47,5.31,0.0
20210406:2330,507.94,25.01,24.82,6.14,0.0
20210407:0030,737.71,39.88,25.49,6.97,0.0
20210407:0130,785.38,54.61,26.23,7.38,0.0
20210407:0230,917.03,69.26,26.98,7.1,0.0
20210407:0330,833.64,83.22,27.94,7.03,0.0
20210407:0430,839.98,79.94,28.33,7.45,0.0
20210407:0530,803.94,65.6,28.46,7.52,0.0
20210407:0630,854.52,50.91,28.42,7.31,0.0
20210407:0730,764.33,36.18,29.07,6.69,0.0
20210407:0830,695.78,21.45,28.7,6.28,0.0
20210407:0930,449.73,6.76,28.07,5.52,0.0
20210407:1030,0.0,0.0,27.16,5.03,0.0
20210407:1130,0.0,0.0,26.59,4.76,0.0
20210407:1230,0.0,0.0,26.18,4.62,0.0
20210407:1330,0.0,0.0,25.86,4.62,0.0
20210407:1430,0.0,0.0,25.78,4.62,0.0
20210407:1530,0.0,0.0,25.55,4.69,0.0
20210407:1630,0.0,0.0,25.36,4.76,0.0
20210407:1730,0.0,0.0,25.07,4.69,0.0
20210407:1830,0.0,0.0,24.89,4.69,0.0
20210407:1930,0.0,0.0,24.93,4.76,0.0
20210407:2030,0.0,0.0,24.85,4.76,0.0
20210407:2130,0.0,-4.2,24.77,4.69,0.0
20210407:2230,377.61,10.44,24.66,4.55,0.0
20210407:2330,593.74,25.14,25.14,4.48,0.0
20210408:0030,628.91,40.0,26.07,5.31,0.0
20210408:0130,814.76,54.74,26.7,5.31,0.0
20210408:0230,841.47,69.41,27.45,5.38,0.0
20210408:0330,744.97,83.49,28.08,5.31,0.0
20210408:0430,788.95,80.02,28.2,5.24,0.0
20210408:0530,885.28,65.6,28.43,5.24,0.0
20210408:0630,777.13,50.89,28.69,5.24,0.0
20210408:0730,698.03,36.16,29.05,5.31,0.0
20210408:0830,431.3,21.43,28.51,5.17,0.0
20210408:0930,265.77,6.75,27.9,4.62,0.0
20210408:1030,0.0,0.0,27.18,4.34,0.0
20210408:1130,0.0,0.0,26.72,4.28,0.0
20210408:1230,0.0,0.0,26.38,4.28,0.0
20210408:1330,0.0,0.0,26.13,3.93,0.0
20210408:1430,0.0,0.0,25.86,3.59,0.0
20210408:1530,0.0,0.0,25.71,3.45,0.0
20210408:1630,0.0,0.0,25.65,3.52,0.0
20210408:1730,0.0,0.0,25.41,3.45,0.0
20210408:1830,0.0,0.0,25.18,3.72,0.0
20210408:1930,0.0,0.0,25.2,4.28,0.0
20210408:2030,0.0,0.0,24.79,4.55,0.0
20210408:2130,0.0,-4.06,24.42,4.48,0.0
20210408:2230,482.87,10.58,24.18,4.41,0.0
20210408:2330,727.53,25.27,24.77,4.62,0.0
20210409:0030,812.8,40.13,25.94,5.1,0.0
20210409:0130,866.27,54.86,27.04,4.55,0.0
20210409:0230,876.11,69.55,28.0,4.07,0.0
20210409:0330,802.35,83.75,28.74,4.07,0.0
20210409:0430,809.44,80.08,28.93,4.28,0.0
20210409:0530,873.4,65.59,28.97,4.55,0.0
20210409:0630,741.23,50.87,28.97,4.83,0.0
20210409:0730,538.59,36.14,28.79,4.97,0.0
20210409:0830,359.03,21.42,28.51,4.9,0.0
20210409:0930,192.4,6.74,27.94,4.14,0.0
20210409:1030,0.0,0.0,27.4,3.72,0.0
20210409:1130,0.0,0.0,27.05,3.59,0.0
20210409:1230,0.0,0.0,26.82,3.38,0.0
20210409:1330,0.0,0.0,26.57,3.38,0.0
20210409:1430,0.0,0.0,26.47,3.31,0.0
20210409:1530,0.0,0.0,26.33,3.66,0.0
20210409:1630,0.0,0.0,26.07,4.0,0.0
20210409:1730,0.0,0.0,25.91,4.07,0.0
20210409:1830,0.0,0.0,25.71,3.93,0.0
20210409:1930,0.0,0.0,25.68,4.14,0.0
20210409:2030,0.0,0.0,25.47,4.07,0.0
20210409:2130,0.0,-3.91,25.32,4.14,0.0
20210409:2230,326.4,10.71,25.18,4.0,0.0
20210409:2330,562.97,25.4,25.7,4.21,0.0
20210410:0030,804.76,40.25,26.52,5.17,0.0
20210410:0130,789.7,54.98,27.45,5.31,0.0
20210410:0230,673.51,69.69,28.09,5.31,0.0
20210410:0330,756.75,83.99,28.18,5.24,0.0
20210410:0430,588.46,80.13,28.16,5.52,0.0
20210410:0530,590.82,65.57,27.99,5.52,0.0
20210410:0630,652.16,50.85,28.29,5.52,0.0
20210410:0730,680.72,36.12,28.92,6.07,0.0
20210410:0830,669.63,21.4,28.65,5.66,0.0
20210410:0930,380.09,6.74,28.32,5.31,0.0
20210410:1030,0.0,0.0,27.57,4.41,0.0
20210410:1130,0.0,0.0,27.07,4.21,0.0
20210410:1230,0.0,0.0,26.63,4.07,0.0
20210410:1330,0.0,0.0,26.46,4.0,0.0
20210410:1430,0.0,0.0,26.23,4.21,0.0
20210410:1530,0.0,0.0,25.93,4.48,0.0
20210410:1630,0.0,0.0,25.62,4.28,0.0
20210410:1730,0.0,0.0,25.33,4.14,0.0
20210410:1830,0.0,0.0,25.13,4.0,0.0
20210410:1930,0.0,0.0,25.27,4.83,0.0
20210410:2030,0.0,0.0,25.08,4.76,0.0
20210410:2130,0.0,-3.77,25.12,4.83,0.0
20210410:2230,420.84,10.84,25.07,4.97,0.0
20210410:2330,778.32,25.52,25.51,5.38,0.0
20210411:0030,833.27,40.36,26.5,6.14,0.0
20210411:0130,909.45,55.1,27.46,6.14,0.0
20210411:0230,862.09,69.81,28.43,6.0,0.0
20210411:0330,689.23,84.22,29.05,5.79,0.0
20210411:0430,855.55,80.16,29.07,5.52,0.0
20210411:0530,773.6,65.56,29.11,5.38,0.0
20210411:0630,822.74,50.83,29.02,5.24,0.0
20210411:0730,714.98,36.09,29.66,6.07,0.0
20210411:0830,535.11,21.39,29.27,6.0,0.0
20210411:0930,304.49,6.73,28.61,5.59,0.0
20210411:1030,0.0,0.0,27.79,5.03,0.0
20210411:1130,0.0,0.0,27.13,4.55,0.0
20210411:1230,0.0,0.0,26.74,4.28,0.0
20210411:1330,0.0,0.0,26.39,4.07,0.0
20210411:1430,0.0,0.0,26.15,3.86,0.0
20210411:1530,0.0,0.0,25.86,3.66,0.0
20210411:1630,0.0,0.0,25.75,3.79,0.0
20210411:1730,0.0,0.0,25.4,4.14,0.0
20210411:1830,0.0,0.0,25.1,4.41,0.0
20210411:1930,0.0,0.0,24.79,4.97,0.0
20210411:2030,0.0,0.0,24.61,4.83,0.0
20210411:2130,0.0,-3.63,24.56,4.62,0.0
20210411:2230,462.01,10.97,24.48,4.28,0.0
20210411:2330,807.81,25.65,25.2,4.0,0.0
20210412:0030,836.2,40.47,26.59,4.48,0.0
20210412:0130,895.27,55.21,27.6,4.55,0.0
20210412:0230,881.88,69.93,28.54,4.48,0.0
20210412:0330,838.88,84.43,29.16,4.34,0.0
20210412:0430,874.92,80.18,29.73,4.41,0.0
20210412:0530,773.93,65.53,30.25,4.55,0.0
20210412:0630,791.21,50.8,30.3,4.69,0.0
20210412:0730,696.19,36.07,30.14,4.28,0.0
20210412:0830,580.56,21.37,29.64,4.0,0.0
20210412:0930,321.69,6.73,29.06,3.38,0.0
20210412:1030,0.0,0.0,28.13,3.24,0.0
20210412:1130,0.0,0.0,27.23,3.31,0.0
20210412:1230,0.0,0.0,26.54,3.31,0.0
20210412:1330,0.0,0.0,25.93,3.17,0.0
20210412:1430,0.0,0.0,25.61,3.03,0.0
20210412:1530,0.0,0.0,25.31,3.1,0.0
20210412:1630,0.0,0.0,25.1,3.03,0.0
20210412:1730,0.0,0.0,25.07,3.24,0.0
20210412:1830,0.0,0.0,24.91,3.17,0.0
20210412:1930,0.0,0.0,24.82,3.03,0.0
20210412:2030,0.0,0.0,24.68,2.76,0.0
20210412:2130,0.0,-3.49,24.61,2.62,0.0
20210412:2230,213.8,11.1,24.62,2.76,0.0
20210412:2330,400.01,25.76,25.31,3.24,0.0
20210413:0030,652.1,40.58,26.25,3.79,0.0
20210413:0130,811.44,55.31,27.07,3.72,0.0
20210413:0230,815.6,70.04,28.09,4.14,0.0
20210413:0330,720.1,84.62,28.98,4.48,0.0
20210413:0430,880.65,80.19,29.33,4.55,0.0
20210413:0530,731.65,65.51,29.62,4.34,0.0
20210413:0630,741.03,50.77,29.73,4.0,0.0
20210413:0730,761.45,36.05,29.83,4.07,0.0
20210413:0830,572.41,21.36,29.66,4.07,0.0
20210413:0930,349.06,6.72,29.17,3.66,0.0
20210413:1030,0.0,0.0,28.35,3.17,0.0
20210413:1130,0.0,0.0,27.49,2.83,0.0
20210413:1230,0.0,0.0,26.97,2.83,0.0
20210413:1330,0.0,0.0,26.48,2.83,0.0
20210413:1430,0.0,0.0,26.05,2.69,0.0
20210413:1530,0.0,0.0,25.75,2.9,0.0
20210413:1630,0.0,0.0,25.58,3.03,0.0
20210413:1730,0.0,0.0,25.29,3.17,0.0
20210413:1830,0.0,0.0,25.09,3.17,0.0
20210413:1930,0.0,0.0,25.43,3.17,0.0
20210413:2030,0.0,0.0,25.33,3.17,0.0
20210413:2130,0.0,-3.35,25.25,3.17,0.0
20210413:2230,390.85,11.23,25.2,2.97,0.0
20210413:2330,592.63,25.88,25.9,3.03,0.0
20210414:0030,736.25,40.69,26.97,3.52,0.0
20210414:0130,807.65,55.41,27.85,3.52,0.0
20210414:0230,650.46,70.15,28.47,3.52,0.0
20210414:0330,460.68,84.79,28.98,3.1,0.0
20210414:0430,786.17,80.19,27.97,4.0,0.0
20210414:0530,564.27,65.48,28.46,4.14,0.0
20210414:0630,633.16,50.74,28.52,4.21,0.0
20210414:0730,551.27,36.02,29.96,3.93,0.0
20210414:0830,417.35,21.34,29.12,4.28,0.0
20210414:0930,160.88,6.72,28.57,3.31,0.0
20210414:1030,0.0,0.0,27.88,2.69,0.0
20210414:1130,0.0,0.0,27.27,2.69,0.0
20210414:1230,0.0,0.0,26.76,2.97,0.0
20210414:1330,0.0,0.0,26.44,3.52,0.0
20210414:1430,0.0,0.0,26.15,4.07,0.0
20210414:1530,0.0,0.0,25.84,3.86,0.0
20210414:1630,0.0,0.0,25.46,3.45,0.0
20210414:1730,0.0,0.0,25.23,3.45,0.0
20210414:1830,0.0,0.0,25.09,3.59,0.0
20210414:1930,0.0,0.0,25.25,3.17,0.0
20210414:2030,0.0,0.0,25.24,2.97,0.0
20210414:2130,0.0,-3.21,25.02,3.1,0.0
20210414:2230,302.19,11.35,24.98,2.97,0.0
20210414:2330,505.88,25.99,25.62,3.24,0.0
20210415:0030,703.12,40.79,26.56,3.79,0.0
20210415:0130,756.09,55.51,27.6,3.66,0.0
20210415:0230,634.68,70.24,28.35,3.1,0.0
20210415:0330,495.92,84.93,28.53,2.62,0.0
20210415:0430,454.56,80.17,28.29,3.03,0.0
20210415:0530,611.25,65.44,28.44,2.9,0.0
20210415:0630,510.26,50.71,28.84,3.1,0.0
20210415:0730,361.13,36.0,28.84,2.83,0.0
20210415:0830,111.0,21.33,28.72,2.14,0.0
20210415:0930,77.3,6.72,28.07,0.55,0.0
20210415:1030,0.0,0.0,27.25,0.83,0.0
20210415:1130,0.0,0.0,26.62,1.24,0.0
20210415:1230,0.0,0.0,26.16,1.86,0.0
20210415:1330,0.0,0.0,25.79,2.21,0.0
20210415:1430,0.0,0.0,25.58,2.34,0.0
20210415:1530,0.0,0.0,25.35,2.62,0.0
20210415:1630,0.0,0.0,25.27,2.76,0.0
20210415:1730,0.0,0.0,25.21,2.76,0.0
20210415:1830,0.0,0.0,25.15,2.76,0.0
20210415:1930,0.0,0.0,24.82,2.34,0.0
20210415:2030,0.0,0.0,24.84,2.76,0.0
20210415:2130,0.0,-3.08,24.83,3.31,0.0
20210415:2230,264.72,11.47,24.9,3.31,0.0
20210415:2330,458.03,26.1,25.53,3.24,0.0
20210416:0030,582.6,40.89,26.57,4.14,0.0
20210416:0130,659.13,55.6,27.5,4.21,0.0
20210416:0230,583.04,70.33,28.34,4.14,0.0
20210416:0330,738.77,85.05,28.67,4.0,0.0
20210416:0430,584.54,80.14,28.88,4.34,0.0
20210416:0530,503.84,65.41,28.74,5.24,0.0
20210416:0630,704.74,50.68,28.44,4.34,0.0
20210416:0730,517.88,35.98,29.21,4.34,0.0
20210416:0830,534.87,21.31,28.93,3.93,0.0
20210416:0930,238.31,6.72,27.85,3.45,0.0
20210416:1030,0.0,0.0,27.14,2.97,0.0
20210416:1130,0.0,0.0,26.54,3.1,0.0
20210416:1230,0.0,0.0,26.21,3.31,0.0
20210416:1330,0.0,0.0,25.89,3.45,0.0
20210416:1430,0.0,0.0,25.72,3.66,0.0
20210416:1530,0.0,0.0,25.58,3.66,0.0
20210416:1630,0.0,0.0,25.35,3.59,0.0
20210416:1730,0.0,0.0,25.15,3.59,0.0
20210416:1830,0.0,0.0,25.07,3.52,0.0
20210416:1930,0.0,0.0,25.51,3.66,0.0
20210416:2030,0.0,0.0,25.42,3.52,0.0
20210416:2130,0.0,-2.94,25.37,3.38,0.0
20210416:2230,196.72,11.59,25.36,3.38,0.0
20210416:2330,420.48,26.21,26.0,3.59,0.0
20210417:0030,475.64,40.98,26.88,4.34,0.0
20210417:0130,643.98,55.68,27.66,4.55,0.0
20210417:0230,764.74,70.41,28.57,4.55,0.0
20210417:0330,752.23,85.15,29.48,4.48,0.0
20210417:0430,707.36,80.1,30.11,4.41,0.0
20210417:0530,629.7,65.37,30.25,4.48,0.0
20210417:0630,557.28,50.64,29.92,4.0,0.0
20210417:0730,595.71,35.95,30.35,3.93,0.0
20210417:0830,358.29,21.3,30.08,3.79,0.0
20210417:0930,27.54,6.72,29.59,3.17,0.0
20210417:1030,0.0,0.0,28.61,2.48,0.0
20210417:1130,0.0,0.0,27.83,2.34,0.0
20210417:1230,0.0,0.0,27.23,2.55,0.0
20210417:1330,0.0,0.0,26.95,2.83,0.0
20210417:1430,0.0,0.0,26.71,3.03,0.0
20210417:1530,0.0,0.0,26.47,2.76,0.0
20210417:1630,0.0,0.0,26.1,2.34,0.0
20210417:1730,0.0,0.0,25.77,1.93,0.0
20210417:1830,0.0,0.0,25.22,1.45,0.0
20210417:1930,0.0,0.0,25.26,1.93,0.0
20210417:2030,0.0,0.0,25.24,2.21,0.0
20210417:2130,0.0,-2.81,24.95,2.07,0.0
20210417:2230,36.01,11.7,24.67,1.52,0.0
20210417:2330,87.04,26.31,25.4,1.17,0.0
20210418:0030,212.66,41.07,26.73,0.83,0.0
20210418:0130,280.66,55.76,27.29,0.55,0.0
20210418:0230,392.91,70.48,28.01,1.24,0.0
20210418:0330,440.07,85.21,28.61,1.72,0.0
20210418:0430,419.59,80.05,29.09,1.93,0.0
20210418:0530,377.31,65.32,29.53,2.07,0.0
20210418:0630,309.5,50.61,29.8,2.14,0.0
20210418:0730,157.69,35.93,30.55,3.24,0.0
20210418:0830,66.05,21.29,30.05,2.97,0.0
20210418:0930,11.84,6.72,29.34,3.03,0.0
20210418:1030,0.0,0.0,28.27,1.86,0.0
20210418:1130,0.0,0.0,27.38,1.45,0.0
20210418:1230,0.0,0.0,26.69,2.21,0.0
20210418:1330,0.0,0.0,26.56,2.76,0.0
20210418:1430,0.0,0.0,26.44,2.97,0.0
20210418:1530,0.0,0.0,26.33,3.24,0.0
20210418:1630,0.0,0.0,26.24,2.9,0.0
20210418:1730,0.0,0.0,26.11,2.41,0.0
20210418:1830,0.0,0.0,25.95,2.69,0.0
20210418:1930,0.0,0.0,26.34,4.0,0.0
20210418:2030,0.0,0.0,26.67,4.55,0.0
20210418:2130,0.0,-2.69,26.82,4.69,0.0
20210418:2230,29.88,11.82,26.82,4.48,0.0
20210418:2330,129.65,26.41,27.03,3.72,0.0
20210419:0030,175.27,41.16,27.69,3.17,0.0
20210419:0130,324.5,55.84,28.43,4.21,0.0
20210419:0230,369.04,70.55,29.17,5.1,0.0
20210419:0330,400.13,85.26,29.54,5.03,0.0
20210419:0430,419.08,79.99,29.78,5.45,0.0
20210419:0530,502.13,65.28,29.49,5.72,0.0
20210419:0630,286.54,50.57,28.87,5.86,0.0
20210419:0730,161.31,35.9,29.28,6.14,0.0
20210419:0830,86.04,21.27,28.43,5.38,0.0
20210419:0930,33.24,6.72,27.78,5.17,0.0
20210419:1030,0.0,0.0,27.15,5.1,0.0
20210419:1130,0.0,0.0,27.01,4.14,0.0
20210419:1230,0.0,0.0,26.94,3.59,0.0
20210419:1330,0.0,0.0,26.68,3.59,0.0
20210419:1430,0.0,0.0,26.48,3.93,0.0
20210419:1530,0.0,0.0,26.23,3.79,0.0
20210419:1630,0.0,0.0,26.29,3.93,0.0
20210419:1730,0.0,0.0,26.26,4.21,0.0
20210419:1830,0.0,0.0,26.2,4.14,0.0
20210419:1930,0.0,0.0,26.47,4.0,0.0
20210419:2030,0.0,0.0,26.39,4.41,0.0
20210419:2130,0.0,-2.56,26.37,4.34,0.0
20210419:2230,62.36,11.93,26.34,4.34,0.0
20210419:2330,182.65,26.51,26.6,4.41,0.0
20210420:0030,375.99,41.24,27.19,5.24,0.0
20210420:0130,738.42,55.91,27.96,5.66,0.0
20210420:0230,684.76,70.6,29.21,6.07,0.0
20210420:0330,605.54,85.27,29.8,6.48,0.0
20210420:0430,616.46,79.92,29.7,6.97,0.0
20210420:0530,639.21,65.23,29.59,6.83,0.0
20210420:0630,274.51,50.54,29.75,6.48,0.0
20210420:0730,273.24,35.88,28.86,5.72,0.0
20210420:0830,165.85,21.26,28.86,5.1,0.0
20210420:0930,28.71,6.72,28.41,4.69,0.0
20210420:1030,0.0,0.0,27.52,4.48,0.0
20210420:1130,0.0,0.0,26.93,4.07,0.0
20210420:1230,0.0,0.0,26.52,3.66,0.0
20210420:1330,0.0,0.0,26.3,3.72,0.0
20210420:1430,0.0,0.0,26.27,4.21,0.0
20210420:1530,0.0,0.0,26.19,4.34,0.0
20210420:1630,0.0,0.0,26.17,4.14,0.0
20210420:1730,0.0,0.0,26.03,4.21,0.0
20210420:1830,0.0,0.0,26.04,4.41,0.0
20210420:1930,0.0,0.0,26.21,4.76,0.0
20210420:2030,0.0,0.0,26.16,4.76,0.0
20210420:2130,0.0,-2.44,26.14,4.69,0.0
20210420:2230,321.55,12.03,25.98,4.55,0.0
20210420:2330,505.42,26.6,26.63,4.76,0.0
20210421:0030,742.71,41.32,27.48,5.38,0.0
20210421:0130,738.18,55.98,28.38,5.93,0.0
20210421:0230,740.62,70.65,28.74,6.21,0.0
20210421:0330,656.61,85.25,29.02,6.28,0.0
20210421:0430,710.03,79.84,29.18,6.48,0.0
20210421:0530,751.71,65.17,29.26,6.55,0.0
20210421:0630,853.7,50.5,29.26,6.76,0.0
20210421:0730,749.81,35.85,30.4,6.41,0.0
20210421:0830,586.83,21.25,29.89,6.0,0.0
20210421:0930,357.64,6.73,29.17,5.31,0.0
20210421:1030,0.0,0.0,28.31,4.69,0.0
20210421:1130,0.0,0.0,27.61,4.14,0.0
20210421:1230,0.0,0.0,27.08,3.86,0.0
20210421:1330,0.0,0.0,26.47,3.93,0.0
20210421:1430,0.0,0.0,26.11,3.93,0.0
20210421:1530,0.0,0.0,25.95,3.72,0.0
20210421:1630,0.0,0.0,25.81,3.59,0.0
20210421:1730,0.0,0.0,25.55,3.86,0.0
20210421:1830,0.0,0.0,25.53,3.86,0.0
20210421:1930,0.0,0.0,25.93,3.79,0.0
20210421:2030,0.0,0.0,26.02,3.79,0.0
20210421:2130,0.0,-2.32,25.8,4.14,0.0
20210421:2230,353.26,12.14,25.63,4.07,0.0
20210421:2330,586.46,26.69,26.27,4.69,0.0
20210422:0030,639.51,41.39,26.88,5.03,0.0
20210422:0130,631.32,56.04,27.45,5.31,0.0
20210422:0230,569.2,70.69,27.92,5.59,0.0
20210422:0330,707.52,85.22,28.19,5.79,0.0
20210422:0430,714.76,79.75,28.72,6.14,0.0
20210422:0530,720.84,65.12,28.18,6.28,0.0
20210422:0630,763.37,50.46,28.41,6.21,0.0
20210422:0730,620.31,35.83,28.74,6.21,0.0
20210422:0830,546.58,21.24,28.28,6.0,0.0
20210422:0930,264.37,6.73,28.0,5.72,0.0
20210422:1030,0.0,0.0,27.2,4.83,0.0
20210422:1130,0.0,0.0,26.73,4.62,0.0
20210422:1230,0.0,0.0,26.24,4.41,0.0
20210422:1330,0.0,0.0,25.78,4.48,0.0
20210422:1430,0.0,0.0,25.54,4.34,0.0
20210422:1530,0.0,0.0,25.48,4.14,0.0
20210422:1630,0.0,0.0,25.49,4.14,0.0
20210422:1730,0.0,0.0,25.45,3.93,0.0
20210422:1830,0.0,0.0,25.42,3.93,0.0
20210422:1930,0.0,0.0,25.36,3.72,0.0
20210422:2030,0.0,0.0,25.39,3.66,0.0
20210422:2130,0.0,-2.2,25.38,3.59,0.0
20210422:2230,455.34,12.24,25.35,3.66,0.0
20210422:2330,602.69,26.78,26.02,4.14,0.0
20210423:0030,624.29,41.46,26.9,4.28,0.0
20210423:0130,798.46,56.09,27.57,4.83,0.0
20210423:0230,742.51,70.73,28.2,5.38,0.0
20210423:0330,648.19,85.15,28.46,5.93,0.0
20210423:0430,564.27,79.65,27.73,6.0,0.0
20210423:0530,551.37,65.06,28.17,5.66,0.0
20210423:0630,609.49,50.42,28.41,5.45,0.0
20210423:0730,599.57,35.8,28.52,5.45,0.0
20210423:0830,235.0,21.23,27.21,4.55,0.0
20210423:0930,23.02,6.74,26.97,4.21,0.0
20210423:1030,0.0,0.0,26.39,3.86,0.0
20210423:1130,0.0,0.0,26.22,3.72,0.0
20210423:1230,0.0,0.0,25.98,3.66,0.0
20210423:1330,0.0,0.0,25.85,3.45,0.0
20210423:1430,0.0,0.0,25.74,3.72,0.0
20210423:1530,0.0,0.0,25.38,4.14,0.0
20210423:1630,0.0,0.0,25.32,3.93,0.0
20210423:1730,0.0,0.0,25.43,3.86,0.0
20210423:1830,0.0,0.0,25.4,3.72,0.0
20210423:1930,0.0,0.0,25.28,4.07,0.0
20210423:2030,0.0,0.0,25.17,4.41,0.0
20210423:2130,0.0,-2.08,25.19,4.0,0.0
20210423:2230,245.8,12.34,25.43,3.38,0.0
20210423:2330,439.64,26.87,26.05,3.52,0.0
20210424:0030,523.86,41.53,26.66,3.66,0.0
20210424:0130,467.83,56.14,27.31,4.21,0.0
20210424:0230,645.21,70.75,27.68,4.21,0.0
20210424:0330,721.41,85.06,28.33,4.21,0.0
20210424:0430,679.81,79.55,28.86,4.41,0.0
20210424:0530,681.9,65.01,28.54,4.97,0.0
20210424:0630,645.58,50.39,28.65,5.66,0.0
20210424:0730,541.32,35.78,28.47,4.9,0.0
20210424:0830,245.25,21.22,28.23,4.21,0.0
20210424:0930,166.81,6.75,27.8,3.38,0.0
20210424:1030,0.0,0.0,27.28,3.03,0.0
20210424:1130,0.0,0.0,26.71,2.55,0.0
20210424:1230,0.0,0.0,26.33,2.55,0.0
20210424:1330,0.0,0.0,26.09,2.55,0.0
20210424:1430,0.0,0.0,25.88,2.28,0.0
20210424:1530,0.0,0.0,25.71,2.34,0.0
20210424:1630,0.0,0.0,25.57,2.41,0.0
20210424:1730,0.0,0.0,25.37,2.34,0.0
20210424:1830,0.0,0.0,25.16,2.21,0.0
20210424:1930,0.0,0.0,25.15,2.07,0.0
20210424:2030,0.0,0.0,25.03,2.28,0.0
20210424:2130,0.0,-1.97,25.06,2.62,0.0
20210424:2230,396.32,12.43,25.01,2.83,0.0
20210424:2330,598.08,26.95,25.74,3.52,0.0
20210425:0030,729.83,41.59,26.62,3.31,0.0
20210425:0130,829.46,56.19,27.4,2.69,0.0
20210425:0230,790.51,70.77,28.4,3.45,0.0
20210425:0330,772.95,84.96,28.92,4.14,0.0
20210425:0430,668.33,79.44,29.02,4.34,0.0
20210425:0530,778.94,64.95,29.36,4.55,0.0
20210425:0630,597.74,50.35,29.68,4.48,0.0
20210425:0730,553.66,35.76,28.87,3.93,0.0
20210425:0830,325.75,21.22,28.67,2.97,0.0
20210425:0930,315.21,6.76,28.4,1.52,0.0
20210425:1030,0.0,0.0,27.79,0.48,0.0
20210425:1130,0.0,0.0,26.97,0.69,0.0
20210425:1230,0.0,0.0,26.32,1.03,0.0
20210425:1330,0.0,0.0,25.72,1.24,0.0
20210425:1430,0.0,0.0,25.49,1.31,0.0
20210425:1530,0.0,0.0,25.19,1.31,0.0
20210425:1630,0.0,0.0,25.74,1.1,0.0
20210425:1730,0.0,0.0,24.8,1.1,0.0
20210425:1830,0.0,0.0,23.65,1.45,0.0
20210425:1930,0.0,0.0,24.24,2.14,0.0
20210425:2030,0.0,0.0,24.44,2.34,0.0
20210425:2130,0.0,-1.86,24.56,2.48,0.0
20210425:2230,453.73,12.52,24.79,2.41,0.0
20210425:2330,769.29,27.02,25.65,2.41,0.0
20210426:0030,660.82,41.65,26.48,2.69,0.0
20210426:0130,887.36,56.23,27.18,2.69,0.0
20210426:0230,763.41,70.78,28.32,2.76,0.0
20210426:0330,797.92,84.83,28.54,2.83,0.0
20210426:0430,767.06,79.32,28.83,3.24,0.0
20210426:0530,786.43,64.88,29.03,3.17,0.0
20210426:0630,803.89,50.31,28.29,2.76,0.0
20210426:0730,681.95,35.74,28.56,3.66,0.0
20210426:0830,459.56,21.21,28.28,3.66,0.0
20210426:0930,329.65,6.77,27.64,3.17,0.0
20210426:1030,0.0,0.0,27.04,3.1,0.0
20210426:1130,0.0,0.0,26.78,3.17,0.0
20210426:1230,0.0,0.0,26.63,3.38,0.0
20210426:1330,0.0,0.0,26.56,3.66,0.0
20210426:1430,0.0,0.0,26.42,4.0,0.0
20210426:1530,0.0,0.0,26.28,4.14,0.0
20210426:1630,0.0,0.0,26.15,4.41,0.0
20210426:1730,0.0,0.0,25.89,4.55,0.0
20210426:1830,0.0,0.0,25.74,4.69,0.0
20210426:1930,0.0,0.0,25.7,4.83,0.0
20210426:2030,0.0,0.0,25.54,4.62,0.0
20210426:2130,0.0,-1.75,25.34,4.41,0.0
20210426:2230,516.19,12.61,25.3,4.41,0.0
20210426:2330,709.45,27.1,25.97,4.62,0.0
20210427:0030,825.48,41.7,26.9,5.45,0.0
20210427:0130,807.25,56.26,27.87,5.24,0.0
20210427:0230,968.39,70.79,28.65,4.9,0.0
20210427:0330,857.41,84.69,29.43,4.76,0.0
20210427:0430,866.94,79.2,29.84,4.9,0.0
20210427:0530,827.79,64.82,30.03,5.1,0.0
20210427:0630,832.17,50.27,29.95,5.31,0.0
20210427:0730,716.07,35.71,29.75,5.17,0.0
20210427:0830,692.76,21.2,29.17,5.24,0.0
20210427:0930,413.69,6.78,28.5,4.9,0.0
20210427:1030,0.0,0.0,27.49,4.76,0.0
20210427:1130,0.0,0.0,26.74,5.03,0.0
20210427:1230,0.0,0.0,26.28,5.1,0.0
20210427:1330,0.0,0.0,25.94,4.69,0.0
20210427:1430,0.0,0.0,25.73,4.41,0.0
20210427:1530,0.0,0.0,25.35,4.28,0.0
20210427:1630,0.0,0.0,25.06,4.14,0.0
20210427:1730,0.0,0.0,24.84,4.28,0.0
20210427:1830,0.0,0.0,24.53,4.55,0.0
20210427:1930,0.0,0.0,24.56,4.83,0.0
20210427:2030,0.0,0.0,24.44,4.69,0.0
20210427:2130,0.0,-1.65,24.57,4.41,0.0
20210427:2230,506.73,12.7,24.67,4.21,0.0
20210427:2330,811.53,27.17,25.55,4.34,0.0
20210428:0030,763.38,41.75,26.78,5.45,0.0
20210428:0130,926.12,56.29,27.48,5.59,0.0
20210428:0230,745.68,70.78,28.3,5.72,0.0
20210428:0330,900.66,84.53,28.52,5.86,0.0
20210428:0430,842.86,79.08,29.12,6.0,0.0
20210428:0530,753.88,64.76,29.3,6.07,0.0
20210428:0630,695.76,50.23,29.18,6.0,0.0
20210428:0730,756.17,35.69,29.49,5.59,0.0
20210428:0830,573.78,21.2,29.17,5.66,0.0
20210428:0930,419.05,6.79,28.52,4.97,0.0
20210428:1030,0.0,0.0,27.62,4.48,0.0
20210428:1130,0.0,0.0,26.86,4.28,0.0
20210428:1230,0.0,0.0,26.44,4.14,0.0
20210428:1330,0.0,0.0,25.96,3.93,0.0
20210428:1430,0.0,0.0,25.65,3.72,0.0
20210428:1530,0.0,0.0,25.45,3.66,0.0
20210428:1630,0.0,0.0,25.12,3.38,0.0
20210428:1730,0.0,0.0,24.82,3.24,0.0
20210428:1830,0.0,0.0,24.64,3.31,0.0
20210428:1930,0.0,0.0,24.94,3.79,0.0
20210428:2030,0.0,0.0,24.97,3.79,0.0
20210428:2130,0.0,-1.55,24.95,3.72,0.0
20210428:2230,571.25,12.78,24.92,3.59,0.0
20210428:2330,804.77,27.23,25.97,3.86,0.0
20210429:0030,771.87,41.8,27.16,4.28,0.0
20210429:0130,920.95,56.32,28.11,3.93,0.0
20210429:0230,841.04,70.77,29.05,3.38,0.0
20210429:0330,872.71,84.36,29.67,2.9,0.0
20210429:0430,921.24,78.95,30.19,2.48,0.0
20210429:0530,751.63,64.69,30.47,2.07,0.0
20210429:0630,819.2,50.19,30.27,2.14,0.0
20210429:0730,699.76,35.67,30.54,2.07,0.0
20210429:0830,470.16,21.2,30.12,1.93,0.0
20210429:0930,286.56,6.81,29.49,2.0,0.0
20210429:1030,0.0,0.0,28.57,2.34,0.0
20210429:1130,0.0,0.0,27.86,2.34,0.0
20210429:1230,0.0,0.0,27.23,2.14,0.0
20210429:1330,0.0,0.0,26.69,2.07,0.0
20210429:1430,0.0,0.0,26.28,2.07,0.0
20210429:1530,0.0,0.0,25.99,1.93,0.0
20210429:1630,0.0,0.0,25.37,1.59,0.0
20210429:1730,0.0,0.0,24.96,1.66,0.0
20210429:1830,0.0,0.0,24.72,1.86,0.0
20210429:1930,0.0,0.0,24.4,1.52,0.0
20210429:2030,0.0,0.0,24.36,1.72,0.0
20210429:2130,0.0,-1.45,24.41,1.79,0.0
20210429:2230,570.47,12.86,24.45,1.66,0.0
20210429:2330,804.67,27.3,26.59,1.59,0.0
20210430:0030,865.05,41.84,27.71,1.59,0.0
20210430:0130,858.38,56.34,28.5,1.52,0.0
20210430:0230,714.82,70.76,29.23,1.52,0.0
20210430:0330,823.24,84.18,29.62,1.66,0.0
20210430:0430,766.3,78.81,30.19,1.79,0.0
20210430:0530,726.1,64.63,30.46,1.72,0.0
20210430:0630,692.99,50.15,30.74,1.38,0.0
20210430:0730,556.17,35.65,31.31,1.86,0.0
20210430:0830,375.07,21.19,30.73,2.21,0.0
20210430:0930,286.57,6.82,29.86,2.34,0.0
20210430:1030,0.0,0.0,28.93,2.48,0.0
20210430:1130,0.0,0.0,28.26,2.48,0.0
20210430:1230,0.0,0.0,27.68,2.41,0.0
20210430:1330,0.0,0.0,27.26,2.48,0.0
20210430:1430,0.0,0.0,26.86,2.62,0.0
20210430:1530,0.0,0.0,26.47,2.69,0.0
20210430:1630,0.0,0.0,26.13,2.62,0.0
20210430:1730,0.0,0.0,25.9,2.76,0.0
20210430:1830,0.0,0.0,25.68,2.83,0.0
20210430:1930,0.0,0.0,25.72,2.9,0.0
20210430:2030,0.0,0.0,25.56,2.97,0.0
20210430:2130,0.0,-1.36,25.47,3.03,0.0
20210430:2230,577.85,12.94,25.53,2.9,0.0
20210430:2330,827.6,27.36,26.86,3.17,0.0
20210501:0030,917.19,41.88,28.08,3.45,0.0
20210501:0130,954.53,56.35,29.15,3.31,0.0
20210501:0230,860.35,70.73,30.09,3.24,0.0
20210501:0330,900.38,83.99,30.77,3.24,0.0
20210501:0430,783.05,78.68,31.39,3.52,0.0
20210501:0530,764.18,64.56,31.34,4.07,0.0
20210501:0630,886.9,50.12,31.1,4.69,0.0
20210501:0730,663.9,35.64,31.37,4.69,0.0
20210501:0830,683.64,21.19,30.68,4.83,0.0
20210501:0930,353.95,6.84,29.96,4.62,0.0
20210501:1030,0.0,0.0,28.96,4.07,0.0
20210501:1130,0.0,0.0,28.09,4.14,0.0
20210501:1230,0.0,0.0,27.44,4.07,0.0
20210501:1330,0.0,0.0,26.97,3.93,0.0
20210501:1430,0.0,0.0,26.66,3.72,0.0
20210501:1530,0.0,0.0,26.46,3.59,0.0
20210501:1630,0.0,0.0,26.26,3.52,0.0
20210501:1730,0.0,0.0,26.11,3.52,0.0
20210501:1830,0.0,0.0,25.98,3.59,0.0
20210501:1930,0.0,0.0,25.94,3.59,0.0
20210501:2030,0.0,0.0,25.9,3.45,0.0
20210501:2130,0.0,-1.26,25.91,3.45,0.0
20210501:2230,634.17,13.01,25.92,3.66,0.0
20210501:2330,782.0,27.41,27.04,4.07,0.0
20210502:0030,915.02,41.91,28.34,4.34,0.0
20210502:0130,809.19,56.36,29.41,4.28,0.0
20210502:0230,912.38,70.71,30.01,4.41,0.0
20210502:0330,799.32,83.79,30.66,4.9,0.0
20210502:0430,839.71,78.54,30.77,5.59,0.0
20210502:0530,794.57,64.5,30.59,5.38,0.0
20210502:0630,599.84,50.08,30.13,5.52,0.0
20210502:0730,561.32,35.62,29.98,5.86,0.0
20210502:0830,567.47,21.2,29.16,5.31,0.0
20210502:0930,183.47,6.86,28.51,5.38,0.0
20210502:1030,0.0,0.0,27.62,5.24,0.0
20210502:1130,0.0,0.0,26.78,5.24,0.0
20210502:1230,0.0,0.0,26.29,5.1,0.0
20210502:1330,0.0,0.0,26.16,5.03,0.0
20210502:1430,0.0,0.0,26.14,5.17,0.0
20210502:1530,0.0,0.0,25.99,5.24,0.0
20210502:1630,0.0,0.0,25.83,5.17,0.0
20210502:1730,0.0,0.0,25.93,5.24,0.0
20210502:1830,0.0,0.0,25.97,5.1,0.0
20210502:1930,0.0,0.0,26.2,5.79,0.0
20210502:2030,0.0,0.0,25.94,5.93,0.0
20210502:2130,0.0,-1.18,25.77,5.86,0.0
20210502:2230,532.55,13.08,25.73,5.31,0.0
20210502:2330,658.48,27.46,26.48,6.21,0.0
20210503:0030,876.37,41.94,27.65,6.55,0.0
20210503:0130,926.82,56.37,28.92,6.69,0.0
20210503:0230,859.76,70.67,29.73,6.9,0.0
20210503:0330,872.51,83.58,29.94,7.1,0.0
20210503:0430,787.62,78.39,30.21,7.45,0.0
20210503:0530,832.14,64.43,30.14,7.24,0.0
20210503:0630,821.02,50.04,30.44,6.97,0.0
20210503:0730,723.19,35.6,30.32,7.24,0.0
20210503:0830,596.1,21.2,29.57,7.31,0.0
20210503:0930,393.51,6.88,28.3,6.9,0.0
20210503:1030,0.0,0.0,27.23,6.14,0.0
20210503:1130,0.0,0.0,26.81,5.52,0.0
20210503:1230,0.0,0.0,26.62,5.31,0.0
20210503:1330,0.0,0.0,26.47,5.1,0.0
20210503:1430,0.0,0.0,26.36,5.03,0.0
20210503:1530,0.0,0.0,26.25,4.97,0.0
20210503:1630,0.0,0.0,26.06,5.03,0.0
20210503:1730,0.0,0.0,25.98,5.38,0.0
20210503:1830,0.0,0.0,25.79,5.38,0.0
20210503:1930,0.0,0.0,25.84,4.83,0.0
20210503:2030,0.0,0.0,25.78,5.31,0.0
20210503:2130,0.0,-1.09,25.77,5.31,0.0
20210503:2230,357.47,13.15,25.76,5.17,0.0
20210503:2330,502.08,27.51,26.24,6.34,0.0
20210504:0030,650.48,41.97,27.0,6.62,0.0
20210504:0130,739.53,56.37,28.06,6.48,0.0
20210504:0230,793.63,70.63,29.1,6.41,0.0
20210504:0330,845.88,83.37,30.01,6.21,0.0
20210504:0430,770.13,78.25,30.73,6.21,0.0
20210504:0530,901.88,64.36,30.82,6.28,0.0
20210504:0630,770.4,50.01,31.07,6.41,0.0
20210504:0730,697.76,35.59,30.5,6.97,0.0
20210504:0830,577.38,21.2,29.77,6.76,0.0
20210504:0930,296.71,6.9,28.99,6.21,0.0
20210504:1030,0.0,0.0,28.2,5.79,0.0
20210504:1130,0.0,0.0,27.65,5.38,0.0
20210504:1230,0.0,0.0,27.34,5.38,0.0
20210504:1330,0.0,0.0,27.16,5.38,0.0
20210504:1430,0.0,0.0,26.99,5.31,0.0
20210504:1530,0.0,0.0,26.8,5.24,0.0
20210504:1630,0.0,0.0,26.57,5.17,0.0
20210504:1730,0.0,0.0,26.44,4.9,0.0
20210504:1830,0.0,0.0,26.47,4.76,0.0
20210504:1930,0.0,0.0,26.62,5.24,0.0
20210504:2030,0.0,0.0,26.5,5.17,0.0
20210504:2130,0.0,-1.01,26.41,5.1,0.0
20210504:2230,546.33,13.21,26.4,5.03,0.0
20210504:2330,759.33,27.56,27.13,5.31,0.0
20210505:0030,813.51,41.99,28.31,6.0,0.0
20210505:0130,892.11,56.37,29.51,6.41,0.0
20210505:0230,888.76,70.58,30.5,6.55,0.0
20210505:0330,850.34,83.16,31.13,6.76,0.0
20210505:0430,869.05,78.11,31.27,7.03,0.0
20210505:0530,862.45,64.3,31.39,7.17,0.0
20210505:0630,774.08,49.97,31.12,7.17,0.0
20210505:0730,701.28,35.57,31.09,7.03,0.0
20210505:0830,619.07,21.21,30.53,7.03,0.0
20210505:0930,461.3,6.93,29.76,6.69,0.0
20210505:1030,0.0,0.0,28.93,6.14,0.0
20210505:1130,0.0,0.0,28.24,6.0,0.0
20210505:1230,0.0,0.0,27.65,5.93,0.0
20210505:1330,0.0,0.0,27.31,5.79,0.0
20210505:1430,0.0,0.0,27.11,5.72,0.0
20210505:1530,0.0,0.0,26.96,5.52,0.0
20210505:1630,0.0,0.0,26.73,5.31,0.0
20210505:1730,0.0,0.0,26.48,5.17,0.0
20210505:1830,0.0,0.0,26.37,5.1,0.0
20210505:1930,0.0,0.0,26.44,5.79,0.0
20210505:2030,0.0,0.0,26.36,5.66,0.0
20210505:2130,0.0,-0.93,26.29,5.31,0.0
20210505:2230,491.39,13.27,26.45,4.76,0.0
20210505:2330,766.54,27.6,27.12,5.38,0.0
20210506:0030,818.08,42.01,28.2,5.93,0.0
20210506:0130,851.69,56.37,29.0,6.21,0.0
20210506:0230,874.43,70.53,29.59,6.41,0.0
20210506:0330,833.46,82.94,30.18,6.69,0.0
20210506:0430,876.22,77.96,30.57,7.1,0.0
20210506:0530,897.3,64.23,30.52,7.66,0.0
20210506:0630,758.59,49.94,30.62,7.59,0.0
20210506:0730,715.32,35.56,30.5,7.59,0.0
20210506:0830,659.63,21.21,29.85,7.31,0.0
20210506:0930,373.79,6.95,29.28,7.03,0.0
20210506:1030,0.0,0.0,28.12,6.14,0.0
20210506:1130,0.0,0.0,27.4,5.59,0.0
20210506:1230,0.0,0.0,27.12,5.24,0.0
20210506:1330,0.0,0.0,26.94,5.31,0.0
20210506:1430,0.0,0.0,26.72,5.03,0.0
20210506:1530,0.0,0.0,26.62,4.76,0.0
20210506:1630,0.0,0.0,26.44,4.62,0.0
20210506:1730,0.0,0.0,26.14,4.69,0.0
20210506:1830,0.0,0.0,26.06,4.76,0.0
20210506:1930,0.0,0.0,26.09,5.24,0.0
20210506:2030,0.0,0.0,25.82,4.97,0.0
20210506:2130,0.0,-0.85,25.66,4.76,0.0
20210506:2230,521.72,13.33,25.85,4.62,0.0
20210506:2330,760.65,27.64,26.59,5.38,0.0
20210507:0030,865.76,42.03,27.78,5.31,0.0
20210507:0130,927.28,56.36,29.1,5.17,0.0
20210507:0230,886.8,70.48,30.37,5.31,0.0
20210507:0330,783.73,82.72,31.06,5.45,0.0
20210507:0430,882.13,77.81,31.37,5.38,0.0
20210507:0530,934.25,64.16,31.72,5.72,0.0
20210507:0630,968.65,49.9,31.83,5.93,0.0
20210507:0730,862.11,35.55,31.67,5.86,0.0
20210507:0830,687.43,21.22,31.08,5.79,0.0
20210507:0930,447.49,6.98,30.23,5.52,0.0
20210507:1030,0.0,0.0,29.12,4.97,0.0
20210507:1130,0.0,0.0,28.27,4.9,0.0
20210507:1230,0.0,0.0,27.85,4.62,0.0
20210507:1330,0.0,0.0,27.55,4.62,0.0
20210507:1430,0.0,0.0,27.17,4.76,0.0
20210507:1530,0.0,0.0,26.64,4.28,0.0
20210507:1630,0.0,0.0,26.26,3.72,0.0
20210507:1730,0.0,0.0,25.98,3.59,0.0
20210507:1830,0.0,0.0,25.74,3.79,0.0
20210507:1930,0.0,0.0,25.76,3.93,0.0
20210507:2030,0.0,0.0,25.66,3.86,0.0
20210507:2130,0.0,-0.78,25.69,3.93,0.0
20210507:2230,328.33,13.39,25.75,4.28,0.0
20210507:2330,445.65,27.68,26.63,4.76,0.0
20210508:0030,592.04,42.04,27.59,5.17,0.0
20210508:0130,738.8,56.34,28.54,5.31,0.0
20210508:0230,580.49,70.42,29.19,5.1,0.0
20210508:0330,493.99,82.5,29.46,5.1,0.0
20210508:0430,574.86,77.67,29.19,4.55,0.0
20210508:0530,532.44,64.1,29.13,5.59,0.0
20210508:0630,490.22,49.87,28.94,5.59,0.0
20210508:0730,360.8,35.54,28.8,5.72,0.0
20210508:0830,234.77,21.23,28.67,5.52,0.0
20210508:0930,81.6,7.01,28.2,4.14,0.0
20210508:1030,0.0,0.0,27.91,4.0,0.0
20210508:1130,0.0,0.0,27.49,4.0,0.0
20210508:1230,0.0,0.0,27.07,3.66,0.0
20210508:1330,0.0,0.0,26.83,3.45,0.0
20210508:1430,0.0,0.0,26.65,3.52,0.0
20210508:1530,0.0,0.0,26.43,3.52,0.0
20210508:1630,0.0,0.0,26.37,3.24,0.0
20210508:1730,0.0,0.0,26.38,3.17,0.0
20210508:1830,0.0,0.0,26.27,2.9,0.0
20210508:1930,0.0,0.0,25.67,3.24,0.0
20210508:2030,0.0,0.0,25.48,2.69,0.0
20210508:2130,0.0,-0.71,25.34,2.62,0.0
20210508:2230,78.54,13.44,25.38,2.83,0.0
20210508:2330,66.07,27.71,25.76,3.24,0.0
20210509:0030,173.9,42.05,26.18,3.52,0.0
20210509:0130,333.13,56.33,27.07,4.28,0.0
20210509:0230,298.4,70.35,28.19,4.41,0.0
20210509:0330,344.9,82.28,28.88,4.41,0.0
20210509:0430,407.95,77.52,29.17,4.34,0.0
20210509:0530,353.81,64.03,29.49,4.34,0.0
20210509:0630,481.17,49.84,29.35,4.07,0.0
20210509:0730,453.44,35.53,30.47,5.17,0.0
20210509:0830,182.95,21.24,29.88,5.59,0.0
20210509:0930,42.79,7.03,29.01,4.97,0.0
20210509:1030,0.0,0.0,28.36,4.14,0.0
20210509:1130,0.0,0.0,27.87,4.0,0.0
20210509:1230,0.0,0.0,27.2,4.55,0.0
20210509:1330,0.0,0.0,26.88,4.21,0.0
20210509:1430,0.0,0.0,26.57,3.79,0.0
20210509:1530,0.0,0.0,26.21,3.72,0.0
20210509:1630,0.0,0.0,25.9,3.52,0.0
20210509:1730,0.0,0.0,25.6,3.03,0.0
20210509:1830,0.0,0.0,25.43,2.69,0.0
20210509:1930,0.0,0.0,25.26,2.48,0.0
20210509:2030,0.0,0.0,25.15,2.21,0.0
20210509:2130,0.0,-0.64,25.15,2.21,0.0
20210509:2230,108.68,13.48,25.25,2.34,0.0
20210509:2330,284.24,27.74,25.98,2.62,0.0
20210510:0030,543.03,42.05,26.8,3.52,0.0
20210510:0130,705.2,56.31,27.8,3.93,0.0
20210510:0230,548.11,70.28,28.63,3.72,0.0
20210510:0330,537.24,82.06,28.9,3.66,0.0
20210510:0430,482.86,77.37,29.11,3.79,0.0
20210510:0530,274.6,63.97,28.43,4.41,0.0
20210510:0630,234.13,49.81,27.65,4.28,0.0
20210510:0730,159.55,35.53,27.94,4.14,0.0
20210510:0830,52.94,21.25,27.93,4.07,0.0
20210510:0930,11.92,7.07,27.46,3.52,0.0
20210510:1030,0.0,0.0,27.1,3.03,0.0
20210510:1130,0.0,0.0,26.81,2.69,0.0
20210510:1230,0.0,0.0,26.61,2.69,0.0
20210510:1330,0.0,0.0,26.48,2.34,0.0
20210510:1430,0.0,0.0,26.41,2.28,0.0
20210510:1530,0.0,0.0,26.22,2.41,0.0
20210510:1630,0.0,0.0,26.13,2.55,0.0
20210510:1730,0.0,0.0,25.96,2.28,0.0
20210510:1830,0.0,0.0,25.77,2.07,0.0
20210510:1930,0.0,0.0,25.85,3.24,0.0
20210510:2030,0.0,0.0,25.83,3.31,0.0
20210510:2130,0.0,-0.58,25.81,3.31,0.0
20210510:2230,348.14,13.53,25.85,3.52,0.0
20210510:2330,642.45,27.76,26.63,4.0,0.0
20210511:0030,791.6,42.05,27.73,4.14,0.0
20210511:0130,735.76,56.28,28.79,3.38,0.0
20210511:0230,833.66,70.21,29.57,2.41,0.0
20210511:0330,822.07,81.84,30.14,1.45,0.0
20210511:0430,730.3,77.23,30.36,1.66,0.0
20210511:0530,585.19,63.91,30.63,2.07,0.0
20210511:0630,561.93,49.78,29.96,2.69,0.0
20210511:0730,247.51,35.52,29.77,2.41,0.0
20210511:0830,264.25,21.27,29.29,2.76,0.0
20210511:0930,92.08,7.1,29.11,2.28,0.0
20210511:1030,0.0,0.0,28.61,2.0,0.0
20210511:1130,0.0,0.0,28.08,2.62,0.0
20210511:1230,0.0,0.0,27.71,3.03,0.0
20210511:1330,0.0,0.0,27.51,3.31,0.0
20210511:1430,0.0,0.0,27.28,3.31,0.0
20210511:1530,0.0,0.0,26.87,3.1,0.0
20210511:1630,0.0,0.0,26.56,3.1,0.0
20210511:1730,0.0,0.0,26.39,3.17,0.0
20210511:1830,0.0,0.0,26.2,3.1,0.0
20210511:1930,0.0,0.0,26.17,3.45,0.0
20210511:2030,0.0,0.0,26.06,3.59,0.0
20210511:2130,0.0,-0.52,26.0,3.72,0.0
20210511:2230,486.47,13.57,26.09,3.72,0.0
20210511:2330,616.47,27.78,26.86,4.34,0.0
20210512:0030,763.82,42.05,27.83,4.34,0.0
20210512:0130,893.1,56.25,28.72,4.0,0.0
20210512:0230,900.22,70.13,29.41,3.86,0.0
20210512:0330,726.38,81.62,29.94,4.0,0.0
20210512:0430,575.05,77.09,29.69,4.21,0.0
20210512:0530,675.01,63.85,29.32,4.21,0.0
20210512:0630,490.35,49.76,29.28,4.62,0.0
20210512:0730,290.12,35.52,28.75,4.07,0.0
20210512:0830,284.34,21.28,28.52,3.1,0.0
20210512:0930,155.51,7.13,28.39,3.31,0.0
20210512:1030,0.0,0.0,28.03,3.1,0.0
20210512:1130,0.0,0.0,27.47,2.97,0.0
20210512:1230,0.0,0.0,27.08,3.45,0.0
20210512:1330,0.0,0.0,26.82,3.52,0.0
20210512:1430,0.0,0.0,26.62,3.59,0.0
20210512:1530,0.0,0.0,26.43,3.79,0.0
20210512:1630,0.0,0.0,26.32,3.79,0.0
20210512:1730,0.0,0.0,26.24,3.79,0.0
20210512:1830,0.0,0.0,26.06,3.72,0.0
20210512:1930,0.0,0.0,26.14,3.93,0.0
20210512:2030,0.0,0.0,25.93,4.21,0.0
20210512:2130,0.0,-0.46,25.78,4.41,0.0
20210512:2230,524.86,13.6,25.74,4.21,0.0
20210512:2330,744.51,27.8,26.6,4.48,0.0
20210513:0030,778.15,42.05,27.89,5.45,0.0
20210513:0130,868.85,56.22,28.82,5.59,0.0
20210513:0230,825.29,70.05,29.55,5.59,0.0
20210513:0330,834.92,81.41,30.18,5.72,0.0
20210513:0430,937.55,76.94,30.46,5.59,0.0
20210513:0530,903.75,63.79,30.67,5.59,0.0
20210513:0630,820.54,49.73,30.64,5.52,0.0
20210513:0730,726.23,35.51,30.77,5.86,0.0
20210513:0830,569.69,21.3,30.31,5.93,0.0
20210513:0930,426.78,7.17,29.29,5.72,0.0
20210513:1030,0.0,0.0,28.48,5.24,0.0
20210513:1130,0.0,0.0,27.82,5.1,0.0
20210513:1230,0.0,0.0,27.26,4.76,0.0
20210513:1330,0.0,0.0,26.92,4.62,0.0
20210513:1430,0.0,0.0,26.72,4.34,0.0
20210513:1530,0.0,0.0,26.67,3.93,0.0
20210513:1630,0.0,0.0,26.54,3.79,0.0
20210513:1730,0.0,0.0,26.37,3.93,0.0
20210513:1830,0.0,0.0,26.25,4.07,0.0
20210513:1930,0.0,0.0,26.17,4.48,0.0
20210513:2030,0.0,0.0,26.0,4.83,0.0
20210513:2130,0.0,-0.41,25.91,4.97,0.0
20210513:2230,331.26,13.64,25.89,4.76,0.0
20210513:2330,557.04,27.82,26.52,5.38,0.0
20210514:0030,776.03,42.04,27.48,5.52,0.0
20210514:0130,906.46,56.19,28.56,5.66,0.0
20210514:0230,831.08,69.97,29.42,5.38,0.0
20210514:0330,839.95,81.19,29.89,5.52,0.0
20210514:0430,881.54,76.8,30.26,5.93,0.0
20210514:0530,812.45,63.73,30.53,5.86,0.0
20210514:0630,653.95,49.71,30.64,5.66,0.0
20210514:0730,638.91,35.51,29.02,5.72,0.0
20210514:0830,295.82,21.31,28.39,5.72,0.0
20210514:0930,266.26,7.2,27.92,4.97,0.0
20210514:1030,0.0,0.0,27.26,5.17,0.0
20210514:1130,0.0,0.0,26.72,4.9,0.0
20210514:1230,0.0,0.0,26.56,5.1,0.0
20210514:1330,0.0,0.0,26.55,4.62,0.0
20210514:1430,0.0,0.0,26.55,4.48,0.0
20210514:1530,0.0,0.0,26.56,4.48,0.0
20210514:1630,0.0,0.0,26.34,4.0,0.0
20210514:1730,0.0,0.0,26.11,3.24,0.0
20210514:1830,0.0,0.0,25.96,3.24,0.0
20210514:1930,0.0,0.0,26.13,3.31,0.0
20210514:2030,0.0,0.0,26.09,3.31,0.0
20210514:2130,0.0,-0.36,26.09,3.24,0.0
20210514:2230,336.52,13.67,26.19,3.24,0.0
20210514:2330,473.76,27.83,27.21,3.72,0.0
20210515:0030,614.41,42.03,28.15,4.14,0.0
20210515:0130,766.27,56.15,29.01,4.14,0.0
20210515:0230,788.27,69.89,29.78,4.14,0.0
20210515:0330,828.53,80.98,30.24,4.14,0.0
20210515:0430,855.84,76.67,30.7,4.28,0.0
20210515:0530,785.73,63.67,30.95,4.41,0.0
20210515:0630,753.52,49.69,30.7,4.62,0.0
20210515:0730,644.13,35.51,30.9,5.38,0.0
20210515:0830,439.67,21.33,30.49,5.17,0.0
20210515:0930,84.84,7.24,29.72,5.24,0.0
20210515:1030,0.0,0.0,28.42,4.9,0.0
20210515:1130,0.0,0.0,27.45,4.9,0.0
20210515:1230,0.0,0.0,26.86,4.28,0.0
20210515:1330,0.0,0.0,26.47,3.93,0.0
20210515:1430,0.0,0.0,26.28,4.14,0.0
20210515:1530,0.0,0.0,26.23,4.21,0.0
20210515:1630,0.0,0.0,26.14,4.21,0.0
20210515:1730,0.0,0.0,25.99,3.59,0.0
20210515:1830,0.0,0.0,25.99,3.38,0.0
20210515:1930,0.0,0.0,26.06,3.59,0.0
20210515:2030,0.0,0.0,26.16,4.0,0.0
20210515:2130,0.0,-0.31,26.21,4.14,0.0
20210515:2230,299.22,13.7,26.21,4.21,0.0
20210515:2330,609.42,27.84,26.85,5.17,0.0
20210516:0030,653.69,42.02,27.92,5.24,0.0
20210516:0130,687.44,56.11,28.84,5.17,0.0
20210516:0230,700.7,69.8,29.56,5.17,0.0
20210516:0330,819.43,80.77,29.92,5.1,0.0
20210516:0430,767.83,76.53,30.46,4.97,0.0
20210516:0530,852.02,63.61,30.61,4.55,0.0
20210516:0630,766.92,49.66,30.46,4.55,0.0
20210516:0730,573.49,35.52,31.31,4.97,0.0
20210516:0830,382.2,21.35,30.78,5.03,0.0
20210516:0930,125.47,7.28,29.97,4.9,0.0
20210516:1030,0.0,0.0,29.06,4.0,0.0
20210516:1130,0.0,0.0,28.39,3.72,0.0
20210516:1230,0.0,0.0,27.75,4.48,0.0
20210516:1330,0.0,0.0,26.97,5.03,0.0
20210516:1430,0.0,0.0,26.55,4.55,0.0
20210516:1530,0.0,0.0,26.21,4.41,0.0
20210516:1630,0.0,0.0,26.07,4.48,0.0
20210516:1730,0.0,0.0,25.97,4.48,0.0
20210516:1830,0.0,0.0,25.99,4.41,0.0
20210516:1930,0.0,0.0,26.13,4.62,0.0
20210516:2030,0.0,0.0,26.09,4.55,0.0
20210516:2130,0.0,-0.27,26.04,4.34,0.0
20210516:2230,565.32,13.72,26.17,4.28,0.0
20210516:2330,821.6,27.85,27.09,4.62,0.0
20210517:0030,713.29,42.0,28.28,5.86,0.0
20210517:0130,812.88,56.07,28.92,6.0,0.0
20210517:0230,855.64,69.71,29.84,5.66,0.0
20210517:0330,903.48,80.56,30.55,5.45,0.0
20210517:0430,857.52,76.4,31.23,5.59,0.0
20210517:0530,860.09,63.56,31.35,5.72,0.0
20210517:0630,811.35,49.65,31.36,5.66,0.0
20210517:0730,674.93,35.52,31.13,5.66,0.0
20210517:0830,423.22,21.38,30.57,6.0,0.0
20210517:0930,354.03,7.32,29.1,6.07,0.0
20210517:1030,0.0,0.0,27.75,5.1,0.0
20210517:1130,0.0,0.0,27.01,4.83,0.0
20210517:1230,0.0,0.0,26.58,4.97,0.0
20210517:1330,0.0,0.0,26.48,4.62,0.0
20210517:1430,0.0,0.0,26.51,4.48,0.0
20210517:1530,0.0,0.0,26.46,4.0,0.0
20210517:1630,0.0,0.0,26.28,3.66,0.0
20210517:1730,0.0,0.0,26.16,3.52,0.0
20210517:1830,0.0,0.0,26.06,4.0,0.0
20210517:1930,0.0,0.0,25.87,2.97,0.0
20210517:2030,0.0,0.0,25.9,3.1,0.0
20210517:2130,0.0,-0.23,25.84,3.1,0.0
20210517:2230,240.33,13.74,25.84,2.83,0.0
20210517:2330,538.4,27.85,26.73,2.9,0.0
20210518:0030,623.02,41.98,28.01,3.1,0.0
20210518:0130,718.8,56.02,29.06,3.1,0.0
20210518:0230,718.51,69.62,29.7,2.97,0.0
20210518:0330,769.99,80.35,29.78,3.03,0.0
20210518:0430,683.02,76.27,29.74,3.45,0.0
20210518:0530,586.93,63.51,29.48,4.21,0.0
20210518:0630,376.23,49.63,29.0,4.83,0.0
20210518:0730,276.21,35.52,28.32,4.0,0.0
20210518:0830,52.79,21.4,27.99,4.28,0.0
20210518:0930,12.54,7.36,27.49,3.52,0.0
20210518:1030,0.0,0.0,27.14,2.97,0.0
20210518:1130,0.0,0.0,26.92,2.69,0.0
20210518:1230,0.0,0.0,26.63,3.38,0.0
20210518:1330,0.0,0.0,26.65,3.59,0.0
20210518:1430,0.0,0.0,26.17,3.72,0.0
20210518:1530,0.0,0.0,25.74,4.21,0.0
20210518:1630,0.0,0.0,25.84,4.55,0.0
20210518:1730,0.0,0.0,25.91,4.55,0.0
20210518:1830,0.0,0.0,25.63,4.21,0.0
20210518:1930,0.0,0.0,25.75,3.52,0.0
20210518:2030,0.0,0.0,25.73,3.79,0.0
20210518:2130,0.0,-0.19,25.65,3.79,0.0
20210518:2230,41.92,13.76,25.63,4.0,0.0
20210518:2330,127.07,27.85,25.77,4.0,0.0
20210519:0030,272.94,41.96,26.14,4.28,0.0
20210519:0130,456.54,55.98,26.34,3.93,0.0
20210519:0230,547.57,69.52,26.9,3.38,0.0
20210519:0330,550.96,80.15,27.24,2.9,0.0
20210519:0430,657.87,76.14,28.05,2.76,0.0
20210519:0530,538.48,63.46,28.57,2.55,0.0
20210519:0630,627.29,49.61,28.7,2.28,0.0
20210519:0730,391.3,35.53,30.13,2.34,0.0
20210519:0830,261.91,21.43,29.25,2.21,0.0
20210519:0930,88.97,7.4,28.67,1.03,0.0
20210519:1030,0.0,0.0,28.01,0.62,0.0
20210519:1130,0.0,0.0,27.36,0.41,0.0
20210519:1230,0.0,0.0,27.26,0.41,0.0
20210519:1330,0.0,0.0,26.45,0.76,0.0
20210519:1430,0.0,0.0,26.48,0.76,0.0
20210519:1530,0.0,0.0,26.81,0.48,0.0
20210519:1630,0.0,0.0,25.81,0.55,0.0
20210519:1730,0.0,0.0,25.68,0.41,0.0
20210519:1830,0.0,0.0,25.64,1.03,0.0
20210519:1930,0.0,0.0,25.25,0.97,0.0
20210519:2030,0.0,0.0,25.09,0.97,0.0
20210519:2130,0.0,-0.16,25.5,0.69,0.0
20210519:2230,113.8,13.78,25.49,0.69,0.0
20210519:2330,227.35,27.85,26.02,1.38,0.0
20210520:0030,352.57,41.94,26.43,2.0,0.0
20210520:0130,516.91,55.93,26.94,2.14,0.0
20210520:0230,548.17,69.43,27.71,1.93,0.0
20210520:0330,551.83,79.96,27.79,1.72,0.0
20210520:0430,620.86,76.01,27.95,1.31,0.0
20210520:0530,379.03,63.41,28.51,1.45,0.0
20210520:0630,168.78,49.6,28.61,1.45,0.0
20210520:0730,108.16,35.54,27.54,1.38,0.0
20210520:0830,85.25,21.45,27.59,1.1,0.0
20210520:0930,59.52,7.45,27.57,1.1,0.0
20210520:1030,0.0,0.0,27.36,1.52,0.0
20210520:1130,0.0,0.0,27.03,2.0,0.0
20210520:1230,0.0,0.0,26.35,1.86,0.0
20210520:1330,0.0,0.0,25.97,1.93,0.0
20210520:1430,0.0,0.0,25.89,2.55,0.0
20210520:1530,0.0,0.0,25.99,2.62,0.0
20210520:1630,0.0,0.0,25.57,2.48,0.0
20210520:1730,0.0,0.0,25.43,2.0,0.0
20210520:1830,0.0,0.0,25.35,1.79,0.0
20210520:1930,0.0,0.0,26.01,0.55,0.0
20210520:2030,0.0,0.0,25.47,0.83,0.0
20210520:2130,0.0,-0.13,25.06,1.17,0.0
20210520:2230,95.37,13.79,25.09,1.52,0.0
20210520:2330,355.58,27.85,25.95,1.17,0.0
20210521:0030,455.42,41.91,26.62,0.69,0.0
20210521:0130,606.63,55.88,27.35,0.9,0.0
20210521:0230,626.78,69.33,28.18,0.76,0.0
20210521:0330,501.29,79.76,28.48,0.9,0.0
20210521:0430,489.76,75.89,28.54,1.24,0.0
20210521:0530,559.59,63.37,28.54,1.24,0.0
20210521:0630,278.24,49.59,28.78,1.72,0.0
20210521:0730,206.52,35.55,29.25,1.72,0.0
20210521:0830,193.35,21.48,28.93,1.59,0.0
20210521:0930,23.6,7.49,28.68,1.31,0.0
20210521:1030,0.0,0.0,28.25,1.38,0.0
20210521:1130,0.0,0.0,27.71,1.52,0.0
20210521:1230,0.0,0.0,27.07,1.52,0.0
20210521:1330,0.0,0.0,26.33,1.38,0.0
20210521:1430,0.0,0.0,26.4,1.59,0.0
20210521:1530,0.0,0.0,26.04,1.1,0.0
20210521:1630,0.0,0.0,25.8,1.59,0.0
20210521:1730,0.0,0.0,25.55,1.59,0.0
20210521:1830,0.0,0.0,25.19,1.38,0.0
20210521:1930,0.0,0.0,25.46,1.79,0.0
20210521:2030,0.0,0.0,25.32,1.31,0.0
20210521:2130,0.0,-0.1,25.14,1.38,0.0
20210521:2230,341.86,13.8,25.31,1.59,0.0
20210521:2330,680.42,27.84,26.91,1.66,0.0
20210522:0030,584.18,41.88,27.52,1.72,0.0
20210522:0130,705.3,55.82,27.81,1.31,0.0
20210522:0230,779.62,69.23,28.4,1.24,0.0
20210522:0330,653.25,79.57,28.8,1.52,0.0
20210522:0430,744.88,75.77,28.97,2.07,0.0
20210522:0530,718.28,63.32,28.74,2.0,0.0
20210522:0630,441.6,49.58,29.16,2.0,0.0
20210522:0730,505.2,35.56,28.88,2.97,0.0
20210522:0830,391.17,21.51,28.85,2.28,0.0
20210522:0930,319.19,7.54,28.64,0.9,0.0
20210522:1030,0.0,0.0,28.19,0.34,0.0
20210522:1130,0.0,0.0,27.18,1.17,0.0
20210522:1230,0.0,0.0,26.49,1.38,0.0
20210522:1330,0.0,0.0,26.33,1.31,0.0
20210522:1430,0.0,0.0,26.35,1.17,0.0
20210522:1530,0.0,0.0,26.04,1.24,0.0
20210522:1630,0.0,0.0,25.87,1.1,0.0
20210522:1730,0.0,0.0,25.72,1.17,0.0
20210522:1830,0.0,0.0,25.77,1.03,0.0
20210522:1930,0.0,0.0,25.3,1.31,0.0
20210522:2030,0.0,0.0,25.15,1.38,0.0
20210522:2130,0.0,-0.08,24.71,1.52,0.0
20210522:2230,493.11,13.81,24.95,1.38,0.0
20210522:2330,826.99,27.83,27.08,0.9,0.0
20210523:0030,859.77,41.85,27.97,0.83,0.0
20210523:0130,812.07,55.77,28.74,1.03,0.0
20210523:0230,778.4,69.14,29.23,0.97,0.0
20210523:0330,700.22,79.39,29.59,0.69,0.0
20210523:0430,720.82,75.66,29.62,0.62,0.0
20210523:0530,669.43,63.28,29.6,0.69,0.0
20210523:0630,819.03,49.57,29.6,0.9,0.0
20210523:0730,420.42,35.57,29.95,1.93,0.0
20210523:0830,293.16,21.54,29.31,1.86,0.0
20210523:0930,277.2,7.58,29.16,0.97,0.0
20210523:1030,0.0,-6.18,28.83,0.62,0.0
20210523:1130,0.0,0.0,27.25,1.38,0.0
20210523:1230,0.0,0.0,26.87,0.97,0.0
20210523:1330,0.0,0.0,27.71,0.14,0.0
20210523:1430,0.0,0.0,27.5,0.21,0.0
20210523:1530,0.0,0.0,25.5,1.38,0.0
20210523:1630,0.0,0.0,25.38,1.66,0.0
20210523:1730,0.0,0.0,25.76,1.1,0.0
20210523:1830,0.0,0.0,25.82,0.9,0.0
20210523:1930,0.0,0.0,25.75,0.48,0.0
20210523:2030,0.0,0.0,24.67,1.03,0.0
20210523:2130,0.0,-0.05,24.54,1.17,0.0
20210523:2230,202.55,13.81,25.55,0.9,0.0
20210523:2330,504.21,27.82,26.26,0.62,0.0
20210524:0030,553.47,41.82,27.01,0.69,0.0
20210524:0130,683.38,55.71,27.73,0.83,0.0
20210524:0230,740.47,69.04,28.36,0.97,0.0
20210524:0330,851.82,79.21,29.01,1.1,0.0
20210524:0430,795.29,75.55,29.55,1.45,0.0
20210524:0530,652.65,63.24,29.57,1.45,0.0
20210524:0630,513.88,49.56,29.82,1.93,0.0
20210524:0730,338.75,35.59,29.25,1.59,0.0
20210524:0830,283.31,21.57,29.21,1.66,0.0
20210524:0930,228.77,7.63,28.28,1.38,0.0
20210524:1030,0.0,-6.12,27.27,1.86,0.0
20210524:1130,0.0,0.0,26.61,2.07,0.0
20210524:1230,0.0,0.0,26.2,0.76,0.0
20210524:1330,0.0,0.0,26.19,0.55,0.0
20210524:1430,0.0,0.0,25.85,0.9,0.0
20210524:1530,0.0,0.0,25.74,1.03,0.0
20210524:1630,0.0,0.0,25.65,1.03,0.0
20210524:1730,0.0,0.0,25.15,1.17,0.0
20210524:1830,0.0,0.0,25.0,1.17,0.0
20210524:1930,0.0,0.0,25.18,1.86,0.0
20210524:2030,0.0,0.0,25.17,2.0,0.0
20210524:2130,0.0,-0.04,25.34,2.21,0.0
20210524:2230,408.17,13.81,25.51,2.21,0.0
20210524:2330,583.7,27.8,26.84,2.21,0.0
20210525:0030,733.88,41.78,27.62,2.41,0.0
20210525:0130,859.7,55.65,28.54,2.83,0.0
20210525:0230,884.03,68.94,29.27,2.9,0.0
20210525:0330,730.93,79.03,29.87,2.83,0.0
20210525:0430,677.7,75.44,30.04,2.9,0.0
20210525:0530,712.21,63.21,30.09,3.52,0.0
20210525:0630,543.46,49.56,29.62,3.38,0.0
20210525:0730,517.16,35.61,30.23,3.72,0.0
20210525:0830,252.48,21.61,30.25,3.93,0.0
20210525:0930,74.05,7.68,29.6,3.24,0.0
20210525:1030,0.0,-6.05,28.93,1.59,0.0
20210525:1130,0.0,0.0,28.41,1.79,0.0
20210525:1230,0.0,0.0,27.76,1.93,0.0
20210525:1330,0.0,0.0,27.28,2.0,0.0
20210525:1430,0.0,0.0,26.84,1.66,0.0
20210525:1530,0.0,0.0,27.35,1.03,0.0
20210525:1630,0.0,0.0,28.18,0.62,0.0
20210525:1730,0.0,0.0,28.0,0.41,0.0
20210525:1830,0.0,0.0,27.7,0.41,0.0
20210525:1930,0.0,0.0,26.35,0.48,0.0
20210525:2030,0.0,0.0,25.6,0.97,0.0
20210525:2130,0.0,-0.02,26.12,0.76,0.0
20210525:2230,184.41,13.81,26.53,0.62,0.0
20210525:2330,466.16,27.79,26.96,0.14,0.0
20210526:0030,568.16,41.75,27.52,0.62,0.0
20210526:0130,643.24,55.59,27.97,0.41,0.0
20210526:0230,549.31,68.84,28.27,0.83,0.0
20210526:0330,563.45,78.86,28.43,1.66,0.0
20210526:0430,570.63,75.34,28.55,1.45,0.0
20210526:0530,626.07,63.17,28.5,1.45,0.0
20210526:0630,505.97,49.56,28.52,0.34,0.0
20210526:0730,430.82,35.62,29.43,2.21,0.0
20210526:0830,303.47,21.64,29.06,2.76,0.0
20210526:0930,212.25,7.73,28.36,2.21,0.0
20210526:1030,0.0,-5.99,27.83,0.69,0.0
20210526:1130,0.0,0.0,27.53,0.28,0.0
20210526:1230,0.0,0.0,27.21,1.93,0.0
20210526:1330,0.0,0.0,26.76,2.62,0.0
20210526:1430,0.0,0.0,26.46,2.83,0.0
20210526:1530,0.0,0.0,26.3,2.83,0.0
20210526:1630,0.0,0.0,26.04,2.34,0.0
20210526:1730,0.0,0.0,25.82,1.86,0.0
20210526:1830,0.0,0.0,25.3,1.45,0.0
20210526:1930,0.0,0.0,25.68,2.14,0.0
20210526:2030,0.0,0.0,26.02,2.34,0.0
20210526:2130,0.0,-0.01,25.86,2.21,0.0
20210526:2230,417.12,13.81,25.69,1.93,0.0
20210526:2330,700.57,27.77,26.79,2.34,0.0
20210527:0030,833.6,41.71,27.69,2.9,0.0
20210527:0130,730.38,55.53,28.58,2.55,0.0
20210527:0230,778.8,68.74,29.08,1.86,0.0
20210527:0330,904.86,78.69,29.52,1.38,0.0
20210527:0430,714.71,75.24,30.04,1.52,0.0
20210527:0530,685.27,63.14,29.88,2.07,0.0
20210527:0630,669.29,49.56,29.72,2.0,0.0
20210527:0730,586.48,35.64,30.15,1.79,0.0
20210527:0830,403.65,21.68,29.94,2.0,0.0
20210527:0930,368.67,7.78,29.68,2.21,0.0
20210527:1030,0.0,-5.92,29.24,2.28,0.0
20210527:1130,0.0,0.0,28.65,2.41,0.0
20210527:1230,0.0,0.0,28.19,2.55,0.0
20210527:1330,0.0,0.0,27.81,2.48,0.0
20210527:1430,0.0,0.0,27.48,2.21,0.0
20210527:1530,0.0,0.0,27.08,2.0,0.0
20210527:1630,0.0,0.0,26.85,2.0,0.0
20210527:1730,0.0,0.0,26.35,2.07,0.0
20210527:1830,0.0,0.0,26.1,1.86,0.0
20210527:1930,0.0,0.0,26.34,2.55,0.0
20210527:2030,0.0,0.0,26.32,2.97,0.0
20210527:2130,3.69,0.0,26.19,3.03,0.0
20210527:2230,472.56,13.8,26.21,2.76,0.0
20210527:2330,646.99,27.74,27.04,2.41,0.0
20210528:0030,711.43,41.67,28.0,1.59,0.0
20210528:0130,883.42,55.47,28.87,0.76,0.0
20210528:0230,917.45,68.64,29.73,0.76,0.0
20210528:0330,749.17,78.53,30.28,0.69,0.0
20210528:0430,623.59,75.14,30.25,1.52,0.0
20210528:0530,504.67,63.11,29.89,1.1,0.0
20210528:0630,266.84,49.56,30.04,0.62,0.0
20210528:0730,106.77,35.67,28.52,1.24,0.0
20210528:0830,101.74,21.71,28.03,1.93,0.0
20210528:0930,120.38,7.83,27.9,1.31,0.0
20210528:1030,0.0,-5.86,27.81,0.69,0.0
20210528:1130,0.0,0.0,27.23,1.24,0.0
20210528:1230,0.0,0.0,26.87,1.86,0.0
20210528:1330,0.0,0.0,26.57,2.07,0.0
20210528:1430,0.0,0.0,26.49,1.66,0.0
20210528:1530,0.0,0.0,26.22,1.66,0.0
20210528:1630,0.0,0.0,26.17,1.72,0.0
20210528:1730,0.0,0.0,26.22,2.07,0.0
20210528:1830,0.0,0.0,26.19,2.14,0.0
20210528:1930,0.0,0.0,25.58,2.76,0.0
20210528:2030,0.0,0.0,25.6,2.48,0.0
20210528:2130,2.94,0.01,25.57,2.07,0.0
20210528:2230,219.72,13.79,25.58,1.72,0.0
20210528:2330,451.01,27.72,26.11,0.97,0.0
20210529:0030,646.47,41.63,27.12,0.76,0.0
20210529:0130,752.04,55.41,28.13,1.1,0.0
20210529:0230,787.1,68.55,29.04,1.24,0.0
20210529:0330,648.67,78.37,29.81,1.17,0.0
20210529:0430,711.73,75.05,30.02,0.97,0.0
20210529:0530,546.07,63.09,30.12,1.1,0.0
20210529:0630,532.08,49.56,30.02,1.1,0.0
20210529:0730,504.4,35.69,30.77,2.62,0.0
20210529:0830,390.18,21.75,30.59,2.62,0.0
20210529:0930,247.29,7.88,30.32,2.34,0.0
20210529:1030,0.0,-5.79,29.69,1.86,0.0
20210529:1130,0.0,0.0,28.86,2.07,0.0
20210529:1230,0.0,0.0,28.36,2.28,0.0
20210529:1330,0.0,0.0,27.76,2.0,0.0
20210529:1430,0.0,0.0,27.17,1.86,0.0
20210529:1530,0.0,0.0,26.84,1.86,0.0
20210529:1630,0.0,0.0,26.55,1.31,0.0
20210529:1730,0.0,0.0,27.43,0.34,0.0
20210529:1830,0.0,0.0,26.38,0.34,0.0
20210529:1930,0.0,0.0,26.24,1.59,0.0
20210529:2030,0.0,0.0,25.83,1.38,0.0
20210529:2130,3.47,0.01,25.79,1.72,0.0
20210529:2230,329.11,13.78,25.87,2.0,0.0
20210529:2330,694.82,27.69,26.98,2.0,0.0
20210530:0030,713.75,41.58,27.88,2.28,0.0
20210530:0130,725.08,55.34,28.55,2.48,0.0
20210530:0230,479.99,68.45,28.93,2.34,0.0
20210530:0330,744.62,78.22,28.15,2.21,0.0
20210530:0430,698.76,74.97,28.65,3.24,0.0
20210530:0530,616.08,63.06,28.71,3.17,0.0
20210530:0630,561.78,49.57,29.13,3.31,0.0
20210530:0730,532.76,35.71,29.71,3.45,0.0
20210530:0830,298.18,21.79,29.69,3.24,0.0
20210530:0930,136.27,7.94,29.44,2.97,0.0
20210530:1030,0.0,-5.73,28.68,2.28,0.0
20210530:1130,0.0,0.0,28.07,2.07,0.0
20210530:1230,0.0,0.0,27.44,2.07,0.0
20210530:1330,0.0,0.0,27.1,2.21,0.0
20210530:1430,0.0,0.0,26.41,2.0,0.0
20210530:1530,0.0,0.0,26.26,2.0,0.0
20210530:1630,0.0,0.0,26.17,1.45,0.0
20210530:1730,0.0,0.0,25.9,1.24,0.0
20210530:1830,0.0,0.0,25.74,1.66,0.0
20210530:1930,0.0,0.0,25.53,1.45,0.0
20210530:2030,0.0,0.0,25.26,1.38,0.0
20210530:2130,3.74,0.01,25.51,0.97,0.0
20210530:2230,385.34,13.77,25.7,0.83,0.0
20210530:2330,614.26,27.67,26.94,0.9,0.0
20210531:0030,784.93,41.54,27.76,1.52,0.0
20210531:0130,781.36,55.28,28.65,1.79,0.0
20210531:0230,805.5,68.35,29.41,1.93,0.0
20210531:0330,742.91,78.07,30.06,1.86,0.0
20210531:0430,591.43,74.88,30.28,2.07,0.0
20210531:0530,467.73,63.04,30.22,2.28,0.0
20210531:0630,400.82,49.58,30.29,2.34,0.0
20210531:0730,322.4,35.74,29.58,2.55,0.0
20210531:0830,271.72,21.83,29.37,2.76,0.0
20210531:0930,135.26,7.99,29.3,2.48,0.0
20210531:1030,0.0,-5.66,28.76,2.0,0.0
20210531:1130,0.0,0.0,27.4,1.86,0.0
20210531:1230,0.0,0.0,26.68,2.07,0.0
20210531:1330,0.0,0.0,26.36,2.28,0.0
20210531:1430,0.0,0.0,26.17,2.41,0.0
20210531:1530,0.0,0.0,26.08,1.59,0.0
20210531:1630,0.0,0.0,26.11,0.62,0.0
20210531:1730,0.0,0.0,25.68,0.9,0.0
20210531:1830,0.0,0.0,25.78,0.76,0.0
20210531:1930,0.0,0.0,26.28,0.34,0.0
20210531:2030,0.0,0.0,25.47,0.83,0.0
20210531:2130,1.66,0.01,25.45,1.24,0.0
20210531:2230,56.41,13.75,25.09,0.83,0.0
20210531:2330,204.56,27.64,25.81,0.48,0.0
20210601:0030,350.52,41.49,26.46,1.45,0.0
20210601:0130,363.31,55.22,27.27,2.21,0.0
20210601:0230,357.03,68.26,27.81,2.41,0.0
20210601:0330,298.45,77.93,28.09,2.28,0.0
20210601:0430,272.39,74.81,28.25,2.0,0.0
20210601:0530,206.22,63.03,28.33,1.66,0.0
20210601:0630,169.4,49.59,28.07,2.14,0.0
20210601:0730,139.82,35.77,28.48,1.79,0.0
20210601:0830,68.09,21.87,28.42,1.45,0.0
20210601:0930,8.31,8.04,28.01,1.72,0.0
20210601:1030,0.0,-5.59,27.14,2.48,0.0
20210601:1130,0.0,0.0,26.52,2.41,0.0
20210601:1230,0.0,0.0,26.09,2.97,0.0
20210601:1330,0.0,0.0,26.06,3.17,0.0
20210601:1430,0.0,0.0,26.07,3.52,0.0
20210601:1530,0.0,0.0,26.02,3.59,0.0
20210601:1630,0.0,0.0,26.0,3.66,0.0
20210601:1730,0.0,0.0,26.02,3.59,0.0
20210601:1830,0.0,0.0,25.85,3.45,0.0
20210601:1930,0.0,0.0,25.78,4.55,0.0
20210601:2030,0.0,0.0,25.89,5.17,0.0
20210601:2130,0.43,0.0,26.09,6.07,0.0
20210601:2230,6.83,13.74,25.9,7.17,0.0
20210601:2330,15.02,27.61,25.74,8.07,0.0
20210602:0030,33.73,41.45,25.75,7.66,0.0
20210602:0130,53.02,55.15,25.78,8.0,0.0
20210602:0230,57.49,68.16,25.83,8.62,0.0
20210602:0330,71.54,77.79,25.95,8.48,0.0
20210602:0430,84.68,74.74,26.44,8.41,0.0
20210602:0530,129.53,63.01,26.51,7.59,0.0
20210602:0630,206.77,49.6,26.67,7.17,0.0
20210602:0730,238.22,35.8,26.95,4.9,0.0
20210602:0830,142.63,21.91,27.21,5.1,0.0
20210602:0930,55.17,8.1,27.36,4.83,0.0
20210602:1030,0.0,-5.53,27.35,4.41,0.0
20210602:1130,0.0,0.0,27.31,4.07,0.0
20210602:1230,0.0,0.0,27.25,4.0,0.0
20210602:1330,0.0,0.0,27.21,4.28,0.0
20210602:1430,0.0,0.0,27.08,4.21,0.0
20210602:1530,0.0,0.0,27.12,4.21,0.0
20210602:1630,0.0,0.0,27.0,4.41,0.0
20210602:1730,0.0,0.0,26.79,4.76,0.0
20210602:1830,0.0,0.0,26.75,4.76,0.0
20210602:1930,0.0,0.0,26.85,3.59,0.0
20210602:2030,0.0,0.0,26.75,3.52,0.0
20210602:2130,0.0,-0.0,26.73,3.45,0.0
20210602:2230,364.75,13.72,26.8,3.52,0.0
20210602:2330,612.73,27.57,27.18,3.66,0.0
20210603:0030,695.14,41.4,27.82,4.28,0.0
20210603:0130,810.16,55.09,28.31,4.28,0.0
20210603:0230,787.15,68.07,28.97,4.34,0.0
20210603:0330,760.9,77.66,29.41,4.34,0.0
20210603:0430,702.1,74.67,29.65,4.55,0.0
20210603:0530,767.02,63.0,29.47,5.03,0.0
20210603:0630,823.26,49.62,29.8,5.38,0.0
20210603:0730,753.4,35.83,30.09,4.76,0.0
20210603:0830,700.37,21.95,29.71,4.41,0.0
20210603:0930,465.55,8.15,29.44,3.72,0.0
20210603:1030,0.0,-5.46,28.67,2.83,0.0
20210603:1130,0.0,0.0,27.96,2.48,0.0
20210603:1230,0.0,0.0,27.52,2.41,0.0
20210603:1330,0.0,0.0,27.21,2.34,0.0
20210603:1430,0.0,0.0,27.14,2.55,0.0
20210603:1530,0.0,0.0,26.96,2.76,0.0
20210603:1630,0.0,0.0,26.77,2.9,0.0
20210603:1730,0.0,0.0,26.68,2.76,0.0
20210603:1830,0.0,0.0,26.49,2.55,0.0
20210603:1930,0.0,0.0,26.09,2.21,0.0
20210603:2030,0.0,0.0,25.85,2.14,0.0
20210603:2130,0.0,-0.01,25.75,2.07,0.0
20210603:2230,261.9,13.69,25.89,2.21,0.0
20210603:2330,462.39,27.54,27.09,2.48,0.0
20210604:0030,565.52,41.35,28.07,2.69,0.0
20210604:0130,561.11,55.02,28.58,2.69,0.0
20210604:0230,727.64,67.98,28.99,2.83,0.0
20210604:0330,770.6,77.54,29.67,3.03,0.0
20210604:0430,697.31,74.61,30.19,3.45,0.0
20210604:0530,781.96,62.99,29.47,3.72,0.0
20210604:0630,663.74,49.63,29.83,3.86,0.0
20210604:0730,608.72,35.86,30.18,4.07,0.0
20210604:0830,416.08,22.0,29.91,3.52,0.0
20210604:0930,192.85,8.2,29.63,2.62,0.0
20210604:1030,0.0,-5.4,28.98,2.28,0.0
20210604:1130,0.0,0.0,28.31,2.21,0.0
20210604:1230,0.0,0.0,27.83,2.34,0.0
20210604:1330,0.0,0.0,27.63,2.41,0.0
20210604:1430,0.0,0.0,27.5,2.34,0.0
20210604:1530,0.0,0.0,27.42,2.41,0.0
20210604:1630,0.0,0.0,27.24,2.48,0.0
20210604:1730,0.0,0.0,27.06,2.34,0.0
20210604:1830,0.0,0.0,27.0,2.34,0.0
20210604:1930,0.0,0.0,26.93,2.28,0.0
20210604:2030,0.0,0.0,26.71,2.34,0.0
20210604:2130,0.0,-0.03,26.48,2.14,0.0
20210604:2230,138.29,13.67,26.57,2.14,0.0
20210604:2330,194.75,27.5,27.4,2.07,0.0
20210605:0030,313.03,41.3,27.69,2.55,0.0
20210605:0130,449.15,54.96,27.95,2.9,0.0
20210605:0230,634.02,67.89,28.47,3.24,0.0
20210605:0330,575.72,77.42,29.12,3.66,0.0
20210605:0430,542.19,74.55,29.26,3.93,0.0
20210605:0530,431.08,62.99,29.15,4.14,0.0
20210605:0630,351.37,49.65,28.48,3.79,0.0
20210605:0730,177.32,35.89,29.05,2.62,0.0
20210605:0830,136.59,22.04,28.26,1.66,0.0
20210605:0930,25.1,8.26,28.0,1.03,0.0
20210605:1030,0.0,-5.33,27.36,0.41,0.0
20210605:1130,0.0,0.0,26.54,0.62,0.0
20210605:1230,0.0,0.0,26.32,1.1,0.0
20210605:1330,0.0,0.0,26.17,0.83,0.0
20210605:1430,0.0,0.0,25.78,1.24,0.0
20210605:1530,0.0,0.0,26.03,2.28,0.0
20210605:1630,0.0,0.0,25.86,2.41,0.0
20210605:1730,0.0,0.0,25.87,2.48,0.0
20210605:1830,0.0,0.0,25.75,2.55,0.0
20210605:1930,0.0,0.0,25.63,2.83,0.0
20210605:2030,0.0,0.0,25.46,2.62,0.0
20210605:2130,0.0,-0.04,25.35,2.14,0.0
20210605:2230,12.33,13.64,25.36,1.79,0.0
20210605:2330,67.61,27.47,25.43,1.52,0.0
20210606:0030,209.35,41.25,25.79,1.66,0.0
20210606:0130,271.39,54.89,26.21,2.07,0.0
20210606:0230,415.98,67.81,26.42,2.28,0.0
20210606:0330,467.05,77.31,27.15,2.62,0.0
20210606:0430,443.47,74.49,27.78,3.03,0.0
20210606:0530,305.65,62.98,27.83,3.86,0.0
20210606:0630,236.52,49.67,27.2,4.21,0.0
20210606:0730,109.21,35.93,27.18,3.59,0.0
20210606:0830,75.78,22.09,27.14,2.76,0.0
20210606:0930,51.06,8.31,27.26,2.0,0.0
20210606:1030,0.0,-5.27,27.13,1.52,0.0
20210606:1130,0.0,0.0,26.75,1.93,0.0
20210606:1230,0.0,0.0,26.39,2.07,0.0
20210606:1330,0.0,0.0,26.24,2.34,0.0
20210606:1430,0.0,0.0,26.13,2.34,0.0
20210606:1530,0.0,0.0,26.06,2.28,0.0
20210606:1630,0.0,0.0,25.99,2.21,0.0
20210606:1730,0.0,0.0,25.79,2.0,0.0
20210606:1830,0.0,0.0,25.58,2.0,0.0
20210606:1930,0.0,0.0,25.6,2.48,0.0
20210606:2030,0.0,0.0,25.56,2.55,0.0
20210606:2130,0.0,-0.06,25.37,1.79,0.0
20210606:2230,128.97,13.61,25.25,1.52,0.0
20210606:2330,318.33,27.43,26.44,0.9,0.0
20210607:0030,277.6,41.2,26.96,1.1,0.0
20210607:0130,355.81,54.83,27.04,1.45,0.0
20210607:0230,482.14,67.72,27.45,2.21,0.0
20210607:0330,402.3,77.2,27.73,2.21,0.0
20210607:0430,461.96,74.45,27.59,2.41,0.0
20210607:0530,355.47,62.98,27.66,2.69,0.0
20210607:0630,485.65,49.69,27.53,3.24,0.0
20210607:0730,248.3,35.96,28.22,3.52,0.0
20210607:0830,180.36,22.13,28.13,3.38,0.0
20210607:0930,103.54,8.37,28.02,2.97,0.0
20210607:1030,0.0,-5.2,27.55,2.69,0.0
20210607:1130,0.0,0.0,27.31,2.69,0.0
20210607:1230,0.0,0.0,27.05,2.41,0.0
20210607:1330,0.0,0.0,26.57,2.28,0.0
20210607:1430,0.0,0.0,26.21,2.07,0.0
20210607:1530,0.0,0.0,25.75,1.93,0.0
20210607:1630,0.0,0.0,25.65,2.0,0.0
20210607:1730,0.0,0.0,25.44,2.28,0.0
20210607:1830,0.0,0.0,25.27,2.34,0.0
20210607:1930,0.0,0.0,25.12,2.14,0.0
20210607:2030,0.0,0.0,25.03,2.21,0.0
20210607:2130,0.0,-0.08,25.07,2.69,0.0
20210607:2230,56.37,13.58,25.21,2.69,0.0
20210607:2330,251.66,27.39,25.8,2.41,0.0
20210608:0030,436.56,41.15,26.51,2.69,0.0
20210608:0130,558.1,54.76,27.21,2.83,0.0
20210608:0230,522.21,67.64,27.75,3.17,0.0
20210608:0330,570.24,77.1,27.96,3.52,0.0
20210608:0430,610.87,74.4,27.99,3.93,0.0
20210608:0530,500.44,62.99,27.85,3.86,0.0
20210608:0630,465.8,49.72,27.8,3.31,0.0
20210608:0730,347.51,36.0,28.16,3.03,0.0
20210608:0830,174.58,22.18,28.3,2.97,0.0
20210608:0930,69.52,8.42,27.83,2.9,0.0
20210608:1030,0.0,-5.14,26.86,2.14,0.0
20210608:1130,0.0,0.0,26.17,1.79,0.0
20210608:1230,0.0,0.0,25.86,1.79,0.0
20210608:1330,0.0,0.0,25.64,2.48,0.0
20210608:1430,0.0,0.0,25.49,2.48,0.0
20210608:1530,0.0,0.0,25.5,2.41,0.0
20210608:1630,0.0,0.0,25.46,2.34,0.0
20210608:1730,0.0,0.0,25.4,2.41,0.0
20210608:1830,0.0,0.0,25.4,2.48,0.0
20210608:1930,0.0,0.0,25.21,2.48,0.0
20210608:2030,0.0,0.0,25.16,2.41,0.0
20210608:2130,0.0,-0.1,25.12,2.48,0.0
20210608:2230,91.08,13.55,25.15,2.41,0.0
20210608:2330,298.42,27.35,25.94,2.55,0.0
20210609:0030,368.82,41.1,26.66,3.03,0.0
20210609:0130,295.22,54.7,27.17,3.1,0.0
20210609:0230,323.46,67.56,27.24,2.97,0.0
20210609:0330,430.2,77.0,27.48,3.1,0.0
20210609:0430,371.22,74.37,27.65,3.17,0.0
20210609:0530,299.06,63.0,27.63,3.38,0.0
20210609:0630,348.63,49.74,27.71,3.59,0.0
20210609:0730,110.11,36.04,27.66,3.72,0.0
20210609:0830,49.61,22.23,26.71,3.24,0.0
20210609:0930,17.98,8.48,26.22,2.97,0.0
20210609:1030,0.0,-5.08,26.03,2.62,0.0
20210609:1130,0.0,0.0,25.86,2.21,0.0
20210609:1230,0.0,0.0,25.81,2.0,0.0
20210609:1330,0.0,0.0,25.74,1.93,0.0
20210609:1430,0.0,0.0,25.45,1.72,0.0
20210609:1530,0.0,0.0,25.25,1.86,0.0
20210609:1630,0.0,0.0,25.12,1.72,0.0
20210609:1730,0.0,0.0,25.09,1.72,0.0
20210609:1830,0.0,0.0,25.08,1.79,0.0
20210609:1930,0.0,0.0,25.22,2.07,0.0
20210609:2030,0.0,0.0,25.1,1.86,0.0
20210609:2130,0.0,-0.13,25.22,2.07,0.0
20210609:2230,224.85,13.52,25.39,2.48,0.0
20210609:2330,564.49,27.3,26.2,2.97,0.0
20210610:0030,543.05,41.05,26.9,3.59,0.0
20210610:0130,577.6,54.64,27.21,4.14,0.0
20210610:0230,623.43,67.48,27.79,4.69,0.0
20210610:0330,778.53,76.91,28.1,4.34,0.0
20210610:0430,604.17,74.33,28.67,4.21,0.0
20210610:0530,329.89,63.0,27.7,3.93,0.0
20210610:0630,474.04,49.77,27.61,3.24,0.0
20210610:0730,143.64,36.08,27.77,3.79,0.0
20210610:0830,36.02,22.28,27.56,3.1,0.0
20210610:0930,9.7,8.53,27.22,2.55,0.0
20210610:1030,0.0,-5.01,26.86,2.28,0.0
20210610:1130,0.0,0.0,26.52,2.07,0.0
20210610:1230,0.0,0.0,26.23,1.86,0.0
20210610:1330,0.0,0.0,26.15,2.14,0.0
20210610:1430,0.0,0.0,25.81,2.48,0.0
20210610:1530,0.0,0.0,25.74,2.83,0.0
20210610:1630,0.0,0.0,25.66,2.62,0.0
20210610:1730,0.0,0.0,25.65,2.69,0.0
20210610:1830,0.0,0.0,25.41,2.55,0.0
20210610:1930,0.0,0.0,25.55,2.28,0.0
20210610:2030,0.0,0.0,25.46,2.41,0.0
20210610:2130,0.0,-0.15,25.44,2.48,0.0
20210610:2230,166.78,13.48,25.93,2.34,0.0
20210610:2330,287.73,27.26,26.41,2.69,0.0
20210611:0030,599.33,40.99,27.04,3.17,0.0
20210611:0130,588.59,54.58,27.54,3.38,0.0
20210611:0230,440.5,67.41,28.01,3.38,0.0
20210611:0330,579.9,76.82,27.17,2.83,0.0
20210611:0430,483.19,74.31,27.72,2.83,0.0
20210611:0530,661.57,63.02,27.83,2.62,0.0
20210611:0630,497.01,49.8,28.23,3.86,0.0
20210611:0730,152.91,36.12,27.66,3.86,0.0
20210611:0830,106.73,22.32,27.42,2.97,0.0
20210611:0930,12.95,8.59,27.44,2.41,0.0
20210611:1030,0.0,-4.95,26.67,2.14,0.0
20210611:1130,0.0,0.0,26.17,2.62,0.0
20210611:1230,0.0,0.0,25.91,1.86,0.0
20210611:1330,0.0,0.0,25.53,1.24,0.0
20210611:1430,0.0,0.0,25.4,1.45,0.0
20210611:1530,0.0,0.0,25.26,1.38,0.0
20210611:1630,0.0,0.0,24.99,1.38,0.0
20210611:1730,0.0,0.0,24.95,1.38,0.0
20210611:1830,0.0,0.0,24.87,1.52,0.0
20210611:1930,0.0,0.0,25.34,1.86,0.0
20210611:2030,0.0,0.0,25.62,2.55,0.0
20210611:2130,0.0,-0.18,25.57,2.69,0.0
20210611:2230,170.3,13.45,25.96,2.14,0.0
20210611:2330,171.03,27.22,26.42,2.07,0.0
20210612:0030,459.89,40.94,26.56,2.07,0.0
20210612:0130,599.48,54.52,26.99,2.48,0.0
20210612:0230,632.18,67.33,27.73,2.48,0.0
20210612:0330,710.7,76.75,28.2,2.0,0.0
20210612:0430,599.73,74.28,28.58,1.86,0.0
20210612:0530,400.81,63.03,28.57,2.07,0.0
20210612:0630,146.52,49.83,28.39,2.0,0.0
20210612:0730,170.5,36.16,27.83,1.24,0.0
20210612:0830,183.26,22.37,27.84,1.24,0.0
20210612:0930,182.63,8.64,27.66,1.24,0.0
20210612:1030,0.0,-4.89,27.18,1.17,0.0
20210612:1130,0.0,0.0,26.35,2.0,0.0
20210612:1230,0.0,0.0,25.93,1.52,0.0
20210612:1330,0.0,0.0,25.44,1.59,0.0
20210612:1430,0.0,0.0,25.39,1.86,0.0
20210612:1530,0.0,0.0,25.22,1.66,0.0
20210612:1630,0.0,0.0,25.17,1.93,0.0
20210612:1730,0.0,0.0,25.28,2.34,0.0
20210612:1830,0.0,0.0,25.19,2.76,0.0
20210612:1930,0.0,0.0,25.04,1.66,0.0
20210612:2030,0.0,0.0,25.01,1.66,0.0
20210612:2130,0.0,-0.21,24.96,1.79,0.0
20210612:2230,102.76,13.41,25.25,2.62,0.0
20210612:2330,121.1,27.17,25.45,2.55,0.0
20210613:0030,319.52,40.89,25.71,2.69,0.0
20210613:0130,333.65,54.46,26.21,3.31,0.0
20210613:0230,488.71,67.26,26.33,3.1,0.0
20210613:0330,557.28,76.67,26.84,2.83,0.0
20210613:0430,507.17,74.27,26.76,3.24,0.0
20210613:0530,396.08,63.05,26.82,2.62,0.0
20210613:0630,295.04,49.87,27.01,2.62,0.0
20210613:0730,157.07,36.2,27.79,0.83,0.0
20210613:0830,66.3,22.42,27.78,0.14,0.0
20210613:0930,14.17,8.7,27.49,1.17,0.0
20210613:1030,0.0,-4.83,26.53,1.79,0.0
20210613:1130,0.0,0.0,26.2,1.86,0.0
20210613:1230,0.0,0.0,25.97,1.93,0.0
20210613:1330,0.0,0.0,25.71,2.0,0.0
20210613:1430,0.0,0.0,25.47,1.79,0.0
20210613:1530,0.0,0.0,25.28,1.86,0.0
20210613:1630,0.0,0.0,25.36,1.93,0.0
20210613:1730,0.0,0.0,25.33,1.93,0.0
20210613:1830,0.0,0.0,25.24,1.79,0.0
20210613:1930,0.0,0.0,25.04,1.31,0.0
20210613:2030,0.0,0.0,24.9,1.17,0.0
20210613:2130,0.0,-0.25,24.52,1.24,0.0
20210613:2230,189.55,13.37,24.47,1.24,0.0
20210613:2330,453.24,27.12,25.59,1.17,0.0
20210614:0030,624.13,40.84,26.48,1.45,0.0
20210614:0130,824.99,54.4,27.13,1.93,0.0
20210614:0230,803.74,67.2,27.91,2.07,0.0
20210614:0330,872.95,76.61,28.47,2.14,0.0
20210614:0430,851.77,74.26,29.04,2.28,0.0
20210614:0530,732.24,63.07,29.34,2.41,0.0
20210614:0630,661.99,49.9,29.55,2.76,0.0
20210614:0730,304.79,36.24,30.12,3.17,0.0
20210614:0830,342.52,22.47,28.52,2.9,0.0
20210614:0930,204.43,8.75,28.45,2.62,0.0
20210614:1030,0.0,-4.78,27.77,2.34,0.0
20210614:1130,0.0,0.0,27.31,2.07,0.0
20210614:1230,0.0,0.0,26.91,2.34,0.0
20210614:1330,0.0,0.0,26.6,2.48,0.0
20210614:1430,0.0,0.0,26.52,2.28,0.0
20210614:1530,0.0,0.0,26.14,2.14,0.0
20210614:1630,0.0,0.0,25.85,2.14,0.0
20210614:1730,0.0,0.0,25.48,1.86,0.0
20210614:1830,0.0,0.0,25.13,1.79,0.0
20210614:1930,0.0,0.0,25.51,1.24,0.0
20210614:2030,0.0,0.0,25.62,1.03,0.0
20210614:2130,0.0,-0.28,26.07,0.9,0.0
20210614:2230,414.37,13.33,25.56,0.9,0.0
20210614:2330,561.48,27.08,26.59,1.45,0.0
20210615:0030,861.67,40.79,27.44,2.69,0.0
20210615:0130,864.86,54.34,28.32,3.17,0.0
20210615:0230,870.17,67.13,28.91,3.52,0.0
20210615:0330,875.57,76.55,29.42,3.52,0.0
20210615:0430,939.49,74.25,29.65,3.38,0.0
20210615:0530,896.66,63.1,29.98,3.45,0.0
20210615:0630,645.06,49.94,30.01,3.03,0.0
20210615:0730,705.77,36.29,30.45,3.38,0.0
20210615:0830,336.87,22.52,29.99,3.52,0.0
20210615:0930,137.05,8.8,29.33,1.93,0.0
20210615:1030,0.0,-4.72,28.83,1.93,0.0
20210615:1130,0.0,0.0,27.93,1.66,0.0
20210615:1230,0.0,0.0,27.32,1.66,0.0
20210615:1330,0.0,0.0,26.71,1.59,0.0
20210615:1430,0.0,0.0,26.32,1.52,0.0
20210615:1530,0.0,0.0,26.06,1.66,0.0
20210615:1630,0.0,0.0,25.64,1.38,0.0
20210615:1730,0.0,0.0,25.54,1.59,0.0
20210615:1830,0.0,0.0,25.34,1.52,0.0
20210615:1930,0.0,0.0,25.51,2.07,0.0
20210615:2030,0.0,0.0,25.37,1.93,0.0
20210615:2130,0.0,-0.32,25.41,2.07,0.0
20210615:2230,562.16,13.28,25.41,1.79,0.0
20210615:2330,729.15,27.03,27.13,1.72,0.0
20210616:0030,845.96,40.73,27.75,2.0,0.0
20210616:0130,839.84,54.28,28.54,2.07,0.0
20210616:0230,853.72,67.07,29.09,2.07,0.0
20210616:0330,709.57,76.49,29.4,2.0,0.0
20210616:0430,815.45,74.25,29.41,1.59,0.0
20210616:0530,559.42,63.13,29.27,1.52,0.0
20210616:0630,692.39,49.98,28.82,0.76,0.0
20210616:0730,494.18,36.33,29.99,1.59,0.0
20210616:0830,280.95,22.57,28.14,2.48,0.0
20210616:0930,136.04,8.86,27.45,2.34,0.0
20210616:1030,0.0,-4.66,26.7,2.07,0.0
20210616:1130,0.0,0.0,25.82,2.28,0.0
20210616:1230,0.0,0.0,25.42,2.21,0.0
20210616:1330,0.0,0.0,25.17,2.69,0.0
20210616:1430,0.0,0.0,25.23,2.14,0.0
20210616:1530,0.0,0.0,25.37,0.34,0.0
20210616:1630,0.0,0.0,25.29,0.9,0.0
20210616:1730,0.0,0.0,25.71,0.69,0.0
20210616:1830,0.0,0.0,26.23,0.41,0.0
20210616:1930,0.0,0.0,25.81,0.9,0.0
20210616:2030,0.0,0.0,26.21,0.55,0.0
20210616:2130,0.0,-0.36,25.56,0.69,0.0
20210616:2230,261.39,13.24,24.96,1.03,0.0
20210616:2330,637.74,26.98,26.17,0.41,0.0
20210617:0030,792.56,40.68,26.94,0.21,0.0
20210617:0130,911.0,54.23,27.89,0.55,0.0
20210617:0230,855.13,67.01,28.79,1.1,0.0
20210617:0330,953.44,76.44,29.28,1.52,0.0
20210617:0430,814.11,74.25,29.75,1.86,0.0
20210617:0530,712.37,63.16,29.76,2.14,0.0
20210617:0630,794.01,50.02,29.34,2.07,0.0
20210617:0730,613.0,36.38,30.18,1.45,0.0
20210617:0830,512.89,22.62,29.91,1.93,0.0
20210617:0930,387.17,8.91,29.54,2.07,0.0
20210617:1030,0.0,-4.61,29.01,2.0,0.0
20210617:1130,0.0,0.0,28.35,1.66,0.0
20210617:1230,0.0,0.0,27.43,1.45,0.0
20210617:1330,0.0,0.0,27.87,0.97,0.0
20210617:1430,0.0,0.0,28.42,0.69,0.0
20210617:1530,0.0,0.0,28.26,0.34,0.0
20210617:1630,0.0,0.0,27.98,0.28,0.0
20210617:1730,0.0,0.0,27.6,0.62,0.0
20210617:1830,0.0,0.0,27.28,0.41,0.0
20210617:1930,0.0,0.0,25.17,1.17,0.0
20210617:2030,0.0,0.0,25.24,1.45,0.0
20210617:2130,0.0,-0.4,25.2,1.38,0.0
20210617:2230,398.32,13.2,25.2,1.17,0.0
20210617:2330,635.35,26.94,26.28,0.62,0.0
20210618:0030,793.58,40.63,27.27,0.14,0.0
20210618:0130,929.86,54.18,28.36,1.1,0.0
20210618:0230,900.83,66.96,29.16,1.66,0.0
20210618:0330,855.38,76.4,29.64,2.0,0.0
20210618:0430,752.88,74.26,29.72,2.69,0.0
20210618:0530,834.34,63.19,29.61,2.28,0.0
20210618:0630,633.25,50.06,29.77,2.34,0.0
20210618:0730,431.09,36.42,30.2,2.83,0.0
20210618:0830,458.67,22.67,29.63,2.9,0.0
20210618:0930,314.1,8.96,29.39,2.62,0.0
20210618:1030,0.0,-4.56,28.87,2.07,0.0
20210618:1130,0.0,0.0,27.93,1.72,0.0
20210618:1230,0.0,0.0,27.24,1.93,0.0
20210618:1330,0.0,0.0,26.81,2.28,0.0
20210618:1430,0.0,0.0,26.49,2.21,0.0
20210618:1530,0.0,0.0,26.25,2.14,0.0
20210618:1630,0.0,0.0,26.17,2.48,0.0
20210618:1730,0.0,0.0,25.86,2.9,0.0
20210618:1830,0.0,0.0,25.57,3.17,0.0
20210618:1930,0.0,0.0,25.66,2.9,0.0
20210618:2030,0.0,0.0,25.58,2.55,0.0
20210618:2130,0.0,-0.44,25.51,2.9,0.0
20210618:2230,137.7,13.15,25.16,2.76,0.0
20210618:2330,249.83,26.89,25.52,2.34,0.0
20210619:0030,538.29,40.58,26.11,2.9,0.0
20210619:0130,583.5,54.12,26.96,3.66,0.0
20210619:0230,767.43,66.91,27.62,4.14,0.0
20210619:0330,865.17,76.37,28.24,3.79,0.0
20210619:0430,830.5,74.28,28.78,3.66,0.0
20210619:0530,914.72,63.23,29.05,4.14,0.0
20210619:0630,435.13,50.11,29.22,4.41,0.0
20210619:0730,461.37,36.47,28.03,4.48,0.0
20210619:0830,421.12,22.72,28.21,4.55,0.0
20210619:0930,152.58,9.01,28.04,3.79,0.0
20210619:1030,0.0,-4.5,27.66,3.52,0.0
20210619:1130,0.0,0.0,27.23,3.1,0.0
20210619:1230,0.0,0.0,26.95,3.1,0.0
20210619:1330,0.0,0.0,26.79,2.83,0.0
20210619:1430,0.0,0.0,26.6,2.55,0.0
20210619:1530,0.0,0.0,26.42,2.69,0.0
20210619:1630,0.0,0.0,26.26,2.76,0.0
20210619:1730,0.0,0.0,26.28,2.9,0.0
20210619:1830,0.0,0.0,25.97,2.97,0.0
20210619:1930,0.0,0.0,26.26,2.9,0.0
20210619:2030,0.0,0.0,26.04,2.83,0.0
20210619:2130,0.0,-0.48,25.98,2.9,0.0
20210619:2230,181.99,13.11,25.83,3.31,0.0
20210619:2330,373.77,26.84,26.25,3.79,0.0
20210620:0030,585.65,40.53,26.88,4.14,0.0
20210620:0130,599.56,54.07,27.53,4.21,0.0
20210620:0230,799.53,66.86,27.98,4.55,0.0
20210620:0330,619.07,76.34,28.55,4.9,0.0
20210620:0430,800.7,74.3,28.57,4.97,0.0
20210620:0530,792.7,63.27,29.0,5.79,0.0
20210620:0630,641.51,50.15,28.89,6.21,0.0
20210620:0730,582.98,36.52,28.75,5.45,0.0
20210620:0830,490.68,22.76,28.61,4.97,0.0
20210620:0930,191.16,9.06,28.29,4.83,0.0
20210620:1030,0.0,-4.45,27.51,4.21,0.0
20210620:1130,0.0,0.0,27.0,3.79,0.0
20210620:1230,0.0,0.0,26.87,3.24,0.0
20210620:1330,0.0,0.0,26.62,2.9,0.0
20210620:1430,0.0,0.0,26.18,3.03,0.0
20210620:1530,0.0,0.0,25.94,3.17,0.0
20210620:1630,0.0,0.0,25.65,3.24,0.0
20210620:1730,0.0,0.0,25.31,3.79,0.0
20210620:1830,0.0,0.0,25.13,3.79,0.0
20210620:1930,0.0,0.0,25.45,3.45,0.0
20210620:2030,0.0,0.0,25.61,4.07,0.0
20210620:2130,0.0,-0.53,25.55,3.93,0.0
20210620:2230,120.81,13.06,25.69,3.45,0.0
20210620:2330,321.58,26.79,26.12,3.93,0.0
20210621:0030,434.64,40.48,26.73,4.41,0.0
20210621:0130,554.48,54.03,27.5,4.41,0.0
20210621:0230,697.97,66.82,28.02,4.9,0.0
20210621:0330,680.33,76.31,27.66,5.86,0.0
20210621:0430,487.14,74.33,27.36,5.31,0.0
20210621:0530,495.49,63.31,27.9,5.03,0.0
20210621:0630,545.41,50.2,28.16,5.17,0.0
20210621:0730,594.49,36.57,28.09,5.38,0.0
20210621:0830,199.53,22.81,27.85,4.41,0.0
20210621:0930,62.64,9.11,27.53,4.07,0.0
20210621:1030,0.0,-4.41,27.01,3.24,0.0
20210621:1130,0.0,0.0,26.36,3.31,0.0
20210621:1230,0.0,0.0,25.75,3.79,0.0
20210621:1330,0.0,0.0,25.61,4.07,0.0
20210621:1430,0.0,0.0,25.51,4.0,0.0
20210621:1530,0.0,0.0,25.53,3.17,0.0
20210621:1630,0.0,0.0,25.46,2.48,0.0
20210621:1730,0.0,0.0,25.4,3.03,0.0
20210621:1830,0.0,0.0,25.45,3.45,0.0
20210621:1930,0.0,0.0,25.12,3.52,0.0
20210621:2030,0.0,0.0,25.26,3.03,0.0
20210621:2130,0.0,-0.57,25.17,2.76,0.0
20210621:2230,205.31,13.01,25.17,3.1,0.0
20210621:2330,470.36,26.74,25.79,3.52,0.0
20210622:0030,560.5,40.44,26.43,3.79,0.0
20210622:0130,618.39,53.98,26.99,3.79,0.0
20210622:0230,816.63,66.77,27.65,3.79,0.0
20210622:0330,792.39,76.3,28.44,4.07,0.0
20210622:0430,828.07,74.36,28.79,4.55,0.0
20210622:0530,766.85,63.36,28.78,5.03,0.0
20210622:0630,770.03,50.25,28.84,5.1,0.0
20210622:0730,607.62,36.62,29.16,4.07,0.0
20210622:0830,387.77,22.86,29.07,4.0,0.0
20210622:0930,187.53,9.16,28.52,3.45,0.0
20210622:1030,0.0,-4.36,27.79,3.52,0.0
20210622:1130,0.0,0.0,27.24,3.45,0.0
20210622:1230,0.0,0.0,26.99,3.03,0.0
20210622:1330,0.0,0.0,26.79,2.48,0.0
20210622:1430,0.0,0.0,26.53,2.41,0.0
20210622:1530,0.0,0.0,26.31,2.62,0.0
20210622:1630,0.0,0.0,25.97,3.38,0.0
20210622:1730,0.0,0.0,25.72,3.59,0.0
20210622:1830,0.0,0.0,25.61,2.97,0.0
20210622:1930,0.0,0.0,25.96,2.34,0.0
20210622:2030,0.0,0.0,25.59,2.28,0.0
20210622:2130,0.0,-0.62,25.33,2.21,0.0
20210622:2230,380.16,12.96,25.3,2.14,0.0
20210622:2330,746.59,26.69,26.96,1.86,0.0
20210623:0030,863.73,40.39,27.93,2.41,0.0
20210623:0130,886.55,53.93,28.59,2.34,0.0
20210623:0230,931.99,66.74,29.28,2.34,0.0
20210623:0330,923.73,76.29,29.76,2.48,0.0
20210623:0430,906.27,74.39,29.97,2.55,0.0
20210623:0530,727.62,63.4,30.09,2.69,0.0
20210623:0630,746.82,50.3,29.38,3.03,0.0
20210623:0730,540.89,36.67,29.75,2.55,0.0
20210623:0830,379.17,22.91,29.4,2.0,0.0
20210623:0930,110.45,9.2,29.14,1.86,0.0
20210623:1030,0.0,-4.31,27.92,2.28,0.0
20210623:1130,0.0,0.0,27.28,2.41,0.0
20210623:1230,0.0,0.0,26.93,2.28,0.0
20210623:1330,0.0,0.0,26.55,2.0,0.0
20210623:1430,0.0,0.0,26.23,2.0,0.0
20210623:1530,0.0,0.0,25.96,2.0,0.0
20210623:1630,0.0,0.0,25.86,2.0,0.0
20210623:1730,0.0,0.0,25.64,1.86,0.0
20210623:1830,0.0,0.0,25.42,2.07,0.0
20210623:1930,0.0,0.0,25.86,1.93,0.0
20210623:2030,0.0,0.0,25.85,2.41,0.0
20210623:2130,0.0,-0.67,25.78,2.41,0.0
20210623:2230,225.19,12.91,25.75,2.34,0.0
20210623:2330,414.39,26.65,26.68,2.21,0.0
20210624:0030,473.85,40.34,26.99,2.14,0.0
20210624:0130,548.52,53.89,27.35,2.14,0.0
20210624:0230,619.16,66.7,27.71,2.34,0.0
20210624:0330,617.23,76.28,27.26,2.69,0.0
20210624:0430,656.49,74.43,27.54,2.0,0.0
20210624:0530,526.28,63.45,28.09,2.28,0.0
20210624:0630,414.49,50.35,28.31,2.14,0.0
20210624:0730,361.11,36.71,29.01,2.28,0.0
20210624:0830,270.87,22.96,28.85,2.34,0.0
20210624:0930,29.11,9.25,28.43,2.34,0.0
20210624:1030,0.0,-4.27,27.7,2.34,0.0
20210624:1130,0.0,0.0,27.04,1.93,0.0
20210624:1230,0.0,0.0,26.54,1.72,0.0
20210624:1330,0.0,0.0,26.21,1.52,0.0
20210624:1430,0.0,0.0,27.07,0.48,0.0
20210624:1530,0.0,0.0,27.09,0.14,0.0
20210624:1630,0.0,0.0,26.94,0.62,0.0
20210624:1730,0.0,0.0,26.61,0.9,0.0
20210624:1830,0.0,0.0,24.88,1.45,0.0
20210624:1930,0.0,0.0,25.04,1.45,0.0
20210624:2030,0.0,0.0,25.02,1.59,0.0
20210624:2130,0.0,-0.72,25.0,1.79,0.0
20210624:2230,359.98,12.86,25.12,1.93,0.0
20210624:2330,515.78,26.6,26.71,1.93,0.0
20210625:0030,796.35,40.3,27.31,1.72,0.0
20210625:0130,863.15,53.85,28.11,1.86,0.0
20210625:0230,786.55,66.67,28.84,2.41,0.0
20210625:0330,559.39,76.28,29.16,2.76,0.0
20210625:0430,514.5,74.48,29.05,2.9,0.0
20210625:0530,456.77,63.51,28.34,2.76,0.0
20210625:0630,290.21,50.4,28.57,2.69,0.0
20210625:0730,274.9,36.76,29.28,2.07,0.0
20210625:0830,199.33,23.0,28.63,2.41,0.0
20210625:0930,214.68,9.29,28.29,2.14,0.0
20210625:1030,0.0,-4.23,27.94,1.31,0.0
20210625:1130,0.0,0.0,28.04,0.28,0.0
20210625:1230,0.0,0.0,27.9,0.48,0.0
20210625:1330,0.0,0.0,27.23,0.9,0.0
20210625:1430,0.0,0.0,26.41,1.1,0.0
20210625:1530,0.0,0.0,26.9,0.97,0.0
20210625:1630,0.0,0.0,26.86,0.62,0.0
20210625:1730,0.0,0.0,26.79,0.34,0.0
20210625:1830,0.0,0.0,26.79,0.34,0.0
20210625:1930,0.0,0.0,26.71,0.21,0.0
20210625:2030,0.0,0.0,26.76,0.21,0.0
20210625:2130,0.0,-0.77,26.38,0.69,0.0
20210625:2230,366.07,12.81,26.49,0.76,0.0
20210625:2330,678.18,26.55,27.07,0.41,0.0
20210626:0030,771.4,40.25,27.9,0.28,0.0
20210626:0130,752.5,53.81,28.52,0.9,0.0
20210626:0230,781.16,66.64,28.85,1.17,0.0
20210626:0330,672.46,76.29,29.23,1.17,0.0
20210626:0430,669.21,74.53,29.46,1.38,0.0
20210626:0530,667.36,63.56,29.48,1.24,0.0
20210626:0630,504.06,50.45,29.19,1.52,0.0
20210626:0730,349.12,36.81,29.55,0.97,0.0
20210626:0830,303.05,23.05,29.14,0.9,0.0
20210626:0930,96.55,9.34,28.31,0.9,0.0
20210626:1030,0.0,-4.19,27.4,1.1,0.0
20210626:1130,0.0,0.0,26.85,0.83,0.0
20210626:1230,0.0,0.0,26.82,0.55,0.0
20210626:1330,0.0,0.0,26.59,0.83,0.0
20210626:1430,0.0,0.0,26.19,1.03,0.0
20210626:1530,0.0,0.0,27.08,0.69,0.0
20210626:1630,0.0,0.0,27.0,0.34,0.0
20210626:1730,0.0,0.0,26.31,0.28,0.0
20210626:1830,0.0,0.0,26.19,0.83,0.0
20210626:1930,0.0,0.0,25.12,1.93,0.0
20210626:2030,0.0,0.0,24.87,1.72,0.0
20210626:2130,0.0,-0.83,24.95,2.21,0.0
20210626:2230,72.7,12.76,24.94,2.48,0.0
20210626:2330,186.39,26.5,25.33,2.69,0.0
20210627:0030,418.6,40.21,25.6,2.9,0.0
20210627:0130,551.18,53.78,26.39,2.55,0.0
20210627:0230,588.36,66.62,27.24,2.21,0.0
20210627:0330,665.83,76.3,27.93,1.93,0.0
20210627:0430,704.13,74.59,28.65,1.66,0.0
20210627:0530,630.46,63.62,29.14,1.52,0.0
20210627:0630,739.97,50.5,29.12,2.07,0.0
20210627:0730,383.76,36.86,29.7,1.93,0.0
20210627:0830,300.09,23.1,28.41,1.24,0.0
20210627:0930,115.79,9.38,28.39,0.97,0.0
20210627:1030,0.0,-4.15,28.01,1.17,0.0
20210627:1130,0.0,0.0,27.26,1.31,0.0
20210627:1230,0.0,0.0,26.9,0.97,0.0
20210627:1330,0.0,0.0,26.07,1.45,0.0
20210627:1430,0.0,0.0,26.5,1.03,0.0
20210627:1530,0.0,0.0,26.91,0.9,0.0
20210627:1630,0.0,0.0,27.16,0.48,0.0
20210627:1730,0.0,0.0,26.56,0.34,0.0
20210627:1830,0.0,0.0,24.96,1.17,0.0
20210627:1930,0.0,0.0,25.16,1.24,0.0
20210627:2030,0.0,0.0,25.33,1.1,0.0
20210627:2130,0.0,-0.88,25.37,0.9,0.0
20210627:2230,117.26,12.71,25.35,0.97,0.0
20210627:2330,521.38,26.45,26.22,1.52,0.0
20210628:0030,645.18,40.17,27.01,2.0,0.0
20210628:0130,752.38,53.74,27.6,1.72,0.0
20210628:0230,781.59,66.6,28.2,1.66,0.0
20210628:0330,729.02,76.32,28.69,2.07,0.0
20210628:0430,823.12,74.65,29.0,2.41,0.0
20210628:0530,705.78,63.68,29.16,2.48,0.0
20210628:0630,678.04,50.56,28.88,2.62,0.0
20210628:0730,505.7,36.91,29.1,2.9,0.0
20210628:0830,446.32,23.14,27.91,2.69,0.0
20210628:0930,306.74,9.42,27.57,2.28,0.0
20210628:1030,0.0,-4.12,27.24,2.69,0.0
20210628:1130,0.0,0.0,26.9,2.34,0.0
20210628:1230,0.0,0.0,26.51,2.28,0.0
20210628:1330,0.0,0.0,26.2,1.86,0.0
20210628:1430,0.0,0.0,25.89,1.59,0.0
20210628:1530,0.0,0.0,25.6,1.31,0.0
20210628:1630,0.0,0.0,25.43,1.17,0.0
20210628:1730,0.0,0.0,25.68,0.97,0.0
20210628:1830,0.0,0.0,25.07,1.03,0.0
20210628:1930,0.0,0.0,24.88,1.72,0.0
20210628:2030,0.0,0.0,24.83,1.45,0.0
20210628:2130,0.0,-0.93,26.58,0.62,0.0
20210628:2230,349.26,12.66,26.5,0.62,0.0
20210628:2330,741.33,26.41,26.59,0.97,0.0
20210629:0030,710.0,40.13,27.25,1.45,0.0
20210629:0130,777.72,53.71,27.81,1.59,0.0
20210629:0230,804.33,66.58,28.43,1.72,0.0
20210629:0330,798.57,76.35,28.97,1.79,0.0
20210629:0430,876.9,74.72,29.42,2.07,0.0
20210629:0530,772.8,63.74,29.75,2.34,0.0
20210629:0630,763.04,50.61,29.62,2.62,0.0
20210629:0730,553.33,36.96,29.73,3.1,0.0
20210629:0830,510.4,23.19,29.58,3.1,0.0
20210629:0930,301.26,9.46,29.48,2.76,0.0
20210629:1030,0.0,-4.09,28.95,2.0,0.0
20210629:1130,0.0,0.0,28.07,1.31,0.0
20210629:1230,0.0,0.0,27.44,1.52,0.0
20210629:1330,0.0,0.0,27.32,1.17,0.0
20210629:1430,0.0,0.0,26.39,1.66,0.0
20210629:1530,0.0,0.0,26.17,1.86,0.0
20210629:1630,0.0,0.0,26.05,1.86,0.0
20210629:1730,0.0,0.0,25.75,1.66,0.0
20210629:1830,0.0,0.0,25.77,1.52,0.0
20210629:1930,0.0,0.0,26.15,0.55,0.0
20210629:2030,0.0,0.0,26.02,0.69,0.0
20210629:2130,0.0,-0.99,26.12,0.55,0.0
20210629:2230,458.84,12.61,26.0,0.48,0.0
20210629:2330,697.02,26.36,26.78,0.55,0.0
20210630:0030,798.97,40.09,27.61,0.9,0.0
20210630:0130,795.26,53.68,28.39,0.97,0.0
20210630:0230,734.52,66.57,29.08,0.97,0.0
20210630:0330,898.63,76.38,29.47,1.24,0.0
20210630:0430,735.77,74.79,30.01,1.52,0.0
20210630:0530,789.56,63.81,29.78,1.93,0.0
20210630:0630,610.67,50.67,29.43,1.86,0.0
20210630:0730,600.34,37.01,29.47,1.52,0.0
20210630:0830,390.4,23.23,29.36,1.38,0.0
20210630:0930,373.2,9.5,29.15,1.52,0.0
20210630:1030,0.0,-4.05,28.52,1.17,0.0
20210630:1130,0.0,0.0,27.5,1.45,0.0
20210630:1230,0.0,0.0,26.86,0.97,0.0
20210630:1330,0.0,0.0,27.35,0.34,0.0
20210630:1430,0.0,0.0,27.23,0.41,0.0
20210630:1530,0.0,0.0,26.75,0.62,0.0
20210630:1630,0.0,0.0,26.63,0.76,0.0
20210630:1730,0.0,0.0,26.15,0.97,0.0
20210630:1830,0.0,0.0,26.72,0.55,0.0
20210630:1930,0.0,0.0,27.25,0.48,0.0
20210630:2030,0.0,0.0,25.67,1.17,0.0
20210630:2130,0.0,-1.04,26.42,0.62,0.0
20210630:2230,337.93,12.56,25.97,0.28,0.0
20210630:2330,658.73,26.31,26.14,0.41,0.0
20210701:0030,715.16,40.05,26.71,0.9,0.0
20210701:0130,831.13,53.65,27.34,1.1,0.0
20210701:0230,767.32,66.56,27.99,1.31,0.0
20210701:0330,761.81,76.42,28.35,1.31,0.0
20210701:0430,781.43,74.87,28.55,1.66,0.0
20210701:0530,685.26,63.87,28.32,1.93,0.0
20210701:0630,299.14,50.72,28.45,2.28,0.0
20210701:0730,144.9,37.06,28.35,2.41,0.0
20210701:0830,96.32,23.27,27.75,1.03,0.0
20210701:0930,42.15,9.53,27.59,0.55,0.0
20210701:1030,0.0,-4.03,27.42,0.9,0.0
20210701:1130,0.0,0.0,27.36,0.41,0.0
20210701:1230,0.0,0.0,27.35,0.34,0.0
20210701:1330,0.0,0.0,27.28,0.07,0.0
20210701:1430,0.0,0.0,27.34,0.21,0.0
20210701:1530,0.0,0.0,27.23,0.48,0.0
20210701:1630,0.0,0.0,27.04,0.62,0.0
20210701:1730,0.0,0.0,26.86,0.48,0.0
20210701:1830,0.0,0.0,26.31,0.0,0.0
20210701:1930,0.0,0.0,25.5,1.59,0.0
20210701:2030,0.0,0.0,25.54,1.03,0.0
20210701:2130,0.0,-1.1,25.8,0.62,0.0
20210701:2230,56.8,12.51,24.92,1.59,0.0
20210701:2330,227.27,26.27,25.89,1.24,0.0
20210702:0030,467.72,40.01,26.44,1.38,0.0
20210702:0130,523.27,53.62,27.33,2.48,0.0
20210702:0230,635.48,66.56,27.84,2.83,0.0
20210702:0330,700.68,76.46,28.25,2.41,0.0
20210702:0430,550.29,74.95,28.65,1.86,0.0
20210702:0530,452.8,63.94,28.67,0.76,0.0
20210702:0630,632.19,50.78,28.0,1.1,0.0
20210702:0730,382.88,37.11,29.28,0.55,0.0
20210702:0830,196.18,23.31,29.0,0.62,0.0
20210702:0930,152.86,9.56,28.41,1.24,0.0
20210702:1030,0.0,-4.0,28.01,0.34,0.0
20210702:1130,0.0,0.0,26.81,0.83,0.0
20210702:1230,0.0,0.0,26.41,1.45,0.0
20210702:1330,0.0,0.0,25.81,1.38,0.0
20210702:1430,0.0,0.0,25.99,1.38,0.0
20210702:1530,0.0,0.0,25.88,0.62,0.0
20210702:1630,0.0,0.0,25.09,0.97,0.0
20210702:1730,0.0,0.0,24.62,1.45,0.0
20210702:1830,0.0,0.0,24.66,1.38,0.0
20210702:1930,0.0,0.0,24.89,1.79,0.0
20210702:2030,0.0,0.0,25.22,1.1,0.0
20210702:2130,0.0,-1.16,25.52,0.69,0.0
20210702:2230,130.4,12.46,25.18,0.76,0.0
20210702:2330,308.88,26.22,25.71,0.76,0.0
20210703:0030,264.66,39.98,26.04,0.9,0.0
20210703:0130,462.64,53.6,26.3,0.55,0.0
20210703:0230,452.29,66.56,26.84,0.34,0.0
20210703:0330,381.15,76.51,27.0,0.41,0.0
20210703:0430,365.44,75.04,27.19,1.03,0.0
20210703:0530,348.08,64.01,27.3,1.1,0.0
20210703:0630,212.77,50.84,27.34,0.97,0.0
20210703:0730,161.51,37.15,27.27,1.31,0.0
20210703:0830,70.64,23.35,27.04,2.07,0.0
20210703:0930,50.45,9.6,26.38,2.14,0.0
20210703:1030,0.0,-3.98,26.13,2.14,0.0
20210703:1130,0.0,0.0,25.81,2.21,0.0
20210703:1230,0.0,0.0,25.67,2.28,0.0
20210703:1330,0.0,0.0,25.38,2.62,0.0
20210703:1430,0.0,0.0,25.4,2.83,0.0
20210703:1530,0.0,0.0,25.47,3.03,0.0
20210703:1630,0.0,0.0,25.51,3.1,0.0
20210703:1730,0.0,0.0,25.39,3.38,0.0
20210703:1830,0.0,0.0,25.36,3.66,0.0
20210703:1930,0.0,0.0,26.02,2.55,0.0
20210703:2030,0.0,0.0,25.84,2.62,0.0
20210703:2130,0.0,-1.22,25.55,2.9,0.0
20210703:2230,346.95,12.41,25.57,3.1,0.0
20210703:2330,373.41,26.18,25.81,3.1,0.0
20210704:0030,285.29,39.94,26.25,3.79,0.0
20210704:0130,250.75,53.58,26.29,3.93,0.0
20210704:0230,186.98,66.56,26.62,4.28,0.0
20210704:0330,267.22,76.57,26.28,5.03,0.0
20210704:0430,383.41,75.13,26.28,5.38,0.0
20210704:0530,458.39,64.08,27.05,5.24,0.0
20210704:0630,484.1,50.9,27.25,5.86,0.0
20210704:0730,304.6,37.2,27.28,5.24,0.0
20210704:0830,222.07,23.39,26.67,5.03,0.0
20210704:0930,118.96,9.63,26.12,5.24,0.0
20210704:1030,0.0,-3.96,25.78,4.76,0.0
20210704:1130,0.0,0.0,25.51,4.97,0.0
20210704:1230,0.0,0.0,25.35,5.24,0.0
20210704:1330,0.0,0.0,25.3,4.97,0.0
20210704:1430,0.0,0.0,25.29,4.9,0.0
20210704:1530,0.0,0.0,25.16,5.17,0.0
20210704:1630,0.0,0.0,25.1,5.31,0.0
20210704:1730,0.0,0.0,25.2,5.66,0.0
20210704:1830,0.0,0.0,25.2,6.0,0.0
20210704:1930,0.0,0.0,25.38,5.03,0.0
20210704:2030,0.0,0.0,25.37,5.24,0.0
20210704:2130,0.0,-1.27,25.38,4.69,0.0
20210704:2230,90.93,12.35,25.37,5.1,0.0
20210704:2330,289.06,26.14,25.48,5.1,0.0
20210705:0030,451.06,39.91,26.06,4.97,0.0
20210705:0130,659.12,53.56,26.75,5.31,0.0
20210705:0230,524.14,66.56,27.55,5.66,0.0
20210705:0330,619.54,76.63,27.86,5.79,0.0
20210705:0430,749.29,75.22,28.03,5.66,0.0
20210705:0530,521.59,64.16,28.03,5.93,0.0
20210705:0630,423.85,50.95,27.0,5.86,0.0
20210705:0730,157.73,37.25,26.8,4.62,0.0
20210705:0830,76.03,23.43,26.42,3.79,0.0
20210705:0930,54.91,9.66,26.31,4.21,0.0
20210705:1030,0.0,-3.94,26.03,4.28,0.0
20210705:1130,0.0,0.0,25.89,3.79,0.0
20210705:1230,0.0,0.0,25.89,3.52,0.0
20210705:1330,0.0,0.0,25.96,3.52,0.0
20210705:1430,0.0,0.0,25.88,3.38,0.0
20210705:1530,0.0,0.0,25.66,3.17,0.0
20210705:1630,0.0,0.0,25.53,2.97,0.0
20210705:1730,0.0,0.0,25.48,3.03,0.0
20210705:1830,0.0,0.0,25.4,3.03,0.0
20210705:1930,0.0,0.0,25.6,2.21,0.0
20210705:2030,0.0,0.0,25.41,1.59,0.0
20210705:2130,0.0,-1.33,25.42,1.52,0.0
20210705:2230,84.16,12.3,25.73,1.03,0.0
20210705:2330,207.99,26.1,26.25,0.76,0.0
20210706:0030,180.4,39.88,27.13,1.03,0.0
20210706:0130,126.2,53.54,27.24,1.17,0.0
20210706:0230,309.6,66.57,27.19,1.31,0.0
20210706:0330,452.75,76.7,27.65,1.86,0.0
20210706:0430,335.62,75.32,27.92,2.14,0.0
20210706:0530,415.05,64.23,27.7,2.14,0.0
20210706:0630,200.25,51.01,27.64,1.24,0.0
20210706:0730,170.9,37.29,26.9,1.79,0.0
20210706:0830,63.23,23.46,26.77,0.76,0.0
20210706:0930,29.68,9.68,26.6,0.14,0.0
20210706:1030,0.0,-3.92,26.44,1.1,0.0
20210706:1130,0.0,0.0,25.93,0.9,0.0
20210706:1230,0.0,0.0,26.14,0.76,0.0
20210706:1330,0.0,0.0,26.13,0.83,0.0
20210706:1430,0.0,0.0,25.46,1.03,0.0
20210706:1530,0.0,0.0,24.82,1.24,0.0
20210706:1630,0.0,0.0,24.56,1.31,0.0
20210706:1730,0.0,0.0,24.42,1.38,0.0
20210706:1830,0.0,0.0,24.22,1.52,0.0
20210706:1930,0.0,0.0,25.06,1.72,0.0
20210706:2030,0.0,0.0,24.43,1.93,0.0
20210706:2130,0.0,-1.39,24.6,2.21,0.0
20210706:2230,176.48,12.25,25.38,2.83,0.0
20210706:2330,279.74,26.05,25.53,3.38,0.0
20210707:0030,486.26,39.85,25.77,4.0,0.0
20210707:0130,742.38,53.53,26.53,4.34,0.0
20210707:0230,778.96,66.59,27.48,4.97,0.0
20210707:0330,834.87,76.77,28.13,5.24,0.0
20210707:0430,784.09,75.43,28.63,5.03,0.0
20210707:0530,691.96,64.31,28.93,4.62,0.0
20210707:0630,809.12,51.07,28.93,4.34,0.0
20210707:0730,743.42,37.34,29.53,4.97,0.0
20210707:0830,645.14,23.5,29.22,4.83,0.0
20210707:0930,312.36,9.71,28.53,4.21,0.0
20210707:1030,0.0,-3.91,27.53,4.0,0.0
20210707:1130,0.0,0.0,26.75,3.79,0.0
20210707:1230,0.0,0.0,26.23,4.0,0.0
20210707:1330,0.0,0.0,25.87,4.14,0.0
20210707:1430,0.0,0.0,25.59,4.21,0.0
20210707:1530,0.0,0.0,25.36,4.41,0.0
20210707:1630,0.0,0.0,25.15,4.34,0.0
20210707:1730,0.0,0.0,25.07,4.14,0.0
20210707:1830,0.0,0.0,25.0,4.21,0.0
20210707:1930,0.0,0.0,25.29,4.28,0.0
20210707:2030,0.0,0.0,25.24,4.21,0.0
20210707:2130,0.0,-1.45,25.24,4.14,0.0
20210707:2230,509.18,12.2,25.24,4.48,0.0
20210707:2330,727.66,26.01,25.79,5.17,0.0
20210708:0030,642.76,39.82,26.69,5.17,0.0
20210708:0130,796.0,53.52,27.44,4.62,0.0
20210708:0230,794.77,66.6,28.3,4.34,0.0
20210708:0330,765.7,76.85,28.7,4.34,0.0
20210708:0430,724.12,75.54,28.74,4.0,0.0
20210708:0530,515.48,64.38,28.59,4.41,0.0
20210708:0630,726.14,51.12,28.26,4.14,0.0
20210708:0730,686.51,37.38,29.3,3.86,0.0
20210708:0830,455.88,23.53,29.31,3.79,0.0
20210708:0930,230.58,9.73,28.91,3.45,0.0
20210708:1030,0.0,-3.9,28.17,3.59,0.0
20210708:1130,0.0,0.0,27.45,3.24,0.0
20210708:1230,0.0,0.0,27.08,2.41,0.0
20210708:1330,0.0,0.0,26.8,2.34,0.0
20210708:1430,0.0,0.0,26.55,2.48,0.0
20210708:1530,0.0,0.0,26.3,2.55,0.0
20210708:1630,0.0,0.0,25.79,2.97,0.0
20210708:1730,0.0,0.0,25.51,3.24,0.0
20210708:1830,0.0,0.0,25.25,3.1,0.0
20210708:1930,0.0,0.0,25.01,3.72,0.0
20210708:2030,0.0,0.0,25.11,2.97,0.0
20210708:2130,0.0,-1.51,25.16,2.9,0.0
20210708:2230,181.6,12.15,25.25,2.55,0.0
20210708:2330,432.22,25.97,25.88,2.0,0.0
20210709:0030,605.01,39.8,26.86,2.0,0.0
20210709:0130,681.21,53.51,27.66,2.14,0.0
20210709:0230,790.31,66.62,28.3,2.34,0.0
20210709:0330,742.56,76.94,28.89,2.55,0.0
20210709:0430,603.21,75.65,28.9,2.69,0.0
20210709:0530,617.42,64.46,28.64,2.9,0.0
20210709:0630,481.01,51.18,29.02,3.31,0.0
20210709:0730,371.66,37.42,28.44,4.28,0.0
20210709:0830,178.67,23.56,27.84,4.41,0.0
20210709:0930,106.06,9.75,27.52,3.72,0.0
20210709:1030,0.0,-3.89,27.26,3.59,0.0
20210709:1130,0.0,0.0,26.71,2.76,0.0
20210709:1230,0.0,0.0,26.56,1.79,0.0
20210709:1330,0.0,0.0,26.16,1.72,0.0
20210709:1430,0.0,0.0,25.89,1.86,0.0
20210709:1530,0.0,0.0,25.52,2.28,0.0
20210709:1630,0.0,0.0,25.5,2.55,0.0
20210709:1730,0.0,0.0,25.26,2.21,0.0
20210709:1830,0.0,0.0,24.89,1.38,0.0
20210709:1930,0.0,0.0,24.97,1.38,0.0
20210709:2030,0.0,0.0,25.22,1.52,0.0
20210709:2130,0.0,-1.57,24.9,1.72,0.0
20210709:2230,250.46,12.11,24.75,1.72,0.0
20210709:2330,281.81,25.94,25.63,1.79,0.0
20210710:0030,431.4,39.77,26.23,1.93,0.0
20210710:0130,311.91,53.5,26.99,1.86,0.0
20210710:0230,320.81,66.65,27.32,1.52,0.0
20210710:0330,325.02,77.03,27.37,1.66,0.0
20210710:0430,342.11,75.77,27.09,1.59,0.0
20210710:0530,556.8,64.54,26.99,2.07,0.0
20210710:0630,455.42,51.24,27.15,2.62,0.0
20210710:0730,295.65,37.47,27.77,2.21,0.0
20210710:0830,319.78,23.59,27.63,2.69,0.0
20210710:0930,272.82,9.76,27.58,3.17,0.0
20210710:1030,0.0,-3.88,27.27,3.1,0.0
20210710:1130,0.0,0.0,26.74,2.97,0.0
20210710:1230,0.0,0.0,26.01,3.38,0.0
20210710:1330,0.0,0.0,25.54,3.66,0.0
20210710:1430,0.0,0.0,25.33,3.17,0.0
20210710:1530,0.0,0.0,25.14,2.62,0.0
20210710:1630,0.0,0.0,25.13,2.41,0.0
20210710:1730,0.0,0.0,25.09,2.34,0.0
20210710:1830,0.0,0.0,25.06,2.69,0.0
20210710:1930,0.0,0.0,25.02,3.24,0.0
20210710:2030,0.0,0.0,24.98,2.69,0.0
20210710:2130,0.0,-1.63,25.01,2.76,0.0
20210710:2230,381.94,12.06,25.03,2.55,0.0
20210710:2330,616.05,25.9,25.93,2.28,0.0
20210711:0030,673.23,39.75,26.92,2.48,0.0
20210711:0130,811.65,53.5,27.67,2.62,0.0
20210711:0230,886.49,66.67,28.34,2.9,0.0
20210711:0330,701.34,77.13,28.8,3.03,0.0
20210711:0430,770.01,75.89,28.93,2.62,0.0
20210711:0530,878.05,64.62,29.51,1.86,0.0
20210711:0630,760.74,51.29,29.91,1.86,0.0
20210711:0730,478.57,37.5,29.65,2.14,0.0
20210711:0830,326.34,23.62,28.8,3.03,0.0
20210711:0930,166.45,9.78,28.01,3.45,0.0
20210711:1030,0.0,-3.88,27.61,3.1,0.0
20210711:1130,0.0,0.0,27.36,3.03,0.0
20210711:1230,0.0,0.0,27.1,3.03,0.0
20210711:1330,0.0,0.0,26.75,3.24,0.0
20210711:1430,0.0,0.0,26.52,2.83,0.0
20210711:1530,0.0,0.0,26.18,2.83,0.0
20210711:1630,0.0,0.0,25.92,2.83,0.0
20210711:1730,0.0,0.0,25.76,3.03,0.0
20210711:1830,0.0,0.0,25.58,3.31,0.0
20210711:1930,0.0,0.0,26.03,4.0,0.0
20210711:2030,0.0,0.0,25.86,3.79,0.0
20210711:2130,0.0,-1.69,25.72,3.66,0.0
20210711:2230,355.99,12.01,25.68,3.72,0.0
20210711:2330,567.99,25.86,26.26,3.59,0.0
20210712:0030,662.26,39.73,27.05,3.72,0.0
20210712:0130,814.5,53.5,27.67,3.45,0.0
20210712:0230,851.19,66.7,28.24,3.17,0.0
20210712:0330,797.97,77.23,28.79,2.97,0.0
20210712:0430,723.2,76.02,29.03,3.03,0.0
20210712:0530,565.35,64.7,29.09,3.17,0.0
20210712:0630,392.26,51.35,29.17,3.03,0.0
20210712:0730,314.55,37.54,29.35,2.41,0.0
20210712:0830,137.04,23.64,29.02,2.34,0.0
20210712:0930,37.09,9.79,27.95,2.34,0.0
20210712:1030,0.0,-3.88,27.34,1.79,0.0
20210712:1130,0.0,0.0,27.13,1.59,0.0
20210712:1230,0.0,0.0,26.62,1.66,0.0
20210712:1330,0.0,0.0,26.36,1.1,0.0
20210712:1430,0.0,0.0,25.93,1.31,0.0
20210712:1530,0.0,0.0,25.76,1.79,0.0
20210712:1630,0.0,0.0,25.27,2.41,0.0
20210712:1730,0.0,0.0,24.99,2.55,0.0
20210712:1830,0.0,0.0,24.91,2.41,0.0
20210712:1930,0.0,0.0,25.12,2.48,0.0
20210712:2030,0.0,0.0,25.33,1.86,0.0
20210712:2130,0.0,-1.75,25.13,0.62,0.0
20210712:2230,199.61,11.96,25.74,0.41,0.0
20210712:2330,370.13,25.83,26.09,0.69,0.0
20210713:0030,415.74,39.71,26.76,0.34,0.0
20210713:0130,506.83,53.5,27.46,0.9,0.0
20210713:0230,575.07,66.74,28.01,0.83,0.0
20210713:0330,619.24,77.34,28.83,1.45,0.0
20210713:0430,697.09,76.15,28.61,1.79,0.0
20210713:0530,622.81,64.78,28.96,1.86,0.0
20210713:0630,405.08,51.4,29.35,0.83,0.0
20210713:0730,313.77,37.58,28.92,1.59,0.0
20210713:0830,159.28,23.66,28.48,0.83,0.0
20210713:0930,11.6,9.8,28.1,0.0,0.0
20210713:1030,0.0,-3.89,27.49,0.41,0.0
20210713:1130,0.0,0.0,26.63,1.1,0.0
20210713:1230,0.0,0.0,26.16,1.52,0.0
20210713:1330,0.0,0.0,25.79,1.59,0.0
20210713:1430,0.0,0.0,25.39,1.1,0.0
20210713:1530,0.0,0.0,25.53,0.83,0.0
20210713:1630,0.0,0.0,26.09,0.48,0.0
20210713:1730,0.0,0.0,26.16,0.0,0.0
20210713:1830,0.0,0.0,26.16,0.28,0.0
20210713:1930,0.0,0.0,26.96,0.83,0.0
20210713:2030,0.0,0.0,27.12,0.48,0.0
20210713:2130,0.0,-1.8,26.98,0.48,0.0
20210713:2230,124.61,11.92,26.82,0.28,0.0
20210713:2330,295.01,25.8,26.71,0.14,0.0
20210714:0030,450.77,39.69,27.32,0.21,0.0
20210714:0130,576.7,53.5,27.69,0.48,0.0
20210714:0230,659.32,66.77,28.03,0.76,0.0
20210714:0330,608.78,77.45,28.27,0.83,0.0
20210714:0430,661.9,76.28,28.47,0.28,0.0
20210714:0530,605.61,64.86,28.81,0.41,0.0
20210714:0630,425.86,51.46,29.1,0.76,0.0
20210714:0730,276.99,37.62,28.89,1.24,0.0
20210714:0830,123.92,23.68,28.21,1.93,0.0
20210714:0930,38.9,9.81,27.99,1.38,0.0
20210714:1030,0.0,-3.89,27.52,1.59,0.0
20210714:1130,0.0,0.0,27.13,0.69,0.0
20210714:1230,0.0,0.0,26.34,1.24,0.0
20210714:1330,0.0,0.0,26.08,1.59,0.0
20210714:1430,0.0,0.0,26.03,1.93,0.0
20210714:1530,0.0,0.0,25.94,2.0,0.0
20210714:1630,0.0,0.0,25.89,2.14,0.0
20210714:1730,0.0,0.0,25.6,2.34,0.0
20210714:1830,0.0,0.0,25.37,2.14,0.0
20210714:1930,0.0,0.0,25.65,2.9,0.0
20210714:2030,0.0,0.0,25.61,2.62,0.0
20210714:2130,0.0,-1.86,25.6,2.41,0.0
20210714:2230,263.93,11.87,25.62,2.41,0.0
20210714:2330,549.08,25.76,26.26,2.76,0.0
20210715:0030,744.71,39.68,26.86,3.03,0.0
20210715:0130,722.37,53.51,27.54,3.17,0.0
20210715:0230,806.78,66.81,28.08,3.45,0.0
20210715:0330,501.75,77.57,28.6,3.93,0.0
20210715:0430,509.62,76.41,27.72,4.34,0.0
20210715:0530,328.4,64.94,27.67,4.69,0.0
20210715:0630,537.57,51.51,27.37,4.9,0.0
20210715:0730,290.23,37.65,27.92,4.55,0.0
20210715:0830,98.52,23.7,27.16,4.48,0.0
20210715:0930,82.59,9.81,26.9,4.28,0.0
20210715:1030,0.0,-3.9,26.6,3.66,0.0
20210715:1130,0.0,0.0,25.91,3.52,0.0
20210715:1230,0.0,0.0,25.78,3.72,0.0
20210715:1330,0.0,0.0,25.59,3.86,0.0
20210715:1430,0.0,0.0,25.45,3.93,0.0
20210715:1530,0.0,0.0,25.49,3.17,0.0
20210715:1630,0.0,0.0,25.46,2.41,0.0
20210715:1730,0.0,0.0,25.48,2.9,0.0
20210715:1830,0.0,0.0,25.5,3.24,0.0
20210715:1930,0.0,0.0,25.31,3.1,0.0
20210715:2030,0.0,0.0,25.34,3.03,0.0
20210715:2130,0.0,-1.92,25.49,2.83,0.0
20210715:2230,92.77,11.83,25.51,2.62,0.0
20210715:2330,166.17,25.73,26.12,2.48,0.0
20210716:0030,268.23,39.67,26.5,2.97,0.0
20210716:0130,400.54,53.51,26.81,3.79,0.0
20210716:0230,658.01,66.86,27.35,4.48,0.0
20210716:0330,644.74,77.7,28.13,4.76,0.0
20210716:0430,579.76,76.55,28.71,4.76,0.0
20210716:0530,709.92,65.02,28.15,4.97,0.0
20210716:0630,615.06,51.56,28.37,4.9,0.0
20210716:0730,423.74,37.68,28.68,4.48,0.0
20210716:0830,240.74,23.72,28.58,4.28,0.0
20210716:0930,140.0,9.82,27.1,4.28,0.0
20210716:1030,0.0,-3.92,26.95,3.59,0.0
20210716:1130,0.0,0.0,26.84,3.59,0.0
20210716:1230,0.0,0.0,26.4,3.38,0.0
20210716:1330,0.0,0.0,26.19,3.31,0.0
20210716:1430,0.0,0.0,25.95,3.31,0.0
20210716:1530,0.0,0.0,25.87,3.31,0.0
20210716:1630,0.0,0.0,25.5,3.31,0.0
20210716:1730,0.0,0.0,25.43,3.31,0.0
20210716:1830,0.0,0.0,25.4,3.38,0.0
20210716:1930,0.0,0.0,25.7,3.93,0.0
20210716:2030,0.0,0.0,25.37,4.14,0.0
20210716:2130,0.0,-1.98,25.32,4.07,0.0
20210716:2230,196.37,11.79,25.64,4.0,0.0
20210716:2330,441.3,25.71,25.96,4.14,0.0
20210717:0030,653.22,39.65,26.52,4.76,0.0
20210717:0130,718.34,53.52,27.1,5.03,0.0
20210717:0230,635.21,66.9,27.54,5.24,0.0
20210717:0330,629.61,77.83,27.85,5.45,0.0
20210717:0430,616.32,76.7,28.32,5.59,0.0
20210717:0530,566.13,65.11,27.91,5.93,0.0
20210717:0630,562.55,51.61,27.33,5.79,0.0
20210717:0730,295.12,37.71,27.62,5.38,0.0
20210717:0830,278.77,23.73,27.14,5.45,0.0
20210717:0930,127.37,9.81,27.06,5.66,0.0
20210717:1030,0.0,-3.93,26.46,4.83,0.0
20210717:1130,0.0,0.0,26.31,4.62,0.0
20210717:1230,0.0,0.0,26.19,4.21,0.0
20210717:1330,0.0,0.0,26.02,4.14,0.0
20210717:1430,0.0,0.0,26.01,4.97,0.0
20210717:1530,0.0,0.0,25.77,4.9,0.0
20210717:1630,0.0,0.0,25.59,5.03,0.0
20210717:1730,0.0,0.0,25.5,5.24,0.0
20210717:1830,0.0,0.0,25.44,5.03,0.0
20210717:1930,0.0,0.0,25.54,5.86,0.0
20210717:2030,0.0,0.0,25.44,5.66,0.0
20210717:2130,0.0,-2.04,25.65,5.1,0.0
20210717:2230,331.17,11.74,25.55,5.45,0.0
20210717:2330,399.75,25.68,26.0,5.72,0.0
20210718:0030,484.87,39.64,26.34,5.86,0.0
20210718:0130,557.8,53.54,26.77,5.79,0.0
20210718:0230,611.21,66.95,27.5,6.21,0.0
20210718:0330,603.28,77.96,27.13,6.83,0.0
20210718:0430,591.75,76.84,27.57,6.55,0.0
20210718:0530,404.36,65.19,27.67,7.38,0.0
20210718:0630,636.55,51.66,27.05,7.1,0.0
20210718:0730,587.22,37.74,27.11,6.0,0.0
20210718:0830,441.6,23.75,27.04,5.66,0.0
20210718:0930,207.74,9.81,26.77,5.52,0.0
20210718:1030,0.0,-3.95,26.33,5.1,0.0
20210718:1130,0.0,0.0,26.32,4.48,0.0
20210718:1230,0.0,0.0,26.25,4.0,0.0
20210718:1330,0.0,0.0,25.96,4.69,0.0
20210718:1430,0.0,0.0,25.89,5.38,0.0
20210718:1530,0.0,0.0,25.93,5.1,0.0
20210718:1630,0.0,0.0,26.15,4.48,0.0
20210718:1730,0.0,0.0,25.78,4.83,0.0
20210718:1830,0.0,0.0,25.67,5.03,0.0
20210718:1930,0.0,0.0,25.57,5.59,0.0
20210718:2030,0.0,0.0,25.94,5.17,0.0
20210718:2130,0.0,-2.09,26.1,5.03,0.0
20210718:2230,370.24,11.7,26.22,5.24,0.0
20210718:2330,529.15,25.65,26.6,6.0,0.0
20210719:0030,545.16,39.64,27.19,6.14,0.0
20210719:0130,637.4,53.55,27.56,6.83,0.0
20210719:0230,564.23,67.01,27.86,7.17,0.0
20210719:0330,829.01,78.1,27.57,7.24,0.0
20210719:0430,683.1,76.99,28.28,7.1,0.0
20210719:0530,577.42,65.27,28.25,6.76,0.0
20210719:0630,563.76,51.7,28.01,6.69,0.0
20210719:0730,495.5,37.76,27.86,7.72,0.0
20210719:0830,313.47,23.75,27.77,7.52,0.0
20210719:0930,259.49,9.8,27.6,6.97,0.0
20210719:1030,0.0,-3.98,27.14,6.28,0.0
20210719:1130,0.0,0.0,25.9,5.72,0.0
20210719:1230,0.0,0.0,25.66,5.1,0.0
20210719:1330,0.0,0.0,25.37,5.45,0.0
20210719:1430,0.0,0.0,25.65,5.45,0.0
20210719:1530,0.0,0.0,26.02,5.52,0.0
20210719:1630,0.0,0.0,25.9,5.86,0.0
20210719:1730,0.0,0.0,25.37,6.55,0.0
20210719:1830,0.0,0.0,25.02,6.97,0.0
20210719:1930,0.0,0.0,26.2,5.93,0.0
20210719:2030,0.0,0.0,26.5,5.86,0.0
20210719:2130,0.0,-2.15,26.5,5.79,0.0
20210719:2230,192.58,11.66,26.55,5.93,0.0
20210719:2330,419.29,25.63,26.93,6.14,0.0
20210720:0030,539.39,39.63,27.5,6.48,0.0
20210720:0130,665.38,53.57,28.4,7.24,0.0
20210720:0230,765.88,67.06,29.13,7.86,0.0
20210720:0330,828.4,78.25,29.56,8.28,0.0
20210720:0430,647.5,77.14,29.69,8.21,0.0
20210720:0530,587.73,65.34,29.44,7.86,0.0
20210720:0630,442.08,51.75,29.02,7.24,0.0
20210720:0730,309.76,37.79,29.01,7.03,0.0
20210720:0830,152.07,23.76,28.17,6.76,0.0
20210720:0930,105.74,9.8,27.58,6.28,0.0
20210720:1030,0.0,-4.0,27.42,5.38,0.0
20210720:1130,0.0,0.0,27.25,5.66,0.0
20210720:1230,0.0,0.0,27.12,5.86,0.0
20210720:1330,0.0,0.0,27.01,5.72,0.0
20210720:1430,0.0,0.0,26.78,5.72,0.0
20210720:1530,0.0,0.0,26.74,6.14,0.0
20210720:1630,0.0,0.0,26.74,6.48,0.0
20210720:1730,0.0,0.0,26.69,6.28,0.0
20210720:1830,0.0,0.0,26.67,6.48,0.0
20210720:1930,0.0,0.0,26.33,5.1,0.0
20210720:2030,0.0,0.0,26.46,5.38,0.0
20210720:2130,0.0,-2.2,26.67,6.07,0.0
20210720:2230,214.95,11.62,26.91,6.48,0.0
20210720:2330,262.54,25.6,27.24,7.03,0.0
20210721:0030,445.0,39.63,27.66,7.59,0.0
20210721:0130,590.35,53.59,28.39,7.72,0.0
20210721:0230,709.41,67.12,28.98,8.07,0.0
20210721:0330,749.56,78.4,29.38,8.62,0.0
20210721:0430,808.31,77.29,29.54,8.97,0.0
20210721:0530,703.42,65.42,29.65,9.1,0.0
20210721:0630,797.06,51.79,29.43,9.1,0.0
20210721:0730,738.03,37.81,29.46,8.0,0.0
20210721:0830,532.15,23.76,29.17,7.52,0.0
20210721:0930,324.23,9.78,28.43,6.69,0.0
20210721:1030,0.0,-4.03,27.64,5.93,0.0
20210721:1130,0.0,0.0,27.47,5.66,0.0
20210721:1230,0.0,0.0,26.8,5.79,0.0
20210721:1330,0.0,0.0,26.35,5.31,0.0
20210721:1430,0.0,0.0,25.84,5.59,0.0
20210721:1530,0.0,0.0,25.77,5.24,0.0
20210721:1630,0.0,0.0,25.7,5.79,0.0
20210721:1730,0.0,0.0,25.45,6.21,0.0
20210721:1830,0.0,0.0,25.68,6.62,0.0
20210721:1930,0.0,0.0,26.28,6.55,0.0
20210721:2030,0.0,0.0,26.42,6.48,0.0
20210721:2130,0.0,-2.26,26.65,6.69,0.0
20210721:2230,213.39,11.59,26.99,7.17,0.0
20210721:2330,418.24,25.58,27.33,7.52,0.0
20210722:0030,588.94,39.63,27.88,8.28,0.0
20210722:0130,756.66,53.61,28.61,9.1,0.0
20210722:0230,870.43,67.18,29.11,10.0,0.0
20210722:0330,839.51,78.55,29.51,10.34,0.0
20210722:0430,715.61,77.44,29.34,10.14,0.0
20210722:0530,621.09,65.5,29.46,10.21,0.0
20210722:0630,433.98,51.83,28.93,9.31,0.0
20210722:0730,546.63,37.83,28.23,8.55,0.0
20210722:0830,428.0,23.77,27.8,8.14,0.0
20210722:0930,193.78,9.77,27.52,7.79,0.0
20210722:1030,0.0,-4.06,27.22,7.45,0.0
20210722:1130,0.0,0.0,26.54,7.03,0.0
20210722:1230,0.0,0.0,26.06,6.69,0.0
20210722:1330,0.0,0.0,25.96,6.69,0.0
20210722:1430,0.0,0.0,25.74,6.62,0.0
20210722:1530,0.0,0.0,25.71,6.62,0.0
20210722:1630,0.0,0.0,25.59,6.83,0.0
20210722:1730,0.0,0.0,25.56,6.48,0.0
20210722:1830,0.0,0.0,25.47,6.97,0.0
20210722:1930,0.0,0.0,25.49,7.66,0.0
20210722:2030,0.0,0.0,25.77,7.52,0.0
20210722:2130,0.0,-2.31,25.88,7.45,0.0
20210722:2230,122.73,11.55,25.52,7.52,0.0
20210722:2330,222.36,25.56,25.57,7.17,0.0
20210723:0030,422.28,39.63,26.05,6.9,0.0
20210723:0130,549.4,53.63,26.87,7.45,0.0
20210723:0230,570.99,67.25,27.64,8.34,0.0
20210723:0330,661.61,78.71,27.86,9.59,0.0
20210723:0430,570.74,77.6,28.62,9.93,0.0
20210723:0530,628.5,65.57,28.58,8.97,0.0
20210723:0630,656.5,51.87,28.8,9.1,0.0
20210723:0730,580.94,37.84,29.17,9.59,0.0
20210723:0830,270.61,23.76,28.8,9.38,0.0
20210723:0930,64.96,9.75,28.25,8.0,0.0
20210723:1030,0.0,-4.1,27.78,7.52,0.0
20210723:1130,0.0,0.0,26.98,7.24,0.0
20210723:1230,0.0,0.0,26.73,6.62,0.0
20210723:1330,0.0,0.0,26.52,6.55,0.0
20210723:1430,0.0,0.0,26.63,6.21,0.0
20210723:1530,0.0,0.0,26.69,6.55,0.0
20210723:1630,0.0,0.0,26.5,6.28,0.0
20210723:1730,0.0,0.0,26.37,6.41,0.0
20210723:1830,0.0,0.0,25.7,7.24,0.0
20210723:1930,0.0,0.0,26.24,7.17,0.0
20210723:2030,0.0,0.0,25.71,7.45,0.0
20210723:2130,0.0,-2.36,25.87,7.24,0.0
20210723:2230,265.51,11.52,26.37,6.21,0.0
20210723:2330,430.82,25.54,26.91,6.69,0.0
20210724:0030,658.9,39.63,27.8,7.31,0.0
20210724:0130,610.21,53.66,28.52,8.0,0.0
20210724:0230,756.22,67.31,28.72,8.62,0.0
20210724:0330,756.84,78.88,29.37,9.24,0.0
20210724:0430,821.46,77.75,29.45,9.45,0.0
20210724:0530,759.9,65.65,29.51,9.52,0.0
20210724:0630,743.37,51.91,29.27,9.45,0.0
20210724:0730,686.24,37.86,28.75,9.31,0.0
20210724:0830,539.52,23.76,28.36,8.76,0.0
20210724:0930,302.28,9.73,28.02,8.14,0.0
20210724:1030,0.0,-4.14,27.5,7.79,0.0
20210724:1130,0.0,0.0,27.27,6.76,0.0
20210724:1230,0.0,0.0,26.95,6.9,0.0
20210724:1330,0.0,0.0,26.53,6.48,0.0
20210724:1430,0.0,0.0,26.4,6.9,0.0
20210724:1530,0.0,0.0,26.18,6.55,0.0
20210724:1630,0.0,0.0,25.76,6.21,0.0
20210724:1730,0.0,0.0,25.78,6.21,0.0
20210724:1830,0.0,0.0,25.86,6.28,0.0
20210724:1930,0.0,0.0,25.94,6.28,0.0
20210724:2030,0.0,0.0,25.61,6.62,0.0
20210724:2130,0.0,-2.41,25.6,6.41,0.0
20210724:2230,288.4,11.48,25.83,6.34,0.0
20210724:2330,508.92,25.53,26.31,7.17,0.0
20210725:0030,815.12,39.63,26.92,7.52,0.0
20210725:0130,761.77,53.69,28.12,7.93,0.0
20210725:0230,769.93,67.38,28.7,8.41,0.0
20210725:0330,813.34,79.04,29.1,8.69,0.0
20210725:0430,890.67,77.91,29.67,8.62,0.0
20210725:0530,884.93,65.72,29.76,8.55,0.0
20210725:0630,690.49,51.94,29.73,8.62,0.0
20210725:0730,659.48,37.87,29.6,7.93,0.0
20210725:0830,579.75,23.75,29.09,7.1,0.0
20210725:0930,398.65,9.7,28.75,6.69,0.0
20210725:1030,0.0,-4.18,28.09,6.0,0.0
20210725:1130,0.0,0.0,27.71,5.52,0.0
20210725:1230,0.0,0.0,27.51,5.17,0.0
20210725:1330,0.0,0.0,27.14,4.9,0.0
20210725:1430,0.0,0.0,26.97,4.83,0.0
20210725:1530,0.0,0.0,26.93,4.83,0.0
20210725:1630,0.0,0.0,26.63,4.62,0.0
20210725:1730,0.0,0.0,26.74,4.55,0.0
20210725:1830,0.0,0.0,26.63,5.03,0.0
20210725:1930,0.0,0.0,26.99,5.31,0.0
20210725:2030,0.0,0.0,26.91,5.17,0.0
20210725:2130,0.0,-2.46,26.99,5.45,0.0
20210725:2230,394.33,11.45,27.08,5.66,0.0
20210725:2330,651.53,25.51,27.52,5.66,0.0
20210726:0030,783.98,39.64,28.22,6.48,0.0
20210726:0130,762.24,53.72,28.88,7.38,0.0
20210726:0230,852.75,67.45,29.27,7.72,0.0
20210726:0330,835.14,79.22,29.64,7.86,0.0
20210726:0430,803.18,78.07,29.77,7.79,0.0
20210726:0530,897.22,65.79,29.83,7.86,0.0
20210726:0630,824.72,51.97,29.64,8.14,0.0
20210726:0730,726.1,37.88,29.74,7.66,0.0
20210726:0830,526.5,23.74,29.33,7.45,0.0
20210726:0930,101.62,9.68,28.7,6.62,0.0
20210726:1030,0.0,-4.23,27.99,6.28,0.0
20210726:1130,0.0,0.0,27.63,6.14,0.0
20210726:1230,0.0,0.0,27.41,5.79,0.0
20210726:1330,0.0,0.0,27.13,6.0,0.0
20210726:1430,0.0,0.0,27.21,6.0,0.0
20210726:1530,0.0,0.0,27.05,6.21,0.0
20210726:1630,0.0,0.0,27.08,6.41,0.0
20210726:1730,0.0,0.0,26.8,6.76,0.0
20210726:1830,0.0,0.0,26.68,6.9,0.0
20210726:1930,0.0,0.0,27.21,6.76,0.0
20210726:2030,0.0,0.0,27.19,6.41,0.0
20210726:2130,0.0,-2.51,27.19,6.41,0.0
20210726:2230,340.18,11.42,27.02,6.62,0.0
20210726:2330,396.72,25.5,27.28,7.31,0.0
20210727:0030,576.83,39.64,27.49,8.0,0.0
20210727:0130,798.81,53.75,27.88,8.55,0.0
20210727:0230,825.73,67.53,28.24,8.55,0.0
20210727:0330,674.04,79.39,28.59,8.69,0.0
20210727:0430,707.72,78.23,28.46,8.9,0.0
20210727:0530,742.19,65.85,28.32,8.76,0.0
20210727:0630,804.62,52.0,28.54,8.83,0.0
20210727:0730,693.23,37.88,28.86,9.17,0.0
20210727:0830,491.75,23.73,28.29,9.1,0.0
20210727:0930,250.41,9.64,27.27,8.14,0.0
20210727:1030,0.0,-4.28,26.81,7.38,0.0
20210727:1130,0.0,0.0,26.42,7.03,0.0
20210727:1230,0.0,0.0,26.15,6.34,0.0
20210727:1330,0.0,0.0,26.22,5.86,0.0
20210727:1430,0.0,0.0,25.96,5.66,0.0
20210727:1530,0.0,0.0,25.7,6.41,0.0
20210727:1630,0.0,0.0,25.66,6.0,0.0
20210727:1730,0.0,0.0,25.94,6.41,0.0
20210727:1830,0.0,0.0,25.82,7.66,0.0
20210727:1930,0.0,0.0,26.96,6.97,0.0
20210727:2030,0.0,0.0,26.69,7.52,0.0
20210727:2130,0.0,-2.56,26.52,7.31,0.0
20210727:2230,292.52,11.39,26.0,6.34,0.0
20210727:2330,415.76,25.49,25.93,6.55,0.0
20210728:0030,479.03,39.65,26.53,5.93,0.0
20210728:0130,470.26,53.78,26.96,6.9,0.0
20210728:0230,681.13,67.6,27.25,7.31,0.0
20210728:0330,678.95,79.57,27.88,7.66,0.0
20210728:0430,746.13,78.39,27.95,8.34,0.0
20210728:0530,631.14,65.92,28.04,8.62,0.0
20210728:0630,745.68,52.03,27.96,7.72,0.0
20210728:0730,770.81,37.89,29.38,8.41,0.0
20210728:0830,563.28,23.71,29.22,8.0,0.0
20210728:0930,251.21,9.61,28.82,7.1,0.0
20210728:1030,0.0,-4.33,28.13,6.28,0.0
20210728:1130,0.0,0.0,27.48,5.79,0.0
20210728:1230,0.0,0.0,27.04,5.93,0.0
20210728:1330,0.0,0.0,26.77,6.21,0.0
20210728:1430,0.0,0.0,26.39,6.0,0.0
20210728:1530,0.0,0.0,26.24,5.24,0.0
20210728:1630,0.0,0.0,26.18,5.24,0.0
20210728:1730,0.0,0.0,25.87,6.0,0.0
20210728:1830,0.0,0.0,25.82,5.79,0.0
20210728:1930,0.0,0.0,27.13,5.66,0.0
20210728:2030,0.0,0.0,27.17,5.72,0.0
20210728:2130,0.0,-2.6,27.14,6.0,0.0
20210728:2230,466.45,11.36,27.14,6.0,0.0
20210728:2330,625.79,25.48,27.58,6.48,0.0
20210729:0030,703.66,39.66,28.17,6.69,0.0
20210729:0130,861.5,53.82,28.71,6.76,0.0
20210729:0230,773.1,67.68,28.88,7.31,0.0
20210729:0330,865.23,79.76,29.3,7.45,0.0
20210729:0430,785.28,78.54,29.75,7.52,0.0
20210729:0530,782.01,65.98,29.71,7.66,0.0
20210729:0630,865.54,52.05,29.57,7.38,0.0
20210729:0730,802.91,37.88,29.5,7.1,0.0
20210729:0830,612.62,23.69,29.33,6.62,0.0
20210729:0930,338.89,9.57,28.74,5.72,0.0
20210729:1030,0.0,-4.39,28.03,5.03,0.0
20210729:1130,0.0,0.0,27.44,4.07,0.0
20210729:1230,0.0,0.0,27.02,4.0,0.0
20210729:1330,0.0,0.0,26.56,4.21,0.0
20210729:1430,0.0,0.0,26.29,4.14,0.0
20210729:1530,0.0,0.0,26.44,4.41,0.0
20210729:1630,0.0,0.0,26.32,4.21,0.0
20210729:1730,0.0,0.0,26.23,4.34,0.0
20210729:1830,0.0,0.0,26.02,4.69,0.0
20210729:1930,0.0,0.0,26.17,4.55,0.0
20210729:2030,0.0,0.0,26.15,4.69,0.0
20210729:2130,0.0,-2.65,26.15,4.34,0.0
20210729:2230,326.39,11.34,26.03,4.48,0.0
20210729:2330,606.89,25.47,26.17,4.55,0.0
20210730:0030,733.87,39.68,26.88,5.45,0.0
20210730:0130,810.86,53.86,27.88,6.0,0.0
20210730:0230,831.63,67.76,28.73,6.41,0.0
20210730:0330,843.19,79.95,29.54,7.17,0.0
20210730:0430,783.63,78.7,29.72,7.66,0.0
20210730:0530,787.15,66.04,29.7,7.72,0.0
20210730:0630,834.39,52.07,29.2,6.97,0.0
20210730:0730,710.98,37.88,29.88,6.97,0.0
20210730:0830,598.23,23.67,29.32,6.62,0.0
20210730:0930,352.67,9.53,28.13,6.07,0.0
20210730:1030,0.0,-4.45,27.38,5.38,0.0
20210730:1130,0.0,0.0,27.02,5.03,0.0
20210730:1230,0.0,0.0,26.86,4.48,0.0
20210730:1330,0.0,0.0,26.93,3.93,0.0
20210730:1430,0.0,0.0,26.86,3.38,0.0
20210730:1530,0.0,0.0,26.78,3.24,0.0
20210730:1630,0.0,0.0,26.53,3.38,0.0
20210730:1730,0.0,0.0,26.19,4.55,0.0
20210730:1830,0.0,0.0,25.15,4.62,0.0
20210730:1930,0.0,0.0,26.21,4.83,0.0
20210730:2030,0.0,0.0,26.34,4.55,0.0
20210730:2130,0.0,-2.69,26.45,4.76,0.0
20210730:2230,385.18,11.31,26.57,4.97,0.0
20210730:2330,690.7,25.46,26.99,5.52,0.0
20210731:0030,801.82,39.69,27.73,6.55,0.0
20210731:0130,751.51,53.89,28.6,6.97,0.0
20210731:0230,804.49,67.84,29.02,7.17,0.0
20210731:0330,751.47,80.14,29.4,7.17,0.0
20210731:0430,819.99,78.86,29.53,7.31,0.0
20210731:0530,805.89,66.09,29.88,7.38,0.0
20210731:0630,836.35,52.09,29.65,7.38,0.0
20210731:0730,820.39,37.87,30.14,7.17,0.0
20210731:0830,578.27,23.64,29.74,6.9,0.0
20210731:0930,345.9,9.49,28.46,6.41,0.0
20210731:1030,0.0,-4.51,27.74,4.76,0.0
20210731:1130,0.0,0.0,27.2,3.93,0.0
20210731:1230,0.0,0.0,26.57,3.79,0.0
20210731:1330,0.0,0.0,26.47,3.72,0.0
20210731:1430,0.0,0.0,26.42,3.45,0.0
20210731:1530,0.0,0.0,26.1,3.45,0.0
20210731:1630,0.0,0.0,26.13,3.79,0.0
20210731:1730,0.0,0.0,26.08,3.72,0.0
20210731:1830,0.0,0.0,26.13,4.07,0.0
20210731:1930,0.0,0.0,26.57,4.55,0.0
20210731:2030,0.0,0.0,26.7,4.76,0.0
20210731:2130,0.0,-2.73,26.86,4.69,0.0
20210731:2230,383.35,11.29,26.88,4.97,0.0
20210731:2330,521.23,25.46,27.27,5.45,0.0
20210801:0030,743.6,39.71,27.94,6.21,0.0
20210801:0130,686.6,53.94,28.76,7.24,0.0
20210801:0230,700.86,67.92,29.26,7.52,0.0
20210801:0330,812.32,80.33,29.55,7.52,0.0
20210801:0430,849.93,79.01,30.02,7.59,0.0
20210801:0530,824.49,66.15,30.1,7.52,0.0
20210801:0630,882.2,52.1,30.09,7.38,0.0
20210801:0730,789.27,37.86,30.24,7.17,0.0
20210801:0830,518.74,23.61,29.89,6.62,0.0
20210801:0930,350.61,9.44,29.13,5.79,0.0
20210801:1030,0.0,-4.58,28.39,5.59,0.0
20210801:1130,0.0,0.0,27.63,5.45,0.0
20210801:1230,0.0,0.0,27.09,4.97,0.0
20210801:1330,0.0,0.0,26.59,4.48,0.0
20210801:1430,0.0,0.0,26.28,4.28,0.0
20210801:1530,0.0,0.0,25.83,4.69,0.0
20210801:1630,0.0,0.0,25.58,4.62,0.0
20210801:1730,0.0,0.0,25.92,4.97,0.0
20210801:1830,0.0,0.0,26.24,4.69,0.0
20210801:1930,0.0,0.0,26.91,4.9,0.0
20210801:2030,0.0,0.0,26.94,5.52,0.0
20210801:2130,0.0,-2.78,26.91,5.31,0.0
20210801:2230,410.14,11.27,26.9,5.66,0.0
20210801:2330,684.33,25.46,27.37,6.07,0.0
20210802:0030,781.1,39.73,28.04,6.83,0.0
20210802:0130,762.36,53.98,28.59,7.38,0.0
20210802:0230,855.02,68.01,29.01,7.59,0.0
20210802:0330,898.64,80.53,29.5,7.86,0.0
20210802:0430,859.16,79.16,29.68,8.21,0.0
20210802:0530,762.5,66.19,28.99,8.21,0.0
20210802:0630,779.68,52.11,28.94,7.38,0.0
20210802:0730,582.93,37.85,29.28,7.38,0.0
20210802:0830,446.58,23.58,28.69,6.9,0.0
20210802:0930,267.07,9.39,27.7,6.0,0.0
20210802:1030,0.0,-4.65,26.85,5.66,0.0
20210802:1130,0.0,0.0,26.2,6.14,0.0
20210802:1230,0.0,0.0,26.08,6.07,0.0
20210802:1330,0.0,0.0,25.87,5.52,0.0
20210802:1430,0.0,0.0,25.79,4.83,0.0
20210802:1530,0.0,0.0,25.83,4.69,0.0
20210802:1630,0.0,0.0,25.86,5.24,0.0
20210802:1730,0.0,0.0,25.83,5.86,0.0
20210802:1830,0.0,0.0,25.99,5.45,0.0
20210802:1930,0.0,0.0,25.87,6.41,0.0
20210802:2030,0.0,0.0,25.98,6.9,0.0
20210802:2130,0.0,-2.81,26.38,6.34,0.0
20210802:2230,212.05,11.25,26.68,5.93,0.0
20210802:2330,394.55,25.45,27.06,6.28,0.0
20210803:0030,677.06,39.75,27.67,7.52,0.0
20210803:0130,620.17,54.02,28.17,8.41,0.0
20210803:0230,849.23,68.09,28.84,8.62,0.0
20210803:0330,548.27,80.73,29.53,8.55,0.0
20210803:0430,743.89,79.31,28.9,8.41,0.0
20210803:0530,629.37,66.24,27.22,8.28,0.0
20210803:0630,475.26,52.12,28.28,7.72,0.0
20210803:0730,424.14,37.83,28.93,6.97,0.0
20210803:0830,207.09,23.54,29.05,6.76,0.0
20210803:0930,25.46,9.33,28.45,6.48,0.0
20210803:1030,0.0,-4.72,27.05,6.69,0.0
20210803:1130,0.0,0.0,26.33,6.83,0.0
20210803:1230,0.0,0.0,25.93,7.03,0.0
20210803:1330,0.0,0.0,26.08,6.0,0.0
20210803:1430,0.0,0.0,26.43,5.59,0.0
20210803:1530,0.0,0.0,26.52,5.72,0.0
20210803:1630,0.0,0.0,26.67,5.93,0.0
20210803:1730,0.0,0.0,26.45,5.93,0.0
20210803:1830,0.0,0.0,26.3,5.72,0.0
20210803:1930,0.0,0.0,26.64,5.72,0.0
20210803:2030,0.0,0.0,26.58,5.66,0.0
20210803:2130,0.0,-2.85,26.84,5.72,0.0
20210803:2230,212.16,11.23,27.03,5.52,0.0
20210803:2330,492.34,25.45,27.39,5.52,0.0
20210804:0030,601.9,39.77,27.9,6.41,0.0
20210804:0130,525.96,54.07,28.46,7.79,0.0
20210804:0230,384.15,68.18,28.77,7.79,0.0
20210804:0330,561.66,80.93,28.78,7.31,0.0
20210804:0430,634.07,79.46,29.36,7.79,0.0
20210804:0530,667.03,66.28,29.7,7.93,0.0
20210804:0630,824.83,52.12,29.83,7.86,0.0
20210804:0730,640.25,37.81,29.96,7.03,0.0
20210804:0830,395.5,23.51,29.66,6.76,0.0
20210804:0930,222.83,9.28,28.99,5.93,0.0
20210804:1030,0.0,-4.8,28.41,5.38,0.0
20210804:1130,0.0,0.0,27.95,4.97,0.0
20210804:1230,0.0,0.0,27.72,4.76,0.0
20210804:1330,0.0,0.0,27.7,4.62,0.0
20210804:1430,0.0,0.0,27.53,4.76,0.0
20210804:1530,0.0,0.0,27.36,4.97,0.0
20210804:1630,0.0,0.0,26.95,5.1,0.0
20210804:1730,0.0,0.0,26.78,4.97,0.0
20210804:1830,0.0,0.0,26.46,5.45,0.0
20210804:1930,0.0,0.0,26.77,5.59,0.0
20210804:2030,0.0,0.0,26.82,6.07,0.0
20210804:2130,0.0,-2.89,27.02,5.66,0.0
20210804:2230,452.52,11.21,26.98,5.31,0.0
20210804:2330,734.2,25.46,27.48,5.59,0.0
20210805:0030,702.13,39.79,28.18,6.21,0.0
20210805:0130,885.04,54.12,28.63,6.28,0.0
20210805:0230,809.33,68.27,29.4,6.55,0.0
20210805:0330,871.21,81.13,29.77,6.76,0.0
20210805:0430,699.61,79.6,29.9,7.1,0.0
20210805:0530,817.69,66.32,29.14,6.76,0.0
20210805:0630,647.35,52.12,28.81,7.1,0.0
20210805:0730,688.37,37.79,29.54,6.69,0.0
20210805:0830,580.52,23.46,29.47,6.34,0.0
20210805:0930,424.05,9.21,29.02,5.52,0.0
20210805:1030,0.0,-4.88,28.27,5.1,0.0
20210805:1130,0.0,0.0,27.7,4.69,0.0
20210805:1230,0.0,0.0,27.4,3.93,0.0
20210805:1330,0.0,0.0,27.23,3.72,0.0
20210805:1430,0.0,0.0,27.08,3.93,0.0
20210805:1530,0.0,0.0,27.06,4.21,0.0
20210805:1630,0.0,0.0,26.65,4.14,0.0
20210805:1730,0.0,0.0,26.6,4.41,0.0
20210805:1830,0.0,0.0,26.23,4.62,0.0
20210805:1930,0.0,0.0,26.81,4.55,0.0
20210805:2030,0.0,0.0,26.78,4.69,0.0
20210805:2130,0.0,-2.92,26.77,4.62,0.0
20210805:2230,357.69,11.2,26.73,4.97,0.0
20210805:2330,576.24,25.46,27.22,5.17,0.0
20210806:0030,765.82,39.82,27.71,5.66,0.0
20210806:0130,674.01,54.16,28.26,5.79,0.0
20210806:0230,764.15,68.36,28.64,5.93,0.0
20210806:0330,835.08,81.34,28.91,6.07,0.0
20210806:0430,708.06,79.74,29.11,6.41,0.0
20210806:0530,793.71,66.35,29.15,6.28,0.0
20210806:0630,797.2,52.11,29.39,6.07,0.0
20210806:0730,672.98,37.76,29.85,6.55,0.0
20210806:0830,521.54,23.42,29.47,6.14,0.0
20210806:0930,240.85,9.15,28.9,5.45,0.0
20210806:1030,0.0,-4.96,28.09,4.97,0.0
20210806:1130,0.0,0.0,27.01,4.48,0.0
20210806:1230,0.0,0.0,26.77,3.86,0.0
20210806:1330,0.0,0.0,26.6,3.38,0.0
20210806:1430,0.0,0.0,26.62,3.59,0.0
20210806:1530,0.0,0.0,26.29,3.66,0.0
20210806:1630,0.0,0.0,26.19,3.45,0.0
20210806:1730,0.0,0.0,25.91,3.52,0.0
20210806:1830,0.0,0.0,25.87,4.07,0.0
20210806:1930,0.0,0.0,26.6,3.93,0.0
20210806:2030,0.0,0.0,26.66,3.72,0.0
20210806:2130,0.0,-2.96,26.58,3.79,0.0
20210806:2230,302.27,11.18,26.64,4.0,0.0
20210806:2330,615.6,25.47,27.0,4.34,0.0
20210807:0030,826.04,39.84,27.76,5.03,0.0
20210807:0130,844.06,54.21,28.79,5.59,0.0
20210807:0230,829.28,68.44,29.37,6.0,0.0
20210807:0330,728.17,81.55,29.82,6.41,0.0
20210807:0430,812.37,79.87,29.88,6.62,0.0
20210807:0530,741.28,66.38,30.14,6.97,0.0
20210807:0630,714.57,52.11,29.9,6.76,0.0
20210807:0730,786.38,37.73,29.95,5.72,0.0
20210807:0830,712.18,23.37,29.71,5.17,0.0
20210807:0930,471.22,9.08,29.34,4.55,0.0
20210807:1030,0.0,-5.05,28.63,3.86,0.0
20210807:1130,0.0,0.0,28.02,3.59,0.0
20210807:1230,0.0,0.0,27.54,3.24,0.0
20210807:1330,0.0,0.0,27.27,2.9,0.0
20210807:1430,0.0,0.0,27.04,3.03,0.0
20210807:1530,0.0,0.0,26.98,2.97,0.0
20210807:1630,0.0,0.0,26.88,2.97,0.0
20210807:1730,0.0,0.0,26.78,3.17,0.0
20210807:1830,0.0,0.0,26.43,3.24,0.0
20210807:1930,0.0,0.0,26.45,2.69,0.0
20210807:2030,0.0,0.0,26.48,2.83,0.0
20210807:2130,0.0,-2.99,26.45,2.83,0.0
20210807:2230,197.3,11.17,26.39,2.55,0.0
20210807:2330,404.04,25.47,26.96,2.48,0.0
20210808:0030,788.04,39.87,27.7,3.31,0.0
20210808:0130,714.82,54.26,28.38,3.86,0.0
20210808:0230,793.04,68.53,28.76,4.07,0.0
20210808:0330,606.33,81.75,29.24,4.28,0.0
20210808:0430,745.82,79.99,29.34,4.34,0.0
20210808:0530,708.62,66.4,29.53,4.76,0.0
20210808:0630,607.93,52.09,27.99,5.03,0.0
20210808:0730,279.45,37.69,29.2,4.62,0.0
20210808:0830,120.19,23.31,28.07,4.62,0.0
20210808:0930,31.61,9.01,27.61,3.79,0.0
20210808:1030,0.0,-5.14,26.92,3.31,0.0
20210808:1130,0.0,0.0,26.51,2.83,0.0
20210808:1230,0.0,0.0,26.5,1.52,0.0
20210808:1330,0.0,0.0,26.01,1.1,0.0
20210808:1430,0.0,0.0,25.81,1.72,0.0
20210808:1530,0.0,0.0,25.97,2.41,0.0
20210808:1630,0.0,0.0,25.96,2.41,0.0
20210808:1730,0.0,0.0,25.91,2.07,0.0
20210808:1830,0.0,0.0,25.77,1.93,0.0
20210808:1930,0.0,0.0,25.99,2.21,0.0
20210808:2030,0.0,0.0,26.03,2.34,0.0
20210808:2130,0.0,-3.02,26.08,2.55,0.0
20210808:2230,67.42,11.16,26.21,2.9,0.0
20210808:2330,38.69,25.48,26.56,2.83,0.0
20210809:0030,117.51,39.9,26.8,2.9,0.0
20210809:0130,234.37,54.32,27.16,2.69,0.0
20210809:0230,308.5,68.62,27.33,2.21,0.0
20210809:0330,349.98,81.96,27.41,2.0,0.0
20210809:0430,407.83,80.11,27.45,2.07,0.0
20210809:0530,351.97,66.42,27.74,2.69,0.0
20210809:0630,122.24,52.08,27.39,3.1,0.0
20210809:0730,67.92,37.65,25.85,1.72,0.0
20210809:0830,38.0,23.25,25.86,2.14,0.0
20210809:0930,12.9,8.94,25.83,2.21,0.0
20210809:1030,0.0,-5.24,25.63,2.76,0.0
20210809:1130,0.0,0.0,25.44,2.97,0.0
20210809:1230,0.0,0.0,25.54,3.03,0.0
20210809:1330,0.0,0.0,25.56,2.97,0.0
20210809:1430,0.0,0.0,25.66,3.03,0.0
20210809:1530,0.0,0.0,25.66,3.17,0.0
20210809:1630,0.0,0.0,25.66,3.17,0.0
20210809:1730,0.0,0.0,25.58,3.17,0.0
20210809:1830,0.0,0.0,25.48,3.31,0.0
20210809:1930,0.0,0.0,25.19,4.07,0.0
20210809:2030,0.0,0.0,25.21,4.0,0.0
20210809:2130,0.0,-3.05,24.82,3.86,0.0
20210809:2230,50.55,11.16,24.78,3.72,0.0
20210809:2330,88.12,25.49,25.01,3.72,0.0
20210810:0030,135.06,39.93,25.46,3.52,0.0
20210810:0130,225.14,54.37,25.71,2.76,0.0
20210810:0230,134.21,68.71,26.11,3.24,0.0
20210810:0330,210.87,82.17,26.07,3.24,0.0
20210810:0430,140.74,80.23,26.13,3.17,0.0
20210810:0530,224.7,66.43,26.13,2.83,0.0
20210810:0630,439.37,52.05,26.26,2.41,0.0
20210810:0730,336.59,37.61,26.99,1.52,0.0
20210810:0830,133.84,23.19,27.05,1.1,0.0
20210810:0930,87.6,8.86,26.78,0.76,0.0
20210810:1030,0.0,-5.33,26.52,0.41,0.0
20210810:1130,0.0,0.0,26.77,0.07,0.0
20210810:1230,0.0,0.0,26.82,0.41,0.0
20210810:1330,0.0,0.0,26.13,0.55,0.0
20210810:1430,0.0,0.0,26.2,0.55,0.0
20210810:1530,0.0,0.0,26.14,0.62,0.0
20210810:1630,0.0,0.0,26.46,0.62,0.0
20210810:1730,0.0,0.0,26.02,0.48,0.0
20210810:1830,0.0,0.0,25.89,0.9,0.0
20210810:1930,0.0,0.0,25.29,1.1,0.0
20210810:2030,0.0,0.0,25.68,0.97,0.0
20210810:2130,0.0,-3.07,25.74,0.83,0.0
20210810:2230,423.51,11.15,25.93,0.55,0.0
20210810:2330,636.74,25.5,26.23,0.41,0.0
20210811:0030,842.04,39.96,27.2,0.97,0.0
20210811:0130,919.23,54.42,27.94,1.24,0.0
20210811:0230,884.09,68.8,28.66,1.38,0.0
20210811:0330,894.82,82.37,29.22,1.52,0.0
20210811:0430,858.71,80.33,29.64,1.66,0.0
20210811:0530,903.61,66.44,29.85,2.0,0.0
20210811:0630,667.54,52.03,30.0,2.48,0.0
20210811:0730,756.23,37.57,29.86,1.72,0.0
20210811:0830,576.91,23.13,29.88,1.38,0.0
20210811:0930,180.78,8.78,29.83,0.76,0.0
20210811:1030,0.0,-5.44,29.06,0.55,0.0
20210811:1130,0.0,0.0,27.59,1.45,0.0
20210811:1230,0.0,0.0,26.97,2.14,0.0
20210811:1330,0.0,0.0,26.53,2.21,0.0
20210811:1430,0.0,0.0,26.22,2.14,0.0
20210811:1530,0.0,0.0,25.96,2.28,0.0
20210811:1630,0.0,0.0,25.72,2.14,0.0
20210811:1730,0.0,0.0,25.62,2.21,0.0
20210811:1830,0.0,0.0,25.56,2.34,0.0
20210811:1930,0.0,0.0,25.7,2.76,0.0
20210811:2030,0.0,0.0,25.65,2.76,0.0
20210811:2130,0.0,-3.1,25.54,2.83,0.0
20210811:2230,541.96,11.14,25.48,2.76,0.0
20210811:2330,795.64,25.52,26.71,2.55,0.0
20210812:0030,815.23,39.99,27.8,3.24,0.0
20210812:0130,780.01,54.48,28.48,3.52,0.0
20210812:0230,913.15,68.89,29.09,3.38,0.0
20210812:0330,916.55,82.58,29.8,3.1,0.0
20210812:0430,782.19,80.43,30.39,3.1,0.0
20210812:0530,868.84,66.44,30.6,3.24,0.0
20210812:0630,829.39,52.0,30.61,3.45,0.0
20210812:0730,677.32,37.51,30.82,3.59,0.0
20210812:0830,613.26,23.06,30.37,3.59,0.0
20210812:0930,405.73,8.69,29.77,3.17,0.0
20210812:1030,0.0,-5.54,28.99,3.03,0.0
20210812:1130,0.0,0.0,28.12,3.03,0.0
20210812:1230,0.0,0.0,27.53,3.1,0.0
20210812:1330,0.0,0.0,27.14,2.97,0.0
20210812:1430,0.0,0.0,26.81,3.03,0.0
20210812:1530,0.0,0.0,26.55,3.1,0.0
20210812:1630,0.0,0.0,26.45,3.1,0.0
20210812:1730,0.0,0.0,26.41,2.97,0.0
20210812:1830,0.0,0.0,26.25,2.9,0.0
20210812:1930,0.0,0.0,26.27,3.24,0.0
20210812:2030,0.0,0.0,26.08,3.52,0.0
20210812:2130,0.0,-3.12,25.77,3.31,0.0
20210812:2230,394.6,11.14,25.58,3.03,0.0
20210812:2330,577.66,25.53,26.11,2.83,0.0
20210813:0030,794.3,40.03,27.13,3.1,0.0
20210813:0130,839.38,54.53,28.07,3.31,0.0
20210813:0230,873.49,68.98,28.74,3.17,0.0
20210813:0330,809.47,82.78,29.37,3.38,0.0
20210813:0430,880.4,80.51,29.62,2.41,0.0
20210813:0530,760.12,66.43,29.92,2.28,0.0
20210813:0630,740.34,51.96,29.84,2.69,0.0
20210813:0730,555.25,37.46,29.5,1.72,0.0
20210813:0830,321.79,22.99,29.26,1.17,0.0
20210813:0930,212.84,8.6,28.73,0.34,0.0
20210813:1030,0.0,-5.65,28.29,0.83,0.0
20210813:1130,0.0,0.0,28.32,0.48,0.0
20210813:1230,0.0,0.0,27.69,0.83,0.0
20210813:1330,0.0,0.0,26.43,1.66,0.0
20210813:1430,0.0,0.0,26.01,1.66,0.0
20210813:1530,0.0,0.0,25.78,1.79,0.0
20210813:1630,0.0,0.0,26.76,1.03,0.0
20210813:1730,0.0,0.0,26.25,0.41,0.0
20210813:1830,0.0,0.0,24.74,0.97,0.0
20210813:1930,0.0,0.0,26.44,0.41,0.0
20210813:2030,0.0,0.0,24.7,1.17,0.0
20210813:2130,0.0,-3.14,24.6,1.79,0.0
20210813:2230,166.96,11.14,24.49,1.79,0.0
20210813:2330,479.34,25.55,25.49,1.86,0.0
20210814:0030,625.55,40.06,26.05,2.14,0.0
20210814:0130,840.65,54.59,26.91,1.17,0.0
20210814:0230,845.54,69.06,28.07,0.69,0.0
20210814:0330,759.55,82.98,28.95,0.48,0.0
20210814:0430,878.86,80.59,29.19,0.62,0.0
20210814:0530,818.78,66.42,29.56,0.69,0.0
20210814:0630,451.83,51.93,29.16,1.45,0.0
20210814:0730,240.63,37.4,28.07,0.62,0.0
20210814:0830,238.34,22.92,27.94,0.69,0.0
20210814:0930,209.01,8.51,27.96,0.69,0.0
20210814:1030,0.0,-5.76,27.88,0.34,0.0
20210814:1130,0.0,0.0,27.59,0.62,0.0
20210814:1230,0.0,0.0,26.64,1.24,0.0
20210814:1330,0.0,0.0,26.36,1.31,0.0
20210814:1430,0.0,0.0,27.76,0.76,0.0
20210814:1530,0.0,0.0,27.16,0.83,0.0
20210814:1630,0.0,0.0,25.35,1.24,0.0
20210814:1730,0.0,0.0,26.17,0.76,0.0
20210814:1830,0.0,0.0,25.68,0.83,0.0
20210814:1930,0.0,0.0,25.25,1.03,0.0
20210814:2030,0.0,0.0,24.75,1.45,0.0
20210814:2130,0.0,-3.16,24.53,1.52,0.0
20210814:2230,394.79,11.14,24.51,1.52,0.0
20210814:2330,582.31,25.56,25.88,1.24,0.0
20210815:0030,843.71,40.1,26.94,1.31,0.0
20210815:0130,850.92,54.64,28.04,1.79,0.0
20210815:0230,912.81,69.15,28.72,1.93,0.0
20210815:0330,801.61,83.17,29.37,2.07,0.0
20210815:0430,745.77,80.66,29.63,2.14,0.0
20210815:0530,689.23,66.41,29.75,2.9,0.0
20210815:0630,696.06,51.88,28.78,2.55,0.0
20210815:0730,369.68,37.34,29.24,3.72,0.0
20210815:0830,193.33,22.84,28.85,3.45,0.0
20210815:0930,177.81,8.41,28.47,3.03,0.0
20210815:1030,0.0,-5.87,28.01,2.41,0.0
20210815:1130,0.0,0.0,27.43,2.21,0.0
20210815:1230,0.0,0.0,26.79,1.79,0.0
20210815:1330,0.0,0.0,26.34,1.86,0.0
20210815:1430,0.0,0.0,25.9,1.93,0.0
20210815:1530,0.0,0.0,25.52,2.0,0.0
20210815:1630,0.0,0.0,25.51,2.21,0.0
20210815:1730,0.0,0.0,25.38,2.28,0.0
20210815:1830,0.0,0.0,25.17,2.14,0.0
20210815:1930,0.0,0.0,25.34,2.34,0.0
20210815:2030,0.0,0.0,25.15,2.14,0.0
20210815:2130,0.0,-3.18,24.96,2.07,0.0
20210815:2230,509.95,11.14,24.73,2.07,0.0
20210815:2330,713.36,25.58,26.17,2.28,0.0
20210816:0030,790.82,40.13,27.36,3.24,0.0
20210816:0130,897.6,54.7,28.13,3.45,0.0
20210816:0230,854.26,69.24,28.98,3.24,0.0
20210816:0330,902.71,83.36,29.52,3.45,0.0
20210816:0430,812.17,80.71,29.91,3.59,0.0
20210816:0530,830.34,66.39,30.05,4.07,0.0
20210816:0630,868.32,51.83,29.28,4.41,0.0
20210816:0730,589.41,37.27,29.51,3.45,0.0
20210816:0830,515.7,22.76,28.71,2.83,0.0
20210816:0930,286.91,8.32,28.7,3.03,0.0
20210816:1030,0.0,-5.99,28.01,3.03,0.0
20210816:1130,0.0,0.0,27.41,2.76,0.0
20210816:1230,0.0,0.0,26.9,3.03,0.0
20210816:1330,0.0,0.0,26.63,3.24,0.0
20210816:1430,0.0,0.0,26.39,3.1,0.0
20210816:1530,0.0,0.0,26.23,2.97,0.0
20210816:1630,0.0,0.0,26.14,2.83,0.0
20210816:1730,0.0,0.0,26.0,2.83,0.0
20210816:1830,0.0,0.0,25.87,2.55,0.0
20210816:1930,0.0,0.0,26.0,2.76,0.0
20210816:2030,0.0,0.0,25.88,2.55,0.0
20210816:2130,0.0,-3.19,25.68,2.34,0.0
20210816:2230,338.19,11.15,25.82,2.48,0.0
20210816:2330,549.85,25.6,26.39,2.69,0.0
20210817:0030,686.63,40.17,27.06,3.24,0.0
20210817:0130,732.85,54.75,27.88,2.9,0.0
20210817:0230,591.59,69.32,28.45,2.41,0.0
20210817:0330,591.23,83.55,28.49,1.66,0.0
20210817:0430,595.41,80.76,28.74,2.0,0.0
20210817:0530,419.02,66.36,28.06,2.14,0.0
20210817:0630,378.68,51.78,27.96,0.97,0.0
20210817:0730,193.27,37.2,27.83,2.14,0.0
20210817:0830,27.86,22.67,27.18,2.14,0.0
20210817:0930,6.13,8.21,26.52,2.34,0.0
20210817:1030,0.0,-6.11,26.07,2.07,0.0
20210817:1130,0.0,0.0,25.72,1.59,0.0
20210817:1230,0.0,0.0,25.7,0.76,0.0
20210817:1330,0.0,0.0,25.58,1.1,0.0
20210817:1430,0.0,0.0,25.7,1.86,0.0
20210817:1530,0.0,0.0,25.95,1.93,0.0
20210817:1630,0.0,0.0,25.76,1.45,0.0
20210817:1730,0.0,0.0,25.32,0.97,0.0
20210817:1830,0.0,0.0,25.67,0.62,0.0
20210817:1930,0.0,0.0,26.37,0.48,0.0
20210817:2030,0.0,0.0,25.33,0.76,0.0
20210817:2130,0.0,-3.21,24.91,1.03,0.0
20210817:2230,165.71,11.15,24.86,1.17,0.0
20210817:2330,442.66,25.62,25.79,0.48,0.0
20210818:0030,625.56,40.21,26.42,0.76,0.0
20210818:0130,763.31,54.81,27.18,1.52,0.0
20210818:0230,671.69,69.4,27.68,1.66,0.0
20210818:0330,597.34,83.73,27.85,1.93,0.0
20210818:0430,648.36,80.79,28.13,2.34,0.0
20210818:0530,430.78,66.32,28.59,2.76,0.0
20210818:0630,506.35,51.72,27.77,3.03,0.0
20210818:0730,356.1,37.13,28.16,2.48,0.0
20210818:0830,142.28,22.58,27.88,3.38,0.0
20210818:0930,72.71,8.11,27.71,2.69,0.0
20210818:1030,0.0,-6.23,27.47,1.79,0.0
20210818:1130,0.0,0.0,27.13,0.76,0.0
20210818:1230,0.0,0.0,27.4,0.34,0.0
20210818:1330,0.0,0.0,27.4,0.41,0.0
20210818:1430,0.0,0.0,27.09,0.14,0.0
20210818:1530,0.0,0.0,27.01,0.07,0.0
20210818:1630,0.0,0.0,26.71,0.07,0.0
20210818:1730,0.0,0.0,26.42,0.14,0.0
20210818:1830,0.0,0.0,26.1,0.48,0.0
20210818:1930,0.0,0.0,26.05,0.34,0.0
20210818:2030,0.0,0.0,26.06,0.55,0.0
20210818:2130,0.0,-3.22,25.94,0.21,0.0
20210818:2230,154.21,11.16,25.7,0.55,0.0
20210818:2330,465.95,25.65,25.87,0.55,0.0
20210819:0030,767.73,40.25,26.6,1.17,0.0
20210819:0130,793.04,54.86,27.36,1.31,0.0
20210819:0230,696.79,69.48,28.08,1.03,0.0
20210819:0330,852.27,83.89,28.45,1.31,0.0
20210819:0430,832.51,80.81,29.09,1.72,0.0
20210819:0530,771.6,66.28,29.32,2.07,0.0
20210819:0630,549.42,51.66,29.59,2.41,0.0
20210819:0730,537.02,37.05,29.71,1.93,0.0
20210819:0830,225.45,22.49,29.74,2.14,0.0
20210819:0930,140.95,8.0,28.76,2.0,0.0
20210819:1030,0.0,-6.36,28.26,0.97,0.0
20210819:1130,0.0,0.0,28.24,0.62,0.0
20210819:1230,0.0,0.0,26.96,1.17,0.0
20210819:1330,0.0,0.0,26.89,1.1,0.0
20210819:1430,0.0,0.0,27.87,0.41,0.0
20210819:1530,0.0,0.0,27.77,0.55,0.0
20210819:1630,0.0,0.0,27.66,0.14,0.0
20210819:1730,0.0,0.0,27.46,0.48,0.0
20210819:1830,0.0,0.0,27.26,0.55,0.0
20210819:1930,0.0,0.0,25.21,1.66,0.0
20210819:2030,0.0,0.0,26.49,0.9,0.0
20210819:2130,0.0,-3.23,26.22,0.97,0.0
20210819:2230,310.78,11.16,25.2,1.17,0.0
20210819:2330,577.03,25.67,26.58,0.97,0.0
20210820:0030,712.52,40.29,27.33,0.69,0.0
20210820:0130,873.37,54.92,27.74,0.9,0.0
20210820:0230,827.35,69.56,28.37,0.83,0.0
20210820:0330,709.14,84.05,28.63,1.17,0.0
20210820:0430,774.35,80.81,28.7,1.66,0.0
20210820:0530,525.51,66.24,28.76,1.93,0.0
20210820:0630,457.71,51.6,28.12,0.69,0.0
20210820:0730,326.44,36.97,28.81,0.9,0.0
20210820:0830,82.47,22.39,28.4,1.72,0.0
20210820:0930,76.13,7.89,27.79,2.14,0.0
20210820:1030,0.0,0.0,27.44,1.86,0.0
20210820:1130,0.0,0.0,26.96,1.1,0.0
20210820:1230,0.0,0.0,27.52,0.55,0.0
20210820:1330,0.0,0.0,27.03,0.83,0.0
20210820:1430,0.0,0.0,26.17,1.17,0.0
20210820:1530,0.0,0.0,27.13,0.48,0.0
20210820:1630,0.0,0.0,27.01,0.07,0.0
20210820:1730,0.0,0.0,26.89,0.21,0.0
20210820:1830,0.0,0.0,26.78,0.48,0.0
20210820:1930,0.0,0.0,26.89,0.41,0.0
20210820:2030,0.0,0.0,26.77,0.34,0.0
20210820:2130,0.0,-3.24,25.59,1.1,0.0
20210820:2230,318.79,11.17,25.35,1.1,0.0
20210820:2330,627.81,25.7,26.47,0.83,0.0
20210821:0030,656.82,40.33,27.09,1.03,0.0
20210821:0130,725.9,54.97,27.53,0.9,0.0
20210821:0230,737.26,69.63,27.88,0.62,0.0
20210821:0330,738.65,84.2,28.31,0.69,0.0
20210821:0430,613.3,80.81,28.51,1.66,0.0
20210821:0530,534.7,66.18,28.26,1.86,0.0
20210821:0630,402.56,51.52,28.17,1.24,0.0
20210821:0730,291.0,36.89,28.72,2.14,0.0
20210821:0830,292.95,22.29,28.15,2.9,0.0
20210821:0930,110.17,7.78,27.65,2.48,0.0
20210821:1030,0.0,0.0,27.4,1.59,0.0
20210821:1130,0.0,0.0,26.86,1.66,0.0
20210821:1230,0.0,0.0,26.39,1.66,0.0
20210821:1330,0.0,0.0,25.85,1.45,0.0
20210821:1430,0.0,0.0,25.75,1.24,0.0
20210821:1530,0.0,0.0,25.53,1.31,0.0
20210821:1630,0.0,0.0,25.62,1.17,0.0
20210821:1730,0.0,0.0,25.43,1.17,0.0
20210821:1830,0.0,0.0,24.84,1.59,0.0
20210821:1930,0.0,0.0,25.74,0.41,0.0
20210821:2030,0.0,0.0,25.63,0.41,0.0
20210821:2130,0.0,-3.25,24.45,1.03,0.0
20210821:2230,213.86,11.18,24.51,1.31,0.0
20210821:2330,351.35,25.72,25.64,1.31,0.0
20210822:0030,542.64,40.37,26.24,1.38,0.0
20210822:0130,680.95,55.03,26.92,1.45,0.0
20210822:0230,611.82,69.7,27.39,1.72,0.0
20210822:0330,593.21,84.33,27.57,2.0,0.0
20210822:0430,544.35,80.78,27.59,1.93,0.0
20210822:0530,447.31,66.12,27.63,1.93,0.0
20210822:0630,289.6,51.45,27.95,2.34,0.0
20210822:0730,110.74,36.8,27.94,2.83,0.0
20210822:0830,146.66,22.19,27.55,2.62,0.0
20210822:0930,38.18,7.66,27.15,2.34,0.0
20210822:1030,0.0,0.0,26.54,1.79,0.0
20210822:1130,0.0,0.0,26.06,1.66,0.0
20210822:1230,0.0,0.0,26.02,1.93,0.0
20210822:1330,0.0,0.0,25.61,1.72,0.0
20210822:1430,0.0,0.0,25.29,1.31,0.0
20210822:1530,0.0,0.0,25.54,1.79,0.0
20210822:1630,0.0,0.0,25.2,1.24,0.0
20210822:1730,0.0,0.0,25.26,1.66,0.0
20210822:1830,0.0,0.0,25.27,1.93,0.0
20210822:1930,0.0,0.0,25.22,2.0,0.0
20210822:2030,0.0,0.0,25.25,2.34,0.0
20210822:2130,0.0,-3.25,25.05,2.55,0.0
20210822:2230,125.65,11.2,24.89,2.28,0.0
20210822:2330,401.59,25.75,25.52,1.86,0.0
20210823:0030,535.21,40.41,26.44,2.0,0.0
20210823:0130,735.87,55.08,27.22,1.93,0.0
20210823:0230,804.72,69.77,27.92,1.93,0.0
20210823:0330,706.21,84.45,28.61,2.21,0.0
20210823:0430,695.61,80.75,28.66,2.62,0.0
20210823:0530,496.54,66.06,27.74,3.38,0.0
20210823:0630,584.58,51.37,27.92,3.72,0.0
20210823:0730,337.44,36.7,28.9,3.86,0.0
20210823:0830,114.45,22.08,28.6,3.38,0.0
20210823:0930,13.74,7.54,28.19,2.9,0.0
20210823:1030,0.0,0.0,27.69,2.0,0.0
20210823:1130,0.0,0.0,27.02,1.72,0.0
20210823:1230,0.0,0.0,26.72,1.03,0.0
20210823:1330,0.0,0.0,27.54,0.55,0.0
20210823:1430,0.0,0.0,26.77,0.9,0.0
20210823:1530,0.0,0.0,27.01,0.55,0.0
20210823:1630,0.0,0.0,25.16,1.24,0.0
20210823:1730,0.0,0.0,25.26,2.28,0.0
20210823:1830,0.0,0.0,25.05,2.55,0.0
20210823:1930,0.0,0.0,24.92,2.69,0.0
20210823:2030,0.0,0.0,24.83,2.48,0.0
20210823:2130,0.0,-3.25,24.84,2.14,0.0
20210823:2230,59.82,11.21,24.7,1.52,0.0
20210823:2330,155.04,25.78,25.23,1.31,0.0
20210824:0030,222.66,40.45,25.94,1.1,0.0
20210824:0130,281.31,55.13,26.28,1.17,0.0
20210824:0230,161.37,69.84,26.61,1.72,0.0
20210824:0330,260.69,84.55,26.25,2.41,0.0
20210824:0430,314.25,80.7,26.55,2.62,0.0
20210824:0530,298.66,65.98,26.73,2.0,0.0
20210824:0630,404.42,51.28,26.92,1.45,0.0
20210824:0730,256.02,36.61,28.23,1.31,0.0
20210824:0830,99.23,21.98,28.39,0.69,0.0
20210824:0930,152.89,7.42,28.09,0.69,0.0
20210824:1030,0.0,0.0,27.6,1.45,0.0
20210824:1130,0.0,0.0,26.91,1.66,0.0
20210824:1230,0.0,0.0,26.16,1.24,0.0
20210824:1330,0.0,0.0,26.53,0.97,0.0
20210824:1430,0.0,0.0,25.87,1.17,0.0
20210824:1530,0.0,0.0,26.49,0.97,0.0
20210824:1630,0.0,0.0,26.82,0.55,0.0
20210824:1730,0.0,0.0,26.54,0.62,0.0
20210824:1830,0.0,0.0,26.43,0.76,0.0
20210824:1930,0.0,0.0,25.96,0.83,0.0
20210824:2030,0.0,0.0,24.97,1.1,0.0
20210824:2130,0.0,-3.26,24.45,2.21,0.0
20210824:2230,251.84,11.22,24.6,2.48,0.0
20210824:2330,442.96,25.81,25.32,2.28,0.0
20210825:0030,714.48,40.49,26.04,2.34,0.0
20210825:0130,716.73,55.18,27.01,2.9,0.0
20210825:0230,858.92,69.9,27.42,2.62,0.0
20210825:0330,575.13,84.63,27.95,2.62,0.0
20210825:0430,706.04,80.63,27.77,2.76,0.0
20210825:0530,369.06,65.9,28.3,2.76,0.0
20210825:0630,657.15,51.19,27.83,1.86,0.0
20210825:0730,526.13,36.5,28.55,2.76,0.0
20210825:0830,214.68,21.86,27.96,2.55,0.0
20210825:0930,90.47,7.29,27.57,1.79,0.0
20210825:1030,0.0,0.0,27.28,1.1,0.0
20210825:1130,0.0,0.0,26.13,0.9,0.0
20210825:1230,0.0,0.0,25.55,0.76,0.0
20210825:1330,0.0,0.0,25.3,0.9,0.0
20210825:1430,0.0,0.0,25.03,0.97,0.0
20210825:1530,0.0,0.0,24.87,1.72,0.0
20210825:1630,0.0,0.0,24.67,1.93,0.0
20210825:1730,0.0,0.0,24.73,1.93,0.0
20210825:1830,0.0,0.0,24.68,2.07,0.0
20210825:1930,0.0,0.0,24.32,2.28,0.0
20210825:2030,0.0,0.0,24.3,2.28,0.0
20210825:2130,0.0,-3.26,24.34,2.21,0.0
20210825:2230,25.09,11.24,24.47,2.07,0.0
20210825:2330,76.74,25.83,24.76,2.21,0.0
20210826:0030,153.91,40.53,25.24,2.21,0.0
20210826:0130,298.33,55.23,25.74,2.48,0.0
20210826:0230,281.18,69.96,26.17,2.0,0.0
20210826:0330,244.07,84.7,25.74,2.14,0.0
20210826:0430,204.44,80.55,25.7,2.07,0.0
20210826:0530,199.4,65.82,25.76,1.86,0.0
20210826:0630,156.82,51.09,25.73,2.14,0.0
20210826:0730,145.32,36.4,26.01,2.41,0.0
20210826:0830,115.92,21.75,26.07,2.62,0.0
20210826:0930,27.71,7.16,25.68,2.69,0.0
20210826:1030,0.0,0.0,25.25,2.55,0.0
20210826:1130,0.0,0.0,24.98,2.83,0.0
20210826:1230,0.0,0.0,24.86,2.83,0.0
20210826:1330,0.0,0.0,24.87,2.9,0.0
20210826:1430,0.0,0.0,24.86,2.97,0.0
20210826:1530,0.0,0.0,24.81,2.76,0.0
20210826:1630,0.0,0.0,24.84,2.48,0.0
20210826:1730,0.0,0.0,24.76,2.14,0.0
20210826:1830,0.0,0.0,24.6,1.72,0.0
20210826:1930,0.0,0.0,24.64,2.55,0.0
20210826:2030,0.0,0.0,25.0,2.76,0.0
20210826:2130,0.0,-3.26,24.83,2.55,0.0
20210826:2230,169.01,11.26,24.7,2.07,0.0
20210826:2330,486.88,25.86,25.51,1.52,0.0
20210827:0030,689.99,40.57,26.65,1.24,0.0
20210827:0130,625.24,55.28,27.42,1.03,0.0
20210827:0230,804.21,70.02,28.04,0.69,0.0
20210827:0330,903.36,84.74,28.75,0.76,0.0
20210827:0430,729.97,80.46,29.17,0.55,0.0
20210827:0530,560.81,65.72,28.93,1.1,0.0
20210827:0630,899.59,50.99,28.41,1.86,0.0
20210827:0730,550.6,36.29,30.2,2.0,0.0
20210827:0830,331.57,21.63,29.39,2.28,0.0
20210827:0930,114.22,7.03,28.03,2.34,0.0
20210827:1030,0.0,0.0,27.41,1.66,0.0
20210827:1130,0.0,0.0,27.14,1.1,0.0
20210827:1230,0.0,0.0,26.78,2.07,0.0
20210827:1330,0.0,0.0,26.26,2.9,0.0
20210827:1430,0.0,0.0,25.89,2.97,0.0
20210827:1530,0.0,0.0,25.76,2.83,0.0
20210827:1630,0.0,0.0,25.57,2.41,0.0
20210827:1730,0.0,0.0,25.29,1.45,0.0
20210827:1830,0.0,0.0,25.13,1.38,0.0
20210827:1930,0.0,0.0,24.86,1.59,0.0
20210827:2030,0.0,0.0,24.88,1.86,0.0
20210827:2130,0.0,-3.25,24.86,2.0,0.0
20210827:2230,74.41,11.27,24.86,2.28,0.0
20210827:2330,293.98,25.89,25.29,2.69,0.0
20210828:0030,408.77,40.61,25.94,2.9,0.0
20210828:0130,643.61,55.33,26.86,2.76,0.0
20210828:0230,740.12,70.07,27.61,2.62,0.0
20210828:0330,394.89,84.76,28.23,2.41,0.0
20210828:0430,386.98,80.35,28.05,2.34,0.0
20210828:0530,378.06,65.62,28.13,2.76,0.0
20210828:0630,282.96,50.89,28.3,1.72,0.0
20210828:0730,221.3,36.18,28.41,0.69,0.0
20210828:0830,188.68,21.51,28.32,1.45,0.0
20210828:0930,133.41,6.9,27.99,2.07,0.0
20210828:1030,0.0,0.0,27.59,2.48,0.0
20210828:1130,0.0,0.0,27.28,2.55,0.0
20210828:1230,0.0,0.0,26.94,2.07,0.0
20210828:1330,0.0,0.0,26.47,1.72,0.0
20210828:1430,0.0,0.0,25.95,1.24,0.0
20210828:1530,0.0,0.0,26.87,0.14,0.0
20210828:1630,0.0,0.0,25.39,1.66,0.0
20210828:1730,0.0,0.0,25.21,1.72,0.0
20210828:1830,0.0,0.0,25.03,1.72,0.0
20210828:1930,0.0,0.0,24.73,1.31,0.0
20210828:2030,0.0,0.0,24.63,1.24,0.0
20210828:2130,0.0,-3.25,24.69,1.1,0.0
20210828:2230,231.37,11.29,25.07,0.83,0.0
20210828:2330,613.88,25.93,25.83,0.9,0.0
20210829:0030,664.25,40.65,26.35,1.45,0.0
20210829:0130,662.69,55.38,26.86,2.07,0.0
20210829:0230,643.35,70.11,27.14,2.28,0.0
20210829:0330,793.29,84.75,27.4,1.79,0.0
20210829:0430,808.5,80.23,27.97,0.9,0.0
20210829:0530,611.41,65.52,28.64,1.03,0.0
20210829:0630,345.53,50.78,28.79,1.17,0.0
20210829:0730,137.94,36.06,27.77,3.86,0.0
20210829:0830,70.82,21.38,27.09,3.93,0.0
20210829:0930,23.21,6.76,26.94,3.59,0.0
20210829:1030,0.0,0.0,26.26,3.52,0.0
20210829:1130,0.0,0.0,25.6,3.03,0.0
20210829:1230,0.0,0.0,25.5,2.14,0.0
20210829:1330,0.0,0.0,25.3,1.45,0.0
20210829:1430,0.0,0.0,25.25,1.66,0.0
20210829:1530,0.0,0.0,25.02,1.59,0.0
20210829:1630,0.0,0.0,25.06,1.24,0.0
20210829:1730,0.0,0.0,25.44,1.03,0.0
20210829:1830,0.0,0.0,26.17,0.83,0.0
20210829:1930,0.0,0.0,25.85,0.28,0.0
20210829:2030,0.0,0.0,25.92,0.55,0.0
20210829:2130,0.0,-3.25,24.93,0.97,0.0
20210829:2230,218.4,11.31,24.4,1.17,0.0
20210829:2330,467.39,25.96,25.8,1.1,0.0
20210830:0030,754.21,40.69,26.55,1.31,0.0
20210830:0130,810.62,55.42,27.46,1.45,0.0
20210830:0230,868.17,70.15,28.21,1.66,0.0
20210830:0330,713.36,84.73,28.95,2.0,0.0
20210830:0430,608.29,80.09,29.25,2.28,0.0
20210830:0530,567.47,65.4,28.99,3.24,0.0
20210830:0630,479.51,50.67,28.51,3.59,0.0
20210830:0730,493.42,35.94,28.56,2.62,0.0
20210830:0830,292.42,21.25,28.61,2.28,0.0
20210830:0930,191.15,6.62,27.91,2.34,0.0
20210830:1030,0.0,0.0,27.46,2.28,0.0
20210830:1130,0.0,0.0,27.0,2.41,0.0
20210830:1230,0.0,0.0,26.66,2.62,0.0
20210830:1330,0.0,0.0,26.34,2.69,0.0
20210830:1430,0.0,0.0,26.1,2.62,0.0
20210830:1530,0.0,0.0,25.83,2.62,0.0
20210830:1630,0.0,0.0,25.57,2.14,0.0
20210830:1730,0.0,0.0,25.26,1.66,0.0
20210830:1830,0.0,0.0,24.98,1.45,0.0
20210830:1930,0.0,0.0,25.03,1.79,0.0
20210830:2030,0.0,0.0,24.72,1.38,0.0
20210830:2130,0.0,-3.24,24.73,1.66,0.0
20210830:2230,277.19,11.33,24.77,1.72,0.0
20210830:2330,534.28,25.99,25.73,1.86,0.0
20210831:0030,726.37,40.73,26.75,2.34,0.0
20210831:0130,785.21,55.46,27.74,2.21,0.0
20210831:0230,766.4,70.19,28.47,1.79,0.0
20210831:0330,857.92,84.67,28.89,1.38,0.0
20210831:0430,660.6,79.94,29.34,0.9,0.0
20210831:0530,471.82,65.28,29.48,2.07,0.0
20210831:0630,436.52,50.55,28.39,1.72,0.0
20210831:0730,336.72,35.82,28.61,2.07,0.0
20210831:0830,274.97,21.12,28.59,2.28,0.0
20210831:0930,148.42,6.48,27.86,2.48,0.0
20210831:1030,0.0,0.0,26.64,1.93,0.0
20210831:1130,0.0,0.0,26.62,1.72,0.0
20210831:1230,0.0,0.0,26.51,2.0,0.0
20210831:1330,0.0,0.0,26.26,2.07,0.0
20210831:1430,0.0,0.0,25.94,2.0,0.0
20210831:1530,0.0,0.0,25.73,1.79,0.0
20210831:1630,0.0,0.0,25.35,1.59,0.0
20210831:1730,0.0,0.0,25.48,2.41,0.0
20210831:1830,0.0,0.0,25.3,2.69,0.0
20210831:1930,0.0,0.0,25.48,3.17,0.0
20210831:2030,0.0,0.0,25.43,3.1,0.0
20210831:2130,0.0,-3.23,25.21,3.03,0.0
20210831:2230,75.35,11.36,25.22,2.55,0.0
20210831:2330,255.19,26.02,25.68,2.21,0.0
20210901:0030,255.79,40.77,26.29,2.62,0.0
20210901:0130,535.34,55.5,26.81,2.97,0.0
20210901:0230,719.94,70.22,27.48,3.17,0.0
20210901:0330,700.36,84.6,28.13,3.1,0.0
20210901:0430,622.85,79.78,28.49,2.97,0.0
20210901:0530,555.18,65.16,28.54,2.48,0.0
20210901:0630,259.77,50.43,28.57,2.14,0.0
20210901:0730,166.99,35.7,27.27,3.31,0.0
20210901:0830,87.28,20.99,27.23,2.62,0.0
20210901:0930,29.83,6.34,27.19,2.28,0.0
20210901:1030,0.0,0.0,26.97,2.21,0.0
20210901:1130,0.0,0.0,26.73,2.41,0.0
20210901:1230,0.0,0.0,26.58,2.34,0.0
20210901:1330,0.0,0.0,26.4,2.07,0.0
20210901:1430,0.0,0.0,26.01,1.17,0.0
20210901:1530,0.0,0.0,26.56,0.48,0.0
20210901:1630,0.0,0.0,26.57,0.34,0.0
20210901:1730,0.0,0.0,25.26,1.03,0.0
20210901:1830,0.0,0.0,24.68,1.1,0.0
20210901:1930,0.0,0.0,25.08,1.1,0.0
20210901:2030,0.0,0.0,24.43,1.17,0.0
20210901:2130,0.0,-3.22,24.31,1.31,0.0
20210901:2230,371.13,11.38,24.4,1.24,0.0
20210901:2330,649.55,26.05,26.01,0.55,0.0
20210902:0030,705.79,40.81,27.33,0.62,0.0
20210902:0130,776.78,55.54,27.88,0.55,0.0
20210902:0230,862.47,70.25,28.61,0.97,0.0
20210902:0330,668.48,84.5,29.03,1.45,0.0
20210902:0430,665.47,79.6,28.86,1.72,0.0
20210902:0530,435.32,65.02,28.95,1.86,0.0
20210902:0630,511.76,50.3,28.38,1.93,0.0
20210902:0730,348.61,35.57,28.91,1.17,0.0
20210902:0830,136.8,20.86,28.71,0.97,0.0
20210902:0930,12.58,6.19,27.1,1.52,0.0
20210902:1030,0.0,0.0,26.85,0.83,0.0
20210902:1130,0.0,0.0,26.47,0.48,0.0
20210902:1230,0.0,0.0,26.1,0.55,0.0
20210902:1330,0.0,0.0,25.79,0.9,0.0
20210902:1430,0.0,0.0,26.43,0.69,0.0
20210902:1530,0.0,0.0,26.6,0.69,0.0
20210902:1630,0.0,0.0,26.1,0.83,0.0
20210902:1730,0.0,0.0,25.24,1.03,0.0
20210902:1830,0.0,0.0,24.77,1.72,0.0
20210902:1930,0.0,0.0,24.82,1.24,0.0
20210902:2030,0.0,0.0,24.69,1.86,0.0
20210902:2130,0.0,-3.21,24.86,1.86,0.0
20210902:2230,277.21,11.4,25.16,2.28,0.0
20210902:2330,543.91,26.08,26.14,2.41,0.0
20210903:0030,771.27,40.84,27.02,2.34,0.0
20210903:0130,843.84,55.58,27.9,2.69,0.0
20210903:0230,902.93,70.27,28.5,3.03,0.0
20210903:0330,859.51,84.38,29.05,2.97,0.0
20210903:0430,709.57,79.41,29.24,3.03,0.0
20210903:0530,621.95,64.89,27.88,2.76,0.0
20210903:0630,587.81,50.17,28.15,3.17,0.0
20210903:0730,435.3,35.43,28.4,3.1,0.0
20210903:0830,219.58,20.72,28.54,2.9,0.0
20210903:0930,149.64,6.05,28.31,1.86,0.0
20210903:1030,0.0,0.0,27.92,1.17,0.0
20210903:1130,0.0,0.0,27.34,0.76,0.0
20210903:1230,0.0,0.0,27.33,0.83,0.0
20210903:1330,0.0,0.0,27.33,0.76,0.0
20210903:1430,0.0,0.0,27.31,0.83,0.0
20210903:1530,0.0,0.0,25.58,1.24,0.0
20210903:1630,0.0,0.0,25.33,1.31,0.0
20210903:1730,0.0,0.0,25.24,1.79,0.0
20210903:1830,0.0,0.0,25.34,2.28,0.0
20210903:1930,0.0,0.0,25.7,2.83,0.0
20210903:2030,0.0,0.0,25.31,3.17,0.0
20210903:2130,0.0,-3.2,25.11,2.69,0.0
20210903:2230,336.32,11.43,24.91,1.72,0.0
20210903:2330,390.79,26.12,25.95,1.45,0.0
20210904:0030,511.06,40.88,26.4,2.0,0.0
20210904:0130,702.83,55.61,26.95,3.17,0.0
20210904:0230,894.33,70.28,27.4,3.59,0.0
20210904:0330,758.78,84.23,28.32,3.52,0.0
20210904:0430,612.55,79.21,28.61,3.86,0.0
20210904:0530,704.39,64.74,27.89,3.86,0.0
20210904:0630,354.12,50.03,28.37,3.24,0.0
20210904:0730,441.48,35.3,28.13,3.24,0.0
20210904:0830,287.94,20.58,28.16,2.83,0.0
20210904:0930,175.94,5.9,28.02,2.14,0.0
20210904:1030,0.0,0.0,27.21,2.0,0.0
20210904:1130,0.0,0.0,26.59,2.0,0.0
20210904:1230,0.0,0.0,26.18,1.72,0.0
20210904:1330,0.0,0.0,25.94,2.14,0.0
20210904:1430,0.0,0.0,25.72,1.79,0.0
20210904:1530,0.0,0.0,25.58,2.07,0.0
20210904:1630,0.0,0.0,25.53,2.21,0.0
20210904:1730,0.0,0.0,25.37,2.34,0.0
20210904:1830,0.0,0.0,25.34,3.03,0.0
20210904:1930,0.0,0.0,25.89,2.34,0.0
20210904:2030,0.0,0.0,25.35,3.03,0.0
20210904:2130,0.0,-3.19,25.18,2.76,0.0
20210904:2230,299.78,11.45,25.5,2.21,0.0
20210904:2330,557.35,26.15,25.95,2.76,0.0
20210905:0030,653.28,40.91,26.58,2.14,0.0
20210905:0130,698.27,55.64,27.34,1.1,0.0
20210905:0230,767.5,70.29,28.22,1.24,0.0
20210905:0330,801.03,84.07,28.8,1.45,0.0
20210905:0430,660.5,79.0,29.05,1.86,0.0
20210905:0530,529.97,64.59,28.05,1.93,0.0
20210905:0630,437.6,49.89,27.64,3.1,0.0
20210905:0730,351.58,35.16,27.78,2.76,0.0
20210905:0830,157.28,20.43,27.8,2.76,0.0
20210905:0930,81.8,5.75,27.45,1.86,0.0
20210905:1030,0.0,0.0,27.23,1.31,0.0
20210905:1130,0.0,0.0,27.14,0.62,0.0
20210905:1230,0.0,0.0,26.67,0.83,0.0
20210905:1330,0.0,0.0,26.25,1.03,0.0
20210905:1430,0.0,0.0,26.35,0.97,0.0
20210905:1530,0.0,0.0,26.05,0.97,0.0
20210905:1630,0.0,0.0,25.02,1.24,0.0
20210905:1730,0.0,0.0,25.13,1.17,0.0
20210905:1830,0.0,0.0,26.31,0.41,0.0
20210905:1930,0.0,0.0,24.79,2.07,0.0
20210905:2030,0.0,0.0,24.89,2.0,0.0
20210905:2130,0.0,-3.17,24.66,1.24,0.0
20210905:2230,279.05,11.47,24.39,1.24,0.0
20210905:2330,455.93,26.18,25.97,0.76,0.0
20210906:0030,661.7,40.94,26.73,0.21,0.0
20210906:0130,717.15,55.67,27.51,0.76,0.0
20210906:0230,845.16,70.29,28.07,1.24,0.0
20210906:0330,679.74,83.88,28.66,1.17,0.0
20210906:0430,643.58,78.78,28.81,1.52,0.0
20210906:0530,664.36,64.43,28.7,0.07,0.0
20210906:0630,274.72,49.75,28.62,0.48,0.0
20210906:0730,157.71,35.02,28.0,0.97,0.0
20210906:0830,87.65,20.29,26.78,0.9,0.0
20210906:0930,8.96,5.59,26.67,1.31,0.0
20210906:1030,0.0,0.0,26.52,1.17,0.0
20210906:1130,0.0,0.0,26.29,0.48,0.0
20210906:1230,0.0,0.0,26.57,0.28,0.0
20210906:1330,0.0,0.0,26.52,0.41,0.0
20210906:1430,0.0,0.0,25.97,0.76,0.0
20210906:1530,0.0,0.0,25.19,1.45,0.0
20210906:1630,0.0,0.0,25.16,2.21,0.0
20210906:1730,0.0,0.0,25.21,2.55,0.0
20210906:1830,0.0,0.0,25.23,2.34,0.0
20210906:1930,0.0,0.0,25.51,2.69,0.0
20210906:2030,0.0,0.0,25.31,2.14,0.0
20210906:2130,0.0,-3.16,25.26,1.79,0.0
20210906:2230,12.28,11.5,25.14,1.38,0.0
20210906:2330,49.64,26.21,25.43,1.59,0.0
20210907:0030,153.01,40.98,25.65,1.66,0.0
20210907:0130,232.21,55.69,26.12,2.0,0.0
20210907:0230,391.35,70.28,26.47,2.69,0.0
20210907:0330,427.96,83.68,26.75,3.52,0.0
20210907:0430,406.95,78.55,27.04,3.93,0.0
20210907:0530,150.29,64.27,27.43,4.69,0.0
20210907:0630,55.75,49.6,27.03,5.38,0.0
20210907:0730,81.79,34.87,26.47,4.0,0.0
20210907:0830,38.62,20.14,26.43,4.07,0.0
20210907:0930,6.01,5.44,26.2,4.48,0.0
20210907:1030,0.0,0.0,25.67,4.83,0.0
20210907:1130,0.0,0.0,25.46,5.17,0.0
20210907:1230,0.0,0.0,25.48,5.66,0.0
20210907:1330,0.0,0.0,25.48,5.52,0.0
20210907:1430,0.0,0.0,25.47,5.38,0.0
20210907:1530,0.0,0.0,25.33,5.38,0.0
20210907:1630,0.0,0.0,25.18,5.72,0.0
20210907:1730,0.0,0.0,25.04,6.07,0.0
20210907:1830,0.0,0.0,25.03,5.93,0.0
20210907:1930,0.0,0.0,25.12,6.0,0.0
20210907:2030,0.0,0.0,25.18,6.28,0.0
20210907:2130,0.0,-3.14,25.17,6.34,0.0
20210907:2230,36.12,11.52,25.07,6.55,0.0
20210907:2330,69.34,26.24,25.35,5.86,0.0
20210908:0030,139.48,41.01,25.53,5.79,0.0
20210908:0130,159.05,55.71,25.72,6.0,0.0
20210908:0230,374.18,70.27,25.95,6.14,0.0
20210908:0330,374.65,83.46,26.44,6.14,0.0
20210908:0430,449.15,78.31,26.75,6.0,0.0
20210908:0530,415.7,64.1,26.7,6.07,0.0
20210908:0630,393.65,49.45,27.08,6.14,0.0
20210908:0730,392.67,34.73,26.82,5.79,0.0
20210908:0830,162.41,19.99,26.73,5.86,0.0
20210908:0930,45.52,5.28,26.36,5.38,0.0
20210908:1030,0.0,0.0,25.75,5.24,0.0
20210908:1130,0.0,0.0,25.66,5.24,0.0
20210908:1230,0.0,0.0,25.7,5.03,0.0
20210908:1330,0.0,0.0,25.66,4.9,0.0
20210908:1430,0.0,0.0,25.45,4.9,0.0
20210908:1530,0.0,0.0,25.36,4.97,0.0
20210908:1630,0.0,0.0,25.35,4.97,0.0
20210908:1730,0.0,0.0,25.07,4.76,0.0
20210908:1830,0.0,0.0,25.08,4.48,0.0
20210908:1930,0.0,0.0,25.23,4.97,0.0
20210908:2030,0.0,0.0,25.22,4.55,0.0
20210908:2130,0.0,-3.13,25.23,4.34,0.0
20210908:2230,155.83,11.55,25.32,4.34,0.0
20210908:2330,198.51,26.27,25.7,4.55,0.0
20210909:0030,257.08,41.03,26.14,4.55,0.0
20210909:0130,382.27,55.73,26.52,5.03,0.0
20210909:0230,430.78,70.25,26.75,5.45,0.0
20210909:0330,451.67,83.22,26.97,5.24,0.0
20210909:0430,520.63,78.06,27.24,4.9,0.0
20210909:0530,320.79,63.93,27.42,5.17,0.0
20210909:0630,247.09,49.3,26.62,5.52,0.0
20210909:0730,159.48,34.58,26.75,5.1,0.0
20210909:0830,164.01,19.84,26.24,5.1,0.0
20210909:0930,50.45,5.13,26.2,4.48,0.0
20210909:1030,0.0,0.0,25.58,4.76,0.0
20210909:1130,0.0,0.0,25.41,4.21,0.0
20210909:1230,0.0,0.0,25.42,4.28,0.0
20210909:1330,0.0,0.0,25.21,4.48,0.0
20210909:1430,0.0,0.0,25.35,4.55,0.0
20210909:1530,0.0,0.0,25.25,4.48,0.0
20210909:1630,0.0,0.0,25.09,4.97,0.0
20210909:1730,0.0,0.0,25.13,5.38,0.0
20210909:1830,0.0,0.0,24.98,6.14,0.0
20210909:1930,0.0,0.0,25.42,6.07,0.0
20210909:2030,0.0,0.0,25.65,6.76,0.0
20210909:2130,0.0,-3.11,25.76,6.83,0.0
20210909:2230,59.32,11.57,25.77,6.28,0.0
20210909:2330,171.59,26.3,25.83,6.48,0.0
20210910:0030,213.33,41.06,26.09,6.07,0.0
20210910:0130,194.23,55.75,26.22,5.93,0.0
20210910:0230,200.22,70.23,26.32,6.34,0.0
20210910:0330,249.79,82.98,26.35,6.48,0.0
20210910:0430,307.99,77.8,25.85,6.69,0.0
20210910:0530,317.98,63.75,26.43,5.52,0.0
20210910:0630,302.25,49.14,26.47,5.93,0.0
20210910:0730,207.83,34.42,26.49,6.0,0.0
20210910:0830,43.67,19.69,26.0,6.07,0.0
20210910:0930,32.45,4.97,25.73,5.59,0.0
20210910:1030,0.0,0.0,25.64,5.17,0.0
20210910:1130,0.0,0.0,25.67,5.03,0.0
20210910:1230,0.0,0.0,25.71,5.1,0.0
20210910:1330,0.0,0.0,25.67,5.31,0.0
20210910:1430,0.0,0.0,25.77,5.17,0.0
20210910:1530,0.0,0.0,25.72,4.97,0.0
20210910:1630,0.0,0.0,25.87,4.69,0.0
20210910:1730,0.0,0.0,26.2,4.48,0.0
20210910:1830,0.0,0.0,26.28,4.14,0.0
20210910:1930,0.0,0.0,26.24,4.48,0.0
20210910:2030,0.0,0.0,26.12,4.14,0.0
20210910:2130,0.0,-3.09,26.0,3.59,0.0
20210910:2230,268.59,11.6,25.92,2.9,0.0
20210910:2330,629.46,26.33,26.41,2.62,0.0
20210911:0030,797.14,41.09,27.55,3.17,0.0
20210911:0130,889.41,55.76,28.28,3.72,0.0
20210911:0230,794.68,70.19,29.14,4.34,0.0
20210911:0330,825.77,82.71,29.55,4.55,0.0
20210911:0430,685.97,77.54,29.75,4.76,0.0
20210911:0530,714.74,63.56,29.55,4.41,0.0
20210911:0630,496.24,48.98,29.15,3.79,0.0
20210911:0730,388.09,34.27,29.64,3.79,0.0
20210911:0830,141.73,19.53,29.14,3.45,0.0
20210911:0930,59.08,4.81,28.33,2.41,0.0
20210911:1030,0.0,0.0,27.78,2.14,0.0
20210911:1130,0.0,0.0,27.29,2.07,0.0
20210911:1230,0.0,0.0,27.07,2.07,0.0
20210911:1330,0.0,0.0,26.71,2.07,0.0
20210911:1430,0.0,0.0,26.44,2.07,0.0
20210911:1530,0.0,0.0,26.35,2.28,0.0
20210911:1630,0.0,0.0,26.26,2.48,0.0
20210911:1730,0.0,0.0,26.08,2.28,0.0
20210911:1830,0.0,0.0,25.95,2.34,0.0
20210911:1930,0.0,0.0,25.44,1.93,0.0
20210911:2030,0.0,0.0,25.35,2.0,0.0
20210911:2130,0.0,-3.08,25.3,2.07,0.0
20210911:2230,125.02,11.62,25.25,2.0,0.0
20210911:2330,330.38,26.36,26.6,2.0,0.0
20210912:0030,503.05,41.11,27.57,2.34,0.0
20210912:0130,677.9,55.77,28.09,1.93,0.0
20210912:0230,773.58,70.15,28.74,1.59,0.0
20210912:0330,800.02,82.44,29.36,1.79,0.0
20210912:0430,650.24,77.26,29.9,2.21,0.0
20210912:0530,684.41,63.38,29.76,2.62,0.0
20210912:0630,649.0,48.81,29.79,2.76,0.0
20210912:0730,590.44,34.11,30.08,2.28,0.0
20210912:0830,317.58,19.38,29.75,1.86,0.0
20210912:0930,28.26,4.65,29.44,1.66,0.0
20210912:1030,0.0,0.0,28.52,1.24,0.0
20210912:1130,0.0,0.0,27.86,1.03,0.0
20210912:1230,0.0,0.0,27.46,0.76,0.0
20210912:1330,0.0,0.0,26.45,1.38,0.0
20210912:1430,0.0,0.0,26.04,1.38,0.0
20210912:1530,0.0,0.0,26.14,0.97,0.0
20210912:1630,0.0,0.0,26.85,0.41,0.0
20210912:1730,0.0,0.0,26.86,0.28,0.0
20210912:1830,0.0,0.0,26.76,0.28,0.0
20210912:1930,0.0,0.0,26.4,0.41,0.0
20210912:2030,0.0,0.0,26.38,0.21,0.0
20210912:2130,0.0,-3.06,26.34,0.28,0.0
20210912:2230,242.36,11.65,26.21,0.28,0.0
20210912:2330,533.68,26.38,26.35,0.21,0.0
20210913:0030,736.43,41.13,27.23,0.41,0.0
20210913:0130,820.79,55.77,28.08,0.55,0.0
20210913:0230,805.69,70.11,28.78,0.9,0.0
20210913:0330,847.43,82.15,29.28,1.1,0.0
20210913:0430,672.97,76.98,29.45,0.55,0.0
20210913:0530,708.22,63.18,28.63,0.76,0.0
20210913:0630,535.02,48.64,28.49,1.66,0.0
20210913:0730,369.69,33.95,27.86,1.93,0.0
20210913:0830,201.09,19.22,27.15,2.14,0.0
20210913:0930,85.44,4.49,26.1,2.34,0.0
20210913:1030,0.0,0.0,25.01,2.34,0.0
20210913:1130,0.0,0.0,24.48,2.0,0.0
20210913:1230,0.0,0.0,24.29,2.14,0.0
20210913:1330,0.0,0.0,24.26,1.38,0.0
20210913:1430,0.0,0.0,24.49,1.1,0.0
20210913:1530,0.0,0.0,24.4,1.03,0.0
20210913:1630,0.0,0.0,24.26,1.03,0.0
20210913:1730,0.0,0.0,24.23,1.1,0.0
20210913:1830,0.0,0.0,24.14,1.03,0.0
20210913:1930,0.0,0.0,24.65,2.41,0.0
20210913:2030,0.0,0.0,24.56,2.62,0.0
20210913:2130,0.0,-3.04,24.7,2.76,0.0
20210913:2230,305.1,11.67,24.62,2.97,0.0
20210913:2330,493.19,26.41,25.13,2.97,0.0
20210914:0030,700.62,41.15,26.23,2.9,0.0
20210914:0130,735.18,55.77,27.28,2.55,0.0
20210914:0230,846.03,70.05,28.1,1.86,0.0
20210914:0330,801.55,81.86,28.89,1.52,0.0
20210914:0430,709.93,76.7,29.33,1.45,0.0
20210914:0530,640.19,62.98,29.3,1.86,0.0
20210914:0630,370.04,48.47,29.33,1.72,0.0
20210914:0730,377.21,33.79,28.42,2.69,0.0
20210914:0830,157.69,19.06,28.26,2.48,0.0
20210914:0930,213.36,4.33,28.05,2.07,0.0
20210914:1030,0.0,0.0,27.67,2.21,0.0
20210914:1130,0.0,0.0,27.22,2.48,0.0
20210914:1230,0.0,0.0,26.88,2.83,0.0
20210914:1330,0.0,0.0,26.63,2.9,0.0
20210914:1430,0.0,0.0,26.35,2.69,0.0
20210914:1530,0.0,0.0,26.07,2.62,0.0
20210914:1630,0.0,0.0,25.92,2.76,0.0
20210914:1730,0.0,0.0,25.93,2.76,0.0
20210914:1830,0.0,0.0,25.93,2.9,0.0
20210914:1930,0.0,0.0,26.12,3.17,0.0
20210914:2030,0.0,0.0,26.04,3.45,0.0
20210914:2130,0.0,-3.02,25.93,3.38,0.0
20210914:2230,320.17,11.7,26.05,3.31,0.0
20210914:2330,822.03,26.43,26.56,2.97,0.0
20210915:0030,929.22,41.16,27.87,3.52,0.0
20210915:0130,895.01,55.77,28.67,3.59,0.0
20210915:0230,947.85,69.99,29.33,3.24,0.0
20210915:0330,837.81,81.56,29.92,3.03,0.0
20210915:0430,943.69,76.4,30.07,3.17,0.0
20210915:0530,838.42,62.78,30.21,3.72,0.0
20210915:0630,829.47,48.3,29.59,4.0,0.0
20210915:0730,596.2,33.63,29.94,3.1,0.0
20210915:0830,526.92,18.9,29.68,3.03,0.0
20210915:0930,314.29,4.17,29.02,2.62,0.0
20210915:1030,0.0,0.0,28.08,2.9,0.0
20210915:1130,0.0,0.0,27.4,2.55,0.0
20210915:1230,0.0,0.0,26.9,2.41,0.0
20210915:1330,0.0,0.0,26.48,2.21,0.0
20210915:1430,0.0,0.0,26.1,2.0,0.0
20210915:1530,0.0,0.0,25.91,2.21,0.0
20210915:1630,0.0,0.0,25.82,2.34,0.0
20210915:1730,0.0,0.0,25.78,2.83,0.0
20210915:1830,0.0,0.0,25.57,2.83,0.0
20210915:1930,0.0,0.0,25.72,2.48,0.0
20210915:2030,0.0,0.0,25.59,3.24,0.0
20210915:2130,0.0,-3.0,25.37,3.45,0.0
20210915:2230,218.09,11.72,25.49,3.52,0.0
20210915:2330,183.07,26.46,25.69,3.66,0.0
20210916:0030,177.11,41.18,25.9,3.66,0.0
20210916:0130,353.25,55.76,26.32,3.66,0.0
20210916:0230,410.52,69.92,26.93,3.45,0.0
20210916:0330,352.73,81.24,27.42,2.9,0.0
20210916:0430,434.76,76.1,27.81,2.62,0.0
20210916:0530,317.79,62.57,28.15,2.69,0.0
20210916:0630,132.79,48.12,27.12,2.62,0.0
20210916:0730,30.52,33.46,26.36,3.03,0.0
20210916:0830,23.6,18.74,25.77,2.83,0.0
20210916:0930,11.15,4.0,25.7,2.83,0.0
20210916:1030,0.0,0.0,25.51,2.69,0.0
20210916:1130,0.0,0.0,25.33,2.55,0.0
20210916:1230,0.0,0.0,25.22,2.34,0.0
20210916:1330,0.0,0.0,25.17,2.34,0.0
20210916:1430,0.0,0.0,25.14,2.55,0.0
20210916:1530,0.0,0.0,25.11,3.1,0.0
20210916:1630,0.0,0.0,24.94,3.17,0.0
20210916:1730,0.0,0.0,24.8,2.69,0.0
20210916:1830,0.0,0.0,24.74,2.48,0.0
20210916:1930,0.0,0.0,24.51,1.86,0.0
20210916:2030,0.0,0.0,24.49,1.93,0.0
20210916:2130,0.0,-2.98,24.39,1.86,0.0
20210916:2230,259.41,11.74,24.28,1.52,0.0
20210916:2330,515.71,26.48,25.26,0.76,0.0
20210917:0030,705.08,41.19,25.93,0.28,0.0
20210917:0130,720.2,55.74,26.55,0.21,0.0
20210917:0230,682.61,69.84,27.18,0.21,0.0
20210917:0330,416.99,80.92,27.61,0.69,0.0
20210917:0430,626.44,75.8,26.87,1.03,0.0
20210917:0530,457.81,62.36,27.39,1.24,0.0
20210917:0630,542.23,47.94,27.75,1.79,0.0
20210917:0730,147.94,33.29,28.31,4.41,0.0
20210917:0830,144.38,18.57,27.76,3.93,0.0
20210917:0930,43.56,3.84,27.34,3.24,0.0
20210917:1030,0.0,0.0,27.03,2.69,0.0
20210917:1130,0.0,0.0,26.73,2.55,0.0
20210917:1230,0.0,0.0,26.46,2.69,0.0
20210917:1330,0.0,0.0,26.22,2.69,0.0
20210917:1430,0.0,0.0,25.94,2.9,0.0
20210917:1530,0.0,0.0,25.74,2.9,0.0
20210917:1630,0.0,0.0,25.49,2.97,0.0
20210917:1730,0.0,0.0,25.22,2.97,0.0
20210917:1830,0.0,0.0,25.1,2.9,0.0
20210917:1930,0.0,0.0,25.38,2.41,0.0
20210917:2030,0.0,0.0,25.12,1.93,0.0
20210917:2130,0.0,-2.96,24.91,1.31,0.0
20210917:2230,243.87,11.77,25.17,0.97,0.0
20210917:2330,549.16,26.5,26.08,0.76,0.0
20210918:0030,785.18,41.2,26.69,0.83,0.0
20210918:0130,702.01,55.73,27.47,1.17,0.0
20210918:0230,912.11,69.75,27.88,1.03,0.0
20210918:0330,813.62,80.6,28.53,1.79,0.0
20210918:0430,651.66,75.49,28.35,2.34,0.0
20210918:0530,526.48,62.14,28.21,2.62,0.0
20210918:0630,697.8,47.76,27.86,3.24,0.0
20210918:0730,474.85,33.13,28.99,1.1,0.0
20210918:0830,342.9,18.41,28.61,1.17,0.0
20210918:0930,7.08,3.68,28.56,0.48,0.0
20210918:1030,0.0,0.0,27.78,1.72,0.0
20210918:1130,0.0,0.0,27.06,2.14,0.0
20210918:1230,0.0,0.0,26.75,2.28,0.0
20210918:1330,0.0,0.0,26.45,2.14,0.0
20210918:1430,0.0,0.0,26.22,2.55,0.0
20210918:1530,0.0,0.0,25.76,2.62,0.0
20210918:1630,0.0,0.0,25.31,2.07,0.0
20210918:1730,0.0,0.0,25.13,1.03,0.0
20210918:1830,0.0,0.0,24.92,1.03,0.0
20210918:1930,0.0,0.0,25.9,0.62,0.0
20210918:2030,0.0,0.0,25.13,0.83,0.0
20210918:2130,0.0,-2.95,25.31,0.76,0.0
20210918:2230,155.45,11.79,24.94,0.9,0.0
20210918:2330,310.09,26.52,25.9,0.41,0.0
20210919:0030,469.08,41.2,26.35,0.34,0.0
20210919:0130,611.89,55.71,26.86,0.48,0.0
20210919:0230,696.71,69.66,27.31,0.76,0.0
20210919:0330,627.61,80.27,27.71,1.38,0.0
20210919:0430,451.44,75.18,27.76,1.86,0.0
20210919:0530,528.49,61.92,26.74,1.17,0.0
20210919:0630,212.83,47.57,27.05,1.31,0.0
20210919:0730,95.43,32.96,27.29,1.1,0.0
20210919:0830,64.43,18.25,26.55,1.03,0.0
20210919:0930,39.43,3.51,26.32,1.17,0.0
20210919:1030,0.0,0.0,25.82,1.1,0.0
20210919:1130,0.0,0.0,25.39,0.97,0.0
20210919:1230,0.0,0.0,25.32,1.24,0.0
20210919:1330,0.0,0.0,25.48,1.86,0.0
20210919:1430,0.0,0.0,25.43,2.14,0.0
20210919:1530,0.0,0.0,25.25,1.79,0.0
20210919:1630,0.0,0.0,24.92,1.38,0.0
20210919:1730,0.0,0.0,25.0,0.9,0.0
20210919:1830,0.0,0.0,24.62,1.31,0.0
20210919:1930,0.0,0.0,25.23,0.41,0.0
20210919:2030,0.0,0.0,24.67,0.62,0.0
20210919:2130,0.0,-2.93,24.24,1.45,0.0
20210919:2230,98.01,11.81,24.19,1.45,0.0
20210919:2330,141.52,26.53,25.27,0.97,0.0
20210920:0030,139.01,41.2,25.76,1.31,0.0
20210920:0130,317.22,55.68,26.1,1.31,0.0
20210920:0230,292.27,69.56,26.62,1.31,0.0
20210920:0330,284.16,79.93,26.67,1.66,0.0
20210920:0430,191.41,74.86,26.74,2.34,0.0
20210920:0530,107.51,61.7,26.28,2.97,0.0
20210920:0630,101.97,47.39,25.91,2.76,0.0
20210920:0730,67.07,32.78,25.94,3.31,0.0
20210920:0830,16.64,18.08,25.77,2.76,0.0
20210920:0930,3.39,3.35,25.56,2.21,0.0
20210920:1030,0.0,0.0,25.46,2.07,0.0
20210920:1130,0.0,0.0,25.36,1.86,0.0
20210920:1230,0.0,0.0,25.33,1.79,0.0
20210920:1330,0.0,0.0,25.37,2.14,0.0
20210920:1430,0.0,0.0,25.18,2.41,0.0
20210920:1530,0.0,0.0,25.05,2.76,0.0
20210920:1630,0.0,0.0,24.94,2.83,0.0
20210920:1730,0.0,0.0,24.97,3.31,0.0
20210920:1830,0.0,0.0,24.8,3.17,0.0
20210920:1930,0.0,0.0,25.28,1.66,0.0
20210920:2030,0.0,0.0,24.85,2.28,0.0
20210920:2130,0.0,-2.91,24.82,2.69,0.0
20210920:2230,337.23,11.83,24.86,3.03,0.0
20210920:2330,501.99,26.55,25.47,3.59,0.0
20210921:0030,601.49,41.2,26.05,3.66,0.0
20210921:0130,663.48,55.65,26.52,3.31,0.0
20210921:0230,446.67,69.45,26.82,3.17,0.0
20210921:0330,525.27,79.59,26.77,3.17,0.0
20210921:0430,527.42,74.54,26.87,3.31,0.0
20210921:0530,391.14,61.47,27.23,3.31,0.0
20210921:0630,515.54,47.2,27.25,4.07,0.0
20210921:0730,273.45,32.61,27.82,2.76,0.0
20210921:0830,112.4,17.92,27.59,2.55,0.0
20210921:0930,7.08,3.19,27.12,2.28,0.0
20210921:1030,0.0,0.0,26.61,2.28,0.0
20210921:1130,0.0,0.0,25.75,2.0,0.0
20210921:1230,0.0,0.0,25.47,1.52,0.0
20210921:1330,0.0,0.0,25.28,1.31,0.0
20210921:1430,0.0,0.0,25.09,1.66,0.0
20210921:1530,0.0,0.0,25.04,2.41,0.0
20210921:1630,0.0,0.0,25.0,2.28,0.0
20210921:1730,0.0,0.0,25.03,2.41,0.0
20210921:1830,0.0,0.0,25.12,2.55,0.0
20210921:1930,0.0,0.0,25.35,2.21,0.0
20210921:2030,0.0,0.0,25.01,2.41,0.0
20210921:2130,0.0,-2.89,25.08,2.62,0.0
20210921:2230,396.37,11.85,25.1,2.34,0.0
20210921:2330,584.79,26.56,26.13,2.14,0.0
20210922:0030,467.36,41.2,26.89,2.21,0.0
20210922:0130,490.12,55.62,27.28,2.41,0.0
20210922:0230,649.69,69.34,27.65,2.9,0.0
20210922:0330,592.92,79.24,27.97,4.07,0.0
20210922:0430,661.34,74.22,27.67,4.41,0.0
20210922:0530,696.4,61.25,27.89,4.07,0.0
20210922:0630,463.58,47.01,28.17,3.72,0.0
20210922:0730,264.03,32.44,27.85,2.0,0.0
20210922:0830,108.35,17.75,27.18,1.38,0.0
20210922:0930,19.02,3.02,26.99,1.17,0.0
20210922:1030,0.0,0.0,26.71,1.38,0.0
20210922:1130,0.0,0.0,26.11,1.52,0.0
20210922:1230,0.0,0.0,25.98,2.48,0.0
20210922:1330,0.0,0.0,25.7,3.03,0.0
20210922:1430,0.0,0.0,25.4,2.76,0.0
20210922:1530,0.0,0.0,25.48,2.41,0.0
20210922:1630,0.0,0.0,25.34,2.48,0.0
20210922:1730,0.0,0.0,24.89,2.76,0.0
20210922:1830,0.0,0.0,24.93,2.07,0.0
20210922:1930,0.0,0.0,25.04,1.38,0.0
20210922:2030,0.0,0.0,24.56,1.24,0.0
20210922:2130,0.0,-2.87,24.4,1.52,0.0
20210922:2230,303.25,11.86,24.63,1.17,0.0
20210922:2330,426.57,26.57,25.98,1.17,0.0
20210923:0030,647.22,41.19,26.52,1.03,0.0
20210923:0130,817.04,55.58,27.22,0.69,0.0
20210923:0230,806.04,69.21,28.01,0.9,0.0
20210923:0330,785.88,78.89,28.61,1.52,0.0
20210923:0430,685.0,73.89,29.0,1.59,0.0
20210923:0530,606.37,61.01,29.1,1.72,0.0
20210923:0630,545.49,46.81,28.99,1.38,0.0
20210923:0730,312.13,32.26,29.28,3.52,0.0
20210923:0830,241.42,17.59,29.01,2.48,0.0
20210923:0930,168.08,2.86,28.66,2.07,0.0
20210923:1030,0.0,0.0,27.97,2.21,0.0
20210923:1130,0.0,0.0,27.42,2.55,0.0
20210923:1230,0.0,0.0,27.08,2.62,0.0
20210923:1330,0.0,0.0,26.74,2.69,0.0
20210923:1430,0.0,0.0,26.34,2.97,0.0
20210923:1530,0.0,0.0,25.91,3.79,0.0
20210923:1630,0.0,0.0,25.24,4.07,0.0
20210923:1730,0.0,0.0,24.83,3.79,0.0
20210923:1830,0.0,0.0,24.61,2.9,0.0
20210923:1930,0.0,0.0,24.92,3.17,0.0
20210923:2030,0.0,0.0,24.92,2.76,0.0
20210923:2130,0.0,-2.86,24.92,2.41,0.0
20210923:2230,151.61,11.88,24.99,2.48,0.0
20210923:2330,335.97,26.58,25.66,2.41,0.0
20210924:0030,409.62,41.18,26.39,3.17,0.0
20210924:0130,305.65,55.53,27.02,3.52,0.0
20210924:0230,406.41,69.08,26.62,4.07,0.0
20210924:0330,520.09,78.53,26.89,4.0,0.0
20210924:0430,682.24,73.56,27.44,4.28,0.0
20210924:0530,569.19,60.78,28.4,4.55,0.0
20210924:0630,601.93,46.62,28.79,4.48,0.0
20210924:0730,433.44,32.09,29.2,4.83,0.0
20210924:0830,271.16,17.42,28.95,4.76,0.0
20210924:0930,98.39,2.7,28.37,4.62,0.0
20210924:1030,0.0,0.0,27.59,4.83,0.0
20210924:1130,0.0,0.0,26.88,5.03,0.0
20210924:1230,0.0,0.0,26.38,4.62,0.0
20210924:1330,0.0,0.0,26.16,4.14,0.0
20210924:1430,0.0,0.0,25.96,3.93,0.0
20210924:1530,0.0,0.0,25.88,4.0,0.0
20210924:1630,0.0,0.0,25.85,4.0,0.0
20210924:1730,0.0,0.0,25.77,3.79,0.0
20210924:1830,0.0,0.0,25.67,3.38,0.0
20210924:1930,0.0,0.0,25.58,3.45,0.0
20210924:2030,0.0,0.0,25.57,3.38,0.0
20210924:2130,0.0,-2.84,25.44,3.03,0.0
20210924:2230,107.89,11.89,25.43,2.76,0.0
20210924:2330,193.6,26.59,25.88,2.83,0.0
20210925:0030,386.99,41.17,26.42,3.03,0.0
20210925:0130,693.78,55.48,26.98,3.17,0.0
20210925:0230,580.59,68.95,27.83,3.79,0.0
20210925:0330,725.78,78.18,28.36,4.0,0.0
20210925:0430,717.52,73.23,28.89,3.93,0.0
20210925:0530,716.63,60.54,28.65,4.07,0.0
20210925:0630,565.99,46.42,28.44,4.07,0.0
20210925:0730,299.92,31.91,29.14,2.55,0.0
20210925:0830,199.99,17.26,28.69,2.14,0.0
20210925:0930,8.72,2.54,28.16,1.31,0.0
20210925:1030,0.0,0.0,27.23,1.1,0.0
20210925:1130,0.0,0.0,26.15,1.38,0.0
20210925:1230,0.0,0.0,25.72,1.03,0.0
20210925:1330,0.0,0.0,26.41,0.62,0.0
20210925:1430,0.0,0.0,26.15,0.55,0.0
20210925:1530,0.0,0.0,25.94,0.55,0.0
20210925:1630,0.0,0.0,25.77,0.62,0.0
20210925:1730,0.0,0.0,24.09,1.66,0.0
20210925:1830,0.0,0.0,24.16,1.79,0.0
20210925:1930,0.0,0.0,24.65,1.93,0.0
20210925:2030,0.0,0.0,24.59,1.79,0.0
20210925:2130,0.0,-2.82,24.71,1.72,0.0
20210925:2230,75.41,11.91,24.76,1.66,0.0
20210925:2330,322.53,26.59,25.35,1.31,0.0
20210926:0030,582.64,41.15,26.23,1.03,0.0
20210926:0130,705.03,55.43,27.1,0.9,0.0
20210926:0230,786.0,68.8,27.75,0.83,0.0
20210926:0330,764.07,77.82,28.44,1.1,0.0
20210926:0430,685.55,72.89,28.77,1.38,0.0
20210926:0530,626.34,60.3,28.69,1.31,0.0
20210926:0630,480.86,46.23,28.84,2.14,0.0
20210926:0730,188.05,31.74,28.71,2.83,0.0
20210926:0830,187.65,17.09,27.95,2.69,0.0
20210926:0930,133.52,2.38,27.85,1.66,0.0
20210926:1030,0.0,0.0,27.44,0.28,0.0
20210926:1130,0.0,0.0,26.6,0.9,0.0
20210926:1230,0.0,0.0,26.45,0.97,0.0
20210926:1330,0.0,0.0,26.58,0.9,0.0
20210926:1430,0.0,0.0,26.63,0.83,0.0
20210926:1530,0.0,0.0,26.74,0.83,0.0
20210926:1630,0.0,0.0,26.74,0.28,0.0
20210926:1730,0.0,0.0,26.46,0.21,0.0
20210926:1830,0.0,0.0,26.01,0.28,0.0
20210926:1930,0.0,0.0,26.12,0.62,0.0
20210926:2030,0.0,0.0,26.09,0.69,0.0
20210926:2130,0.0,-2.81,25.95,0.9,0.0
20210926:2230,421.08,11.92,24.9,1.17,0.0
20210926:2330,680.89,26.59,26.48,1.66,0.0
20210927:0030,898.39,41.13,27.49,2.48,0.0
20210927:0130,869.24,55.37,28.37,2.97,0.0
20210927:0230,846.61,68.65,28.86,3.45,0.0
20210927:0330,873.7,77.45,29.05,4.07,0.0
20210927:0430,792.01,72.55,29.42,4.48,0.0
20210927:0530,608.64,60.06,29.36,4.21,0.0
20210927:0630,635.42,46.03,29.14,4.97,0.0
20210927:0730,324.55,31.56,28.37,3.86,0.0
20210927:0830,262.48,16.93,27.9,3.17,0.0
20210927:0930,6.97,2.22,27.66,2.21,0.0
20210927:1030,0.0,0.0,27.07,1.31,0.0
20210927:1130,0.0,0.0,26.48,1.17,0.0
20210927:1230,0.0,0.0,26.0,1.72,0.0
20210927:1330,0.0,0.0,25.7,1.79,0.0
20210927:1430,0.0,0.0,25.46,1.86,0.0
20210927:1530,0.0,0.0,25.4,2.0,0.0
20210927:1630,0.0,0.0,25.47,2.14,0.0
20210927:1730,0.0,0.0,25.29,1.93,0.0
20210927:1830,0.0,0.0,25.14,1.86,0.0
20210927:1930,0.0,0.0,25.36,2.21,0.0
20210927:2030,0.0,0.0,25.44,2.28,0.0
20210927:2130,0.0,-2.79,25.42,2.14,0.0
20210927:2230,339.64,11.93,25.4,2.14,0.0
20210927:2330,642.72,26.59,26.5,2.14,0.0
20210928:0030,737.97,41.11,27.22,2.48,0.0
20210928:0130,814.78,55.3,27.76,3.03,0.0
20210928:0230,771.24,68.49,28.25,3.72,0.0
20210928:0330,810.56,77.09,28.52,3.79,0.0
20210928:0430,604.88,72.22,28.48,4.14,0.0
20210928:0530,548.2,59.81,28.14,4.14,0.0
20210928:0630,593.55,45.83,28.02,4.28,0.0
20210928:0730,445.92,31.39,28.55,3.24,0.0
20210928:0830,97.58,16.76,28.42,3.38,0.0
20210928:0930,9.07,2.06,27.14,2.97,0.0
20210928:1030,0.0,0.0,26.77,2.62,0.0
20210928:1130,0.0,0.0,26.62,2.28,0.0
20210928:1230,0.0,0.0,26.43,1.93,0.0
20210928:1330,0.0,0.0,26.21,1.66,0.0
20210928:1430,0.0,0.0,25.98,2.14,0.0
20210928:1530,0.0,0.0,25.77,2.28,0.0
20210928:1630,0.0,0.0,25.59,2.48,0.0
20210928:1730,0.0,0.0,25.38,2.48,0.0
20210928:1830,0.0,0.0,25.64,2.76,0.0
20210928:1930,0.0,0.0,25.95,2.97,0.0
20210928:2030,0.0,0.0,25.81,2.76,0.0
20210928:2130,0.0,-2.78,25.78,2.62,0.0
20210928:2230,369.1,11.94,25.76,2.48,0.0
20210928:2330,688.35,26.59,26.69,2.41,0.0
20210929:0030,873.71,41.08,27.71,2.69,0.0
20210929:0130,891.79,55.23,28.6,2.76,0.0
20210929:0230,866.27,68.32,29.32,3.03,0.0
20210929:0330,908.46,76.72,29.68,3.45,0.0
20210929:0430,849.33,71.88,30.06,3.79,0.0
20210929:0530,692.85,59.57,29.55,4.07,0.0
20210929:0630,632.41,45.63,29.05,4.14,0.0
20210929:0730,440.46,31.21,29.24,3.79,0.0
20210929:0830,270.07,16.6,29.11,3.52,0.0
20210929:0930,8.9,1.9,28.26,2.76,0.0
20210929:1030,0.0,0.0,27.66,2.62,0.0
20210929:1130,0.0,0.0,27.35,1.93,0.0
20210929:1230,0.0,0.0,27.0,1.93,0.0
20210929:1330,0.0,0.0,26.53,1.79,0.0
20210929:1430,0.0,0.0,26.33,2.07,0.0
20210929:1530,0.0,0.0,26.25,2.21,0.0
20210929:1630,0.0,0.0,25.94,2.21,0.0
20210929:1730,0.0,0.0,25.93,2.34,0.0
20210929:1830,0.0,0.0,26.05,2.69,0.0
20210929:1930,0.0,0.0,26.02,2.34,0.0
20210929:2030,0.0,0.0,26.01,2.69,0.0
20210929:2130,0.0,-2.77,25.96,2.62,0.0
20210929:2230,392.01,11.94,25.99,2.62,0.0
20210929:2330,759.99,26.59,26.81,2.48,0.0
20210930:0030,786.46,41.05,27.66,2.62,0.0
20210930:0130,814.45,55.16,28.19,2.76,0.0
20210930:0230,818.75,68.15,28.54,3.1,0.0
20210930:0330,817.78,76.35,28.97,3.38,0.0
20210930:0430,766.57,71.54,29.1,3.45,0.0
20210930:0530,721.76,59.32,29.15,3.79,0.0
20210930:0630,586.4,45.43,29.22,3.45,0.0
20210930:0730,376.43,31.03,29.15,3.52,0.0
20210930:0830,279.92,16.44,28.52,3.03,0.0
20210930:0930,6.47,1.75,28.26,2.14,0.0
20210930:1030,0.0,0.0,27.86,1.86,0.0
20210930:1130,0.0,0.0,27.33,2.0,0.0
20210930:1230,0.0,0.0,26.94,2.34,0.0
20210930:1330,0.0,0.0,26.66,2.34,0.0
20210930:1430,0.0,0.0,26.5,2.34,0.0
20210930:1530,0.0,0.0,26.36,2.41,0.0
20210930:1630,0.0,0.0,26.34,2.48,0.0
20210930:1730,0.0,0.0,26.16,2.34,0.0
20210930:1830,0.0,0.0,26.06,2.14,0.0
20210930:1930,0.0,0.0,26.01,2.34,0.0
20210930:2030,0.0,0.0,25.57,2.07,0.0
20210930:2130,0.0,-2.76,25.55,2.28,0.0
20210930:2230,366.4,11.95,25.53,1.93,0.0
20210930:2330,605.99,26.58,26.48,1.24,0.0
20211001:0030,892.65,41.02,27.36,1.17,0.0
20211001:0130,835.81,55.08,28.24,1.03,0.0
20211001:0230,819.72,67.97,28.95,1.31,0.0
20211001:0330,888.09,75.98,29.27,1.86,0.0
20211001:0430,807.35,71.2,29.18,2.34,0.0
20211001:0530,767.35,59.07,28.36,2.55,0.0
20211001:0630,638.7,45.23,28.66,2.07,0.0
20211001:0730,318.57,30.86,28.67,2.48,0.0
20211001:0830,68.88,16.27,28.57,2.28,0.0
20211001:0930,6.83,1.59,28.24,1.66,0.0
20211001:1030,0.0,0.0,27.8,1.45,0.0
20211001:1130,0.0,0.0,26.97,1.31,0.0
20211001:1230,0.0,0.0,27.08,0.9,0.0
20211001:1330,0.0,0.0,27.78,0.07,0.0
20211001:1430,0.0,0.0,27.7,0.62,0.0
20211001:1530,0.0,0.0,27.36,0.41,0.0
20211001:1630,0.0,0.0,26.47,0.28,0.0
20211001:1730,0.0,0.0,26.15,0.41,0.0
20211001:1830,0.0,0.0,25.8,0.69,0.0
20211001:1930,0.0,0.0,26.21,0.41,0.0
20211001:2030,0.0,0.0,26.0,0.41,0.0
20211001:2130,0.0,-2.75,25.8,0.07,0.0
20211001:2230,202.06,11.95,25.81,0.41,0.0
20211001:2330,445.71,26.57,26.26,0.14,0.0
20211002:0030,569.94,40.98,27.0,0.69,0.0
20211002:0130,670.35,54.99,27.78,1.03,0.0
20211002:0230,705.42,67.79,28.22,1.17,0.0
20211002:0330,641.47,75.61,28.52,1.17,0.0
20211002:0430,515.85,70.85,28.15,1.72,0.0
20211002:0530,404.45,58.82,27.76,1.24,0.0
20211002:0630,205.56,45.02,27.45,1.31,0.0
20211002:0730,78.57,30.68,28.03,0.21,0.0
20211002:0830,33.53,16.11,26.49,0.41,0.0
20211002:0930,4.38,1.44,26.28,1.17,0.0
20211002:1030,0.0,0.0,26.1,1.38,0.0
20211002:1130,0.0,0.0,25.82,0.62,0.0
20211002:1230,0.0,0.0,26.34,0.21,0.0
20211002:1330,0.0,0.0,26.05,0.76,0.0
20211002:1430,0.0,0.0,25.68,1.66,0.0
20211002:1530,0.0,0.0,25.63,1.86,0.0
20211002:1630,0.0,0.0,25.25,1.24,0.0
20211002:1730,0.0,0.0,25.07,1.24,0.0
20211002:1830,0.0,0.0,25.02,1.52,0.0
20211002:1930,0.0,0.0,25.11,1.59,0.0
20211002:2030,0.0,0.0,24.93,1.59,0.0
20211002:2130,0.0,-2.74,24.84,1.52,0.0
20211002:2230,153.75,11.95,24.95,1.66,0.0
20211002:2330,389.48,26.55,25.89,2.14,0.0
20211003:0030,584.7,40.94,26.59,2.41,0.0
20211003:0130,679.73,54.9,27.4,2.41,0.0
20211003:0230,785.2,67.6,28.02,1.79,0.0
20211003:0330,532.33,75.24,28.37,1.1,0.0
20211003:0430,619.24,70.51,27.73,1.59,0.0
20211003:0530,499.17,58.57,28.03,2.41,0.0
20211003:0630,515.92,44.82,28.4,2.34,0.0
20211003:0730,370.65,30.51,28.59,4.48,0.0
20211003:0830,412.48,15.95,28.28,3.93,0.0
20211003:0930,7.02,1.29,28.03,3.86,0.0
20211003:1030,0.0,0.0,27.47,3.45,0.0
20211003:1130,0.0,0.0,27.13,3.17,0.0
20211003:1230,0.0,0.0,26.22,4.07,0.0
20211003:1330,0.0,0.0,25.86,4.0,0.0
20211003:1430,0.0,0.0,25.77,3.86,0.0
20211003:1530,0.0,0.0,25.72,3.79,0.0
20211003:1630,0.0,0.0,25.32,3.79,0.0
20211003:1730,0.0,0.0,25.03,4.14,0.0
20211003:1830,0.0,0.0,25.13,3.24,0.0
20211003:1930,0.0,0.0,25.14,3.03,0.0
20211003:2030,0.0,0.0,25.07,3.38,0.0
20211003:2130,0.0,-2.74,25.15,3.24,0.0
20211003:2230,8.65,11.95,25.24,3.1,0.0
20211003:2330,37.21,26.54,25.28,3.52,0.0
20211004:0030,78.94,40.89,25.5,4.0,0.0
20211004:0130,161.82,54.81,25.76,4.0,0.0
20211004:0230,184.54,67.4,26.43,4.55,0.0
20211004:0330,105.63,74.87,26.24,3.66,0.0
20211004:0430,205.87,70.17,25.98,3.79,0.0
20211004:0530,143.39,58.32,25.93,3.86,0.0
20211004:0630,69.88,44.62,25.95,4.21,0.0
20211004:0730,44.42,30.33,26.06,4.14,0.0
20211004:0830,11.32,15.8,25.73,5.03,0.0
20211004:0930,2.3,1.14,25.42,5.17,0.0
20211004:1030,0.0,0.0,25.55,4.14,0.0
20211004:1130,0.0,0.0,25.51,3.31,0.0
20211004:1230,0.0,0.0,25.46,2.76,0.0
20211004:1330,0.0,0.0,25.4,2.34,0.0
20211004:1430,0.0,0.0,25.25,1.66,0.0
20211004:1530,0.0,0.0,25.26,1.17,0.0
20211004:1630,0.0,0.0,25.44,1.93,0.0
20211004:1730,0.0,0.0,25.58,3.17,0.0
20211004:1830,0.0,0.0,25.37,4.14,0.0
20211004:1930,0.0,0.0,25.71,4.41,0.0
20211004:2030,0.0,0.0,25.56,4.9,0.0
20211004:2130,0.0,-2.73,25.36,4.9,0.0
20211004:2230,70.28,11.94,25.27,4.97,0.0
20211004:2330,165.04,26.52,25.58,4.48,0.0
20211005:0030,370.79,40.84,26.29,4.83,0.0
20211005:0130,454.14,54.71,27.1,4.97,0.0
20211005:0230,591.72,67.2,27.48,4.9,0.0
20211005:0330,524.64,74.49,27.89,5.38,0.0
20211005:0430,501.71,69.83,26.66,6.07,0.0
20211005:0530,442.99,58.07,27.05,5.72,0.0
20211005:0630,301.17,44.42,26.59,6.21,0.0
20211005:0730,101.36,30.16,26.14,4.76,0.0
20211005:0830,51.5,15.64,25.74,4.41,0.0
20211005:0930,3.78,1.0,25.63,3.86,0.0
20211005:1030,0.0,0.0,25.42,3.93,0.0
20211005:1130,0.0,0.0,25.52,3.72,0.0
20211005:1230,0.0,0.0,25.6,4.28,0.0
20211005:1330,0.0,0.0,25.55,4.76,0.0
20211005:1430,0.0,0.0,25.52,4.55,0.0
20211005:1530,0.0,0.0,25.51,3.86,0.0
20211005:1630,0.0,0.0,25.57,3.24,0.0
20211005:1730,0.0,0.0,25.56,2.97,0.0
20211005:1830,0.0,0.0,25.54,3.31,0.0
20211005:1930,0.0,0.0,25.74,2.69,0.0
20211005:2030,0.0,0.0,25.63,2.55,0.0
20211005:2130,0.0,-2.73,25.59,2.62,0.0
20211005:2230,195.25,11.94,25.91,2.48,0.0
20211005:2330,456.22,26.49,26.35,2.34,0.0
20211006:0030,575.49,40.79,27.36,2.9,0.0
20211006:0130,699.69,54.6,28.05,3.1,0.0
20211006:0230,825.23,66.99,28.69,3.03,0.0
20211006:0330,756.64,74.12,29.17,2.83,0.0
20211006:0430,679.66,69.48,29.33,2.83,0.0
20211006:0530,515.18,57.82,29.36,2.62,0.0
20211006:0630,609.39,44.22,29.05,3.17,0.0
20211006:0730,476.23,29.98,29.67,2.83,0.0
20211006:0830,339.11,15.48,29.07,2.55,0.0
20211006:0930,5.8,0.85,28.67,2.14,0.0
20211006:1030,0.0,0.0,27.85,2.28,0.0
20211006:1130,0.0,0.0,27.3,2.34,0.0
20211006:1230,0.0,0.0,26.92,2.34,0.0
20211006:1330,0.0,0.0,26.53,2.14,0.0
20211006:1430,0.0,0.0,26.26,2.14,0.0
20211006:1530,0.0,0.0,26.09,2.21,0.0
20211006:1630,0.0,0.0,25.89,2.14,0.0
20211006:1730,0.0,0.0,25.45,1.93,0.0
20211006:1830,0.0,0.0,25.09,1.79,0.0
20211006:1930,0.0,0.0,25.93,1.24,0.0
20211006:2030,0.0,0.0,26.37,1.17,0.0
20211006:2130,0.0,-2.73,27.08,0.76,0.0
20211006:2230,526.17,11.93,26.96,0.55,0.0
20211006:2330,783.72,26.47,27.04,0.62,0.0
20211007:0030,797.1,40.73,28.07,1.31,0.0
20211007:0130,788.95,54.5,28.76,2.0,0.0
20211007:0230,773.98,66.77,29.5,2.69,0.0
20211007:0330,786.42,73.74,29.96,3.52,0.0
20211007:0430,794.6,69.14,30.22,4.14,0.0
20211007:0530,634.21,57.57,30.35,4.83,0.0
20211007:0630,800.68,44.02,28.43,4.48,0.0
20211007:0730,758.76,29.81,30.34,3.31,0.0
20211007:0830,587.66,15.33,29.89,2.97,0.0
20211007:0930,4.52,0.71,29.03,2.14,0.0
20211007:1030,0.0,0.0,28.08,2.28,0.0
20211007:1130,0.0,0.0,27.56,2.34,0.0
20211007:1230,0.0,0.0,27.26,2.34,0.0
20211007:1330,0.0,0.0,26.99,2.28,0.0
20211007:1430,0.0,0.0,26.76,2.28,0.0
20211007:1530,0.0,0.0,26.64,2.41,0.0
20211007:1630,0.0,0.0,26.4,2.21,0.0
20211007:1730,0.0,0.0,26.1,2.0,0.0
20211007:1830,0.0,0.0,25.84,2.07,0.0
20211007:1930,0.0,0.0,26.34,2.28,0.0
20211007:2030,0.0,0.0,26.35,2.28,0.0
20211007:2130,0.0,-2.73,26.37,2.34,0.0
20211007:2230,85.23,11.92,26.39,2.48,0.0
20211007:2330,163.91,26.44,27.08,2.55,0.0
20211008:0030,221.71,40.67,27.66,2.83,0.0
20211008:0130,245.91,54.38,28.14,2.62,0.0
20211008:0230,207.16,66.56,28.35,2.14,0.0
20211008:0330,257.08,73.37,28.5,2.21,0.0
20211008:0430,407.09,68.8,28.81,2.83,0.0
20211008:0530,323.14,57.32,29.28,3.31,0.0
20211008:0630,167.5,43.82,29.33,3.31,0.0
20211008:0730,61.3,29.64,28.8,1.72,0.0
20211008:0830,15.12,15.18,28.3,1.24,0.0
20211008:0930,1.61,0.57,27.66,1.59,0.0
20211008:1030,0.0,0.0,27.05,1.79,0.0
20211008:1130,0.0,0.0,26.44,1.45,0.0
20211008:1230,0.0,0.0,26.32,1.1,0.0
20211008:1330,0.0,0.0,26.41,0.97,0.0
20211008:1430,0.0,0.0,25.96,1.17,0.0
20211008:1530,0.0,0.0,26.17,0.97,0.0
20211008:1630,0.0,0.0,25.49,1.45,0.0
20211008:1730,0.0,0.0,25.81,2.28,0.0
20211008:1830,0.0,0.0,25.86,2.69,0.0
20211008:1930,0.0,0.0,26.3,2.62,0.0
20211008:2030,0.0,0.0,25.98,2.07,0.0
20211008:2130,0.0,-2.73,26.06,2.14,0.0
20211008:2230,19.17,11.9,26.26,2.28,0.0
20211008:2330,60.11,26.41,26.6,2.34,0.0
20211009:0030,181.44,40.6,27.3,2.21,0.0
20211009:0130,195.35,54.26,28.16,2.48,0.0
20211009:0230,194.69,66.33,28.53,2.48,0.0
20211009:0330,273.44,73.0,28.72,2.62,0.0
20211009:0430,250.36,68.46,28.9,3.03,0.0
20211009:0530,272.13,57.06,28.05,4.07,0.0
20211009:0630,82.26,43.62,27.94,4.0,0.0
20211009:0730,128.46,29.47,27.32,2.76,0.0
20211009:0830,43.99,15.03,27.32,3.72,0.0
20211009:0930,3.24,0.43,26.98,3.72,0.0
20211009:1030,0.0,0.0,26.54,4.0,0.0
20211009:1130,0.0,0.0,26.2,4.07,0.0
20211009:1230,0.0,0.0,26.04,3.52,0.0
20211009:1330,0.0,0.0,25.89,3.24,0.0
20211009:1430,0.0,0.0,25.83,3.45,0.0
20211009:1530,0.0,0.0,25.76,3.24,0.0
20211009:1630,0.0,0.0,25.83,2.83,0.0
20211009:1730,0.0,0.0,25.76,2.55,0.0
20211009:1830,0.0,0.0,25.67,2.34,0.0
20211009:1930,0.0,0.0,25.42,4.28,0.0
20211009:2030,0.0,0.0,25.48,4.34,0.0
20211009:2130,0.0,-2.73,25.57,4.28,0.0
20211009:2230,74.64,11.89,25.56,4.41,0.0
20211009:2330,113.06,26.37,25.58,4.62,0.0
20211010:0030,113.6,40.53,25.67,4.97,0.0
20211010:0130,239.95,54.14,25.98,5.52,0.0
20211010:0230,311.71,66.1,26.46,6.14,0.0
20211010:0330,276.75,72.63,26.52,6.07,0.0
20211010:0430,251.73,68.12,26.5,6.14,0.0
20211010:0530,196.25,56.81,26.61,5.59,0.0
20211010:0630,161.03,43.42,26.62,5.66,0.0
20211010:0730,114.27,29.3,26.56,4.97,0.0
20211010:0830,56.44,14.88,26.69,4.9,0.0
20211010:0930,2.47,0.3,26.54,5.59,0.0
20211010:1030,0.0,0.0,26.15,5.38,0.0
20211010:1130,0.0,0.0,25.95,5.24,0.0
20211010:1230,0.0,0.0,25.67,5.17,0.0
20211010:1330,0.0,0.0,25.63,4.9,0.0
20211010:1430,0.0,0.0,25.65,4.48,0.0
20211010:1530,0.0,0.0,25.4,4.48,0.0
20211010:1630,0.0,0.0,25.31,4.9,0.0
20211010:1730,0.0,0.0,25.28,5.03,0.0
20211010:1830,0.0,0.0,25.6,5.31,0.0
20211010:1930,0.0,0.0,25.63,6.34,0.0
20211010:2030,0.0,0.0,25.69,6.07,0.0
20211010:2130,0.0,-2.74,25.63,6.07,0.0
20211010:2230,201.34,11.87,25.62,6.21,0.0
20211010:2330,254.68,26.34,25.97,6.21,0.0
20211011:0030,379.26,40.46,26.6,6.48,0.0
20211011:0130,454.38,54.01,27.22,6.55,0.0
20211011:0230,514.25,65.87,27.96,6.48,0.0
20211011:0330,538.94,72.25,28.49,6.69,0.0
20211011:0430,566.21,67.78,28.41,7.03,0.0
20211011:0530,377.84,56.56,28.22,7.24,0.0
20211011:0630,434.23,43.22,26.91,6.41,0.0
20211011:0730,358.15,29.14,27.12,6.97,0.0
20211011:0830,89.08,14.73,26.75,7.24,0.0
20211011:0930,2.54,0.16,26.17,7.66,0.0
20211011:1030,0.0,0.0,26.09,6.62,0.0
20211011:1130,0.0,0.0,25.91,6.48,0.0
20211011:1230,0.0,0.0,25.82,6.48,0.0
20211011:1330,0.0,0.0,25.74,6.55,0.0
20211011:1430,0.0,0.0,25.57,7.1,0.0
20211011:1530,0.0,0.0,25.47,7.1,0.0
20211011:1630,0.0,0.0,25.37,7.24,0.0
20211011:1730,0.0,0.0,25.4,6.83,0.0
20211011:1830,0.0,0.0,25.5,6.62,0.0
20211011:1930,0.0,0.0,25.59,7.45,0.0
20211011:2030,0.0,0.0,25.55,7.66,0.0
20211011:2130,0.0,-2.75,25.71,8.0,0.0
20211011:2230,147.3,11.85,25.51,8.34,0.0
20211011:2330,247.6,26.29,25.85,8.62,0.0
20211012:0030,380.12,40.38,26.02,9.52,0.0
20211012:0130,386.57,53.88,26.46,8.9,0.0
20211012:0230,281.22,65.63,26.45,9.59,0.0
20211012:0330,299.32,71.88,26.41,9.03,0.0
20211012:0430,369.62,67.45,26.33,8.21,0.0
20211012:0530,328.01,56.31,26.58,8.69,0.0
20211012:0630,231.46,43.02,26.64,7.59,0.0
20211012:0730,118.62,28.97,25.93,9.03,0.0
20211012:0830,133.63,14.59,25.89,7.86,0.0
20211012:0930,2.26,0.03,25.85,7.24,0.0
20211012:1030,0.0,0.0,25.72,6.9,0.0
20211012:1130,0.0,0.0,25.51,7.1,0.0
20211012:1230,0.0,0.0,25.61,5.72,0.0
20211012:1330,0.0,0.0,25.74,5.24,0.0
20211012:1430,0.0,0.0,25.78,5.03,0.0
20211012:1530,0.0,0.0,25.94,5.38,0.0
20211012:1630,0.0,0.0,25.62,6.69,0.0
20211012:1730,0.0,0.0,25.43,6.55,0.0
20211012:1830,0.0,0.0,25.27,6.62,0.0
20211012:1930,0.0,0.0,25.18,6.41,0.0
20211012:2030,0.0,0.0,25.34,6.0,0.0
20211012:2130,0.0,-2.75,25.52,5.86,0.0
20211012:2230,367.27,11.82,25.52,4.76,0.0
20211012:2330,576.13,26.25,26.13,5.17,0.0
20211013:0030,655.48,40.3,26.99,5.31,0.0
20211013:0130,742.89,53.74,27.66,5.59,0.0
20211013:0230,698.0,65.39,28.39,6.14,0.0
20211013:0330,755.58,71.51,27.74,5.86,0.0
20211013:0430,561.16,67.11,27.81,6.0,0.0
20211013:0530,462.96,56.06,27.98,5.17,0.0
20211013:0630,588.37,42.83,28.13,4.83,0.0
20211013:0730,403.3,28.81,28.44,5.45,0.0
20211013:0830,229.17,14.45,27.78,4.14,0.0
20211013:0930,0.0,-0.09,26.81,3.1,0.0
20211013:1030,0.0,0.0,26.41,2.07,0.0
20211013:1130,0.0,0.0,26.1,1.45,0.0
20211013:1230,0.0,0.0,25.85,1.93,0.0
20211013:1330,0.0,0.0,25.88,2.14,0.0
20211013:1430,0.0,0.0,25.72,2.0,0.0
20211013:1530,0.0,0.0,25.36,1.72,0.0
20211013:1630,0.0,0.0,25.25,1.1,0.0
20211013:1730,0.0,0.0,25.94,0.76,0.0
20211013:1830,0.0,0.0,26.05,0.69,0.0
20211013:1930,0.0,0.0,25.98,0.62,0.0
20211013:2030,0.0,0.0,26.07,0.48,0.0
20211013:2130,0.0,-2.77,26.1,0.28,0.0
20211013:2230,214.84,11.8,25.85,0.83,0.0
20211013:2330,253.37,26.2,26.44,1.03,0.0
20211014:0030,399.41,40.22,27.32,1.31,0.0
20211014:0130,678.39,53.6,27.88,1.45,0.0
20211014:0230,617.22,65.15,28.63,1.45,0.0
20211014:0330,497.37,71.14,29.04,1.59,0.0
20211014:0430,778.5,66.78,29.28,1.72,0.0
20211014:0530,769.53,55.81,29.68,2.34,0.0
20211014:0630,200.73,42.63,29.85,2.62,0.0
20211014:0730,100.29,28.65,28.24,0.97,0.0
20211014:0830,45.48,14.31,28.07,0.62,0.0
20211014:0930,0.0,-0.22,27.87,0.76,0.0
20211014:1030,0.0,0.0,27.08,0.69,0.0
20211014:1130,0.0,0.0,26.63,0.97,0.0
20211014:1230,0.0,0.0,26.55,0.97,0.0
20211014:1330,0.0,0.0,26.41,1.03,0.0
20211014:1430,0.0,0.0,25.96,1.1,0.0
20211014:1530,0.0,0.0,26.75,0.62,0.0
20211014:1630,0.0,0.0,26.08,0.69,0.0
20211014:1730,0.0,0.0,24.96,1.1,0.0
20211014:1830,0.0,0.0,24.97,0.69,0.0
20211014:1930,0.0,0.0,25.76,0.62,0.0
20211014:2030,0.0,0.0,25.59,0.83,0.0
20211014:2130,0.0,-2.78,25.77,0.41,0.0
20211014:2230,86.65,11.77,25.23,0.55,0.0
20211014:2330,324.43,26.15,25.13,0.76,0.0
20211015:0030,260.44,40.13,25.72,0.48,0.0
20211015:0130,305.88,53.45,25.88,0.34,0.0
20211015:0230,299.07,64.9,26.13,1.17,0.0
20211015:0330,327.63,70.78,26.35,2.14,0.0
20211015:0430,368.27,66.45,26.75,2.9,0.0
20211015:0530,383.04,55.57,27.27,3.59,0.0
20211015:0630,215.73,42.44,27.36,3.86,0.0
20211015:0730,216.11,28.49,26.83,3.38,0.0
20211015:0830,93.4,14.17,26.7,3.66,0.0
20211015:0930,0.0,-0.34,26.44,2.83,0.0
20211015:1030,0.0,0.0,26.12,2.55,0.0
20211015:1130,0.0,0.0,25.99,2.55,0.0
20211015:1230,0.0,0.0,25.78,2.34,0.0
20211015:1330,0.0,0.0,25.7,2.21,0.0
20211015:1430,0.0,0.0,25.61,2.41,0.0
20211015:1530,0.0,0.0,25.58,2.55,0.0
20211015:1630,0.0,0.0,25.57,2.62,0.0
20211015:1730,0.0,0.0,25.51,2.55,0.0
20211015:1830,0.0,0.0,25.44,2.76,0.0
20211015:1930,0.0,0.0,25.23,2.34,0.0
20211015:2030,0.0,0.0,25.26,2.34,0.0
20211015:2130,0.0,-2.8,25.22,2.14,0.0
20211015:2230,61.64,11.74,25.27,2.14,0.0
20211015:2330,249.98,26.1,25.74,2.07,0.0
20211016:0030,626.94,40.04,26.5,2.62,0.0
20211016:0130,783.62,53.3,27.28,2.69,0.0
20211016:0230,816.97,64.65,27.95,2.41,0.0
20211016:0330,678.84,70.41,28.47,2.34,0.0
20211016:0430,590.08,66.12,28.48,2.83,0.0
20211016:0530,502.13,55.32,28.05,2.9,0.0
20211016:0630,300.66,42.25,27.76,3.03,0.0
20211016:0730,102.57,28.33,28.62,0.41,0.0
20211016:0830,44.7,14.04,28.44,0.55,0.0
20211016:0930,0.0,-0.46,28.19,0.14,0.0
20211016:1030,0.0,0.0,27.43,1.24,0.0
20211016:1130,0.0,0.0,26.84,1.86,0.0
20211016:1230,0.0,0.0,26.35,1.79,0.0
20211016:1330,0.0,0.0,26.37,1.17,0.0
20211016:1430,0.0,0.0,27.36,0.69,0.0
20211016:1530,0.0,0.0,27.29,0.21,0.0
20211016:1630,0.0,0.0,27.09,0.55,0.0
20211016:1730,0.0,0.0,26.76,0.62,0.0
20211016:1830,0.0,0.0,26.62,0.76,0.0
20211016:1930,0.0,0.0,24.43,1.38,0.0
20211016:2030,0.0,0.0,24.36,1.38,0.0
20211016:2130,0.0,-2.82,24.23,1.59,0.0
20211016:2230,493.29,11.7,24.64,2.21,0.0
20211016:2330,805.0,26.04,26.34,2.28,0.0
20211017:0030,907.8,39.94,27.48,3.17,0.0
20211017:0130,898.21,53.15,28.36,3.38,0.0
20211017:0230,781.46,64.4,29.02,3.17,0.0
20211017:0330,858.32,70.05,29.51,3.1,0.0
20211017:0430,776.06,65.79,29.97,3.17,0.0
20211017:0530,609.5,55.08,29.96,3.03,0.0
20211017:0630,775.98,42.06,29.55,3.38,0.0
20211017:0730,463.7,28.18,29.44,2.69,0.0
20211017:0830,301.18,13.91,28.79,2.69,0.0
20211017:0930,0.0,-0.57,28.21,2.97,0.0
20211017:1030,0.0,0.0,27.6,1.59,0.0
20211017:1130,0.0,0.0,27.05,2.34,0.0
20211017:1230,0.0,0.0,26.63,2.76,0.0
20211017:1330,0.0,0.0,26.38,2.69,0.0
20211017:1430,0.0,0.0,26.13,2.48,0.0
20211017:1530,0.0,0.0,25.96,2.62,0.0
20211017:1630,0.0,0.0,25.81,2.97,0.0
20211017:1730,0.0,0.0,25.59,3.79,0.0
20211017:1830,0.0,0.0,25.37,4.21,0.0
20211017:1930,0.0,0.0,25.64,4.76,0.0
20211017:2030,0.0,0.0,25.22,4.34,0.0
20211017:2130,0.0,-2.84,25.01,3.1,0.0
20211017:2230,423.47,11.66,25.01,3.31,0.0
20211017:2330,728.06,25.98,25.79,3.45,0.0
20211018:0030,834.47,39.84,27.07,4.34,0.0
20211018:0130,861.48,52.99,28.07,3.72,0.0
20211018:0230,794.3,64.14,28.88,3.03,0.0
20211018:0330,738.58,69.68,29.32,3.1,0.0
20211018:0430,645.08,65.46,29.18,3.59,0.0
20211018:0530,880.25,54.84,28.9,4.0,0.0
20211018:0630,777.24,41.87,29.41,4.21,0.0
20211018:0730,712.87,28.03,29.3,4.34,0.0
20211018:0830,458.4,13.78,29.19,3.86,0.0
20211018:0930,0.0,-0.68,28.64,3.31,0.0
20211018:1030,0.0,0.0,27.94,3.24,0.0
20211018:1130,0.0,0.0,27.43,3.52,0.0
20211018:1230,0.0,0.0,27.05,3.86,0.0
20211018:1330,0.0,0.0,26.67,4.28,0.0
20211018:1430,0.0,0.0,26.39,4.14,0.0
20211018:1530,0.0,0.0,26.17,4.21,0.0
20211018:1630,0.0,0.0,25.9,4.14,0.0
20211018:1730,0.0,0.0,25.75,4.07,0.0
20211018:1830,0.0,0.0,25.61,4.0,0.0
20211018:1930,0.0,0.0,25.68,4.69,0.0
20211018:2030,0.0,0.0,25.52,4.28,0.0
20211018:2130,0.0,-2.86,25.48,4.21,0.0
20211018:2230,454.96,11.62,25.48,4.28,0.0
20211018:2330,537.52,25.91,26.12,4.62,0.0
20211019:0030,707.56,39.74,26.88,5.38,0.0
20211019:0130,792.57,52.83,27.69,5.24,0.0
20211019:0230,703.92,63.88,28.13,5.24,0.0
20211019:0330,794.27,69.32,28.45,4.97,0.0
20211019:0430,708.52,65.14,28.76,4.55,0.0
20211019:0530,379.49,54.6,28.94,4.28,0.0
20211019:0630,515.32,41.69,28.57,4.55,0.0
20211019:0730,393.46,27.88,28.66,4.97,0.0
20211019:0830,270.9,13.65,28.12,4.69,0.0
20211019:0930,0.0,-0.79,27.65,4.0,0.0
20211019:1030,0.0,0.0,27.14,3.72,0.0
20211019:1130,0.0,0.0,26.86,3.86,0.0
20211019:1230,0.0,0.0,26.66,4.07,0.0
20211019:1330,0.0,0.0,26.37,3.45,0.0
20211019:1430,0.0,0.0,26.23,2.97,0.0
20211019:1530,0.0,0.0,26.05,3.1,0.0
20211019:1630,0.0,0.0,25.85,2.83,0.0
20211019:1730,0.0,0.0,25.68,3.1,0.0
20211019:1830,0.0,0.0,25.47,3.79,0.0
20211019:1930,0.0,0.0,24.8,2.97,0.0
20211019:2030,0.0,0.0,24.66,2.76,0.0
20211019:2130,0.0,-2.89,24.68,3.03,0.0
20211019:2230,72.08,11.58,24.57,2.76,0.0
20211019:2330,318.82,25.85,25.09,3.03,0.0
20211020:0030,572.26,39.63,25.98,3.72,0.0
20211020:0130,562.84,52.66,27.16,3.59,0.0
20211020:0230,689.71,63.62,28.04,2.83,0.0
20211020:0330,700.26,68.96,28.8,2.0,0.0
20211020:0430,636.21,64.82,29.38,2.14,0.0
20211020:0530,597.95,54.36,29.78,2.76,0.0
20211020:0630,388.65,41.51,29.57,3.1,0.0
20211020:0730,223.66,27.73,28.77,2.55,0.0
20211020:0830,104.95,13.53,28.39,1.17,0.0
20211020:0930,0.0,-0.9,27.83,1.31,0.0
20211020:1030,0.0,0.0,27.16,2.28,0.0
20211020:1130,0.0,0.0,26.57,1.93,0.0
20211020:1230,0.0,0.0,26.13,2.0,0.0
20211020:1330,0.0,0.0,25.78,1.86,0.0
20211020:1430,0.0,0.0,25.39,1.79,0.0
20211020:1530,0.0,0.0,25.13,2.07,0.0
20211020:1630,0.0,0.0,25.01,2.07,0.0
20211020:1730,0.0,0.0,24.9,2.55,0.0
20211020:1830,0.0,0.0,24.8,2.69,0.0
20211020:1930,0.0,0.0,25.29,2.48,0.0
20211020:2030,0.0,0.0,25.15,2.48,0.0
20211020:2130,0.0,-2.91,24.97,2.21,0.0
20211020:2230,374.27,11.53,24.89,2.41,0.0
20211020:2330,643.43,25.77,25.59,2.34,0.0
20211021:0030,746.94,39.52,26.61,3.17,0.0
20211021:0130,804.24,52.49,27.6,3.52,0.0
20211021:0230,767.29,63.36,28.46,3.66,0.0
20211021:0330,911.47,68.61,29.01,4.07,0.0
20211021:0430,779.94,64.5,29.65,3.79,0.0
20211021:0530,619.94,54.12,29.66,3.59,0.0
20211021:0630,676.37,41.33,29.45,4.14,0.0
20211021:0730,349.08,27.59,28.99,3.24,0.0
20211021:0830,239.71,13.41,27.87,3.45,0.0
20211021:0930,0.0,-1.0,27.24,3.38,0.0
20211021:1030,0.0,0.0,26.67,3.31,0.0
20211021:1130,0.0,0.0,26.15,3.66,0.0
20211021:1230,0.0,0.0,25.71,4.0,0.0
20211021:1330,0.0,0.0,25.38,4.28,0.0
20211021:1430,0.0,0.0,25.22,3.93,0.0
20211021:1530,0.0,0.0,25.13,3.86,0.0
20211021:1630,0.0,0.0,25.14,3.59,0.0
20211021:1730,0.0,0.0,25.13,3.24,0.0
20211021:1830,0.0,0.0,25.16,3.1,0.0
20211021:1930,0.0,0.0,25.34,3.45,0.0
20211021:2030,0.0,0.0,25.38,3.66,0.0
20211021:2130,0.0,-2.94,25.43,3.79,0.0
20211021:2230,335.93,11.48,25.38,3.72,0.0
20211021:2330,587.8,25.7,25.83,4.14,0.0
20211022:0030,624.52,39.4,26.6,5.24,0.0
20211022:0130,573.55,52.32,27.37,4.97,0.0
20211022:0230,676.02,63.09,27.41,5.45,0.0
20211022:0330,754.58,68.25,27.76,5.79,0.0
20211022:0430,678.15,64.19,28.25,5.93,0.0
20211022:0530,511.09,53.89,28.38,5.72,0.0
20211022:0630,667.52,41.15,27.72,5.72,0.0
20211022:0730,404.36,27.44,28.58,4.83,0.0
20211022:0830,269.57,13.29,28.0,4.9,0.0
20211022:0930,0.0,-1.09,27.59,4.28,0.0
20211022:1030,0.0,0.0,26.63,4.83,0.0
20211022:1130,0.0,0.0,26.03,4.9,0.0
20211022:1230,0.0,0.0,25.85,4.69,0.0
20211022:1330,0.0,0.0,25.73,4.83,0.0
20211022:1430,0.0,0.0,25.49,5.17,0.0
20211022:1530,0.0,0.0,25.26,4.9,0.0
20211022:1630,0.0,0.0,25.16,4.34,0.0
20211022:1730,0.0,0.0,25.12,4.14,0.0
20211022:1830,0.0,0.0,24.88,4.21,0.0
20211022:1930,0.0,0.0,24.91,5.38,0.0
20211022:2030,0.0,0.0,24.89,5.1,0.0
20211022:2130,0.0,-2.98,24.81,4.97,0.0
20211022:2230,56.1,11.43,24.95,4.62,0.0
20211022:2330,184.01,25.62,25.34,3.93,0.0
20211023:0030,260.39,39.29,25.72,4.0,0.0
20211023:0130,325.19,52.14,26.08,3.86,0.0
20211023:0230,489.34,62.82,26.44,4.0,0.0
20211023:0330,433.94,67.9,26.95,3.31,0.0
20211023:0430,455.39,63.88,27.05,3.1,0.0
20211023:0530,278.69,53.65,27.23,3.24,0.0
20211023:0630,321.5,40.97,26.92,3.1,0.0
20211023:0730,130.7,27.31,27.37,4.0,0.0
20211023:0830,52.64,13.18,27.02,3.59,0.0
20211023:0930,0.0,-1.19,26.55,3.59,0.0
20211023:1030,0.0,0.0,26.06,3.59,0.0
20211023:1130,0.0,0.0,25.93,3.24,0.0
20211023:1230,0.0,0.0,25.85,2.34,0.0
20211023:1330,0.0,0.0,25.51,2.07,0.0
20211023:1430,0.0,0.0,25.35,1.93,0.0
20211023:1530,0.0,0.0,25.32,2.41,0.0
20211023:1630,0.0,0.0,25.36,2.9,0.0
20211023:1730,0.0,0.0,25.34,2.97,0.0
20211023:1830,0.0,0.0,25.16,2.07,0.0
20211023:1930,0.0,0.0,24.62,3.31,0.0
20211023:2030,0.0,0.0,24.56,2.55,0.0
20211023:2130,0.0,-3.01,24.44,1.45,0.0
20211023:2230,114.19,11.38,25.12,0.55,0.0
20211023:2330,201.68,25.54,25.51,0.14,0.0
20211024:0030,221.71,39.16,26.3,0.48,0.0
20211024:0130,273.86,51.96,26.31,0.62,0.0
20211024:0230,419.31,62.56,26.7,0.83,0.0
20211024:0330,476.51,67.55,27.25,1.1,0.0
20211024:0430,427.03,63.57,27.71,0.76,0.0
20211024:0530,356.67,53.43,27.95,0.83,0.0
20211024:0630,498.43,40.8,27.89,1.52,0.0
20211024:0730,294.01,27.17,28.44,1.52,0.0
20211024:0830,140.6,13.07,28.13,0.9,0.0
20211024:0930,0.0,-1.28,27.86,0.9,0.0
20211024:1030,0.0,0.0,27.15,1.03,0.0
20211024:1130,0.0,0.0,26.38,1.03,0.0
20211024:1230,0.0,0.0,25.7,1.24,0.0
20211024:1330,0.0,0.0,25.32,1.31,0.0
20211024:1430,0.0,0.0,25.77,0.83,0.0
20211024:1530,0.0,0.0,26.35,0.62,0.0
20211024:1630,0.0,0.0,26.15,0.83,0.0
20211024:1730,0.0,0.0,25.61,0.83,0.0
20211024:1830,0.0,0.0,25.53,0.62,0.0
20211024:1930,0.0,0.0,24.81,1.93,0.0
20211024:2030,0.0,0.0,24.58,1.45,0.0
20211024:2130,0.0,-3.05,24.52,1.24,0.0
20211024:2230,217.17,11.32,24.54,1.59,0.0
20211024:2330,557.59,25.46,25.75,1.31,0.0
20211025:0030,655.5,39.04,26.44,1.17,0.0
20211025:0130,867.28,51.78,27.29,1.24,0.0
20211025:0230,738.71,62.29,28.22,1.1,0.0
20211025:0330,793.5,67.21,28.69,0.9,0.0
20211025:0430,833.47,63.26,29.17,0.69,0.0
20211025:0530,686.31,53.2,29.45,1.03,0.0
20211025:0630,464.18,40.63,29.29,0.83,0.0
20211025:0730,391.32,27.04,29.46,2.69,0.0
20211025:0830,115.46,12.96,28.65,2.9,0.0
20211025:0930,0.0,-1.36,27.86,2.97,0.0
20211025:1030,0.0,0.0,27.04,3.1,0.0
20211025:1130,0.0,0.0,26.53,3.31,0.0
20211025:1230,0.0,0.0,26.2,3.24,0.0
20211025:1330,0.0,0.0,26.0,3.24,0.0
20211025:1430,0.0,0.0,25.83,3.1,0.0
20211025:1530,0.0,0.0,25.68,3.03,0.0
20211025:1630,0.0,0.0,25.57,2.76,0.0
20211025:1730,0.0,0.0,25.43,2.9,0.0
20211025:1830,0.0,0.0,25.39,3.24,0.0
20211025:1930,0.0,0.0,25.19,3.93,0.0
20211025:2030,0.0,0.0,25.11,3.79,0.0
20211025:2130,0.0,-3.09,25.16,3.66,0.0
20211025:2230,163.86,11.26,25.2,3.66,0.0
20211025:2330,383.41,25.37,25.65,4.14,0.0
20211026:0030,476.67,38.91,26.28,4.34,0.0
20211026:0130,554.3,51.6,27.12,4.48,0.0
20211026:0230,791.74,62.02,27.87,4.69,0.0
20211026:0330,755.77,66.86,28.66,4.76,0.0
20211026:0430,666.02,62.96,28.94,4.83,0.0
20211026:0530,576.63,52.97,28.78,5.03,0.0
20211026:0630,502.05,40.46,28.74,4.9,0.0
20211026:0730,300.13,26.91,28.88,5.45,0.0
20211026:0830,358.97,12.86,28.43,4.76,0.0
20211026:0930,0.0,-1.45,28.06,4.62,0.0
20211026:1030,0.0,0.0,27.37,4.34,0.0
20211026:1130,0.0,0.0,26.89,4.21,0.0
20211026:1230,0.0,0.0,26.55,4.41,0.0
20211026:1330,0.0,0.0,26.4,4.14,0.0
20211026:1430,0.0,0.0,26.33,3.72,0.0
20211026:1530,0.0,0.0,26.1,3.66,0.0
20211026:1630,0.0,0.0,25.98,4.0,0.0
20211026:1730,0.0,0.0,25.83,3.86,0.0
20211026:1830,0.0,0.0,25.65,3.45,0.0
20211026:1930,0.0,0.0,25.84,3.24,0.0
20211026:2030,0.0,0.0,25.72,3.03,0.0
20211026:2130,0.0,-3.13,25.72,3.66,0.0
20211026:2230,268.17,11.2,25.48,4.14,0.0
20211026:2330,480.23,25.28,25.8,4.62,0.0
20211027:0030,684.75,38.78,26.25,5.31,0.0
20211027:0130,605.13,51.41,27.26,5.38,0.0
20211027:0230,638.44,61.75,27.71,5.52,0.0
20211027:0330,725.28,66.52,28.09,5.79,0.0
20211027:0430,698.77,62.66,28.26,6.14,0.0
20211027:0530,534.53,52.75,28.09,6.0,0.0
20211027:0630,279.15,40.3,27.75,5.66,0.0
20211027:0730,314.81,26.78,26.63,5.45,0.0
20211027:0830,122.34,12.76,26.37,5.79,0.0
20211027:0930,0.0,-1.53,25.9,4.97,0.0
20211027:1030,0.0,0.0,25.67,4.83,0.0
20211027:1130,0.0,0.0,25.58,4.97,0.0
20211027:1230,0.0,0.0,25.52,5.03,0.0
20211027:1330,0.0,0.0,25.47,4.76,0.0
20211027:1430,0.0,0.0,25.33,4.97,0.0
20211027:1530,0.0,0.0,25.16,5.03,0.0
20211027:1630,0.0,0.0,25.17,5.03,0.0
20211027:1730,0.0,0.0,25.15,5.17,0.0
20211027:1830,0.0,0.0,25.12,4.69,0.0
20211027:1930,0.0,0.0,25.02,3.93,0.0
20211027:2030,0.0,0.0,24.98,3.86,0.0
20211027:2130,0.0,-3.18,24.87,4.21,0.0
20211027:2230,29.24,11.13,25.03,4.14,0.0
20211027:2330,199.48,25.19,25.31,4.0,0.0
20211028:0030,270.45,38.65,26.19,4.97,0.0
20211028:0130,239.62,51.22,26.91,4.83,0.0
20211028:0230,286.14,61.47,27.37,4.34,0.0
20211028:0330,296.52,66.19,27.59,3.72,0.0
20211028:0430,207.48,62.37,27.85,3.93,0.0
20211028:0530,304.6,52.54,27.15,3.59,0.0
20211028:0630,368.68,40.14,27.28,3.86,0.0
20211028:0730,394.44,26.66,28.43,4.55,0.0
20211028:0830,260.01,12.67,28.16,4.28,0.0
20211028:0930,0.0,-1.6,27.66,4.21,0.0
20211028:1030,0.0,0.0,27.02,4.0,0.0
20211028:1130,0.0,0.0,26.65,4.0,0.0
20211028:1230,0.0,0.0,26.43,4.14,0.0
20211028:1330,0.0,0.0,26.19,4.21,0.0
20211028:1430,0.0,0.0,25.78,4.28,0.0
20211028:1530,0.0,0.0,25.41,4.48,0.0
20211028:1630,0.0,0.0,25.01,4.69,0.0
20211028:1730,0.0,0.0,24.79,4.55,0.0
20211028:1830,0.0,0.0,24.79,4.28,0.0
20211028:1930,0.0,0.0,25.01,4.21,0.0
20211028:2030,0.0,0.0,25.05,4.07,0.0
20211028:2130,0.0,-3.23,25.08,4.34,0.0
20211028:2230,325.71,11.06,25.14,4.48,0.0
20211028:2330,470.48,25.09,25.52,4.62,0.0
20211029:0030,696.52,38.51,26.21,6.07,0.0
20211029:0130,746.93,51.03,27.17,6.41,0.0
20211029:0230,595.67,61.2,27.73,6.41,0.0
20211029:0330,700.07,65.85,27.88,6.34,0.0
20211029:0430,656.94,62.07,27.73,6.41,0.0
20211029:0530,623.12,52.32,27.31,6.0,0.0
20211029:0630,481.75,39.98,27.22,6.07,0.0
20211029:0730,509.5,26.54,27.34,5.93,0.0
20211029:0830,305.62,12.57,27.02,5.72,0.0
20211029:0930,0.0,-1.67,26.65,5.17,0.0
20211029:1030,0.0,0.0,26.17,4.41,0.0
20211029:1130,0.0,0.0,25.88,4.48,0.0
20211029:1230,0.0,0.0,25.51,4.9,0.0
20211029:1330,0.0,0.0,25.32,4.97,0.0
20211029:1430,0.0,0.0,25.2,4.9,0.0
20211029:1530,0.0,0.0,25.12,4.69,0.0
20211029:1630,0.0,0.0,25.08,4.41,0.0
20211029:1730,0.0,0.0,25.06,4.41,0.0
20211029:1830,0.0,0.0,25.07,4.48,0.0
20211029:1930,0.0,0.0,25.25,4.83,0.0
20211029:2030,0.0,0.0,25.24,4.76,0.0
20211029:2130,0.0,-3.28,25.21,4.69,0.0
20211029:2230,395.21,10.99,25.15,4.69,0.0
20211029:2330,601.06,25.0,25.55,4.83,0.0
20211030:0030,818.49,38.38,26.24,6.07,0.0
20211030:0130,876.5,50.84,26.99,6.55,0.0
20211030:0230,813.56,60.93,27.81,6.62,0.0
20211030:0330,833.05,65.52,28.13,7.03,0.0
20211030:0430,665.23,61.79,28.3,6.97,0.0
20211030:0530,788.74,52.11,27.99,6.76,0.0
20211030:0630,578.68,39.82,28.26,6.9,0.0
20211030:0730,560.73,26.42,28.27,6.62,0.0
20211030:0830,376.59,12.48,28.05,6.28,0.0
20211030:0930,0.0,-1.74,27.16,5.72,0.0
20211030:1030,0.0,0.0,26.5,4.83,0.0
20211030:1130,0.0,0.0,26.17,4.83,0.0
20211030:1230,0.0,0.0,26.08,4.9,0.0
20211030:1330,0.0,0.0,25.96,4.62,0.0
20211030:1430,0.0,0.0,25.9,4.62,0.0
20211030:1530,0.0,0.0,25.71,5.03,0.0
20211030:1630,0.0,0.0,25.59,5.31,0.0
20211030:1730,0.0,0.0,25.38,5.38,0.0
20211030:1830,0.0,0.0,25.31,6.0,0.0
20211030:1930,0.0,0.0,25.08,6.0,0.0
20211030:2030,0.0,0.0,25.17,6.07,0.0
20211030:2130,0.0,-3.33,25.33,5.93,0.0
20211030:2230,82.21,10.92,25.55,5.79,0.0
20211030:2330,421.13,24.9,25.92,6.21,0.0
20211031:0030,562.39,38.23,26.79,7.24,0.0
20211031:0130,618.61,50.64,27.36,8.14,0.0
20211031:0230,546.87,60.66,27.88,7.72,0.0
20211031:0330,780.33,65.2,28.12,7.03,0.0
20211031:0430,667.03,61.5,28.54,7.38,0.0
20211031:0530,727.28,51.9,28.59,7.17,0.0
20211031:0630,440.75,39.67,28.64,6.83,0.0
20211031:0730,322.08,26.31,28.48,6.41,0.0
20211031:0830,147.81,12.4,28.06,5.45,0.0
20211031:0930,0.0,-1.8,27.49,5.03,0.0
20211031:1030,0.0,0.0,27.04,4.83,0.0
20211031:1130,0.0,0.0,26.57,4.83,0.0
20211031:1230,0.0,0.0,26.37,5.45,0.0
20211031:1330,0.0,0.0,25.82,5.59,0.0
20211031:1430,0.0,0.0,25.49,5.38,0.0
20211031:1530,0.0,0.0,25.21,5.24,0.0
20211031:1630,0.0,0.0,25.18,5.1,0.0
20211031:1730,0.0,0.0,25.0,5.17,0.0
20211031:1830,0.0,0.0,24.93,5.31,0.0
20211031:1930,0.0,0.0,25.31,5.38,0.0
20211031:2030,0.0,0.0,25.22,5.52,0.0
20211031:2130,0.0,-3.38,25.09,5.59,0.0
20211031:2230,455.46,10.84,25.13,5.45,0.0
20211031:2330,610.66,24.79,25.65,5.86,0.0
20211101:0030,679.08,38.09,26.31,7.31,0.0
20211101:0130,803.97,50.44,26.95,6.97,0.0
20211101:0230,708.37,60.39,27.75,7.38,0.0
20211101:0330,899.09,64.87,27.76,6.9,0.0
20211101:0430,837.4,61.22,28.38,7.03,0.0
20211101:0530,784.52,51.7,28.43,6.97,0.0
20211101:0630,848.36,39.52,28.5,6.83,0.0
20211101:0730,569.7,26.2,29.06,7.17,0.0
20211101:0830,480.77,12.32,28.45,6.34,0.0
20211101:0930,0.0,-1.86,27.72,5.79,0.0
20211101:1030,0.0,0.0,27.1,5.59,0.0
20211101:1130,0.0,0.0,26.73,5.45,0.0
20211101:1230,0.0,0.0,26.56,5.52,0.0
20211101:1330,0.0,0.0,26.41,5.72,0.0
20211101:1430,0.0,0.0,26.24,5.72,0.0
20211101:1530,0.0,0.0,26.0,5.66,0.0
20211101:1630,0.0,0.0,25.79,5.66,0.0
20211101:1730,0.0,0.0,25.71,5.66,0.0
20211101:1830,0.0,0.0,25.65,5.45,0.0
20211101:1930,0.0,0.0,25.87,5.59,0.0
20211101:2030,0.0,0.0,25.8,5.52,0.0
20211101:2130,0.0,-3.44,25.79,5.45,0.0
20211101:2230,382.34,10.76,25.84,5.1,0.0
20211101:2330,631.53,24.69,26.37,4.69,0.0
20211102:0030,563.09,37.94,27.29,5.66,0.0
20211102:0130,821.21,50.24,27.75,5.79,0.0
20211102:0230,698.7,60.12,28.26,6.48,0.0
20211102:0330,621.05,64.55,28.08,7.31,0.0
20211102:0430,557.45,60.95,27.69,7.1,0.0
20211102:0530,585.96,51.5,27.88,5.79,0.0
20211102:0630,330.18,39.38,28.14,5.93,0.0
20211102:0730,142.87,26.09,27.47,5.86,0.0
20211102:0830,125.88,12.24,26.64,5.79,0.0
20211102:0930,0.0,-1.92,25.84,5.66,0.0
20211102:1030,0.0,0.0,25.25,5.38,0.0
20211102:1130,0.0,0.0,24.93,5.17,0.0
20211102:1230,0.0,0.0,24.78,5.03,0.0
20211102:1330,0.0,0.0,24.84,4.69,0.0
20211102:1430,0.0,0.0,24.86,4.69,0.0
20211102:1530,0.0,0.0,24.81,4.97,0.0
20211102:1630,0.0,0.0,24.61,4.9,0.0
20211102:1730,0.0,0.0,24.53,5.31,0.0
20211102:1830,0.0,0.0,24.57,5.1,0.0
20211102:1930,0.0,0.0,24.61,5.1,0.0
20211102:2030,0.0,0.0,24.48,5.1,0.0
20211102:2130,0.0,-3.5,24.47,5.03,0.0
20211102:2230,105.71,10.68,24.66,5.17,0.0
20211102:2330,212.86,24.58,25.07,5.24,0.0
20211103:0030,249.98,37.8,25.64,5.03,0.0
20211103:0130,346.04,50.04,26.1,5.52,0.0
20211103:0230,286.88,59.85,26.13,5.72,0.0
20211103:0330,333.63,64.24,26.35,5.45,0.0
20211103:0430,541.02,60.68,26.6,5.72,0.0
20211103:0530,401.93,51.3,26.99,5.86,0.0
20211103:0630,258.6,39.24,27.19,5.66,0.0
20211103:0730,296.14,25.99,26.25,5.31,0.0
20211103:0830,121.81,12.17,26.22,5.66,0.0
20211103:0930,0.0,-1.97,26.01,5.24,0.0
20211103:1030,0.0,0.0,25.74,5.17,0.0
20211103:1130,0.0,0.0,25.64,5.17,0.0
20211103:1230,0.0,0.0,25.52,4.83,0.0
20211103:1330,0.0,0.0,25.42,4.55,0.0
20211103:1430,0.0,0.0,25.39,4.48,0.0
20211103:1530,0.0,0.0,25.4,4.28,0.0
20211103:1630,0.0,0.0,25.44,4.21,0.0
20211103:1730,0.0,0.0,25.41,4.14,0.0
20211103:1830,0.0,0.0,25.31,3.79,0.0
20211103:1930,0.0,0.0,25.67,4.28,0.0
20211103:2030,0.0,0.0,25.63,4.28,0.0
20211103:2130,0.0,-3.56,25.65,4.21,0.0
20211103:2230,77.38,10.6,25.62,4.0,0.0
20211103:2330,199.01,24.46,25.85,4.48,0.0
20211104:0030,414.82,37.65,26.24,5.03,0.0
20211104:0130,395.36,49.84,26.75,4.97,0.0
20211104:0230,627.8,59.58,27.23,5.31,0.0
20211104:0330,709.58,63.93,27.76,4.9,0.0
20211104:0430,581.78,60.41,27.88,3.93,0.0
20211104:0530,665.09,51.11,28.43,4.0,0.0
20211104:0630,566.28,39.1,27.4,4.9,0.0
20211104:0730,430.63,25.89,27.95,5.38,0.0
20211104:0830,278.93,12.1,27.6,5.24,0.0
20211104:0930,0.0,-2.02,27.15,5.1,0.0
20211104:1030,0.0,0.0,26.38,4.48,0.0
20211104:1130,0.0,0.0,25.93,4.41,0.0
20211104:1230,0.0,0.0,25.65,4.48,0.0
20211104:1330,0.0,0.0,25.51,4.28,0.0
20211104:1430,0.0,0.0,25.44,4.14,0.0
20211104:1530,0.0,0.0,25.29,3.86,0.0
20211104:1630,0.0,0.0,25.26,3.45,0.0
20211104:1730,0.0,0.0,25.19,3.45,0.0
20211104:1830,0.0,0.0,25.2,3.31,0.0
20211104:1930,0.0,0.0,25.05,2.07,0.0
20211104:2030,0.0,0.0,24.92,1.31,0.0
20211104:2130,0.0,-3.63,24.84,1.03,0.0
20211104:2230,134.35,10.51,24.9,1.45,0.0
20211104:2330,220.54,24.35,25.26,1.86,0.0
20211105:0030,308.61,37.49,25.6,1.93,0.0
20211105:0130,337.87,49.64,26.17,1.17,0.0
20211105:0230,614.83,59.31,26.83,1.1,0.0
20211105:0330,357.88,63.62,27.56,1.24,0.0
20211105:0430,302.18,60.15,27.53,0.9,0.0
20211105:0530,234.35,50.92,27.49,1.24,0.0
20211105:0630,114.86,38.97,27.14,0.62,0.0
20211105:0730,129.49,25.8,27.28,0.83,0.0
20211105:0830,78.18,12.03,26.82,1.17,0.0
20211105:0930,0.0,-2.06,26.44,0.76,0.0
20211105:1030,0.0,0.0,26.05,0.69,0.0
20211105:1130,0.0,0.0,25.36,1.17,0.0
20211105:1230,0.0,0.0,25.06,1.52,0.0
20211105:1330,0.0,0.0,24.88,1.66,0.0
20211105:1430,0.0,0.0,24.87,1.79,0.0
20211105:1530,0.0,0.0,24.81,2.0,0.0
20211105:1630,0.0,0.0,24.76,2.07,0.0
20211105:1730,0.0,0.0,24.63,2.0,0.0
20211105:1830,0.0,0.0,24.54,1.86,0.0
20211105:1930,0.0,0.0,24.82,2.34,0.0
20211105:2030,0.0,0.0,24.68,2.48,0.0
20211105:2130,0.0,-3.7,24.81,2.69,0.0
20211105:2230,550.62,10.42,24.84,2.76,0.0
20211105:2330,801.09,24.23,25.79,2.76,0.0
20211106:0030,914.85,37.34,27.02,2.9,0.0
20211106:0130,857.64,49.43,27.99,2.97,0.0
20211106:0230,951.03,59.04,28.77,3.03,0.0
20211106:0330,925.35,63.31,29.49,3.1,0.0
20211106:0430,850.53,59.89,29.83,3.31,0.0
20211106:0530,779.04,50.73,29.67,4.21,0.0
20211106:0630,697.96,38.84,29.5,4.14,0.0
20211106:0730,586.89,25.71,29.38,4.21,0.0
20211106:0830,456.06,11.97,29.11,3.52,0.0
20211106:0930,0.0,-2.1,28.64,3.17,0.0
20211106:1030,0.0,0.0,27.77,3.38,0.0
20211106:1130,0.0,0.0,27.18,3.24,0.0
20211106:1230,0.0,0.0,26.77,3.31,0.0
20211106:1330,0.0,0.0,26.46,3.45,0.0
20211106:1430,0.0,0.0,26.22,3.66,0.0
20211106:1530,0.0,0.0,26.04,3.66,0.0
20211106:1630,0.0,0.0,25.89,3.38,0.0
20211106:1730,0.0,0.0,25.73,3.24,0.0
20211106:1830,0.0,0.0,25.45,3.79,0.0
20211106:1930,0.0,0.0,25.83,3.86,0.0
20211106:2030,0.0,0.0,25.72,4.69,0.0
20211106:2130,0.0,-3.77,25.33,4.9,0.0
20211106:2230,109.97,10.33,25.03,4.76,0.0
20211106:2330,142.1,24.12,25.1,4.83,0.0
20211107:0030,182.27,37.18,25.34,5.86,0.0
20211107:0130,296.35,49.23,26.0,6.07,0.0
20211107:0230,413.51,58.78,26.78,5.72,0.0
20211107:0330,461.76,63.02,27.35,5.93,0.0
20211107:0430,635.19,59.64,27.86,6.14,0.0
20211107:0530,452.12,50.55,28.17,6.48,0.0
20211107:0630,249.82,38.71,27.59,6.55,0.0
20211107:0730,211.71,25.62,27.56,6.14,0.0
20211107:0830,43.7,11.91,27.19,5.1,0.0
20211107:0930,0.0,-2.13,26.88,4.07,0.0
20211107:1030,0.0,0.0,26.51,4.41,0.0
20211107:1130,0.0,0.0,26.34,3.79,0.0
20211107:1230,0.0,0.0,26.4,3.86,0.0
20211107:1330,0.0,0.0,26.35,3.93,0.0
20211107:1430,0.0,0.0,26.31,4.0,0.0
20211107:1530,0.0,0.0,26.29,4.14,0.0
20211107:1630,0.0,0.0,26.25,4.14,0.0
20211107:1730,0.0,0.0,26.11,4.0,0.0
20211107:1830,0.0,0.0,26.03,3.93,0.0
20211107:1930,0.0,0.0,26.08,4.14,0.0
20211107:2030,0.0,0.0,25.96,4.28,0.0
20211107:2130,0.0,-3.84,25.86,4.34,0.0
20211107:2230,474.86,10.24,25.85,4.34,0.0
20211107:2330,706.04,24.0,26.39,4.21,0.0
20211108:0030,900.25,37.03,27.53,5.24,0.0
20211108:0130,837.96,49.03,28.44,5.45,0.0
20211108:0230,694.92,58.51,28.88,5.38,0.0
20211108:0330,851.5,62.72,29.04,5.52,0.0
20211108:0430,647.11,59.39,29.38,5.52,0.0
20211108:0530,616.38,50.37,29.02,4.83,0.0
20211108:0630,914.46,38.59,28.95,4.21,0.0
20211108:0730,673.68,25.54,29.26,5.24,0.0
20211108:0830,456.51,11.86,28.8,4.69,0.0
20211108:0930,0.0,-2.17,28.3,4.21,0.0
20211108:1030,0.0,0.0,27.6,4.21,0.0
20211108:1130,0.0,0.0,26.99,4.34,0.0
20211108:1230,0.0,0.0,26.51,4.9,0.0
20211108:1330,0.0,0.0,26.09,5.03,0.0
20211108:1430,0.0,0.0,26.01,4.97,0.0
20211108:1530,0.0,0.0,25.98,5.03,0.0
20211108:1630,0.0,0.0,25.98,4.69,0.0
20211108:1730,0.0,0.0,26.04,4.41,0.0
20211108:1830,0.0,0.0,25.99,4.21,0.0
20211108:1930,0.0,0.0,26.09,4.83,0.0
20211108:2030,0.0,0.0,26.0,5.31,0.0
20211108:2130,0.0,-3.91,25.91,5.72,0.0
20211108:2230,221.96,10.14,25.59,5.79,0.0
20211108:2330,462.36,23.87,26.07,6.41,0.0
20211109:0030,439.1,36.87,26.69,6.62,0.0
20211109:0130,640.82,48.82,27.17,6.9,0.0
20211109:0230,552.94,58.25,27.74,7.45,0.0
20211109:0330,710.37,62.43,27.69,7.52,0.0
20211109:0430,716.97,59.14,28.35,7.52,0.0
20211109:0530,464.23,50.2,28.7,7.1,0.0
20211109:0630,130.15,38.47,28.29,6.62,0.0
20211109:0730,110.15,25.46,27.36,6.41,0.0
20211109:0830,13.61,11.81,26.73,6.41,0.0
20211109:0930,0.0,-2.19,26.34,5.86,0.0
20211109:1030,0.0,0.0,25.95,5.24,0.0
20211109:1130,0.0,0.0,25.99,4.83,0.0
20211109:1230,0.0,0.0,25.91,4.97,0.0
20211109:1330,0.0,0.0,25.92,4.83,0.0
20211109:1430,0.0,0.0,25.82,4.69,0.0
20211109:1530,0.0,0.0,25.77,4.9,0.0
20211109:1630,0.0,0.0,25.57,5.24,0.0
20211109:1730,0.0,0.0,25.39,4.97,0.0
20211109:1830,0.0,0.0,25.26,4.55,0.0
20211109:1930,0.0,0.0,25.57,4.69,0.0
20211109:2030,0.0,0.0,25.63,4.41,0.0
20211109:2130,0.0,-3.99,25.54,4.41,0.0
20211109:2230,190.45,10.04,25.54,4.34,0.0
20211109:2330,501.86,23.75,25.96,4.28,0.0
20211110:0030,613.16,36.71,26.82,5.66,0.0
20211110:0130,595.41,48.61,27.58,5.86,0.0
20211110:0230,580.78,57.99,28.17,5.86,0.0
20211110:0330,713.24,62.15,28.11,5.79,0.0
20211110:0430,777.99,58.91,28.15,5.79,0.0
20211110:0530,440.98,50.03,27.85,5.38,0.0
20211110:0630,686.95,38.36,27.23,5.59,0.0
20211110:0730,489.62,25.38,28.42,6.14,0.0
20211110:0830,301.04,11.76,27.79,5.66,0.0
20211110:0930,0.0,-2.22,26.96,5.59,0.0
20211110:1030,0.0,0.0,26.17,5.31,0.0
20211110:1130,0.0,0.0,26.01,4.83,0.0
20211110:1230,0.0,0.0,25.97,4.9,0.0
20211110:1330,0.0,0.0,25.81,4.69,0.0
20211110:1430,0.0,0.0,25.6,4.62,0.0
20211110:1530,0.0,0.0,25.44,4.69,0.0
20211110:1630,0.0,0.0,25.51,4.9,0.0
20211110:1730,0.0,0.0,25.47,5.1,0.0
20211110:1830,0.0,0.0,25.48,5.24,0.0
20211110:1930,0.0,0.0,25.56,5.72,0.0
20211110:2030,0.0,0.0,25.42,6.14,0.0
20211110:2130,0.0,-4.07,25.48,5.38,0.0
20211110:2230,191.46,9.94,25.5,5.45,0.0
20211110:2330,266.77,23.62,25.83,5.03,0.0
20211111:0030,543.96,36.55,26.44,5.86,0.0
20211111:0130,612.68,48.41,27.23,6.0,0.0
20211111:0230,726.09,57.73,27.74,6.0,0.0
20211111:0330,756.22,61.86,28.21,6.0,0.0
20211111:0430,573.66,58.67,28.52,6.28,0.0
20211111:0530,548.59,49.87,28.22,6.0,0.0
20211111:0630,567.11,38.25,28.0,5.59,0.0
20211111:0730,283.64,25.31,28.48,6.14,0.0
20211111:0830,217.18,11.72,27.97,5.66,0.0
20211111:0930,0.0,-2.23,27.35,5.66,0.0
20211111:1030,0.0,0.0,26.7,5.24,0.0
20211111:1130,0.0,0.0,26.41,5.1,0.0
20211111:1230,0.0,0.0,26.31,5.1,0.0
20211111:1330,0.0,0.0,26.19,4.97,0.0
20211111:1430,0.0,0.0,26.05,5.17,0.0
20211111:1530,0.0,0.0,25.98,5.17,0.0
20211111:1630,0.0,0.0,25.93,4.97,0.0
20211111:1730,0.0,0.0,25.77,4.62,0.0
20211111:1830,0.0,0.0,25.59,4.07,0.0
20211111:1930,0.0,0.0,25.71,4.62,0.0
20211111:2030,0.0,0.0,25.84,4.55,0.0
20211111:2130,0.0,-4.15,25.85,4.34,0.0
20211111:2230,462.75,9.84,25.9,4.48,0.0
20211111:2330,700.2,23.49,26.42,4.9,0.0
20211112:0030,670.28,36.38,27.2,5.59,0.0
20211112:0130,941.27,48.2,27.57,5.45,0.0
20211112:0230,869.33,57.48,28.32,5.45,0.0
20211112:0330,846.07,61.59,28.83,5.79,0.0
20211112:0430,937.11,58.44,29.08,5.86,0.0
20211112:0530,840.77,49.71,28.81,6.14,0.0
20211112:0630,699.94,38.14,28.49,6.28,0.0
20211112:0730,600.06,25.24,28.43,5.31,0.0
20211112:0830,502.88,11.68,28.12,5.03,0.0
20211112:0930,0.0,-2.25,27.45,4.9,0.0
20211112:1030,0.0,0.0,26.63,5.24,0.0
20211112:1130,0.0,0.0,26.1,5.31,0.0
20211112:1230,0.0,0.0,25.79,5.17,0.0
20211112:1330,0.0,0.0,25.78,5.24,0.0
20211112:1430,0.0,0.0,25.89,5.31,0.0
20211112:1530,0.0,0.0,25.76,5.1,0.0
20211112:1630,0.0,0.0,25.71,4.97,0.0
20211112:1730,0.0,0.0,25.65,4.9,0.0
20211112:1830,0.0,0.0,25.58,4.62,0.0
20211112:1930,0.0,0.0,25.49,4.48,0.0
20211112:2030,0.0,0.0,25.49,4.55,0.0
20211112:2130,0.0,-4.23,25.54,4.41,0.0
20211112:2230,234.35,9.73,25.58,4.28,0.0
20211112:2330,433.97,23.36,25.99,4.48,0.0
20211113:0030,644.95,36.22,26.53,5.31,0.0
20211113:0130,611.13,48.0,27.23,4.97,0.0
20211113:0230,608.17,57.23,27.64,5.31,0.0
20211113:0330,683.23,61.32,27.85,5.45,0.0
20211113:0430,508.07,58.22,28.09,5.52,0.0
20211113:0530,495.65,49.55,27.95,5.24,0.0
20211113:0630,437.25,38.04,27.92,5.17,0.0
20211113:0730,264.88,25.18,27.75,5.1,0.0
20211113:0830,200.21,11.64,27.7,4.28,0.0
20211113:0930,0.0,-2.26,27.26,3.72,0.0
20211113:1030,0.0,0.0,26.74,3.38,0.0
20211113:1130,0.0,0.0,26.28,3.52,0.0
20211113:1230,0.0,0.0,25.98,3.52,0.0
20211113:1330,0.0,0.0,25.92,3.86,0.0
20211113:1430,0.0,0.0,25.74,3.72,0.0
20211113:1530,0.0,0.0,25.54,3.72,0.0
20211113:1630,0.0,0.0,25.37,3.52,0.0
20211113:1730,0.0,0.0,25.38,3.59,0.0
20211113:1830,0.0,0.0,25.33,3.59,0.0
20211113:1930,0.0,0.0,25.61,3.03,0.0
20211113:2030,0.0,0.0,25.44,2.69,0.0
20211113:2130,0.0,-4.32,25.34,2.76,0.0
20211113:2230,288.66,9.63,25.32,2.83,0.0
20211113:2330,551.12,23.23,25.97,3.24,0.0
20211114:0030,744.68,36.06,26.87,3.86,0.0
20211114:0130,769.76,47.79,27.89,3.93,0.0
20211114:0230,790.88,56.98,28.53,3.79,0.0
20211114:0330,777.91,61.05,29.01,3.79,0.0
20211114:0430,658.05,58.0,29.06,3.93,0.0
20211114:0530,513.82,49.4,28.7,3.79,0.0
20211114:0630,620.0,37.94,28.57,3.93,0.0
20211114:0730,440.85,25.12,28.47,5.17,0.0
20211114:0830,399.9,11.61,27.83,5.24,0.0
20211114:0930,0.0,-2.27,27.23,4.55,0.0
20211114:1030,0.0,0.0,26.67,4.0,0.0
20211114:1130,0.0,0.0,26.24,4.0,0.0
20211114:1230,0.0,0.0,26.01,4.41,0.0
20211114:1330,0.0,0.0,25.65,4.76,0.0
20211114:1430,0.0,0.0,25.42,4.69,0.0
20211114:1530,0.0,0.0,25.27,4.69,0.0
20211114:1630,0.0,0.0,25.25,4.76,0.0
20211114:1730,0.0,0.0,25.2,5.03,0.0
20211114:1830,0.0,0.0,25.18,5.1,0.0
20211114:1930,0.0,0.0,25.36,4.83,0.0
20211114:2030,0.0,0.0,25.27,4.48,0.0
20211114:2130,0.0,-4.4,25.24,4.14,0.0
20211114:2230,403.4,9.52,25.22,3.59,0.0
20211114:2330,641.21,23.1,25.7,3.45,0.0
20211115:0030,552.59,35.89,26.85,4.48,0.0
20211115:0130,533.12,47.59,27.75,4.83,0.0
20211115:0230,607.76,56.73,28.34,4.97,0.0
20211115:0330,651.96,60.79,28.74,5.17,0.0
20211115:0430,670.23,57.79,29.03,5.03,0.0
20211115:0530,666.07,49.26,29.05,5.24,0.0
20211115:0630,675.5,37.85,28.02,6.07,0.0
20211115:0730,369.08,25.07,28.52,5.45,0.0
20211115:0830,32.72,11.59,27.3,5.93,0.0
20211115:0930,0.0,-2.27,26.51,5.24,0.0
20211115:1030,0.0,0.0,25.88,5.31,0.0
20211115:1130,0.0,0.0,25.33,5.17,0.0
20211115:1230,0.0,0.0,25.2,4.21,0.0
20211115:1330,0.0,0.0,25.1,4.41,0.0
20211115:1430,0.0,0.0,25.29,4.97,0.0
20211115:1530,0.0,0.0,25.55,4.97,0.0
20211115:1630,0.0,0.0,25.58,4.76,0.0
20211115:1730,0.0,0.0,25.57,4.69,0.0
20211115:1830,0.0,0.0,25.32,4.69,0.0
20211115:1930,0.0,0.0,25.06,4.97,0.0
20211115:2030,0.0,0.0,25.23,5.59,0.0
20211115:2130,0.0,-4.49,25.21,5.1,0.0
20211115:2230,41.29,9.41,25.31,5.03,0.0
20211115:2330,220.06,22.97,25.77,5.52,0.0
20211116:0030,322.48,35.73,26.33,6.0,0.0
20211116:0130,580.08,47.39,27.11,5.66,0.0
20211116:0230,690.99,56.49,27.9,5.59,0.0
20211116:0330,936.67,60.54,28.63,5.66,0.0
20211116:0430,894.52,57.58,29.22,5.59,0.0
20211116:0530,681.48,49.12,29.37,4.62,0.0
20211116:0630,544.02,37.76,28.94,4.34,0.0
20211116:0730,432.06,25.02,28.46,4.97,0.0
20211116:0830,333.08,11.57,27.85,4.76,0.0
20211116:0930,0.0,-2.27,27.25,4.69,0.0
20211116:1030,0.0,0.0,26.56,4.62,0.0
20211116:1130,0.0,0.0,26.22,4.97,0.0
20211116:1230,0.0,0.0,25.99,4.83,0.0
20211116:1330,0.0,0.0,25.88,4.55,0.0
20211116:1430,0.0,0.0,25.8,4.62,0.0
20211116:1530,0.0,0.0,25.6,4.9,0.0
20211116:1630,0.0,0.0,25.6,4.9,0.0
20211116:1730,0.0,0.0,25.42,4.69,0.0
20211116:1830,0.0,0.0,25.4,4.76,0.0
20211116:1930,0.0,0.0,25.48,5.52,0.0
20211116:2030,0.0,0.0,25.48,5.03,0.0
20211116:2130,0.0,-4.58,25.19,4.69,0.0
20211116:2230,283.72,9.3,24.97,4.83,0.0
20211116:2330,523.44,22.83,25.22,5.24,0.0
20211117:0030,795.9,35.56,26.05,5.79,0.0
20211117:0130,766.48,47.18,27.04,5.31,0.0
20211117:0230,824.7,56.24,27.83,4.55,0.0
20211117:0330,819.3,60.29,28.42,4.07,0.0
20211117:0430,914.34,57.38,28.76,4.07,0.0
20211117:0530,754.07,48.98,29.13,4.07,0.0
20211117:0630,684.55,37.68,28.83,3.93,0.0
20211117:0730,582.0,24.97,28.43,4.97,0.0
20211117:0830,389.5,11.55,27.86,4.69,0.0
20211117:0930,0.0,-2.27,26.94,5.45,0.0
20211117:1030,0.0,0.0,25.99,4.9,0.0
20211117:1130,0.0,0.0,25.67,4.0,0.0
20211117:1230,0.0,0.0,25.51,3.86,0.0
20211117:1330,0.0,0.0,25.45,3.66,0.0
20211117:1430,0.0,0.0,25.32,3.59,0.0
20211117:1530,0.0,0.0,25.31,3.66,0.0
20211117:1630,0.0,0.0,25.31,3.52,0.0
20211117:1730,0.0,0.0,25.25,3.59,0.0
20211117:1830,0.0,0.0,25.19,3.52,0.0
20211117:1930,0.0,0.0,25.24,3.79,0.0
20211117:2030,0.0,0.0,25.12,3.66,0.0
20211117:2130,0.0,-4.67,25.07,3.52,0.0
20211117:2230,422.43,9.19,25.05,3.38,0.0
20211117:2330,601.4,22.7,25.52,3.1,0.0
20211118:0030,701.89,35.4,26.74,3.52,0.0
20211118:0130,792.67,46.98,27.53,4.0,0.0
20211118:0230,922.97,56.01,28.19,4.21,0.0
20211118:0330,992.19,60.04,28.82,3.59,0.0
20211118:0430,851.01,57.19,29.42,2.97,0.0
20211118:0530,843.24,48.85,29.58,3.17,0.0
20211118:0630,798.82,37.6,29.64,3.79,0.0
20211118:0730,521.48,24.93,29.54,3.93,0.0
20211118:0830,450.8,11.53,28.83,3.59,0.0
20211118:0930,0.0,-2.26,28.17,2.97,0.0
20211118:1030,0.0,0.0,27.5,2.48,0.0
20211118:1130,0.0,0.0,27.04,2.28,0.0
20211118:1230,0.0,0.0,26.54,2.34,0.0
20211118:1330,0.0,0.0,26.0,2.41,0.0
20211118:1430,0.0,0.0,25.6,2.48,0.0
20211118:1530,0.0,0.0,25.18,2.41,0.0
20211118:1630,0.0,0.0,24.78,2.28,0.0
20211118:1730,0.0,0.0,24.41,2.14,0.0
20211118:1830,0.0,0.0,24.13,2.14,0.0
20211118:1930,0.0,0.0,23.93,1.72,0.0
20211118:2030,0.0,0.0,23.62,1.86,0.0
20211118:2130,0.0,-4.77,23.31,1.79,0.0
20211118:2230,378.59,9.07,23.07,1.66,0.0
20211118:2330,562.18,22.56,24.73,1.66,0.0
20211119:0030,931.97,35.23,26.51,1.72,0.0
20211119:0130,997.68,46.78,27.52,1.59,0.0
20211119:0230,1024.06,55.77,28.41,1.45,0.0
20211119:0330,1032.23,59.8,29.1,1.24,0.0
20211119:0430,920.89,56.99,29.62,1.31,0.0
20211119:0530,876.83,48.73,29.86,1.31,0.0
20211119:0630,719.55,37.52,29.9,1.59,0.0
20211119:0730,771.47,24.89,29.63,2.21,0.0
20211119:0830,452.5,11.52,29.31,2.14,0.0
20211119:0930,0.0,-2.25,28.64,1.72,0.0
20211119:1030,0.0,0.0,27.85,2.0,0.0
20211119:1130,0.0,0.0,27.25,2.07,0.0
20211119:1230,0.0,0.0,26.78,2.62,0.0
20211119:1330,0.0,0.0,26.4,2.9,0.0
20211119:1430,0.0,0.0,26.02,2.34,0.0
20211119:1530,0.0,0.0,25.71,2.21,0.0
20211119:1630,0.0,0.0,25.26,2.14,0.0
20211119:1730,0.0,0.0,25.0,1.86,0.0
20211119:1830,0.0,0.0,24.56,1.66,0.0
20211119:1930,0.0,0.0,24.44,1.52,0.0
20211119:2030,0.0,0.0,24.56,1.45,0.0
20211119:2130,0.0,-4.86,25.83,0.9,0.0
20211119:2230,456.15,8.96,25.47,0.97,0.0
20211119:2330,656.82,22.42,25.66,1.03,0.0
20211120:0030,910.33,35.06,27.16,1.52,0.0
20211120:0130,999.21,46.59,27.93,1.59,0.0
20211120:0230,977.16,55.54,28.7,1.38,0.0
20211120:0330,878.82,59.57,29.31,1.17,0.0
20211120:0430,921.55,56.81,29.69,1.17,0.0
20211120:0530,706.87,48.61,29.94,1.66,0.0
20211120:0630,710.1,37.46,29.71,1.59,0.0
20211120:0730,486.49,24.86,29.59,2.07,0.0
20211120:0830,356.34,11.52,29.2,1.86,0.0
20211120:0930,0.0,-2.23,28.58,1.72,0.0
20211120:1030,0.0,0.0,27.93,2.28,0.0
20211120:1130,0.0,0.0,27.39,2.14,0.0
20211120:1230,0.0,0.0,26.85,1.45,0.0
20211120:1330,0.0,0.0,27.19,0.76,0.0
20211120:1430,0.0,0.0,27.58,0.21,0.0
20211120:1530,0.0,0.0,27.44,0.14,0.0
20211120:1630,0.0,0.0,27.21,0.69,0.0
20211120:1730,0.0,0.0,26.38,0.9,0.0
20211120:1830,0.0,0.0,26.03,0.9,0.0
20211120:1930,0.0,0.0,25.07,1.45,0.0
20211120:2030,0.0,0.0,24.72,1.59,0.0
20211120:2130,0.0,-4.96,24.55,1.79,0.0
20211120:2230,325.47,8.84,24.84,2.34,0.0
20211120:2330,628.61,22.28,25.94,2.34,0.0
20211121:0030,853.34,34.9,27.04,2.55,0.0
20211121:0130,839.62,46.39,28.09,2.34,0.0
20211121:0230,941.79,55.32,28.81,1.93,0.0
20211121:0330,730.25,59.34,29.33,1.1,0.0
20211121:0430,668.89,56.63,29.13,0.97,0.0
20211121:0530,417.11,48.49,29.14,1.72,0.0
20211121:0630,745.38,37.39,28.19,2.41,0.0
20211121:0730,402.36,24.83,29.37,2.62,0.0
20211121:0830,96.42,11.51,28.91,2.69,0.0
20211121:0930,0.0,-2.21,28.27,2.14,0.0
20211121:1030,0.0,0.0,27.62,1.17,0.0
20211121:1130,0.0,0.0,26.63,0.9,0.0
20211121:1230,0.0,0.0,25.96,1.17,0.0
20211121:1330,0.0,0.0,25.38,1.17,0.0
20211121:1430,0.0,0.0,25.63,2.28,0.0
20211121:1530,0.0,0.0,25.53,2.55,0.0
20211121:1630,0.0,0.0,25.44,2.28,0.0
20211121:1730,0.0,0.0,25.36,2.0,0.0
20211121:1830,0.0,0.0,25.28,2.0,0.0
20211121:1930,0.0,0.0,25.26,3.66,0.0
20211121:2030,0.0,0.0,25.24,3.1,0.0
20211121:2130,0.0,-5.06,25.05,2.83,0.0
20211121:2230,387.64,8.72,24.9,3.03,0.0
20211121:2330,754.76,22.14,25.55,3.17,0.0
20211122:0030,888.61,34.74,26.73,3.31,0.0
20211122:0130,853.82,46.2,27.83,3.38,0.0
20211122:0230,747.34,55.09,28.7,3.1,0.0
20211122:0330,943.21,59.12,29.21,2.83,0.0
20211122:0430,777.27,56.46,29.86,2.62,0.0
20211122:0530,918.12,48.38,29.75,2.76,0.0
20211122:0630,778.29,37.33,29.77,3.59,0.0
20211122:0730,447.55,24.8,29.45,4.48,0.0
20211122:0830,418.89,11.52,28.85,4.21,0.0
20211122:0930,0.0,-2.19,28.34,4.07,0.0
20211122:1030,0.0,0.0,27.59,3.93,0.0
20211122:1130,0.0,0.0,27.11,4.0,0.0
20211122:1230,0.0,0.0,26.8,4.14,0.0
20211122:1330,0.0,0.0,26.54,4.48,0.0
20211122:1430,0.0,0.0,26.28,4.48,0.0
20211122:1530,0.0,0.0,26.11,4.41,0.0
20211122:1630,0.0,0.0,25.92,4.55,0.0
20211122:1730,0.0,0.0,25.65,4.69,0.0
20211122:1830,0.0,0.0,25.5,4.76,0.0
20211122:1930,0.0,0.0,25.57,4.83,0.0
20211122:2030,0.0,0.0,25.59,4.83,0.0
20211122:2130,0.0,-5.16,25.54,4.9,0.0
20211122:2230,423.98,8.61,25.59,4.83,0.0
20211122:2330,510.46,22.0,25.88,5.59,0.0
20211123:0030,630.06,34.57,26.74,5.52,0.0
20211123:0130,777.37,46.0,27.49,5.52,0.0
20211123:0230,843.86,54.88,28.17,5.93,0.0
20211123:0330,832.41,58.9,28.89,5.66,0.0
20211123:0430,877.04,56.29,29.33,5.93,0.0
20211123:0530,920.05,48.28,29.52,5.79,0.0
20211123:0630,795.54,37.27,29.56,5.66,0.0
20211123:0730,638.21,24.78,29.63,6.28,0.0
20211123:0830,477.6,11.52,28.69,5.72,0.0
20211123:0930,0.0,-2.16,27.86,5.31,0.0
20211123:1030,0.0,0.0,27.23,5.03,0.0
20211123:1130,0.0,0.0,26.78,4.9,0.0
20211123:1230,0.0,0.0,26.58,4.9,0.0
20211123:1330,0.0,0.0,26.44,4.9,0.0
20211123:1430,0.0,0.0,26.4,4.97,0.0
20211123:1530,0.0,0.0,26.47,5.1,0.0
20211123:1630,0.0,0.0,26.5,5.45,0.0
20211123:1730,0.0,0.0,26.39,5.79,0.0
20211123:1830,0.0,0.0,26.19,5.86,0.0
20211123:1930,0.0,0.0,26.38,6.14,0.0
20211123:2030,0.0,0.0,26.22,5.86,0.0
20211123:2130,0.0,-5.26,26.04,5.72,0.0
20211123:2230,357.15,8.49,25.97,5.66,0.0
20211123:2330,615.35,21.86,26.23,5.86,0.0
20211124:0030,675.11,34.41,26.88,7.38,0.0
20211124:0130,801.28,45.81,27.53,7.38,0.0
20211124:0230,933.76,54.66,28.12,7.45,0.0
20211124:0330,826.45,58.69,28.7,7.52,0.0
20211124:0430,626.21,56.13,28.71,7.45,0.0
20211124:0530,612.62,48.18,28.23,7.03,0.0
20211124:0630,329.75,37.22,28.36,6.9,0.0
20211124:0730,83.92,24.77,27.36,6.14,0.0
20211124:0830,163.85,11.53,26.56,5.66,0.0
20211124:0930,0.0,-2.13,26.22,6.07,0.0
20211124:1030,0.0,0.0,26.0,5.24,0.0
20211124:1130,0.0,0.0,25.97,5.17,0.0
20211124:1230,0.0,0.0,25.93,5.59,0.0
20211124:1330,0.0,0.0,25.82,5.45,0.0
20211124:1430,0.0,0.0,25.67,5.17,0.0
20211124:1530,0.0,0.0,25.51,4.97,0.0
20211124:1630,0.0,0.0,25.43,4.62,0.0
20211124:1730,0.0,0.0,25.4,4.41,0.0
20211124:1830,0.0,0.0,25.31,4.07,0.0
20211124:1930,0.0,0.0,25.67,4.48,0.0
20211124:2030,0.0,0.0,25.73,4.28,0.0
20211124:2130,0.0,-5.36,25.65,4.0,0.0
20211124:2230,121.08,8.37,25.58,3.93,0.0
20211124:2330,371.06,21.72,25.87,4.0,0.0
20211125:0030,402.82,34.25,26.65,4.83,0.0
20211125:0130,590.76,45.63,27.38,4.76,0.0
20211125:0230,590.41,54.45,28.16,5.03,0.0
20211125:0330,502.4,58.49,28.53,4.69,0.0
20211125:0430,637.52,55.98,28.29,4.34,0.0
20211125:0530,478.33,48.09,27.87,4.62,0.0
20211125:0630,561.7,37.18,27.28,4.55,0.0
20211125:0730,399.75,24.75,28.51,4.0,0.0
20211125:0830,122.59,11.54,28.11,4.21,0.0
20211125:0930,0.0,-2.1,27.32,3.03,0.0
20211125:1030,0.0,0.0,26.84,3.17,0.0
20211125:1130,0.0,0.0,26.3,3.38,0.0
20211125:1230,0.0,0.0,25.7,3.93,0.0
20211125:1330,0.0,0.0,25.44,3.38,0.0
20211125:1430,0.0,0.0,25.15,3.59,0.0
20211125:1530,0.0,0.0,25.08,3.86,0.0
20211125:1630,0.0,0.0,25.08,4.14,0.0
20211125:1730,0.0,0.0,25.08,4.0,0.0
20211125:1830,0.0,0.0,25.13,3.59,0.0
20211125:1930,0.0,0.0,25.16,2.62,0.0
20211125:2030,0.0,0.0,24.75,2.62,0.0
20211125:2130,0.0,-5.47,24.94,2.62,0.0
20211125:2230,70.89,8.25,25.37,2.48,0.0
20211125:2330,171.22,21.58,25.71,2.14,0.0
20211126:0030,352.4,34.08,26.64,2.76,0.0
20211126:0130,399.8,45.44,27.18,3.59,0.0
20211126:0230,443.88,54.25,27.52,3.31,0.0
20211126:0330,450.98,58.29,27.59,2.97,0.0
20211126:0430,414.22,55.83,27.63,2.97,0.0
20211126:0530,257.8,48.0,27.55,3.59,0.0
20211126:0630,509.12,37.14,27.25,4.0,0.0
20211126:0730,154.77,24.75,28.23,5.1,0.0
20211126:0830,38.13,11.56,27.24,4.62,0.0
20211126:0930,0.0,-2.06,26.71,4.41,0.0
20211126:1030,0.0,0.0,26.29,4.41,0.0
20211126:1130,0.0,0.0,26.0,4.48,0.0
20211126:1230,0.0,0.0,25.78,4.28,0.0
20211126:1330,0.0,0.0,25.66,4.28,0.0
20211126:1430,0.0,0.0,25.65,4.48,0.0
20211126:1530,0.0,0.0,25.57,4.28,0.0
20211126:1630,0.0,0.0,25.48,4.0,0.0
20211126:1730,0.0,0.0,25.45,3.93,0.0
20211126:1830,0.0,0.0,25.39,3.72,0.0
20211126:1930,0.0,0.0,25.94,3.31,0.0
20211126:2030,0.0,0.0,25.94,2.97,0.0
20211126:2130,0.0,-5.57,25.99,2.9,0.0
20211126:2230,368.55,8.12,25.9,2.69,0.0
20211126:2330,678.0,21.44,26.32,2.83,0.0
20211127:0030,753.2,33.92,27.28,4.07,0.0
20211127:0130,835.86,45.26,27.85,4.76,0.0
20211127:0230,679.59,54.05,28.18,5.31,0.0
20211127:0330,889.62,58.1,28.46,5.03,0.0
20211127:0430,931.7,55.69,29.06,4.97,0.0
20211127:0530,809.91,47.92,29.29,4.69,0.0
20211127:0630,573.4,37.1,29.3,4.28,0.0
20211127:0730,582.28,24.74,29.23,4.83,0.0
20211127:0830,521.48,11.58,28.91,4.83,0.0
20211127:0930,0.0,-2.02,28.31,4.55,0.0
20211127:1030,0.0,0.0,27.49,4.34,0.0
20211127:1130,0.0,0.0,27.06,4.62,0.0
20211127:1230,0.0,0.0,26.59,5.52,0.0
20211127:1330,0.0,0.0,26.0,5.17,0.0
20211127:1430,0.0,0.0,25.86,4.83,0.0
20211127:1530,0.0,0.0,25.74,4.69,0.0
20211127:1630,0.0,0.0,25.48,4.69,0.0
20211127:1730,0.0,0.0,25.26,4.55,0.0
20211127:1830,0.0,0.0,25.14,4.28,0.0
20211127:1930,0.0,0.0,25.22,4.83,0.0
20211127:2030,0.0,0.0,25.08,4.41,0.0
20211127:2130,0.0,-5.68,25.17,4.34,0.0
20211127:2230,207.73,8.0,25.21,4.14,0.0
20211127:2330,362.72,21.3,25.63,4.28,0.0
20211128:0030,639.12,33.77,26.42,4.9,0.0
20211128:0130,774.22,45.08,27.41,5.24,0.0
20211128:0230,921.68,53.85,28.26,5.17,0.0
20211128:0330,849.8,57.91,29.0,5.31,0.0
20211128:0430,848.85,55.55,29.11,5.59,0.0
20211128:0530,798.72,47.84,29.19,5.52,0.0
20211128:0630,690.41,37.07,29.02,5.31,0.0
20211128:0730,642.48,24.74,28.39,4.97,0.0
20211128:0830,428.39,11.61,27.76,4.41,0.0
20211128:0930,0.0,-1.97,27.4,4.0,0.0
20211128:1030,0.0,0.0,26.91,3.66,0.0
20211128:1130,0.0,0.0,26.39,4.41,0.0
20211128:1230,0.0,0.0,26.03,4.34,0.0
20211128:1330,0.0,0.0,25.74,4.07,0.0
20211128:1430,0.0,0.0,25.57,4.14,0.0
20211128:1530,0.0,0.0,25.48,4.28,0.0
20211128:1630,0.0,0.0,25.37,4.41,0.0
20211128:1730,0.0,0.0,25.22,4.48,0.0
20211128:1830,0.0,0.0,25.15,4.48,0.0
20211128:1930,0.0,0.0,25.23,4.62,0.0
20211128:2030,0.0,0.0,25.13,4.21,0.0
20211128:2130,0.0,-5.79,25.1,4.0,0.0
20211128:2230,455.07,7.88,25.07,3.59,0.0
20211128:2330,775.08,21.16,25.69,3.45,0.0
20211129:0030,892.08,33.61,27.05,4.14,0.0
20211129:0130,925.17,44.9,28.05,4.48,0.0
20211129:0230,932.21,53.66,28.88,4.55,0.0
20211129:0330,854.57,57.73,29.47,4.34,0.0
20211129:0430,870.43,55.42,29.81,4.14,0.0
20211129:0530,777.32,47.77,30.02,3.86,0.0
20211129:0630,834.06,37.04,29.82,3.86,0.0
20211129:0730,802.81,24.75,29.78,3.93,0.0
20211129:0830,530.71,11.64,29.2,4.0,0.0
20211129:0930,0.0,-1.93,28.34,3.45,0.0
20211129:1030,0.0,0.0,27.52,3.45,0.0
20211129:1130,0.0,0.0,27.03,3.38,0.0
20211129:1230,0.0,0.0,26.74,3.38,0.0
20211129:1330,0.0,0.0,26.46,3.38,0.0
20211129:1430,0.0,0.0,26.09,4.14,0.0
20211129:1530,0.0,0.0,25.82,4.07,0.0
20211129:1630,0.0,0.0,25.57,3.66,0.0
20211129:1730,0.0,0.0,25.36,3.52,0.0
20211129:1830,0.0,0.0,25.24,3.59,0.0
20211129:1930,0.0,0.0,25.33,4.0,0.0
20211129:2030,0.0,0.0,25.23,3.72,0.0
20211129:2130,0.0,-5.9,25.21,3.45,0.0
20211129:2230,457.51,7.76,25.16,3.24,0.0
20211129:2330,652.77,21.02,25.76,2.97,0.0
20211130:0030,793.75,33.45,26.85,3.03,0.0
20211130:0130,921.01,44.73,27.87,2.9,0.0
20211130:0230,823.08,53.47,28.78,2.83,0.0
20211130:0330,909.25,57.56,29.16,3.03,0.0
20211130:0430,806.81,55.3,29.6,3.31,0.0
20211130:0530,705.26,47.7,29.7,3.66,0.0
20211130:0630,594.18,37.02,29.47,3.79,0.0
20211130:0730,486.46,24.76,29.4,3.45,0.0
20211130:0830,267.96,11.67,28.8,3.17,0.0
20211130:0930,0.0,-1.88,28.33,2.55,0.0
20211130:1030,0.0,0.0,27.71,1.93,0.0
20211130:1130,0.0,0.0,27.21,1.79,0.0
20211130:1230,0.0,0.0,26.54,1.72,0.0
20211130:1330,0.0,0.0,25.93,1.72,0.0
20211130:1430,0.0,0.0,25.44,1.59,0.0
20211130:1530,0.0,0.0,25.07,1.59,0.0
20211130:1630,0.0,0.0,25.05,1.31,0.0
20211130:1730,0.0,0.0,25.04,1.17,0.0
20211130:1830,0.0,0.0,25.01,0.97,0.0
20211130:1930,0.0,0.0,24.28,1.38,0.0
20211130:2030,0.0,0.0,24.06,1.38,0.0
20211130:2130,0.0,-6.01,24.83,1.1,0.0
20211130:2230,290.6,7.63,24.64,1.03,0.0
20211130:2330,539.14,20.89,25.44,0.62,0.0
20211201:0030,689.72,33.3,27.48,0.9,0.0
20211201:0130,682.15,44.55,28.28,1.72,0.0
20211201:0230,740.81,53.29,28.83,2.14,0.0
20211201:0330,799.61,57.39,29.32,2.0,0.0
20211201:0430,683.61,55.19,29.84,2.21,0.0
20211201:0530,650.82,47.64,30.07,2.83,0.0
20211201:0630,688.69,37.0,30.07,3.31,0.0
20211201:0730,671.82,24.77,30.26,4.83,0.0
20211201:0830,513.57,11.7,29.65,4.41,0.0
20211201:0930,0.0,-1.82,28.72,3.66,0.0
20211201:1030,0.0,0.0,27.79,3.24,0.0
20211201:1130,0.0,0.0,27.18,3.38,0.0
20211201:1230,0.0,0.0,26.59,3.72,0.0
20211201:1330,0.0,0.0,26.23,3.93,0.0
20211201:1430,0.0,0.0,26.04,4.0,0.0
20211201:1530,0.0,0.0,26.08,4.21,0.0
20211201:1630,0.0,0.0,25.96,4.34,0.0
20211201:1730,0.0,0.0,25.81,5.03,0.0
20211201:1830,0.0,0.0,25.76,4.41,0.0
20211201:1930,0.0,0.0,25.56,4.69,0.0
20211201:2030,0.0,0.0,25.69,4.55,0.0
20211201:2130,0.0,-6.12,25.7,4.21,0.0
20211201:2230,154.0,7.51,25.57,4.07,0.0
20211201:2330,291.13,20.75,25.87,4.14,0.0
20211202:0030,282.53,33.14,26.11,4.55,0.0
20211202:0130,446.47,44.39,26.07,4.55,0.0
20211202:0230,429.51,53.11,26.39,4.83,0.0
20211202:0330,476.1,57.23,26.77,4.83,0.0
20211202:0430,509.57,55.08,27.24,5.31,0.0
20211202:0530,469.43,47.59,27.35,5.79,0.0
20211202:0630,398.92,36.99,27.09,6.55,0.0
20211202:0730,336.39,24.79,27.02,6.41,0.0
20211202:0830,173.83,11.74,26.75,6.28,0.0
20211202:0930,0.0,-1.77,26.35,5.1,0.0
20211202:1030,0.0,0.0,25.89,5.45,0.0
20211202:1130,0.0,0.0,25.64,5.59,0.0
20211202:1230,0.0,0.0,25.58,5.38,0.0
20211202:1330,0.0,0.0,25.49,5.1,0.0
20211202:1430,0.0,0.0,25.43,4.83,0.0
20211202:1530,0.0,0.0,25.38,5.17,0.0
20211202:1630,0.0,0.0,25.27,5.17,0.0
20211202:1730,0.0,0.0,25.18,5.17,0.0
20211202:1830,0.0,0.0,25.07,4.97,0.0
20211202:1930,0.0,0.0,25.07,5.24,0.0
20211202:2030,0.0,0.0,25.02,5.86,0.0
20211202:2130,0.0,-6.23,25.05,5.93,0.0
20211202:2230,221.89,7.38,25.07,5.79,0.0
20211202:2330,345.54,20.61,25.39,5.66,0.0
20211203:0030,458.24,32.99,26.01,6.62,0.0
20211203:0130,667.74,44.22,26.72,6.97,0.0
20211203:0230,645.9,52.94,27.44,7.03,0.0
20211203:0330,873.93,57.08,27.86,7.31,0.0
20211203:0430,470.47,54.97,28.4,7.59,0.0
20211203:0530,359.72,47.54,28.13,7.52,0.0
20211203:0630,452.02,36.98,27.53,7.31,0.0
20211203:0730,322.65,24.81,27.32,6.55,0.0
20211203:0830,208.56,11.79,27.03,6.55,0.0
20211203:0930,0.0,-1.71,26.5,6.48,0.0
20211203:1030,0.0,0.0,26.01,6.21,0.0
20211203:1130,0.0,0.0,25.79,6.14,0.0
20211203:1230,0.0,0.0,25.64,6.21,0.0
20211203:1330,0.0,0.0,25.53,6.41,0.0
20211203:1430,0.0,0.0,25.31,6.62,0.0
20211203:1530,0.0,0.0,25.13,6.83,0.0
20211203:1630,0.0,0.0,25.0,6.76,0.0
20211203:1730,0.0,0.0,24.89,6.48,0.0
20211203:1830,0.0,0.0,24.88,6.34,0.0
20211203:1930,0.0,0.0,24.77,6.48,0.0
20211203:2030,0.0,0.0,24.7,6.55,0.0
20211203:2130,0.0,-6.34,24.64,6.41,0.0
20211203:2230,445.7,7.26,24.58,6.28,0.0
20211203:2330,766.28,20.47,24.94,6.34,0.0
20211204:0030,781.19,32.85,25.79,7.93,0.0
20211204:0130,773.57,44.06,26.55,8.41,0.0
20211204:0230,834.73,52.78,27.19,8.41,0.0
20211204:0330,736.99,56.94,27.57,8.34,0.0
20211204:0430,773.72,54.88,27.62,8.34,0.0
20211204:0530,817.12,47.5,27.55,8.34,0.0
20211204:0630,829.29,36.98,27.46,8.21,0.0
20211204:0730,615.83,24.84,27.27,7.66,0.0
20211204:0830,328.06,11.83,26.82,7.31,0.0
20211204:0930,0.0,-1.64,26.15,6.62,0.0
20211204:1030,0.0,0.0,25.75,6.41,0.0
20211204:1130,0.0,0.0,25.52,6.41,0.0
20211204:1230,0.0,0.0,25.37,6.69,0.0
20211204:1330,0.0,0.0,25.18,6.76,0.0
20211204:1430,0.0,0.0,24.94,6.76,0.0
20211204:1530,0.0,0.0,24.71,6.97,0.0
20211204:1630,0.0,0.0,24.5,7.17,0.0
20211204:1730,0.0,0.0,24.26,7.24,0.0
20211204:1830,0.0,0.0,24.19,7.38,0.0
20211204:1930,0.0,0.0,24.23,7.52,0.0
20211204:2030,0.0,0.0,24.21,7.66,0.0
20211204:2130,0.0,-6.45,24.23,7.93,0.0
20211204:2230,359.02,7.14,24.22,7.93,0.0
20211204:2330,708.97,20.34,24.47,7.79,0.0
20211205:0030,805.71,32.7,25.35,9.66,0.0
20211205:0130,581.76,43.9,25.98,9.86,0.0
20211205:0230,877.25,52.62,26.34,9.52,0.0
20211205:0330,932.33,56.8,26.91,9.17,0.0
20211205:0430,802.67,54.79,27.23,8.9,0.0
20211205:0530,870.5,47.46,27.1,8.69,0.0
20211205:0630,688.06,36.98,26.79,8.34,0.0
20211205:0730,721.93,24.87,26.85,7.59,0.0
20211205:0830,606.12,11.88,26.45,7.79,0.0
20211205:0930,0.0,-1.58,25.65,7.03,0.0
20211205:1030,0.0,0.0,25.17,6.55,0.0
20211205:1130,0.0,0.0,25.1,6.69,0.0
20211205:1230,0.0,0.0,24.97,6.62,0.0
20211205:1330,0.0,0.0,24.93,6.41,0.0
20211205:1430,0.0,0.0,24.86,6.34,0.0
20211205:1530,0.0,0.0,24.73,6.14,0.0
20211205:1630,0.0,0.0,24.66,6.07,0.0
20211205:1730,0.0,0.0,24.47,6.07,0.0
20211205:1830,0.0,0.0,24.32,6.0,0.0
20211205:1930,0.0,0.0,24.35,5.31,0.0
20211205:2030,0.0,0.0,24.2,5.1,0.0
20211205:2130,0.0,-6.56,24.04,4.9,0.0
20211205:2230,481.93,7.01,23.84,4.69,0.0
20211205:2330,807.68,20.2,24.3,4.55,0.0
20211206:0030,799.94,32.55,25.59,5.52,0.0
20211206:0130,791.04,43.75,26.35,6.9,0.0
20211206:0230,907.66,52.46,26.65,7.17,0.0
20211206:0330,938.2,56.66,27.09,7.24,0.0
20211206:0430,946.75,54.71,27.51,7.24,0.0
20211206:0530,933.13,47.43,27.72,7.17,0.0
20211206:0630,823.4,36.99,27.69,6.97,0.0
20211206:0730,766.82,24.9,27.85,6.0,0.0
20211206:0830,615.81,11.94,27.46,6.0,0.0
20211206:0930,0.0,-1.51,26.71,5.38,0.0
20211206:1030,0.0,0.0,25.89,5.24,0.0
20211206:1130,0.0,0.0,25.47,5.1,0.0
20211206:1230,0.0,0.0,25.07,4.97,0.0
20211206:1330,0.0,0.0,24.79,4.76,0.0
20211206:1430,0.0,0.0,24.6,4.55,0.0
20211206:1530,0.0,0.0,24.45,4.34,0.0
20211206:1630,0.0,0.0,24.3,4.0,0.0
20211206:1730,0.0,0.0,24.2,3.86,0.0
20211206:1830,0.0,0.0,24.06,3.93,0.0
20211206:1930,0.0,0.0,24.39,4.41,0.0
20211206:2030,0.0,0.0,24.5,4.41,0.0
20211206:2130,0.0,-6.67,24.63,4.41,0.0
20211206:2230,231.7,6.89,24.62,4.14,0.0
20211206:2330,281.65,20.07,24.95,4.0,0.0
20211207:0030,437.29,32.41,25.74,4.48,0.0
20211207:0130,392.19,43.6,26.72,5.72,0.0
20211207:0230,177.34,52.31,27.07,6.34,0.0
20211207:0330,177.93,56.54,26.84,5.66,0.0
20211207:0430,463.31,54.63,26.93,5.38,0.0
20211207:0530,474.56,47.41,27.68,5.24,0.0
20211207:0630,249.23,37.0,27.96,5.17,0.0
20211207:0730,126.53,24.94,28.33,5.59,0.0
20211207:0830,118.67,11.99,27.58,5.31,0.0
20211207:0930,0.0,-1.44,26.68,5.93,0.0
20211207:1030,0.0,0.0,26.01,5.52,0.0
20211207:1130,0.0,0.0,25.63,5.24,0.0
20211207:1230,0.0,0.0,25.38,5.03,0.0
20211207:1330,0.0,0.0,25.13,4.9,0.0
20211207:1430,0.0,0.0,24.97,5.1,0.0
20211207:1530,0.0,0.0,24.82,5.38,0.0
20211207:1630,0.0,0.0,24.76,5.38,0.0
20211207:1730,0.0,0.0,24.8,5.38,0.0
20211207:1830,0.0,0.0,24.67,5.79,0.0
20211207:1930,0.0,0.0,25.02,6.62,0.0
20211207:2030,0.0,0.0,25.02,6.83,0.0
20211207:2130,0.0,0.0,24.95,6.97,0.0
20211207:2230,37.04,6.77,24.8,6.9,0.0
20211207:2330,77.01,19.94,24.63,6.97,0.0
20211208:0030,57.28,32.27,24.85,7.1,0.0
20211208:0130,377.57,43.45,25.14,7.38,0.0
20211208:0230,622.71,52.17,25.76,7.66,0.0
20211208:0330,547.11,56.42,26.69,9.72,0.0
20211208:0430,527.19,54.56,26.97,9.52,0.0
20211208:0530,342.06,47.39,26.97,8.76,0.0
20211208:0630,367.97,37.02,26.71,8.9,0.0
20211208:0730,241.15,24.98,26.39,8.34,0.0
20211208:0830,125.42,12.06,26.1,7.59,0.0
20211208:0930,0.0,-1.36,25.74,7.03,0.0
20211208:1030,0.0,0.0,25.52,6.9,0.0
20211208:1130,0.0,0.0,25.27,6.97,0.0
20211208:1230,0.0,0.0,25.1,6.97,0.0
20211208:1330,0.0,0.0,25.0,7.1,0.0
20211208:1430,0.0,0.0,24.87,6.97,0.0
20211208:1530,0.0,0.0,24.83,6.76,0.0
20211208:1630,0.0,0.0,24.74,6.55,0.0
20211208:1730,0.0,0.0,24.6,6.48,0.0
20211208:1830,0.0,0.0,24.57,6.28,0.0
20211208:1930,0.0,0.0,24.27,5.72,0.0
20211208:2030,0.0,0.0,24.28,6.0,0.0
20211208:2130,0.0,0.0,24.26,6.41,0.0
20211208:2230,4.32,6.65,24.18,6.76,0.0
20211208:2330,22.09,19.81,24.19,7.1,0.0
20211209:0030,55.96,32.14,24.42,7.66,0.0
20211209:0130,148.55,43.31,24.83,7.79,0.0
20211209:0230,195.66,52.03,25.19,8.0,0.0
20211209:0330,188.85,56.31,25.32,8.28,0.0
20211209:0430,119.24,54.5,25.25,8.0,0.0
20211209:0530,77.87,47.38,24.95,7.72,0.0
20211209:0630,157.75,37.04,24.89,7.59,0.0
20211209:0730,71.34,25.03,25.53,7.38,0.0
20211209:0830,50.44,12.12,25.59,6.9,0.0
20211209:0930,0.0,-1.28,25.43,6.76,0.0
20211209:1030,0.0,0.0,25.26,6.62,0.0
20211209:1130,0.0,0.0,25.19,6.76,0.0
20211209:1230,0.0,0.0,25.17,7.03,0.0
20211209:1330,0.0,0.0,25.21,7.03,0.0
20211209:1430,0.0,0.0,25.14,6.9,0.0
20211209:1530,0.0,0.0,25.04,6.76,0.0
20211209:1630,0.0,0.0,24.93,6.69,0.0
20211209:1730,0.0,0.0,24.91,6.55,0.0
20211209:1830,0.0,0.0,24.77,6.41,0.0
20211209:1930,0.0,0.0,24.95,6.69,0.0
20211209:2030,0.0,0.0,24.95,6.69,0.0
20211209:2130,0.0,0.0,24.87,6.76,0.0
20211209:2230,222.86,6.53,24.9,6.83,0.0
20211209:2330,333.53,19.68,25.0,7.03,0.0
20211210:0030,522.49,32.0,25.42,7.45,0.0
20211210:0130,495.67,43.17,26.04,8.28,0.0
20211210:0230,619.27,51.9,26.38,8.21,0.0
20211210:0330,647.39,56.2,26.77,7.93,0.0
20211210:0430,640.17,54.45,27.02,8.41,0.0
20211210:0530,565.18,47.37,27.13,8.55,0.0
20211210:0630,315.68,37.07,27.0,8.0,0.0
20211210:0730,197.31,25.08,26.6,7.59,0.0
20211210:0830,116.13,12.19,26.43,7.93,0.0
20211210:0930,0.0,-1.2,26.23,7.38,0.0
20211210:1030,0.0,0.0,25.87,6.9,0.0
20211210:1130,0.0,0.0,25.65,6.55,0.0
20211210:1230,0.0,0.0,25.57,6.28,0.0
20211210:1330,0.0,0.0,25.29,6.14,0.0
20211210:1430,0.0,0.0,25.07,5.93,0.0
20211210:1530,0.0,0.0,25.01,5.79,0.0
20211210:1630,0.0,0.0,24.95,6.0,0.0
20211210:1730,0.0,0.0,24.78,5.66,0.0
20211210:1830,0.0,0.0,24.87,5.86,0.0
20211210:1930,0.0,0.0,24.42,4.07,0.0
20211210:2030,0.0,0.0,24.45,4.0,0.0
20211210:2130,0.0,0.0,24.82,4.07,0.0
20211210:2230,38.34,6.41,25.07,4.55,0.0
20211210:2330,308.5,19.55,25.31,4.97,0.0
20211211:0030,335.96,31.87,25.86,5.31,0.0
20211211:0130,731.6,43.04,26.41,5.59,0.0
20211211:0230,651.7,51.77,27.2,6.21,0.0
20211211:0330,685.43,56.11,27.64,6.34,0.0
20211211:0430,806.44,54.4,27.81,6.62,0.0
20211211:0530,575.8,47.37,27.9,6.97,0.0
20211211:0630,627.62,37.1,27.42,7.17,0.0
20211211:0730,546.38,25.13,27.15,7.45,0.0
20211211:0830,310.91,12.26,26.77,6.97,0.0
20211211:0930,0.0,-1.12,26.28,5.72,0.0
20211211:1030,0.0,0.0,25.84,5.03,0.0
20211211:1130,0.0,0.0,25.64,4.83,0.0
20211211:1230,0.0,0.0,25.68,4.76,0.0
20211211:1330,0.0,0.0,25.62,4.83,0.0
20211211:1430,0.0,0.0,25.55,4.83,0.0
20211211:1530,0.0,0.0,25.5,4.83,0.0
20211211:1630,0.0,0.0,25.38,4.76,0.0
20211211:1730,0.0,0.0,25.21,4.97,0.0
20211211:1830,0.0,0.0,25.17,5.03,0.0
20211211:1930,0.0,0.0,25.04,5.45,0.0
20211211:2030,0.0,0.0,25.19,5.72,0.0
20211211:2130,0.0,0.0,25.11,5.03,0.0
20211211:2230,397.44,6.29,25.19,4.76,0.0
20211211:2330,567.6,19.42,25.55,4.83,0.0
20211212:0030,677.72,31.74,26.31,5.52,0.0
20211212:0130,777.96,42.91,27.15,5.86,0.0
20211212:0230,798.65,51.65,27.81,6.07,0.0
20211212:0330,826.62,56.02,27.95,6.28,0.0
20211212:0430,897.66,54.36,27.89,6.28,0.0
20211212:0530,762.09,47.37,28.06,6.21,0.0
20211212:0630,697.72,37.14,28.07,6.14,0.0
20211212:0730,483.08,25.19,27.36,6.14,0.0
20211212:0830,349.96,12.33,26.79,6.34,0.0
20211212:0930,0.0,-1.04,26.1,5.93,0.0
20211212:1030,0.0,0.0,25.66,5.66,0.0
20211212:1130,0.0,0.0,25.38,5.52,0.0
20211212:1230,0.0,0.0,25.41,4.76,0.0
20211212:1330,0.0,0.0,25.25,4.41,0.0
20211212:1430,0.0,0.0,25.25,4.69,0.0
20211212:1530,0.0,0.0,25.24,5.1,0.0
20211212:1630,0.0,0.0,25.21,4.97,0.0
20211212:1730,0.0,0.0,25.06,4.69,0.0
20211212:1830,0.0,0.0,24.97,4.62,0.0
20211212:1930,0.0,0.0,25.37,4.9,0.0
20211212:2030,0.0,0.0,25.51,5.45,0.0
20211212:2130,0.0,0.0,25.47,5.38,0.0
20211212:2230,266.01,6.17,25.32,5.03,0.0
20211212:2330,441.02,19.3,25.37,4.9,0.0
20211213:0030,727.27,31.62,25.9,5.24,0.0
20211213:0130,789.68,42.79,26.52,5.45,0.0
20211213:0230,737.01,51.54,27.48,5.24,0.0
20211213:0330,913.36,55.93,27.87,5.17,0.0
20211213:0430,887.95,54.32,27.4,5.72,0.0
20211213:0530,621.4,47.39,27.21,5.72,0.0
20211213:0630,711.19,37.18,26.95,5.86,0.0
20211213:0730,518.18,25.25,27.26,6.48,0.0
20211213:0830,338.64,12.41,26.77,6.14,0.0
20211213:0930,0.0,-0.95,26.05,5.72,0.0
20211213:1030,0.0,0.0,25.47,5.79,0.0
20211213:1130,0.0,0.0,25.25,6.0,0.0
20211213:1230,0.0,0.0,25.21,6.07,0.0
20211213:1330,0.0,0.0,25.2,6.0,0.0
20211213:1430,0.0,0.0,25.12,6.14,0.0
20211213:1530,0.0,0.0,25.14,6.34,0.0
20211213:1630,0.0,0.0,25.19,6.55,0.0
20211213:1730,0.0,0.0,25.07,6.48,0.0
20211213:1830,0.0,0.0,24.9,6.28,0.0
20211213:1930,0.0,0.0,24.83,6.48,0.0
20211213:2030,0.0,0.0,24.78,6.62,0.0
20211213:2130,0.0,0.0,24.95,6.69,0.0
20211213:2230,307.88,6.05,25.12,6.97,0.0
20211213:2330,642.85,19.18,25.46,7.52,0.0
20211214:0030,611.66,31.49,26.19,8.34,0.0
20211214:0130,642.14,42.67,26.76,8.83,0.0
20211214:0230,681.05,51.43,27.23,8.9,0.0
20211214:0330,776.33,55.86,27.5,8.55,0.0
20211214:0430,764.01,54.3,27.71,8.69,0.0
20211214:0530,818.23,47.4,27.72,8.34,0.0
20211214:0630,593.33,37.23,27.51,8.62,0.0
20211214:0730,586.18,25.32,26.82,7.52,0.0
20211214:0830,379.73,12.49,26.54,7.38,0.0
20211214:0930,0.0,-0.86,26.02,7.03,0.0
20211214:1030,0.0,0.0,25.63,6.97,0.0
20211214:1130,0.0,0.0,25.51,6.9,0.0
20211214:1230,0.0,0.0,25.54,6.76,0.0
20211214:1330,0.0,0.0,25.38,6.55,0.0
20211214:1430,0.0,0.0,25.33,6.55,0.0
20211214:1530,0.0,0.0,25.15,6.55,0.0
20211214:1630,0.0,0.0,24.92,6.34,0.0
20211214:1730,0.0,0.0,24.79,6.34,0.0
20211214:1830,0.0,0.0,24.61,6.07,0.0
20211214:1930,0.0,0.0,24.37,6.07,0.0
20211214:2030,0.0,0.0,24.29,6.0,0.0
20211214:2130,0.0,0.0,24.32,6.07,0.0
20211214:2230,187.73,5.93,24.41,6.0,0.0
20211214:2330,394.96,19.06,24.66,6.34,0.0
20211215:0030,749.61,31.38,25.56,7.79,0.0
20211215:0130,590.29,42.55,26.72,8.69,0.0
20211215:0230,621.99,51.33,27.04,8.9,0.0
20211215:0330,778.14,55.79,27.35,8.62,0.0
20211215:0430,692.45,54.28,27.54,8.34,0.0
20211215:0530,741.83,47.43,27.58,7.93,0.0
20211215:0630,618.12,37.28,27.66,7.86,0.0
20211215:0730,529.0,25.39,27.27,7.03,0.0
20211215:0830,281.44,12.57,26.75,6.76,0.0
20211215:0930,0.0,-0.77,26.19,6.14,0.0
20211215:1030,0.0,0.0,25.59,5.93,0.0
20211215:1130,0.0,0.0,25.29,6.0,0.0
20211215:1230,0.0,0.0,25.09,6.21,0.0
20211215:1330,0.0,0.0,25.01,6.21,0.0
20211215:1430,0.0,0.0,24.88,5.93,0.0
20211215:1530,0.0,0.0,24.8,5.86,0.0
20211215:1630,0.0,0.0,24.72,6.07,0.0
20211215:1730,0.0,0.0,24.49,6.28,0.0
20211215:1830,0.0,0.0,24.49,6.21,0.0
20211215:1930,0.0,0.0,24.86,5.59,0.0
20211215:2030,0.0,0.0,24.88,5.66,0.0
20211215:2130,0.0,0.0,24.94,5.79,0.0
20211215:2230,53.09,5.82,25.05,5.59,0.0
20211215:2330,151.95,18.94,25.38,6.07,0.0
20211216:0030,335.31,31.26,25.88,5.93,0.0
20211216:0130,347.19,42.44,26.69,6.55,0.0
20211216:0230,451.54,51.23,27.18,7.03,0.0
20211216:0330,369.19,55.73,27.44,7.93,0.0
20211216:0430,389.02,54.27,27.65,6.9,0.0
20211216:0530,181.12,47.46,27.86,6.83,0.0
20211216:0630,85.49,37.34,27.42,7.72,0.0
20211216:0730,43.56,25.47,26.74,6.41,0.0
20211216:0830,12.83,12.65,26.22,7.59,0.0
20211216:0930,0.0,-0.68,25.83,8.21,0.0
20211216:1030,0.0,0.0,25.79,9.1,0.0
20211216:1130,0.0,0.0,25.65,9.72,0.0
20211216:1230,0.0,0.0,25.76,9.38,0.0
20211216:1330,0.0,0.0,25.71,9.59,0.0
20211216:1430,0.0,0.0,25.75,11.17,0.0
20211216:1530,0.0,0.0,25.74,13.31,0.0
20211216:1630,0.0,0.0,25.7,15.52,0.0
20211216:1730,0.0,0.0,25.57,17.52,0.0
20211216:1830,0.0,0.0,25.73,17.66,0.0
20211216:1930,0.0,0.0,25.92,18.34,0.0
20211216:2030,0.0,0.0,25.94,16.9,0.0
20211216:2130,0.0,0.0,26.03,15.38,0.0
20211216:2230,15.21,5.7,26.04,13.86,0.0
20211216:2330,57.43,18.82,26.06,12.69,0.0
20211217:0030,99.91,31.15,26.15,11.17,0.0
20211217:0130,151.72,42.33,26.24,9.59,0.0
20211217:0230,253.85,51.14,26.32,8.41,0.0
20211217:0330,450.41,55.68,26.47,7.93,0.0
20211217:0430,394.77,54.26,26.9,7.38,0.0
20211217:0530,280.27,47.49,26.95,6.41,0.0
20211217:0630,363.33,37.4,26.58,6.41,0.0
20211217:0730,339.48,25.54,27.15,4.9,0.0
20211217:0830,116.89,12.74,27.34,3.72,0.0
20211217:0930,0.0,-0.58,27.02,3.17,0.0
20211217:1030,0.0,0.0,26.52,3.79,0.0
20211217:1130,0.0,0.0,26.07,3.59,0.0
20211217:1230,0.0,0.0,25.95,3.52,0.0
20211217:1330,0.0,0.0,25.71,3.38,0.0
20211217:1430,0.0,0.0,25.62,3.17,0.0
20211217:1530,0.0,0.0,25.4,2.9,0.0
20211217:1630,0.0,0.0,25.2,2.69,0.0
20211217:1730,0.0,0.0,24.89,2.41,0.0
20211217:1830,0.0,0.0,24.8,2.21,0.0
20211217:1930,0.0,0.0,25.87,0.62,0.0
20211217:2030,0.0,0.0,25.23,1.03,0.0
20211217:2130,0.0,0.0,25.24,0.97,0.0
20211217:2230,322.81,5.59,25.17,0.97,0.0
20211217:2330,554.28,18.71,25.75,0.41,0.0
20211218:0030,799.33,31.04,26.65,0.76,0.0
20211218:0130,949.61,42.23,27.42,1.24,0.0
20211218:0230,927.3,51.06,28.06,1.31,0.0
20211218:0330,960.54,55.63,28.7,0.97,0.0
20211218:0430,747.08,54.26,29.22,0.14,0.0
20211218:0530,795.47,47.53,29.15,0.14,0.0
20211218:0630,519.67,37.47,29.13,1.03,0.0
20211218:0730,733.67,25.63,29.87,2.0,0.0
20211218:0830,502.88,12.83,29.32,2.69,0.0
20211218:0930,0.0,-0.48,28.28,2.69,0.0
20211218:1030,0.0,0.0,27.24,3.24,0.0
20211218:1130,0.0,0.0,26.64,3.79,0.0
20211218:1230,0.0,0.0,26.19,3.79,0.0
20211218:1330,0.0,0.0,25.86,3.79,0.0
20211218:1430,0.0,0.0,25.62,4.07,0.0
20211218:1530,0.0,0.0,25.35,4.07,0.0
20211218:1630,0.0,0.0,25.19,3.79,0.0
20211218:1730,0.0,0.0,24.93,3.59,0.0
20211218:1830,0.0,0.0,24.73,3.52,0.0
20211218:1930,0.0,0.0,24.9,3.72,0.0
20211218:2030,0.0,0.0,24.8,3.66,0.0
20211218:2130,0.0,0.0,24.75,3.79,0.0
20211218:2230,461.47,5.48,24.86,3.79,0.0
20211218:2330,733.47,18.6,25.2,3.66,0.0
20211219:0030,825.38,30.93,26.27,4.55,0.0
20211219:0130,850.5,42.13,27.16,5.38,0.0
20211219:0230,918.23,50.98,27.73,5.38,0.0
20211219:0330,937.54,55.59,28.25,5.31,0.0
20211219:0430,741.86,54.27,28.67,5.17,0.0
20211219:0530,737.2,47.58,28.41,5.38,0.0
20211219:0630,844.52,37.54,28.29,5.1,0.0
20211219:0730,789.3,25.71,28.62,5.1,0.0
20211219:0830,515.5,12.93,28.32,4.83,0.0
20211219:0930,0.0,-0.38,27.61,4.55,0.0
20211219:1030,0.0,0.0,26.69,4.55,0.0
20211219:1130,0.0,0.0,26.07,4.83,0.0
20211219:1230,0.0,0.0,25.67,4.97,0.0
20211219:1330,0.0,0.0,25.46,4.83,0.0
20211219:1430,0.0,0.0,25.2,4.76,0.0
20211219:1530,0.0,0.0,24.98,4.62,0.0
20211219:1630,0.0,0.0,24.89,4.28,0.0
20211219:1730,0.0,0.0,24.84,4.14,0.0
20211219:1830,0.0,0.0,24.82,3.93,0.0
20211219:1930,0.0,0.0,24.98,3.93,0.0
20211219:2030,0.0,0.0,24.93,4.0,0.0
20211219:2130,0.0,0.0,24.95,4.07,0.0
20211219:2230,491.92,5.37,24.86,4.07,0.0
20211219:2330,721.61,18.49,25.22,4.0,0.0
20211220:0030,862.22,30.83,26.27,5.03,0.0
20211220:0130,786.28,42.04,27.12,5.93,0.0
20211220:0230,874.57,50.91,27.53,6.21,0.0
20211220:0330,888.38,55.56,27.92,6.41,0.0
20211220:0430,933.08,54.29,28.24,6.14,0.0
20211220:0530,689.17,47.64,28.45,6.28,0.0
20211220:0630,779.22,37.62,27.96,5.66,0.0
20211220:0730,520.61,25.8,28.51,5.03,0.0
20211220:0830,440.06,13.02,27.61,4.41,0.0
20211220:0930,0.0,-0.28,27.22,4.34,0.0
20211220:1030,0.0,0.0,26.59,4.48,0.0
20211220:1130,0.0,0.0,26.1,4.55,0.0
20211220:1230,0.0,0.0,25.79,4.62,0.0
20211220:1330,0.0,0.0,25.63,4.62,0.0
20211220:1430,0.0,0.0,25.39,4.41,0.0
20211220:1530,0.0,0.0,25.33,4.21,0.0
20211220:1630,0.0,0.0,25.11,4.21,0.0
20211220:1730,0.0,0.0,25.02,4.21,0.0
20211220:1830,0.0,0.0,24.86,4.41,0.0
20211220:1930,0.0,0.0,24.89,4.55,0.0
20211220:2030,0.0,0.0,24.75,4.21,0.0
20211220:2130,0.0,0.0,24.66,4.07,0.0
20211220:2230,249.33,5.26,24.68,4.21,0.0
20211220:2330,553.31,18.38,24.93,3.93,0.0
20211221:0030,835.39,30.73,26.06,4.62,0.0
20211221:0130,941.54,41.95,26.94,5.45,0.0
20211221:0230,918.85,50.85,27.74,5.45,0.0
20211221:0330,910.19,55.53,28.45,5.31,0.0
20211221:0430,864.38,54.31,28.8,5.31,0.0
20211221:0530,713.37,47.7,28.95,5.17,0.0
20211221:0630,804.58,37.7,28.76,5.03,0.0
20211221:0730,637.48,25.89,28.97,4.34,0.0
20211221:0830,359.54,13.12,28.46,4.21,0.0
20211221:0930,0.0,-0.18,27.7,4.0,0.0
20211221:1030,0.0,0.0,26.73,4.21,0.0
20211221:1130,0.0,0.0,26.27,4.48,0.0
20211221:1230,0.0,0.0,25.93,4.41,0.0
20211221:1330,0.0,0.0,25.64,4.14,0.0
20211221:1430,0.0,0.0,25.49,4.0,0.0
20211221:1530,0.0,0.0,25.26,3.93,0.0
20211221:1630,0.0,0.0,25.33,3.86,0.0
20211221:1730,0.0,0.0,25.0,3.66,0.0
20211221:1830,0.0,0.0,24.87,3.72,0.0
20211221:1930,0.0,0.0,24.98,3.52,0.0
20211221:2030,0.0,0.0,24.9,3.45,0.0
20211221:2130,0.0,0.0,24.71,3.52,0.0
20211221:2230,156.39,5.15,24.71,3.59,0.0
20211221:2330,489.5,18.28,24.99,3.45,0.0
20211222:0030,739.82,30.64,26.07,3.72,0.0
20211222:0130,863.92,41.87,27.12,3.93,0.0
20211222:0230,841.59,50.79,28.05,3.86,0.0
20211222:0330,745.37,55.52,28.74,4.07,0.0
20211222:0430,771.57,54.34,29.04,4.76,0.0
20211222:0530,542.64,47.76,29.17,5.45,0.0
20211222:0630,549.4,37.78,28.73,5.52,0.0
20211222:0730,515.05,25.99,28.42,5.45,0.0
20211222:0830,304.5,13.23,27.91,4.97,0.0
20211222:0930,0.0,-0.07,27.14,4.34,0.0
20211222:1030,0.0,0.0,26.3,4.21,0.0
20211222:1130,0.0,0.0,25.8,4.28,0.0
20211222:1230,0.0,0.0,25.49,4.28,0.0
20211222:1330,0.0,0.0,25.27,4.14,0.0
20211222:1430,0.0,0.0,25.12,4.07,0.0
20211222:1530,0.0,0.0,25.01,4.07,0.0
20211222:1630,0.0,0.0,24.9,4.0,0.0
20211222:1730,0.0,0.0,24.81,3.93,0.0
20211222:1830,0.0,0.0,24.64,3.86,0.0
20211222:1930,0.0,0.0,24.74,3.86,0.0
20211222:2030,0.0,0.0,24.67,4.07,0.0
20211222:2130,0.0,0.0,24.59,4.28,0.0
20211222:2230,125.05,5.05,24.56,4.07,0.0
20211222:2330,379.72,18.18,24.83,3.79,0.0
20211223:0030,438.99,30.55,25.61,4.07,0.0
20211223:0130,682.64,41.8,26.37,4.83,0.0
20211223:0230,725.59,50.74,27.14,5.24,0.0
20211223:0330,737.31,55.51,27.72,5.1,0.0
20211223:0430,854.89,54.38,28.04,5.17,0.0
20211223:0530,822.84,47.83,28.41,5.86,0.0
20211223:0630,857.53,37.87,28.35,6.0,0.0
20211223:0730,724.21,26.09,28.06,5.66,0.0
20211223:0830,631.44,13.33,27.6,5.1,0.0
20211223:0930,3.51,0.03,26.97,4.55,0.0
20211223:1030,0.0,0.0,26.14,4.48,0.0
20211223:1130,0.0,0.0,25.63,4.62,0.0
20211223:1230,0.0,0.0,25.32,4.83,0.0
20211223:1330,0.0,0.0,25.11,4.9,0.0
20211223:1430,0.0,0.0,24.95,5.03,0.0
20211223:1530,0.0,0.0,24.82,5.38,0.0
20211223:1630,0.0,0.0,24.66,5.45,0.0
20211223:1730,0.0,0.0,24.69,5.17,0.0
20211223:1830,0.0,0.0,24.75,4.83,0.0
20211223:1930,0.0,0.0,25.1,4.55,0.0
20211223:2030,0.0,0.0,24.89,4.41,0.0
20211223:2130,0.0,0.0,24.62,4.21,0.0
20211223:2230,244.28,4.94,24.63,4.14,0.0
20211223:2330,618.52,18.08,24.85,4.28,0.0
20211224:0030,717.73,30.46,25.78,4.69,0.0
20211224:0130,827.68,41.72,26.5,5.79,0.0
20211224:0230,899.39,50.69,27.2,5.93,0.0
20211224:0330,892.84,55.51,27.99,6.28,0.0
20211224:0430,911.42,54.43,28.48,6.28,0.0
20211224:0530,885.38,47.91,28.82,6.0,0.0
20211224:0630,665.17,37.97,28.79,5.79,0.0
20211224:0730,668.03,26.19,28.39,5.45,0.0
20211224:0830,366.7,13.44,28.0,4.97,0.0
20211224:0930,3.04,0.14,27.23,4.48,0.0
20211224:1030,0.0,0.0,26.46,4.62,0.0
20211224:1130,0.0,0.0,26.04,4.97,0.0
20211224:1230,0.0,0.0,25.77,4.97,0.0
20211224:1330,0.0,0.0,25.55,4.83,0.0
20211224:1430,0.0,0.0,25.43,4.83,0.0
20211224:1530,0.0,0.0,25.4,4.9,0.0
20211224:1630,0.0,0.0,25.29,4.83,0.0
20211224:1730,0.0,0.0,25.15,4.69,0.0
20211224:1830,0.0,0.0,25.09,4.28,0.0
20211224:1930,0.0,0.0,25.25,4.14,0.0
20211224:2030,0.0,0.0,24.97,4.28,0.0
20211224:2130,0.0,0.0,24.78,4.62,0.0
20211224:2230,133.68,4.84,24.69,4.62,0.0
20211224:2330,358.46,17.98,24.88,4.55,0.0
20211225:0030,497.89,30.38,25.63,5.45,0.0
20211225:0130,611.89,41.66,26.47,5.86,0.0
20211225:0230,730.24,50.65,27.17,6.0,0.0
20211225:0330,726.63,55.51,27.67,6.07,0.0
20211225:0430,529.6,54.48,27.97,6.34,0.0
20211225:0530,581.54,48.0,27.76,6.41,0.0
20211225:0630,473.72,38.07,27.61,6.48,0.0
20211225:0730,534.62,26.3,27.21,6.48,0.0
20211225:0830,364.49,13.55,27.07,6.41,0.0
20211225:0930,3.71,0.25,26.6,6.41,0.0
20211225:1030,0.0,0.0,25.85,5.93,0.0
20211225:1130,0.0,0.0,25.33,6.0,0.0
20211225:1230,0.0,0.0,25.42,5.93,0.0
20211225:1330,0.0,0.0,25.3,6.0,0.0
20211225:1430,0.0,0.0,25.19,5.86,0.0
20211225:1530,0.0,0.0,24.97,5.86,0.0
20211225:1630,0.0,0.0,25.03,5.72,0.0
20211225:1730,0.0,0.0,24.87,5.72,0.0
20211225:1830,0.0,0.0,24.73,5.79,0.0
20211225:1930,0.0,0.0,24.82,6.21,0.0
20211225:2030,0.0,0.0,24.9,5.72,0.0
20211225:2130,0.0,0.0,25.06,5.45,0.0
20211225:2230,332.32,4.74,25.1,5.1,0.0
20211225:2330,651.3,17.89,25.17,5.1,0.0
20211226:0030,714.12,30.3,25.66,6.48,0.0
20211226:0130,799.43,41.6,26.21,7.03,0.0
20211226:0230,768.07,50.62,26.77,7.45,0.0
20211226:0330,867.09,55.52,26.76,7.52,0.0
20211226:0430,930.34,54.54,27.41,7.52,0.0
20211226:0530,659.63,48.09,27.62,7.17,0.0
20211226:0630,484.64,38.17,27.4,7.17,0.0
20211226:0730,239.47,26.41,27.19,5.86,0.0
20211226:0830,186.76,13.66,26.28,5.38,0.0
20211226:0930,3.1,0.36,25.62,5.03,0.0
20211226:1030,0.0,0.0,25.41,4.9,0.0
20211226:1130,0.0,0.0,25.13,5.45,0.0
20211226:1230,0.0,0.0,24.92,5.79,0.0
20211226:1330,0.0,0.0,24.84,5.66,0.0
20211226:1430,0.0,0.0,24.76,5.86,0.0
20211226:1530,0.0,0.0,24.7,5.79,0.0
20211226:1630,0.0,0.0,24.75,5.86,0.0
20211226:1730,0.0,0.0,24.67,6.21,0.0
20211226:1830,0.0,0.0,24.57,6.55,0.0
20211226:1930,0.0,0.0,24.82,6.21,0.0
20211226:2030,0.0,0.0,24.55,6.34,0.0
20211226:2130,0.0,0.0,24.55,6.48,0.0
20211226:2230,191.9,4.65,24.47,6.41,0.0
20211226:2330,373.67,17.8,24.61,6.62,0.0
20211227:0030,569.46,30.22,25.03,6.83,0.0
20211227:0130,683.93,41.54,25.78,6.9,0.0
20211227:0230,692.31,50.6,26.49,7.66,0.0
20211227:0330,728.45,55.54,26.96,7.17,0.0
20211227:0430,676.42,54.61,27.26,7.38,0.0
20211227:0530,593.4,48.18,27.25,7.24,0.0
20211227:0630,423.12,38.28,26.75,6.62,0.0
20211227:0730,344.36,26.52,26.04,5.93,0.0
20211227:0830,140.25,13.77,25.83,5.79,0.0
20211227:0930,3.97,0.48,25.49,6.48,0.0
20211227:1030,0.0,0.0,25.07,6.28,0.0
20211227:1130,0.0,0.0,24.86,6.14,0.0
20211227:1230,0.0,0.0,24.82,6.21,0.0
20211227:1330,0.0,0.0,24.8,6.34,0.0
20211227:1430,0.0,0.0,24.81,6.48,0.0
20211227:1530,0.0,0.0,24.66,6.62,0.0
20211227:1630,0.0,0.0,24.55,6.55,0.0
20211227:1730,0.0,0.0,24.48,6.55,0.0
20211227:1830,0.0,0.0,24.36,6.48,0.0
20211227:1930,0.0,0.0,24.24,6.97,0.0
20211227:2030,0.0,0.0,24.21,7.17,0.0
20211227:2130,0.0,0.0,24.11,7.52,0.0
20211227:2230,220.85,4.55,24.04,7.59,0.0
20211227:2330,362.34,17.71,24.24,7.45,0.0
20211228:0030,472.0,30.15,24.82,7.79,0.0
20211228:0130,478.91,41.49,25.39,7.72,0.0
20211228:0230,538.69,50.58,25.62,7.52,0.0
20211228:0330,560.94,55.57,26.03,7.86,0.0
20211228:0430,724.31,54.68,26.17,8.21,0.0
20211228:0530,715.54,48.28,26.49,8.41,0.0
20211228:0630,607.73,38.39,26.5,8.07,0.0
20211228:0730,473.29,26.63,26.13,8.69,0.0
20211228:0830,333.08,13.88,25.9,8.07,0.0
20211228:0930,3.87,0.59,25.35,7.72,0.0
20211228:1030,0.0,0.0,24.9,7.52,0.0
20211228:1130,0.0,0.0,24.67,6.97,0.0
20211228:1230,0.0,0.0,24.62,6.76,0.0
20211228:1330,0.0,0.0,24.53,6.62,0.0
20211228:1430,0.0,0.0,24.54,6.48,0.0
20211228:1530,0.0,0.0,24.41,6.76,0.0
20211228:1630,0.0,0.0,24.11,6.83,0.0
20211228:1730,0.0,0.0,24.09,7.03,0.0
20211228:1830,0.0,0.0,24.07,6.48,0.0
20211228:1930,0.0,0.0,24.12,6.69,0.0
20211228:2030,0.0,0.0,24.0,6.69,0.0
20211228:2130,0.0,0.0,24.08,6.97,0.0
20211228:2230,49.49,4.46,24.23,7.59,0.0
20211228:2330,81.86,17.63,24.51,8.28,0.0
20211229:0030,93.59,30.08,24.52,8.21,0.0
20211229:0130,216.83,41.44,24.78,7.38,0.0
20211229:0230,287.72,50.56,25.45,7.31,0.0
20211229:0330,272.52,55.61,25.83,7.86,0.0
20211229:0430,230.04,54.76,25.94,7.72,0.0
20211229:0530,186.72,48.39,25.74,7.38,0.0
20211229:0630,140.8,38.51,25.09,7.24,0.0
20211229:0730,98.95,26.75,25.25,7.38,0.0
20211229:0830,27.78,14.0,25.07,7.31,0.0
20211229:0930,2.14,0.7,24.64,7.03,0.0
20211229:1030,0.0,0.0,24.48,6.62,0.0
20211229:1130,0.0,0.0,24.47,6.62,0.0
20211229:1230,0.0,0.0,24.64,6.9,0.0
20211229:1330,0.0,0.0,24.75,7.52,0.0
20211229:1430,0.0,0.0,24.68,7.93,0.0
20211229:1530,0.0,0.0,24.63,7.86,0.0
20211229:1630,0.0,0.0,24.63,7.72,0.0
20211229:1730,0.0,0.0,24.58,7.52,0.0
20211229:1830,0.0,0.0,24.39,7.38,0.0
20211229:1930,0.0,0.0,24.61,7.52,0.0
20211229:2030,0.0,0.0,24.53,7.59,0.0
20211229:2130,0.0,0.0,24.5,7.59,0.0
20211229:2230,329.52,4.37,24.64,7.72,0.0
20211229:2330,552.99,17.55,24.76,7.45,0.0
20211230:0030,546.99,30.02,25.32,7.66,0.0
20211230:0130,546.65,41.4,25.87,8.34,0.0
20211230:0230,633.36,50.56,26.18,8.48,0.0
20211230:0330,763.88,55.65,26.48,8.97,0.0
20211230:0430,546.09,54.85,26.69,8.9,0.0
20211230:0530,562.56,48.5,26.54,8.28,0.0
20211230:0630,102.78,38.63,26.33,7.52,0.0
20211230:0730,48.14,26.87,24.63,6.62,0.0
20211230:0830,13.64,14.12,24.42,6.97,0.0
20211230:0930,0.97,0.82,24.22,7.1,0.0
20211230:1030,0.0,0.0,24.08,7.1,0.0
20211230:1130,0.0,0.0,24.19,6.83,0.0
20211230:1230,0.0,0.0,24.2,6.55,0.0
20211230:1330,0.0,0.0,24.24,7.03,0.0
20211230:1430,0.0,0.0,24.13,6.76,0.0
20211230:1530,0.0,0.0,24.15,7.1,0.0
20211230:1630,0.0,0.0,24.26,6.76,0.0
20211230:1730,0.0,0.0,24.24,7.17,0.0
20211230:1830,0.0,0.0,24.07,7.1,0.0
20211230:1930,0.0,0.0,24.09,7.17,0.0
20211230:2030,0.0,0.0,24.03,7.52,0.0
20211230:2130,0.0,0.0,24.15,8.0,0.0
20211230:2230,210.26,4.28,24.24,7.45,0.0
20211230:2330,339.36,17.47,24.21,7.52,0.0
20211231:0030,502.33,29.96,24.55,7.93,0.0
20211231:0130,705.53,41.37,24.88,9.17,0.0
20211231:0230,606.52,50.56,25.65,9.72,0.0
20211231:0330,574.47,55.7,25.95,9.93,0.0
20211231:0430,476.48,54.94,26.16,10.48,0.0
20211231:0530,350.89,48.62,26.11,9.93,0.0
20211231:0630,158.84,38.75,25.76,9.17,0.0
20211231:0730,75.08,27.0,25.29,8.48,0.0
20211231:0830,34.19,14.24,24.99,8.69,0.0
20211231:0930,2.39,0.94,24.7,8.69,0.0
20211231:1030,0.0,0.0,24.61,8.83,0.0
20211231:1130,0.0,0.0,24.54,9.1,0.0
20211231:1230,0.0,0.0,24.4,8.9,0.0
20211231:1330,0.0,0.0,24.29,8.83,0.0
20211231:1430,0.0,0.0,24.16,9.17,0.0
20211231:1530,0.0,0.0,23.83,8.76,0.0
20211231:1630,0.0,0.0,23.45,8.34,0.0
20211231:1730,0.0,0.0,23.29,7.45,0.0
20211231:1830,0.0,0.0,23.33,7.03,0.0
20211231:1930,0.0,0.0,23.45,7.03,0.0
20211231:2030,0.0,0.0,23.49,6.9,0.0
20211231:2130,0.0,0.0,23.41,6.76,0.0
20211231:2230,0.0,0.0,23.35,6.83,0.0
20211231:2330,0.0,0.0,23.46,6.41,0.0

G(i): Global irradiance on the inclined plane (plane of the array) (W/m2)
H_sun: Sun height (degree)
T2m: 2-m air temperature (degree Celsius)
WS10m: 10-m total wind speed (m/s)
Int: 1 means solar radiation values are reconstructed



PVGIS (c) European Union, 2001-2026