Latitude (decimal degrees):	10.743
Longitude (decimal degrees):	122.529
Elevation (m):	12
Radiation database:	PVGIS-ERA5


Slope: - deg. 
Azimuth: - deg. 
time,G(i),H_sun,T2m,WS10m,Int
20200101:0030,769.49,29.89,25.96,7.17,0.0
20200101:0130,923.4,41.33,26.8,8.48,0.0
20200101:0230,843.03,50.57,27.59,8.83,0.0
20200101:0330,860.96,55.77,28.12,8.69,0.0
20200101:0430,919.93,55.07,28.43,8.55,0.0
20200101:0530,787.43,48.78,28.59,8.28,0.0
20200101:0630,784.05,38.92,28.31,8.55,0.0
20200101:0730,675.7,27.16,27.69,8.41,0.0
20200101:0830,364.71,14.4,27.39,8.34,0.0
20200101:0930,5.3,1.08,26.57,7.72,0.0
20200101:1030,0.0,0.0,25.9,7.52,0.0
20200101:1130,0.0,0.0,25.67,7.59,0.0
20200101:1230,0.0,0.0,25.69,7.79,0.0
20200101:1330,0.0,0.0,25.57,7.66,0.0
20200101:1430,0.0,0.0,25.37,7.66,0.0
20200101:1530,0.0,0.0,25.04,7.45,0.0
20200101:1630,0.0,0.0,24.94,7.03,0.0
20200101:1730,0.0,0.0,24.77,6.9,0.0
20200101:1830,0.0,0.0,24.84,6.9,0.0
20200101:1930,0.0,0.0,24.84,6.69,0.0
20200101:2030,0.0,0.0,24.86,6.41,0.0
20200101:2130,0.0,0.0,24.9,6.55,0.0
20200101:2230,448.25,4.09,25.06,6.62,0.0
20200101:2330,676.37,17.31,25.26,6.83,0.0
20200102:0030,848.22,29.84,26.08,7.03,0.0
20200102:0130,879.32,41.3,27.01,8.41,0.0
20200102:0230,806.76,50.58,27.77,8.69,0.0
20200102:0330,924.44,55.84,28.07,8.83,0.0
20200102:0430,734.53,55.18,28.54,8.9,0.0
20200102:0530,874.34,48.91,28.5,8.69,0.0
20200102:0630,867.07,39.05,28.66,8.76,0.0
20200102:0730,789.05,27.29,28.41,8.62,0.0
20200102:0830,678.43,14.52,28.06,7.79,0.0
20200102:0930,6.71,1.2,27.44,7.1,0.0
20200102:1030,0.0,0.0,26.72,7.03,0.0
20200102:1130,0.0,0.0,26.31,7.38,0.0
20200102:1230,0.0,0.0,26.1,7.38,0.0
20200102:1330,0.0,0.0,25.96,7.24,0.0
20200102:1430,0.0,0.0,25.83,7.24,0.0
20200102:1530,0.0,0.0,25.7,7.31,0.0
20200102:1630,0.0,0.0,25.48,7.24,0.0
20200102:1730,0.0,0.0,25.21,7.24,0.0
20200102:1830,0.0,0.0,24.97,7.17,0.0
20200102:1930,0.0,0.0,24.89,7.66,0.0
20200102:2030,0.0,0.0,24.73,7.24,0.0
20200102:2130,0.0,0.0,24.64,6.83,0.0
20200102:2230,182.15,4.01,24.66,6.55,0.0
20200102:2330,276.33,17.24,24.81,6.48,0.0
20200103:0030,482.25,29.8,25.18,7.1,0.0
20200103:0130,630.88,41.29,25.78,7.1,0.0
20200103:0230,657.5,50.6,26.55,7.03,0.0
20200103:0330,702.93,55.91,26.8,7.17,0.0
20200103:0430,723.68,55.3,26.9,7.86,0.0
20200103:0530,713.38,49.04,27.02,7.86,0.0
20200103:0630,657.36,39.19,27.35,7.86,0.0
20200103:0730,697.93,27.42,26.82,8.0,0.0
20200103:0830,304.43,14.65,26.5,8.07,0.0
20200103:0930,5.41,1.32,25.66,7.52,0.0
20200103:1030,0.0,0.0,25.26,7.1,0.0
20200103:1130,0.0,0.0,25.15,6.97,0.0
20200103:1230,0.0,0.0,25.24,7.03,0.0
20200103:1330,0.0,0.0,25.09,6.76,0.0
20200103:1430,0.0,0.0,25.13,6.48,0.0
20200103:1530,0.0,0.0,25.06,6.41,0.0
20200103:1630,0.0,0.0,25.05,6.41,0.0
20200103:1730,0.0,0.0,24.73,6.14,0.0
20200103:1830,0.0,0.0,24.6,6.14,0.0
20200103:1930,0.0,0.0,24.52,6.07,0.0
20200103:2030,0.0,0.0,24.4,6.55,0.0
20200103:2130,0.0,0.0,24.24,6.83,0.0
20200103:2230,172.62,3.93,24.36,7.03,0.0
20200103:2330,492.81,17.18,24.39,6.55,0.0
20200104:0030,540.23,29.76,24.76,7.24,0.0
20200104:0130,739.25,41.27,25.44,7.24,0.0
20200104:0230,907.66,50.63,26.23,7.38,0.0
20200104:0330,814.9,55.99,26.69,8.07,0.0
20200104:0430,706.4,55.42,27.14,8.07,0.0
20200104:0530,809.19,49.18,26.84,8.21,0.0
20200104:0630,820.76,39.33,26.86,8.41,0.0
20200104:0730,648.48,27.56,26.81,8.14,0.0
20200104:0830,533.4,14.77,26.5,7.17,0.0
20200104:0930,6.02,1.44,26.02,6.76,0.0
20200104:1030,0.0,0.0,25.54,5.79,0.0
20200104:1130,0.0,0.0,25.06,5.59,0.0
20200104:1230,0.0,0.0,24.86,5.66,0.0
20200104:1330,0.0,0.0,24.84,5.86,0.0
20200104:1430,0.0,0.0,24.65,6.34,0.0
20200104:1530,0.0,0.0,24.57,6.83,0.0
20200104:1630,0.0,0.0,24.67,6.9,0.0
20200104:1730,0.0,0.0,24.67,6.76,0.0
20200104:1830,0.0,0.0,24.61,6.69,0.0
20200104:1930,0.0,0.0,24.64,6.48,0.0
20200104:2030,0.0,0.0,24.52,6.62,0.0
20200104:2130,0.0,0.0,24.6,6.62,0.0
20200104:2230,383.42,3.86,24.65,6.34,0.0
20200104:2330,686.43,17.12,24.82,6.21,0.0
20200105:0030,666.1,29.72,25.65,7.31,0.0
20200105:0130,888.82,41.27,26.57,7.52,0.0
20200105:0230,951.03,50.67,27.24,7.59,0.0
20200105:0330,896.82,56.08,27.89,7.45,0.0
20200105:0430,836.68,55.56,28.14,7.24,0.0
20200105:0530,784.87,49.33,28.14,7.17,0.0
20200105:0630,779.38,39.47,28.05,7.45,0.0
20200105:0730,699.26,27.69,27.53,7.66,0.0
20200105:0830,583.43,14.9,27.03,7.79,0.0
20200105:0930,6.03,1.56,26.14,6.9,0.0
20200105:1030,0.0,0.0,25.52,6.83,0.0
20200105:1130,0.0,0.0,25.22,7.03,0.0
20200105:1230,0.0,0.0,25.08,6.83,0.0
20200105:1330,0.0,0.0,24.96,6.97,0.0
20200105:1430,0.0,0.0,24.92,6.83,0.0
20200105:1530,0.0,0.0,24.76,6.69,0.0
20200105:1630,0.0,0.0,24.7,6.41,0.0
20200105:1730,0.0,0.0,24.68,6.48,0.0
20200105:1830,0.0,0.0,24.57,6.69,0.0
20200105:1930,0.0,0.0,24.65,6.28,0.0
20200105:2030,0.0,0.0,24.57,6.14,0.0
20200105:2130,0.0,0.0,24.6,6.14,0.0
20200105:2230,297.11,3.79,24.5,6.07,0.0
20200105:2330,315.58,17.06,24.63,6.14,0.0
20200106:0030,662.15,29.69,25.13,6.07,0.0
20200106:0130,684.34,41.26,25.92,7.31,0.0
20200106:0230,749.54,50.71,26.24,7.66,0.0
20200106:0330,884.44,56.17,26.82,7.93,0.0
20200106:0430,924.49,55.69,27.37,7.79,0.0
20200106:0530,730.76,49.48,27.69,7.79,0.0
20200106:0630,789.42,39.62,27.72,7.72,0.0
20200106:0730,694.28,27.83,27.72,7.86,0.0
20200106:0830,495.22,15.03,27.19,7.59,0.0
20200106:0930,6.1,1.68,26.31,6.69,0.0
20200106:1030,0.0,0.0,25.53,6.28,0.0
20200106:1130,0.0,0.0,25.26,5.93,0.0
20200106:1230,0.0,0.0,25.31,6.48,0.0
20200106:1330,0.0,0.0,25.16,6.41,0.0
20200106:1430,0.0,0.0,25.04,5.86,0.0
20200106:1530,0.0,0.0,24.82,5.72,0.0
20200106:1630,0.0,0.0,24.69,5.59,0.0
20200106:1730,0.0,0.0,24.64,5.31,0.0
20200106:1830,0.0,0.0,24.57,5.1,0.0
20200106:1930,0.0,0.0,24.68,4.9,0.0
20200106:2030,0.0,0.0,24.55,4.69,0.0
20200106:2130,0.0,0.0,24.54,4.69,0.0
20200106:2230,207.74,3.72,24.58,4.69,0.0
20200106:2330,413.17,17.01,24.73,4.9,0.0
20200107:0030,741.16,29.66,25.32,5.72,0.0
20200107:0130,876.62,41.27,26.25,6.21,0.0
20200107:0230,783.56,50.75,26.89,6.41,0.0
20200107:0330,931.91,56.27,27.34,6.34,0.0
20200107:0430,698.65,55.84,27.94,6.48,0.0
20200107:0530,775.13,49.64,27.76,6.14,0.0
20200107:0630,881.19,39.77,27.86,6.34,0.0
20200107:0730,718.54,27.97,28.11,5.59,0.0
20200107:0830,382.12,15.16,27.72,5.45,0.0
20200107:0930,9.32,1.8,27.01,4.76,0.0
20200107:1030,0.0,0.0,26.25,4.76,0.0
20200107:1130,0.0,0.0,25.74,4.9,0.0
20200107:1230,0.0,0.0,25.45,4.9,0.0
20200107:1330,0.0,0.0,25.23,4.69,0.0
20200107:1430,0.0,0.0,25.16,4.62,0.0
20200107:1530,0.0,0.0,25.04,4.69,0.0
20200107:1630,0.0,0.0,24.89,4.83,0.0
20200107:1730,0.0,0.0,24.89,5.03,0.0
20200107:1830,0.0,0.0,24.8,5.03,0.0
20200107:1930,0.0,0.0,24.82,4.9,0.0
20200107:2030,0.0,0.0,24.64,4.62,0.0
20200107:2130,0.0,0.0,24.49,4.41,0.0
20200107:2230,143.02,3.65,24.42,4.41,0.0
20200107:2330,353.44,16.96,24.6,4.55,0.0
20200108:0030,556.76,29.64,25.48,4.9,0.0
20200108:0130,687.59,41.27,26.4,5.52,0.0
20200108:0230,836.85,50.81,27.15,5.1,0.0
20200108:0330,884.79,56.38,27.94,5.17,0.0
20200108:0430,894.34,55.99,28.46,5.31,0.0
20200108:0530,906.47,49.8,28.61,5.66,0.0
20200108:0630,943.22,39.93,28.64,6.07,0.0
20200108:0730,723.53,28.12,28.08,6.55,0.0
20200108:0830,671.11,15.3,27.53,6.0,0.0
20200108:0930,7.22,1.92,26.81,5.31,0.0
20200108:1030,0.0,0.0,25.9,5.03,0.0
20200108:1130,0.0,0.0,25.3,5.03,0.0
20200108:1230,0.0,0.0,25.04,5.24,0.0
20200108:1330,0.0,0.0,24.97,5.38,0.0
20200108:1430,0.0,0.0,24.92,5.31,0.0
20200108:1530,0.0,0.0,24.83,5.52,0.0
20200108:1630,0.0,0.0,24.85,5.72,0.0
20200108:1730,0.0,0.0,24.96,6.0,0.0
20200108:1830,0.0,0.0,25.15,6.07,0.0
20200108:1930,0.0,0.0,25.16,6.21,0.0
20200108:2030,0.0,0.0,25.22,6.14,0.0
20200108:2130,0.0,0.0,25.21,6.14,0.0
20200108:2230,96.25,3.59,25.28,6.14,0.0
20200108:2330,462.5,16.91,25.39,6.14,0.0
20200109:0030,520.29,29.62,25.96,6.21,0.0
20200109:0130,602.94,41.29,26.43,6.76,0.0
20200109:0230,769.54,50.87,26.97,7.03,0.0
20200109:0330,783.08,56.5,27.66,7.24,0.0
20200109:0430,761.62,56.15,28.09,7.38,0.0
20200109:0530,815.12,49.97,28.18,7.24,0.0
20200109:0630,351.13,40.09,28.14,7.1,0.0
20200109:0730,559.57,28.26,27.27,6.21,0.0
20200109:0830,380.76,15.43,27.18,6.14,0.0
20200109:0930,6.4,2.05,26.68,5.52,0.0
20200109:1030,0.0,0.0,26.17,5.38,0.0
20200109:1130,0.0,0.0,25.9,5.45,0.0
20200109:1230,0.0,0.0,25.66,5.52,0.0
20200109:1330,0.0,0.0,25.54,5.72,0.0
20200109:1430,0.0,0.0,25.38,5.86,0.0
20200109:1530,0.0,0.0,25.25,6.0,0.0
20200109:1630,0.0,0.0,25.12,6.0,0.0
20200109:1730,0.0,0.0,24.99,6.0,0.0
20200109:1830,0.0,0.0,24.82,5.93,0.0
20200109:1930,0.0,0.0,24.79,6.07,0.0
20200109:2030,0.0,0.0,24.71,5.93,0.0
20200109:2130,0.0,0.0,24.6,5.86,0.0
20200109:2230,408.88,3.53,24.52,6.0,0.0
20200109:2330,681.17,16.87,24.8,6.07,0.0
20200110:0030,782.81,29.6,25.64,6.83,0.0
20200110:0130,850.91,41.3,26.65,7.86,0.0
20200110:0230,916.41,50.93,27.5,7.86,0.0
20200110:0330,898.4,56.62,28.19,7.72,0.0
20200110:0430,883.94,56.31,28.59,7.52,0.0
20200110:0530,861.49,50.14,28.67,7.1,0.0
20200110:0630,793.65,40.25,28.59,6.83,0.0
20200110:0730,840.33,28.41,28.34,6.48,0.0
20200110:0830,562.92,15.56,27.96,6.28,0.0
20200110:0930,8.19,2.17,27.17,5.59,0.0
20200110:1030,0.0,0.0,26.28,5.45,0.0
20200110:1130,0.0,0.0,25.89,5.38,0.0
20200110:1230,0.0,0.0,25.46,5.38,0.0
20200110:1330,0.0,0.0,25.25,5.59,0.0
20200110:1430,0.0,0.0,25.06,5.93,0.0
20200110:1530,0.0,0.0,24.74,5.79,0.0
20200110:1630,0.0,0.0,24.61,5.45,0.0
20200110:1730,0.0,0.0,24.51,5.24,0.0
20200110:1830,0.0,0.0,24.52,5.24,0.0
20200110:1930,0.0,0.0,24.64,4.9,0.0
20200110:2030,0.0,0.0,24.6,5.03,0.0
20200110:2130,0.0,0.0,24.5,5.1,0.0
20200110:2230,385.85,3.47,24.43,5.31,0.0
20200110:2330,614.97,16.83,24.61,5.17,0.0
20200111:0030,641.7,29.59,25.42,5.93,0.0
20200111:0130,869.2,41.33,26.29,6.28,0.0
20200111:0230,822.07,51.0,27.23,6.55,0.0
20200111:0330,905.24,56.75,27.86,6.69,0.0
20200111:0430,722.63,56.48,28.24,6.76,0.0
20200111:0530,856.16,50.32,28.3,6.62,0.0
20200111:0630,855.29,40.41,28.42,6.48,0.0
20200111:0730,789.2,28.56,28.44,5.86,0.0
20200111:0830,642.46,15.7,28.14,5.52,0.0
20200111:0930,9.06,2.29,27.35,4.83,0.0
20200111:1030,0.0,0.0,26.34,4.83,0.0
20200111:1130,0.0,0.0,25.78,5.03,0.0
20200111:1230,0.0,0.0,25.46,4.97,0.0
20200111:1330,0.0,0.0,25.23,4.76,0.0
20200111:1430,0.0,0.0,25.1,4.83,0.0
20200111:1530,0.0,0.0,25.03,4.97,0.0
20200111:1630,0.0,0.0,24.96,5.03,0.0
20200111:1730,0.0,0.0,24.8,5.1,0.0
20200111:1830,0.0,0.0,24.62,5.1,0.0
20200111:1930,0.0,0.0,24.52,4.48,0.0
20200111:2030,0.0,0.0,24.51,4.41,0.0
20200111:2130,0.0,0.0,24.36,4.28,0.0
20200111:2230,329.15,3.42,24.26,4.28,0.0
20200111:2330,500.61,16.79,24.53,4.21,0.0
20200112:0030,702.63,29.59,25.48,4.9,0.0
20200112:0130,677.92,41.36,26.32,6.21,0.0
20200112:0230,890.41,51.08,26.91,6.34,0.0
20200112:0330,793.78,56.89,27.6,6.48,0.0
20200112:0430,740.2,56.66,27.91,6.62,0.0
20200112:0530,589.5,50.5,27.77,7.03,0.0
20200112:0630,422.96,40.58,27.36,6.34,0.0
20200112:0730,319.08,28.71,27.09,5.24,0.0
20200112:0830,248.3,15.83,26.7,4.97,0.0
20200112:0930,72.64,2.41,26.27,4.41,0.0
20200112:1030,0.0,0.0,25.82,4.0,0.0
20200112:1130,0.0,0.0,25.58,4.0,0.0
20200112:1230,0.0,0.0,25.37,3.93,0.0
20200112:1330,0.0,0.0,25.08,3.86,0.0
20200112:1430,0.0,0.0,24.85,3.66,0.0
20200112:1530,0.0,0.0,24.66,3.38,0.0
20200112:1630,0.0,0.0,24.57,3.31,0.0
20200112:1730,0.0,0.0,24.39,3.31,0.0
20200112:1830,0.0,0.0,24.25,3.24,0.0
20200112:1930,0.0,0.0,24.21,2.69,0.0
20200112:2030,0.0,0.0,24.21,2.97,0.0
20200112:2130,0.0,0.0,24.11,3.24,0.0
20200112:2230,201.65,3.37,24.11,3.38,0.0
20200112:2330,355.32,16.76,24.41,3.79,0.0
20200113:0030,514.47,29.59,25.17,4.28,0.0
20200113:0130,504.39,41.39,26.12,4.69,0.0
20200113:0230,607.43,51.16,26.76,4.9,0.0
20200113:0330,517.35,57.03,27.54,5.24,0.0
20200113:0430,635.75,56.84,27.77,5.31,0.0
20200113:0530,752.82,50.68,27.96,5.17,0.0
20200113:0630,539.61,40.75,28.25,5.1,0.0
20200113:0730,633.21,28.86,27.88,5.1,0.0
20200113:0830,443.88,15.97,27.65,5.59,0.0
20200113:0930,272.5,2.53,27.03,5.31,0.0
20200113:1030,0.0,0.0,26.3,4.97,0.0
20200113:1130,0.0,0.0,25.79,4.62,0.0
20200113:1230,0.0,0.0,25.31,4.41,0.0
20200113:1330,0.0,0.0,25.06,4.34,0.0
20200113:1430,0.0,0.0,24.76,4.34,0.0
20200113:1530,0.0,0.0,24.56,4.41,0.0
20200113:1630,0.0,0.0,24.43,4.48,0.0
20200113:1730,0.0,0.0,24.44,4.69,0.0
20200113:1830,0.0,0.0,24.41,4.69,0.0
20200113:1930,0.0,0.0,24.55,4.48,0.0
20200113:2030,0.0,0.0,24.46,4.0,0.0
20200113:2130,0.0,0.0,24.43,3.93,0.0
20200113:2230,415.14,3.32,24.41,4.07,0.0
20200113:2330,615.71,16.74,24.66,4.07,0.0
20200114:0030,792.83,29.59,25.68,4.34,0.0
20200114:0130,817.51,41.43,26.83,6.34,0.0
20200114:0230,774.92,51.25,27.68,6.41,0.0
20200114:0330,800.58,57.18,28.18,6.21,0.0
20200114:0430,848.16,57.03,28.55,5.79,0.0
20200114:0530,884.56,50.87,28.62,5.66,0.0
20200114:0630,795.25,40.92,28.73,5.93,0.0
20200114:0730,853.48,29.02,28.2,6.28,0.0
20200114:0830,670.23,16.11,27.86,6.14,0.0
20200114:0930,463.38,2.65,27.31,5.52,0.0
20200114:1030,0.0,0.0,26.37,5.17,0.0
20200114:1130,0.0,0.0,25.79,5.17,0.0
20200114:1230,0.0,0.0,25.41,5.45,0.0
20200114:1330,0.0,0.0,25.18,5.38,0.0
20200114:1430,0.0,0.0,24.97,5.24,0.0
20200114:1530,0.0,0.0,24.85,5.1,0.0
20200114:1630,0.0,0.0,24.8,4.97,0.0
20200114:1730,0.0,0.0,24.79,5.03,0.0
20200114:1830,0.0,0.0,24.85,5.1,0.0
20200114:1930,0.0,0.0,24.92,5.1,0.0
20200114:2030,0.0,0.0,25.0,5.03,0.0
20200114:2130,0.0,0.0,25.05,5.17,0.0
20200114:2230,228.28,3.28,24.97,5.17,0.0
20200114:2330,437.67,16.71,25.08,5.31,0.0
20200115:0030,503.31,29.6,25.72,6.69,0.0
20200115:0130,766.44,41.47,26.33,6.9,0.0
20200115:0230,783.18,51.35,27.29,6.97,0.0
20200115:0330,924.33,57.34,27.89,6.97,0.0
20200115:0430,777.09,57.22,28.5,7.1,0.0
20200115:0530,620.86,51.06,28.32,7.03,0.0
20200115:0630,556.13,41.1,27.89,6.69,0.0
20200115:0730,446.29,29.17,27.44,6.83,0.0
20200115:0830,440.84,16.24,27.32,6.97,0.0
20200115:0930,131.48,2.77,26.89,6.34,0.0
20200115:1030,0.0,0.0,26.37,6.14,0.0
20200115:1130,0.0,0.0,25.94,6.07,0.0
20200115:1230,0.0,0.0,25.75,5.93,0.0
20200115:1330,0.0,0.0,25.65,5.93,0.0
20200115:1430,0.0,0.0,25.46,5.72,0.0
20200115:1530,0.0,0.0,25.37,5.59,0.0
20200115:1630,0.0,0.0,25.27,5.24,0.0
20200115:1730,0.0,0.0,25.19,4.9,0.0
20200115:1830,0.0,0.0,25.25,4.69,0.0
20200115:1930,0.0,0.0,25.51,4.62,0.0
20200115:2030,0.0,0.0,25.53,4.55,0.0
20200115:2130,0.0,0.0,25.63,4.41,0.0
20200115:2230,222.29,3.24,25.57,4.55,0.0
20200115:2330,384.08,16.69,25.68,4.48,0.0
20200116:0030,691.99,29.61,26.39,4.97,0.0
20200116:0130,747.88,41.52,27.26,6.0,0.0
20200116:0230,686.86,51.45,27.7,5.86,0.0
20200116:0330,766.16,57.5,28.13,5.86,0.0
20200116:0430,779.72,57.43,28.47,5.72,0.0
20200116:0530,693.0,51.26,28.62,5.45,0.0
20200116:0630,628.59,41.27,28.38,5.24,0.0
20200116:0730,579.78,29.33,28.33,5.38,0.0
20200116:0830,393.44,16.38,27.89,4.9,0.0
20200116:0930,65.39,2.89,27.47,4.83,0.0
20200116:1030,0.0,0.0,26.65,4.34,0.0
20200116:1130,0.0,0.0,26.1,4.69,0.0
20200116:1230,0.0,0.0,25.66,4.41,0.0
20200116:1330,0.0,0.0,25.51,4.07,0.0
20200116:1430,0.0,0.0,25.42,4.0,0.0
20200116:1530,0.0,0.0,25.31,3.93,0.0
20200116:1630,0.0,0.0,25.2,3.72,0.0
20200116:1730,0.0,0.0,25.18,3.59,0.0
20200116:1830,0.0,0.0,25.19,3.79,0.0
20200116:1930,0.0,0.0,25.04,4.0,0.0
20200116:2030,0.0,0.0,25.06,3.79,0.0
20200116:2130,0.0,0.0,25.01,3.72,0.0
20200116:2230,359.74,3.2,24.93,3.79,0.0
20200116:2330,562.76,16.68,25.14,3.45,0.0
20200117:0030,673.25,29.62,26.21,3.79,0.0
20200117:0130,918.06,41.58,27.18,4.07,0.0
20200117:0230,944.94,51.56,28.25,4.07,0.0
20200117:0330,956.75,57.67,29.02,4.0,0.0
20200117:0430,1009.31,57.63,29.64,4.14,0.0
20200117:0530,980.95,51.46,30.03,4.41,0.0
20200117:0630,790.29,41.45,30.09,4.76,0.0
20200117:0730,609.76,29.48,29.7,4.48,0.0
20200117:0830,630.74,16.52,29.23,4.69,0.0
20200117:0930,381.72,3.01,28.38,4.48,0.0
20200117:1030,0.0,0.0,27.36,4.14,0.0
20200117:1130,0.0,0.0,26.53,3.93,0.0
20200117:1230,0.0,0.0,26.0,4.0,0.0
20200117:1330,0.0,0.0,25.7,3.93,0.0
20200117:1430,0.0,0.0,25.48,3.86,0.0
20200117:1530,0.0,0.0,25.32,3.66,0.0
20200117:1630,0.0,0.0,25.12,3.72,0.0
20200117:1730,0.0,0.0,24.99,3.66,0.0
20200117:1830,0.0,0.0,24.83,3.66,0.0
20200117:1930,0.0,0.0,24.8,4.0,0.0
20200117:2030,0.0,0.0,24.75,4.0,0.0
20200117:2130,0.0,0.0,24.79,3.93,0.0
20200117:2230,240.22,3.16,24.74,3.86,0.0
20200117:2330,619.19,16.66,25.0,3.66,0.0
20200118:0030,750.09,29.64,26.09,4.55,0.0
20200118:0130,799.96,41.64,27.13,4.97,0.0
20200118:0230,874.02,51.67,27.79,5.1,0.0
20200118:0330,745.62,57.85,28.52,5.38,0.0
20200118:0430,834.65,57.85,28.86,5.38,0.0
20200118:0530,793.3,51.67,29.05,5.38,0.0
20200118:0630,677.21,41.63,28.82,5.38,0.0
20200118:0730,663.63,29.64,28.78,4.97,0.0
20200118:0830,375.02,16.65,28.23,5.1,0.0
20200118:0930,310.98,3.13,27.81,4.41,0.0
20200118:1030,0.0,0.0,26.93,4.21,0.0
20200118:1130,0.0,0.0,26.18,4.34,0.0
20200118:1230,0.0,0.0,25.63,4.55,0.0
20200118:1330,0.0,0.0,25.23,4.62,0.0
20200118:1430,0.0,0.0,25.03,4.55,0.0
20200118:1530,0.0,0.0,25.01,4.41,0.0
20200118:1630,0.0,0.0,24.99,4.28,0.0
20200118:1730,0.0,0.0,24.89,4.28,0.0
20200118:1830,0.0,0.0,24.86,4.34,0.0
20200118:1930,0.0,0.0,24.75,4.21,0.0
20200118:2030,0.0,0.0,24.67,4.14,0.0
20200118:2130,0.0,0.0,24.64,4.14,0.0
20200118:2230,347.95,3.13,24.62,4.07,0.0
20200118:2330,513.45,16.66,24.82,3.93,0.0
20200119:0030,691.88,29.67,25.7,4.83,0.0
20200119:0130,843.44,41.7,26.8,4.76,0.0
20200119:0230,851.13,51.79,27.76,4.48,0.0
20200119:0330,894.91,58.03,28.3,4.41,0.0
20200119:0430,829.93,58.06,28.91,4.34,0.0
20200119:0530,816.88,51.88,29.01,4.34,0.0
20200119:0630,794.65,41.82,28.79,4.62,0.0
20200119:0730,622.74,29.8,28.26,5.79,0.0
20200119:0830,534.54,16.79,27.72,6.14,0.0
20200119:0930,336.8,3.25,27.21,6.0,0.0
20200119:1030,0.0,0.0,26.23,6.28,0.0
20200119:1130,0.0,0.0,25.63,6.41,0.0
20200119:1230,0.0,0.0,25.44,6.41,0.0
20200119:1330,0.0,0.0,25.33,6.48,0.0
20200119:1430,0.0,0.0,25.26,6.28,0.0
20200119:1530,0.0,0.0,25.16,6.28,0.0
20200119:1630,0.0,0.0,25.24,6.07,0.0
20200119:1730,0.0,0.0,25.26,6.07,0.0
20200119:1830,0.0,0.0,25.28,6.0,0.0
20200119:1930,0.0,0.0,25.13,5.93,0.0
20200119:2030,0.0,0.0,25.2,5.86,0.0
20200119:2130,0.0,0.0,25.15,5.79,0.0
20200119:2230,240.96,3.11,25.07,5.86,0.0
20200119:2330,290.5,16.65,25.17,6.14,0.0
20200120:0030,216.88,29.7,25.63,6.97,0.0
20200120:0130,55.09,41.77,25.14,7.31,0.0
20200120:0230,62.21,51.92,24.81,7.1,0.0
20200120:0330,108.8,58.22,24.84,7.17,0.0
20200120:0430,158.89,58.29,25.11,7.17,0.0
20200120:0530,169.44,52.09,25.47,6.83,0.0
20200120:0630,219.43,42.0,25.91,6.76,0.0
20200120:0730,315.54,29.96,26.13,6.48,0.0
20200120:0830,289.17,16.93,26.29,6.28,0.0
20200120:0930,264.38,3.37,26.37,6.41,0.0
20200120:1030,0.0,0.0,26.02,6.28,0.0
20200120:1130,0.0,0.0,25.78,6.48,0.0
20200120:1230,0.0,0.0,25.58,6.9,0.0
20200120:1330,0.0,0.0,25.4,7.24,0.0
20200120:1430,0.0,0.0,25.25,7.45,0.0
20200120:1530,0.0,0.0,25.04,7.52,0.0
20200120:1630,0.0,0.0,24.8,7.59,0.0
20200120:1730,0.0,0.0,24.49,7.45,0.0
20200120:1830,0.0,0.0,24.24,7.24,0.0
20200120:1930,0.0,0.0,24.13,7.31,0.0
20200120:2030,0.0,0.0,24.01,7.31,0.0
20200120:2130,0.0,0.0,23.9,7.24,0.0
20200120:2230,430.75,3.08,23.9,7.24,0.0
20200120:2330,730.46,16.65,24.07,7.38,0.0
20200121:0030,786.83,29.73,24.84,7.86,0.0
20200121:0130,851.32,41.85,25.45,8.97,0.0
20200121:0230,944.28,52.05,26.07,9.31,0.0
20200121:0330,950.66,58.41,26.61,9.52,0.0
20200121:0430,1021.9,58.52,26.91,9.59,0.0
20200121:0530,1028.09,52.31,27.08,9.52,0.0
20200121:0630,984.3,42.19,27.07,9.38,0.0
20200121:0730,936.5,30.12,26.82,9.1,0.0
20200121:0830,783.21,17.06,26.55,8.69,0.0
20200121:0930,501.37,3.48,26.03,7.45,0.0
20200121:1030,0.0,0.0,25.31,6.41,0.0
20200121:1130,0.0,0.0,24.9,6.14,0.0
20200121:1230,0.0,0.0,24.69,6.41,0.0
20200121:1330,0.0,0.0,24.54,6.9,0.0
20200121:1430,0.0,0.0,24.38,7.24,0.0
20200121:1530,0.0,0.0,24.15,7.17,0.0
20200121:1630,0.0,0.0,23.97,7.24,0.0
20200121:1730,0.0,0.0,23.79,7.17,0.0
20200121:1830,0.0,0.0,23.49,6.9,0.0
20200121:1930,0.0,0.0,23.37,6.83,0.0
20200121:2030,0.0,0.0,23.3,6.69,0.0
20200121:2130,0.0,0.0,23.26,6.55,0.0
20200121:2230,388.28,3.06,23.41,6.41,0.0
20200121:2330,615.87,16.66,23.7,6.0,0.0
20200122:0030,735.07,29.77,24.45,6.76,0.0
20200122:0130,806.32,41.92,25.43,7.45,0.0
20200122:0230,886.54,52.18,26.0,7.24,0.0
20200122:0330,808.53,58.62,26.75,7.72,0.0
20200122:0430,917.6,58.75,26.82,7.59,0.0
20200122:0530,897.51,52.53,27.12,7.79,0.0
20200122:0630,629.86,42.38,27.1,7.72,0.0
20200122:0730,700.37,30.28,26.63,7.45,0.0
20200122:0830,508.46,17.2,26.3,7.38,0.0
20200122:0930,419.99,3.6,25.79,6.76,0.0
20200122:1030,0.0,0.0,25.31,6.21,0.0
20200122:1130,0.0,0.0,25.11,5.86,0.0
20200122:1230,0.0,0.0,24.96,5.79,0.0
20200122:1330,0.0,0.0,24.87,6.14,0.0
20200122:1430,0.0,0.0,24.83,6.55,0.0
20200122:1530,0.0,0.0,24.65,6.83,0.0
20200122:1630,0.0,0.0,24.44,6.83,0.0
20200122:1730,0.0,0.0,24.25,6.69,0.0
20200122:1830,0.0,0.0,24.1,6.55,0.0
20200122:1930,0.0,0.0,24.14,6.76,0.0
20200122:2030,0.0,0.0,24.06,6.69,0.0
20200122:2130,0.0,0.0,23.97,6.41,0.0
20200122:2230,423.42,3.05,23.94,6.14,0.0
20200122:2330,638.07,16.66,24.15,6.28,0.0
20200123:0030,684.99,29.81,25.08,6.69,0.0
20200123:0130,768.58,42.01,25.91,8.07,0.0
20200123:0230,807.25,52.32,26.64,8.07,0.0
20200123:0330,826.87,58.82,27.41,7.93,0.0
20200123:0430,888.68,59.0,27.81,7.52,0.0
20200123:0530,837.02,52.75,28.23,7.03,0.0
20200123:0630,810.37,42.57,28.15,6.62,0.0
20200123:0730,772.0,30.43,27.92,6.69,0.0
20200123:0830,588.53,17.33,27.4,6.83,0.0
20200123:0930,405.24,3.71,26.66,6.28,0.0
20200123:1030,0.0,0.0,25.9,5.79,0.0
20200123:1130,0.0,0.0,25.57,5.52,0.0
20200123:1230,0.0,0.0,25.57,5.59,0.0
20200123:1330,0.0,0.0,25.56,5.93,0.0
20200123:1430,0.0,0.0,25.5,6.21,0.0
20200123:1530,0.0,0.0,25.25,6.0,0.0
20200123:1630,0.0,0.0,25.06,5.72,0.0
20200123:1730,0.0,0.0,24.84,5.52,0.0
20200123:1830,0.0,0.0,24.76,5.31,0.0
20200123:1930,0.0,0.0,25.01,5.31,0.0
20200123:2030,0.0,0.0,24.9,5.03,0.0
20200123:2130,0.0,0.0,24.92,4.97,0.0
20200123:2230,292.6,3.03,24.9,4.9,0.0
20200123:2330,536.14,16.67,25.12,4.69,0.0
20200124:0030,766.03,29.86,25.81,5.38,0.0
20200124:0130,755.61,42.1,26.82,6.07,0.0
20200124:0230,739.82,52.47,27.5,6.07,0.0
20200124:0330,653.08,59.04,27.97,5.79,0.0
20200124:0430,805.34,59.24,28.07,5.79,0.0
20200124:0530,534.06,52.98,28.23,6.0,0.0
20200124:0630,720.29,42.76,28.02,5.59,0.0
20200124:0730,611.89,30.59,28.17,5.79,0.0
20200124:0830,593.53,17.47,28.04,6.0,0.0
20200124:0930,342.56,3.82,27.31,5.31,0.0
20200124:1030,0.0,0.0,26.24,5.24,0.0
20200124:1130,0.0,0.0,25.68,4.97,0.0
20200124:1230,0.0,0.0,25.4,5.24,0.0
20200124:1330,0.0,0.0,25.41,5.24,0.0
20200124:1430,0.0,0.0,25.24,5.24,0.0
20200124:1530,0.0,0.0,25.11,5.17,0.0
20200124:1630,0.0,0.0,25.08,4.9,0.0
20200124:1730,0.0,0.0,25.01,4.69,0.0
20200124:1830,0.0,0.0,24.85,4.41,0.0
20200124:1930,0.0,0.0,25.16,4.07,0.0
20200124:2030,0.0,0.0,25.18,4.0,0.0
20200124:2130,0.0,0.0,25.16,4.0,0.0
20200124:2230,203.38,3.03,25.06,4.21,0.0
20200124:2330,245.02,16.69,25.17,4.41,0.0
20200125:0030,469.63,29.91,25.73,5.1,0.0
20200125:0130,712.46,42.19,26.49,5.1,0.0
20200125:0230,716.08,52.62,27.35,4.83,0.0
20200125:0330,792.61,59.26,28.0,4.62,0.0
20200125:0430,926.99,59.49,28.55,4.28,0.0
20200125:0530,860.37,53.21,28.94,4.0,0.0
20200125:0630,287.86,42.95,29.12,3.93,0.0
20200125:0730,318.75,30.75,27.28,4.48,0.0
20200125:0830,346.66,17.6,27.23,4.48,0.0
20200125:0930,166.43,3.94,26.77,4.21,0.0
20200125:1030,0.0,0.0,26.14,3.72,0.0
20200125:1130,0.0,0.0,25.73,3.52,0.0
20200125:1230,0.0,0.0,25.51,3.38,0.0
20200125:1330,0.0,0.0,25.35,3.31,0.0
20200125:1430,0.0,0.0,25.12,3.38,0.0
20200125:1530,0.0,0.0,24.93,3.38,0.0
20200125:1630,0.0,0.0,24.86,3.31,0.0
20200125:1730,0.0,0.0,24.84,3.17,0.0
20200125:1830,0.0,0.0,24.65,2.9,0.0
20200125:1930,0.0,0.0,24.55,3.17,0.0
20200125:2030,0.0,0.0,24.51,2.97,0.0
20200125:2130,0.0,0.0,24.45,2.76,0.0
20200125:2230,463.92,3.02,24.3,2.55,0.0
20200125:2330,741.99,16.71,24.63,2.28,0.0
20200126:0030,880.17,29.96,26.32,2.41,0.0
20200126:0130,836.74,42.29,27.3,2.07,0.0
20200126:0230,854.72,52.78,28.0,1.59,0.0
20200126:0330,802.41,59.48,28.72,1.31,0.0
20200126:0430,763.42,59.75,29.04,1.03,0.0
20200126:0530,767.82,53.44,29.34,0.9,0.0
20200126:0630,711.73,43.14,29.32,1.24,0.0
20200126:0730,577.96,30.91,29.76,0.62,0.0
20200126:0830,479.87,17.73,28.41,0.14,0.0
20200126:0930,234.18,4.05,27.7,1.1,0.0
20200126:1030,0.0,0.0,27.38,1.1,0.0
20200126:1130,0.0,0.0,26.84,0.76,0.0
20200126:1230,0.0,0.0,26.26,2.0,0.0
20200126:1330,0.0,0.0,25.73,2.28,0.0
20200126:1430,0.0,0.0,25.24,2.0,0.0
20200126:1530,0.0,0.0,24.86,1.66,0.0
20200126:1630,0.0,0.0,24.43,1.31,0.0
20200126:1730,0.0,0.0,24.04,1.1,0.0
20200126:1830,0.0,0.0,23.73,1.1,0.0
20200126:1930,0.0,0.0,23.32,1.17,0.0
20200126:2030,0.0,0.0,23.03,1.24,0.0
20200126:2130,0.0,0.0,22.91,1.31,0.0
20200126:2230,399.77,3.02,22.98,1.31,0.0
20200126:2330,560.07,16.73,23.65,0.9,0.0
20200127:0030,811.51,30.02,26.13,0.41,0.0
20200127:0130,860.72,42.39,27.16,0.48,0.0
20200127:0230,885.39,52.94,27.94,0.69,0.0
20200127:0330,736.51,59.71,28.36,0.69,0.0
20200127:0430,917.27,60.01,28.63,0.76,0.0
20200127:0530,791.98,53.67,29.23,1.03,0.0
20200127:0630,739.06,43.34,29.33,1.38,0.0
20200127:0730,651.23,31.07,29.1,1.79,0.0
20200127:0830,387.02,17.86,29.15,1.66,0.0
20200127:0930,266.32,4.15,28.37,1.17,0.0
20200127:1030,0.0,0.0,27.76,1.38,0.0
20200127:1130,0.0,0.0,27.23,1.45,0.0
20200127:1230,0.0,0.0,26.84,1.59,0.0
20200127:1330,0.0,0.0,26.45,1.86,0.0
20200127:1430,0.0,0.0,26.19,2.41,0.0
20200127:1530,0.0,0.0,25.85,2.55,0.0
20200127:1630,0.0,0.0,25.49,2.62,0.0
20200127:1730,0.0,0.0,25.25,2.69,0.0
20200127:1830,0.0,0.0,24.99,2.97,0.0
20200127:1930,0.0,0.0,24.76,3.03,0.0
20200127:2030,0.0,0.0,24.66,3.1,0.0
20200127:2130,0.0,0.0,24.49,3.1,0.0
20200127:2230,392.38,3.02,24.29,2.9,0.0
20200127:2330,677.24,16.76,24.39,3.03,0.0
20200128:0030,881.69,30.08,25.44,3.38,0.0
20200128:0130,821.4,42.5,26.95,3.52,0.0
20200128:0230,827.19,53.11,28.11,3.31,0.0
20200128:0330,797.09,59.95,28.93,3.03,0.0
20200128:0430,796.47,60.27,29.45,2.83,0.0
20200128:0530,935.53,53.91,29.58,2.76,0.0
20200128:0630,824.42,43.53,29.93,2.76,0.0
20200128:0730,779.65,31.23,29.83,2.97,0.0
20200128:0830,585.25,17.99,29.3,3.17,0.0
20200128:0930,407.36,4.26,28.54,3.38,0.0
20200128:1030,0.0,0.0,27.59,3.38,0.0
20200128:1130,0.0,0.0,26.86,3.24,0.0
20200128:1230,0.0,0.0,26.52,3.17,0.0
20200128:1330,0.0,0.0,26.21,3.1,0.0
20200128:1430,0.0,0.0,25.86,3.1,0.0
20200128:1530,0.0,0.0,25.68,3.1,0.0
20200128:1630,0.0,0.0,25.37,3.03,0.0
20200128:1730,0.0,0.0,25.18,3.17,0.0
20200128:1830,0.0,0.0,24.96,3.24,0.0
20200128:1930,0.0,0.0,25.03,3.31,0.0
20200128:2030,0.0,0.0,24.95,3.17,0.0
20200128:2130,0.0,0.0,24.79,3.03,0.0
20200128:2230,424.13,3.03,24.55,2.9,0.0
20200128:2330,597.19,16.79,24.74,2.83,0.0
20200129:0030,710.17,30.15,25.89,3.52,0.0
20200129:0130,949.48,42.61,26.95,3.38,0.0
20200129:0230,941.92,53.28,28.1,3.59,0.0
20200129:0330,966.65,60.19,28.72,3.66,0.0
20200129:0430,927.8,60.54,29.25,3.52,0.0
20200129:0530,831.23,54.15,29.63,3.31,0.0
20200129:0630,894.16,43.72,29.43,3.17,0.0
20200129:0730,628.96,31.39,29.44,2.97,0.0
20200129:0830,492.89,18.12,28.59,2.83,0.0
20200129:0930,349.52,4.37,28.24,2.55,0.0
20200129:1030,0.0,0.0,27.54,2.21,0.0
20200129:1130,0.0,0.0,26.84,2.28,0.0
20200129:1230,0.0,0.0,26.35,2.41,0.0
20200129:1330,0.0,0.0,25.82,2.69,0.0
20200129:1430,0.0,0.0,25.39,2.9,0.0
20200129:1530,0.0,0.0,25.0,2.97,0.0
20200129:1630,0.0,0.0,24.57,2.9,0.0
20200129:1730,0.0,0.0,24.21,2.76,0.0
20200129:1830,0.0,0.0,23.77,2.62,0.0
20200129:1930,0.0,0.0,23.98,2.41,0.0
20200129:2030,0.0,0.0,23.75,2.41,0.0
20200129:2130,0.0,0.0,23.44,2.41,0.0
20200129:2230,273.59,3.04,23.0,2.48,0.0
20200129:2330,389.08,16.83,23.03,2.55,0.0
20200130:0030,694.79,30.22,24.2,2.62,0.0
20200130:0130,931.21,42.72,25.96,3.03,0.0
20200130:0230,1006.82,53.46,27.5,3.24,0.0
20200130:0330,982.36,60.44,28.54,3.1,0.0
20200130:0430,982.58,60.82,29.19,2.97,0.0
20200130:0530,993.3,54.39,29.47,3.03,0.0
20200130:0630,891.41,43.92,29.48,3.45,0.0
20200130:0730,720.69,31.54,28.66,3.1,0.0
20200130:0830,603.43,18.25,28.07,3.72,0.0
20200130:0930,379.97,4.47,27.46,4.14,0.0
20200130:1030,0.0,0.0,26.52,4.28,0.0
20200130:1130,0.0,0.0,25.93,4.41,0.0
20200130:1230,0.0,0.0,25.5,4.28,0.0
20200130:1330,0.0,0.0,25.28,4.28,0.0
20200130:1430,0.0,0.0,25.08,4.21,0.0
20200130:1530,0.0,0.0,24.73,4.14,0.0
20200130:1630,0.0,0.0,24.45,4.0,0.0
20200130:1730,0.0,0.0,24.21,4.0,0.0
20200130:1830,0.0,0.0,23.97,3.86,0.0
20200130:1930,0.0,0.0,23.74,3.59,0.0
20200130:2030,0.0,0.0,23.73,3.72,0.0
20200130:2130,0.0,0.0,23.63,3.66,0.0
20200130:2230,484.49,3.05,23.52,4.0,0.0
20200130:2330,728.61,16.86,23.58,4.28,0.0
20200131:0030,858.48,30.3,24.7,5.03,0.0
20200131:0130,915.78,42.84,26.07,6.07,0.0
20200131:0230,925.34,53.64,26.93,6.48,0.0
20200131:0330,940.36,60.69,27.46,6.62,0.0
20200131:0430,900.84,61.1,27.98,6.76,0.0
20200131:0530,910.29,54.63,28.15,6.83,0.0
20200131:0630,814.37,44.11,28.14,6.62,0.0
20200131:0730,788.4,31.7,27.65,6.48,0.0
20200131:0830,579.01,18.38,27.26,6.69,0.0
20200131:0930,375.5,4.57,26.67,6.41,0.0
20200131:1030,0.0,0.0,25.93,6.14,0.0
20200131:1130,0.0,0.0,25.38,6.14,0.0
20200131:1230,0.0,0.0,25.01,6.0,0.0
20200131:1330,0.0,0.0,24.7,5.93,0.0
20200131:1430,0.0,0.0,24.32,6.14,0.0
20200131:1530,0.0,0.0,23.96,6.28,0.0
20200131:1630,0.0,0.0,23.87,6.07,0.0
20200131:1730,0.0,0.0,23.72,6.0,0.0
20200131:1830,0.0,0.0,23.59,5.93,0.0
20200131:1930,0.0,0.0,23.58,6.07,0.0
20200131:2030,0.0,0.0,23.52,6.21,0.0
20200131:2130,0.0,0.0,23.3,6.41,0.0
20200131:2230,334.82,3.07,23.19,6.34,0.0
20200131:2330,584.93,16.91,23.38,6.14,0.0
20200201:0030,713.69,30.38,24.25,7.45,0.0
20200201:0130,840.41,42.97,25.11,7.79,0.0
20200201:0230,870.76,53.83,25.97,7.86,0.0
20200201:0330,918.9,60.95,26.54,7.93,0.0
20200201:0430,858.07,61.38,26.85,8.07,0.0
20200201:0530,811.37,54.88,27.05,8.0,0.0
20200201:0630,710.23,44.31,26.97,8.0,0.0
20200201:0730,685.7,31.85,26.69,8.07,0.0
20200201:0830,546.28,18.5,26.41,8.14,0.0
20200201:0930,357.96,4.68,25.78,7.45,0.0
20200201:1030,0.0,0.0,25.05,7.1,0.0
20200201:1130,0.0,0.0,24.58,6.9,0.0
20200201:1230,0.0,0.0,24.43,6.9,0.0
20200201:1330,0.0,0.0,24.29,6.76,0.0
20200201:1430,0.0,0.0,24.22,6.83,0.0
20200201:1530,0.0,0.0,24.03,6.69,0.0
20200201:1630,0.0,0.0,23.87,6.55,0.0
20200201:1730,0.0,0.0,23.72,6.34,0.0
20200201:1830,0.0,0.0,23.55,6.28,0.0
20200201:1930,0.0,0.0,23.52,6.34,0.0
20200201:2030,0.0,0.0,23.4,6.41,0.0
20200201:2130,0.0,0.0,23.17,6.55,0.0
20200201:2230,442.66,3.09,23.22,6.76,0.0
20200201:2330,691.96,16.95,23.38,6.55,0.0
20200202:0030,794.72,30.46,24.22,7.86,0.0
20200202:0130,898.48,43.09,25.3,8.76,0.0
20200202:0230,781.98,54.02,26.3,8.9,0.0
20200202:0330,748.2,61.21,26.49,8.9,0.0
20200202:0430,743.01,61.67,26.78,8.62,0.0
20200202:0530,786.64,55.12,26.89,8.48,0.0
20200202:0630,901.79,44.5,26.87,8.55,0.0
20200202:0730,659.88,32.01,27.03,8.48,0.0
20200202:0830,636.53,18.62,26.59,8.28,0.0
20200202:0930,404.5,4.77,26.0,7.86,0.0
20200202:1030,0.0,0.0,25.13,7.38,0.0
20200202:1130,0.0,0.0,24.59,7.24,0.0
20200202:1230,0.0,0.0,24.38,7.1,0.0
20200202:1330,0.0,0.0,24.29,7.03,0.0
20200202:1430,0.0,0.0,24.2,7.1,0.0
20200202:1530,0.0,0.0,23.98,7.1,0.0
20200202:1630,0.0,0.0,23.76,6.97,0.0
20200202:1730,0.0,0.0,23.55,6.69,0.0
20200202:1830,0.0,0.0,23.46,6.48,0.0
20200202:1930,0.0,0.0,23.36,6.48,0.0
20200202:2030,0.0,0.0,23.28,6.41,0.0
20200202:2130,0.0,0.0,23.25,6.34,0.0
20200202:2230,474.55,3.12,23.22,6.21,0.0
20200202:2330,741.5,17.0,23.48,6.21,0.0
20200203:0030,890.74,30.55,24.53,6.62,0.0
20200203:0130,998.98,43.23,25.52,8.07,0.0
20200203:0230,974.17,54.21,26.39,8.55,0.0
20200203:0330,957.89,61.48,27.03,8.69,0.0
20200203:0430,982.15,61.96,27.37,8.62,0.0
20200203:0530,1021.31,55.37,27.59,8.69,0.0
20200203:0630,947.77,44.69,27.59,8.62,0.0
20200203:0730,907.29,32.16,27.06,8.21,0.0
20200203:0830,786.15,18.75,26.67,8.07,0.0
20200203:0930,499.82,4.87,25.98,7.52,0.0
20200203:1030,0.0,0.0,25.1,7.03,0.0
20200203:1130,0.0,0.0,24.53,6.69,0.0
20200203:1230,0.0,0.0,24.2,6.76,0.0
20200203:1330,0.0,0.0,23.95,6.83,0.0
20200203:1430,0.0,0.0,23.76,6.83,0.0
20200203:1530,0.0,0.0,23.6,6.83,0.0
20200203:1630,0.0,0.0,23.45,6.83,0.0
20200203:1730,0.0,0.0,23.26,6.55,0.0
20200203:1830,0.0,0.0,23.1,6.14,0.0
20200203:1930,0.0,0.0,23.06,5.93,0.0
20200203:2030,0.0,0.0,23.02,5.79,0.0
20200203:2130,0.0,0.0,22.99,5.66,0.0
20200203:2230,567.06,3.14,22.96,5.45,0.0
20200203:2330,782.81,17.06,23.23,5.31,0.0
20200204:0030,966.62,30.64,24.53,5.52,0.0
20200204:0130,954.98,43.36,25.8,6.97,0.0
20200204:0230,955.29,54.42,26.76,7.24,0.0
20200204:0330,955.46,61.76,27.45,7.1,0.0
20200204:0430,891.51,62.26,27.83,7.03,0.0
20200204:0530,880.33,55.62,27.88,7.03,0.0
20200204:0630,773.38,44.89,27.91,7.1,0.0
20200204:0730,710.45,32.31,27.38,6.9,0.0
20200204:0830,560.87,18.86,26.8,6.9,0.0
20200204:0930,467.18,4.97,26.14,6.28,0.0
20200204:1030,0.0,0.0,25.26,5.31,0.0
20200204:1130,0.0,0.0,24.49,4.76,0.0
20200204:1230,0.0,0.0,24.06,4.55,0.0
20200204:1330,0.0,0.0,23.77,4.62,0.0
20200204:1430,0.0,0.0,23.64,4.83,0.0
20200204:1530,0.0,0.0,23.61,5.03,0.0
20200204:1630,0.0,0.0,23.64,5.17,0.0
20200204:1730,0.0,0.0,23.49,4.9,0.0
20200204:1830,0.0,0.0,23.35,4.55,0.0
20200204:1930,0.0,0.0,23.47,4.34,0.0
20200204:2030,0.0,0.0,23.42,4.41,0.0
20200204:2130,0.0,0.0,23.5,4.48,0.0
20200204:2230,269.1,3.18,23.41,4.48,0.0
20200204:2330,494.32,17.12,23.54,4.48,0.0
20200205:0030,647.81,30.73,24.76,5.03,0.0
20200205:0130,735.37,43.5,26.15,6.9,0.0
20200205:0230,676.93,54.62,27.07,6.97,0.0
20200205:0330,658.41,62.03,27.7,6.48,0.0
20200205:0430,653.86,62.56,28.0,6.48,0.0
20200205:0530,831.24,55.87,28.04,6.55,0.0
20200205:0630,374.26,45.08,28.32,6.83,0.0
20200205:0730,382.92,32.46,27.62,6.28,0.0
20200205:0830,239.98,18.98,26.99,6.14,0.0
20200205:0930,20.71,5.06,26.28,5.66,0.0
20200205:1030,0.0,0.0,25.8,5.24,0.0
20200205:1130,0.0,0.0,25.57,5.1,0.0
20200205:1230,0.0,0.0,25.47,5.03,0.0
20200205:1330,0.0,0.0,25.31,5.52,0.0
20200205:1430,0.0,0.0,25.1,5.52,0.0
20200205:1530,0.0,0.0,25.02,5.59,0.0
20200205:1630,0.0,0.0,24.95,5.86,0.0
20200205:1730,0.0,0.0,24.97,5.86,0.0
20200205:1830,0.0,0.0,24.92,5.86,0.0
20200205:1930,0.0,0.0,25.03,6.0,0.0
20200205:2030,0.0,0.0,25.08,6.62,0.0
20200205:2130,0.0,0.0,25.15,6.76,0.0
20200205:2230,81.88,3.21,25.18,6.83,0.0
20200205:2330,210.26,17.18,25.31,6.83,0.0
20200206:0030,350.82,30.83,25.93,7.1,0.0
20200206:0130,563.47,43.64,26.8,8.83,0.0
20200206:0230,699.97,54.83,27.09,7.52,0.0
20200206:0330,564.78,62.32,27.63,7.31,0.0
20200206:0430,600.92,62.86,27.78,7.1,0.0
20200206:0530,562.46,56.12,28.02,6.97,0.0
20200206:0630,396.77,45.27,27.93,7.24,0.0
20200206:0730,278.32,32.61,27.7,6.97,0.0
20200206:0830,55.37,19.1,26.99,6.69,0.0
20200206:0930,11.64,5.15,26.26,5.72,0.0
20200206:1030,0.0,0.0,25.59,5.59,0.0
20200206:1130,0.0,0.0,25.15,5.66,0.0
20200206:1230,0.0,0.0,25.09,5.93,0.0
20200206:1330,0.0,0.0,25.05,5.93,0.0
20200206:1430,0.0,0.0,25.09,5.79,0.0
20200206:1530,0.0,0.0,25.08,5.59,0.0
20200206:1630,0.0,0.0,25.08,5.45,0.0
20200206:1730,0.0,0.0,25.09,5.38,0.0
20200206:1830,0.0,0.0,25.08,5.17,0.0
20200206:1930,0.0,0.0,25.1,4.9,0.0
20200206:2030,0.0,0.0,24.97,4.69,0.0
20200206:2130,0.0,0.0,24.97,4.97,0.0
20200206:2230,11.62,3.25,24.94,4.97,0.0
20200206:2330,69.96,17.24,25.02,5.03,0.0
20200207:0030,361.16,30.93,25.55,5.31,0.0
20200207:0130,415.01,43.79,26.41,6.14,0.0
20200207:0230,598.58,55.04,27.27,6.07,0.0
20200207:0330,642.94,62.61,27.9,6.28,0.0
20200207:0430,440.64,63.17,28.37,6.14,0.0
20200207:0530,615.21,56.37,28.22,5.45,0.0
20200207:0630,490.46,45.46,28.76,5.17,0.0
20200207:0730,323.96,32.75,28.29,4.83,0.0
20200207:0830,275.91,19.21,26.98,4.14,0.0
20200207:0930,84.2,5.24,26.69,4.55,0.0
20200207:1030,0.0,0.0,26.24,4.28,0.0
20200207:1130,0.0,0.0,25.82,4.34,0.0
20200207:1230,0.0,0.0,25.67,4.34,0.0
20200207:1330,0.0,0.0,25.5,4.41,0.0
20200207:1430,0.0,0.0,25.37,3.93,0.0
20200207:1530,0.0,0.0,25.22,3.86,0.0
20200207:1630,0.0,0.0,25.1,4.0,0.0
20200207:1730,0.0,0.0,25.05,4.07,0.0
20200207:1830,0.0,0.0,24.97,4.28,0.0
20200207:1930,0.0,0.0,25.1,4.83,0.0
20200207:2030,0.0,0.0,25.03,5.03,0.0
20200207:2130,0.0,0.0,24.83,5.03,0.0
20200207:2230,202.56,3.3,24.68,4.83,0.0
20200207:2330,376.07,17.31,24.93,4.69,0.0
20200208:0030,520.5,31.04,25.68,4.83,0.0
20200208:0130,423.38,43.94,26.54,4.83,0.0
20200208:0230,517.44,55.26,26.95,4.55,0.0
20200208:0330,669.85,62.9,27.51,4.55,0.0
20200208:0430,627.51,63.48,28.07,4.69,0.0
20200208:0530,725.08,56.62,28.11,4.9,0.0
20200208:0630,695.62,45.65,28.31,5.31,0.0
20200208:0730,544.87,32.9,27.93,5.59,0.0
20200208:0830,549.91,19.32,27.68,5.72,0.0
20200208:0930,189.89,5.33,27.33,5.59,0.0
20200208:1030,0.0,0.0,26.52,5.1,0.0
20200208:1130,0.0,0.0,25.94,5.03,0.0
20200208:1230,0.0,0.0,25.63,5.17,0.0
20200208:1330,0.0,0.0,25.46,5.38,0.0
20200208:1430,0.0,0.0,25.37,5.52,0.0
20200208:1530,0.0,0.0,25.33,5.66,0.0
20200208:1630,0.0,0.0,25.29,5.59,0.0
20200208:1730,0.0,0.0,25.12,5.45,0.0
20200208:1830,0.0,0.0,25.05,5.24,0.0
20200208:1930,0.0,0.0,24.97,4.62,0.0
20200208:2030,0.0,0.0,24.79,4.62,0.0
20200208:2130,0.0,0.0,24.63,4.76,0.0
20200208:2230,463.35,3.35,24.43,4.76,0.0
20200208:2330,681.02,17.39,24.5,4.62,0.0
20200209:0030,874.01,31.15,25.49,5.93,0.0
20200209:0130,843.79,44.1,26.49,6.76,0.0
20200209:0230,831.8,55.48,27.32,7.24,0.0
20200209:0330,792.46,63.2,27.59,7.31,0.0
20200209:0430,890.07,63.79,27.82,7.66,0.0
20200209:0530,713.68,56.87,28.21,8.0,0.0
20200209:0630,782.45,45.84,27.82,7.79,0.0
20200209:0730,649.54,33.04,27.81,7.72,0.0
20200209:0830,542.57,19.43,27.22,7.66,0.0
20200209:0930,320.63,5.41,26.27,7.24,0.0
20200209:1030,0.0,0.0,25.69,7.59,0.0
20200209:1130,0.0,0.0,25.17,7.03,0.0
20200209:1230,0.0,0.0,24.93,6.97,0.0
20200209:1330,0.0,0.0,24.87,7.03,0.0
20200209:1430,0.0,0.0,24.84,6.97,0.0
20200209:1530,0.0,0.0,24.65,7.03,0.0
20200209:1630,0.0,0.0,24.55,6.9,0.0
20200209:1730,0.0,0.0,24.36,6.97,0.0
20200209:1830,0.0,0.0,24.36,7.03,0.0
20200209:1930,0.0,0.0,24.35,7.24,0.0
20200209:2030,0.0,0.0,24.26,7.24,0.0
20200209:2130,0.0,0.0,24.23,7.38,0.0
20200209:2230,33.61,3.4,24.36,7.38,0.0
20200209:2330,170.32,17.46,24.35,7.59,0.0
20200210:0030,333.11,31.26,24.84,7.52,0.0
20200210:0130,653.46,44.26,25.33,8.34,0.0
20200210:0230,667.45,55.7,26.01,9.1,0.0
20200210:0330,582.36,63.5,26.23,9.31,0.0
20200210:0430,611.66,64.1,26.43,9.72,0.0
20200210:0530,737.47,57.12,26.68,9.24,0.0
20200210:0630,716.65,46.02,26.74,9.45,0.0
20200210:0730,737.62,33.18,26.91,10.41,0.0
20200210:0830,439.39,19.54,26.64,10.14,0.0
20200210:0930,256.76,5.49,25.97,9.38,0.0
20200210:1030,0.0,0.0,25.44,9.03,0.0
20200210:1130,0.0,0.0,25.09,8.76,0.0
20200210:1230,0.0,0.0,24.95,8.55,0.0
20200210:1330,0.0,0.0,24.82,8.28,0.0
20200210:1430,0.0,0.0,24.53,8.07,0.0
20200210:1530,0.0,0.0,24.42,7.93,0.0
20200210:1630,0.0,0.0,24.24,7.66,0.0
20200210:1730,0.0,0.0,24.0,7.52,0.0
20200210:1830,0.0,0.0,23.8,7.45,0.0
20200210:1930,0.0,0.0,23.8,7.38,0.0
20200210:2030,0.0,0.0,23.74,7.38,0.0
20200210:2130,0.0,0.0,23.69,7.38,0.0
20200210:2230,347.72,3.46,23.65,7.38,0.0
20200210:2330,682.76,17.54,23.94,7.31,0.0
20200211:0030,837.72,31.37,24.81,8.34,0.0
20200211:0130,907.2,44.42,25.53,8.97,0.0
20200211:0230,900.97,55.93,26.31,9.1,0.0
20200211:0330,947.63,63.8,26.85,9.03,0.0
20200211:0430,962.35,64.42,27.31,9.03,0.0
20200211:0530,939.49,57.37,27.56,9.03,0.0
20200211:0630,853.79,46.21,27.47,8.9,0.0
20200211:0730,769.37,33.32,26.96,8.55,0.0
20200211:0830,734.73,19.64,26.58,8.55,0.0
20200211:0930,449.7,5.57,26.05,8.14,0.0
20200211:1030,0.0,0.0,25.27,7.66,0.0
20200211:1130,0.0,0.0,24.87,7.38,0.0
20200211:1230,0.0,0.0,24.7,7.31,0.0
20200211:1330,0.0,0.0,24.58,7.38,0.0
20200211:1430,0.0,0.0,24.44,7.38,0.0
20200211:1530,0.0,0.0,24.25,7.38,0.0
20200211:1630,0.0,0.0,24.06,7.17,0.0
20200211:1730,0.0,0.0,23.84,6.83,0.0
20200211:1830,0.0,0.0,23.6,6.48,0.0
20200211:1930,0.0,0.0,23.52,6.28,0.0
20200211:2030,0.0,0.0,23.41,6.28,0.0
20200211:2130,0.0,0.0,23.33,6.14,0.0
20200211:2230,493.84,3.51,23.26,6.0,0.0
20200211:2330,772.53,17.63,23.43,5.86,0.0
20200212:0030,836.55,31.49,24.5,6.28,0.0
20200212:0130,1009.78,44.58,25.53,7.24,0.0
20200212:0230,967.44,56.16,26.64,7.31,0.0
20200212:0330,970.0,64.11,27.4,7.31,0.0
20200212:0430,933.66,64.74,27.97,7.45,0.0
20200212:0530,803.53,57.62,28.25,7.45,0.0
20200212:0630,681.57,46.39,28.09,7.24,0.0
20200212:0730,654.26,33.45,27.85,6.9,0.0
20200212:0830,698.71,19.75,27.36,6.83,0.0
20200212:0930,439.79,5.65,26.72,6.34,0.0
20200212:1030,0.0,0.0,25.88,5.72,0.0
20200212:1130,0.0,0.0,25.2,5.66,0.0
20200212:1230,0.0,0.0,24.84,5.52,0.0
20200212:1330,0.0,0.0,24.55,5.45,0.0
20200212:1430,0.0,0.0,24.32,5.45,0.0
20200212:1530,0.0,0.0,24.14,5.52,0.0
20200212:1630,0.0,0.0,23.95,5.45,0.0
20200212:1730,0.0,0.0,23.89,5.31,0.0
20200212:1830,0.0,0.0,23.77,5.17,0.0
20200212:1930,0.0,0.0,23.86,5.03,0.0
20200212:2030,0.0,0.0,23.83,5.03,0.0
20200212:2130,0.0,0.0,23.68,4.9,0.0
20200212:2230,404.5,3.58,23.66,4.83,0.0
20200212:2330,696.09,17.71,23.85,4.62,0.0
20200213:0030,822.91,31.62,24.91,5.1,0.0
20200213:0130,870.28,44.75,26.23,5.72,0.0
20200213:0230,767.53,56.4,27.22,5.52,0.0
20200213:0330,849.13,64.43,27.84,5.31,0.0
20200213:0430,762.33,65.07,28.21,5.38,0.0
20200213:0530,674.51,57.87,28.41,5.45,0.0
20200213:0630,754.19,46.57,28.36,5.52,0.0
20200213:0730,483.4,33.59,28.26,5.45,0.0
20200213:0830,418.98,19.85,27.55,5.17,0.0
20200213:0930,214.34,5.72,26.87,4.9,0.0
20200213:1030,0.0,0.0,26.06,4.48,0.0
20200213:1130,0.0,0.0,25.65,4.62,0.0
20200213:1230,0.0,0.0,25.42,4.69,0.0
20200213:1330,0.0,0.0,25.33,4.9,0.0
20200213:1430,0.0,0.0,25.05,5.03,0.0
20200213:1530,0.0,0.0,24.85,5.31,0.0
20200213:1630,0.0,0.0,24.67,5.45,0.0
20200213:1730,0.0,0.0,24.53,5.45,0.0
20200213:1830,0.0,0.0,24.43,5.24,0.0
20200213:1930,0.0,0.0,24.53,5.45,0.0
20200213:2030,0.0,0.0,24.45,5.38,0.0
20200213:2130,0.0,0.0,24.44,5.38,0.0
20200213:2230,429.2,3.64,24.42,5.45,0.0
20200213:2330,725.86,17.81,24.61,5.31,0.0
20200214:0030,882.93,31.74,25.66,6.34,0.0
20200214:0130,838.99,44.92,26.95,7.03,0.0
20200214:0230,672.8,56.63,27.98,7.31,0.0
20200214:0330,801.8,64.75,28.41,7.1,0.0
20200214:0430,820.24,65.4,29.1,6.97,0.0
20200214:0530,761.85,58.12,29.53,6.55,0.0
20200214:0630,630.22,46.75,29.65,6.07,0.0
20200214:0730,667.96,33.72,29.14,5.79,0.0
20200214:0830,561.63,19.94,28.78,5.86,0.0
20200214:0930,354.2,5.8,28.13,5.45,0.0
20200214:1030,0.0,0.0,27.1,4.97,0.0
20200214:1130,0.0,0.0,26.36,5.03,0.0
20200214:1230,0.0,0.0,25.94,5.1,0.0
20200214:1330,0.0,0.0,25.7,5.03,0.0
20200214:1430,0.0,0.0,25.54,4.83,0.0
20200214:1530,0.0,0.0,25.31,4.83,0.0
20200214:1630,0.0,0.0,25.12,5.03,0.0
20200214:1730,0.0,0.0,24.97,5.17,0.0
20200214:1830,0.0,0.0,24.79,5.24,0.0
20200214:1930,0.0,0.0,24.77,4.9,0.0
20200214:2030,0.0,0.0,24.67,5.17,0.0
20200214:2130,0.0,0.0,24.55,5.45,0.0
20200214:2230,441.84,3.72,24.47,5.79,0.0
20200214:2330,695.39,17.9,24.62,5.72,0.0
20200215:0030,715.85,31.87,25.54,7.66,0.0
20200215:0130,674.73,45.09,26.59,7.38,0.0
20200215:0230,795.36,56.87,27.32,7.66,0.0
20200215:0330,835.71,65.07,28.1,7.79,0.0
20200215:0430,883.48,65.72,28.5,7.59,0.0
20200215:0530,859.6,58.37,28.71,7.24,0.0
20200215:0630,850.23,46.92,28.76,6.97,0.0
20200215:0730,961.48,33.84,28.81,6.83,0.0
20200215:0830,836.69,20.04,28.39,6.34,0.0
20200215:0930,520.44,5.87,27.66,5.38,0.0
20200215:1030,0.0,0.0,26.43,4.69,0.0
20200215:1130,0.0,0.0,25.62,4.9,0.0
20200215:1230,0.0,0.0,25.28,5.17,0.0
20200215:1330,0.0,0.0,25.1,5.24,0.0
20200215:1430,0.0,0.0,24.9,5.17,0.0
20200215:1530,0.0,0.0,24.71,5.1,0.0
20200215:1630,0.0,0.0,24.61,5.17,0.0
20200215:1730,0.0,0.0,24.53,5.1,0.0
20200215:1830,0.0,0.0,24.38,5.03,0.0
20200215:1930,0.0,0.0,24.28,4.9,0.0
20200215:2030,0.0,0.0,24.11,4.9,0.0
20200215:2130,0.0,0.0,23.9,4.9,0.0
20200215:2230,500.47,3.79,23.83,5.03,0.0
20200215:2330,690.02,18.0,24.13,4.97,0.0
20200216:0030,802.42,32.0,25.27,6.0,0.0
20200216:0130,681.38,45.27,26.64,6.69,0.0
20200216:0230,720.84,57.12,27.6,6.41,0.0
20200216:0330,825.33,65.4,28.27,6.14,0.0
20200216:0430,760.08,66.06,28.82,5.72,0.0
20200216:0530,702.56,58.61,28.99,5.17,0.0
20200216:0630,666.19,47.1,29.11,4.97,0.0
20200216:0730,565.08,33.97,28.97,5.24,0.0
20200216:0830,649.87,20.13,28.25,5.59,0.0
20200216:0930,419.63,5.93,27.69,5.79,0.0
20200216:1030,0.0,0.0,26.62,5.24,0.0
20200216:1130,0.0,0.0,25.98,5.17,0.0
20200216:1230,0.0,0.0,25.62,5.17,0.0
20200216:1330,0.0,0.0,25.42,5.24,0.0
20200216:1430,0.0,0.0,25.13,5.31,0.0
20200216:1530,0.0,0.0,24.79,5.1,0.0
20200216:1630,0.0,0.0,24.58,4.83,0.0
20200216:1730,0.0,0.0,24.48,4.69,0.0
20200216:1830,0.0,0.0,24.32,4.9,0.0
20200216:1930,0.0,0.0,24.38,5.31,0.0
20200216:2030,0.0,0.0,24.19,5.38,0.0
20200216:2130,0.0,0.0,24.04,5.38,0.0
20200216:2230,372.86,3.87,23.94,5.52,0.0
20200216:2330,558.97,18.1,24.23,5.93,0.0
20200217:0030,692.89,32.14,25.11,7.45,0.0
20200217:0130,838.57,45.45,26.07,7.79,0.0
20200217:0230,709.04,57.37,27.33,8.14,0.0
20200217:0330,873.71,65.73,27.51,7.86,0.0
20200217:0430,828.77,66.39,28.4,8.28,0.0
20200217:0530,664.82,58.86,28.59,8.41,0.0
20200217:0630,777.02,47.27,28.34,8.0,0.0
20200217:0730,555.22,34.09,28.35,7.72,0.0
20200217:0830,582.62,20.22,27.97,7.66,0.0
20200217:0930,431.41,6.0,27.46,7.17,0.0
20200217:1030,0.0,0.0,26.72,6.62,0.0
20200217:1130,0.0,0.0,26.18,6.69,0.0
20200217:1230,0.0,0.0,25.8,6.9,0.0
20200217:1330,0.0,0.0,25.52,7.1,0.0
20200217:1430,0.0,0.0,25.27,7.31,0.0
20200217:1530,0.0,0.0,24.99,7.31,0.0
20200217:1630,0.0,0.0,24.7,7.24,0.0
20200217:1730,0.0,0.0,24.44,7.17,0.0
20200217:1830,0.0,0.0,24.11,7.1,0.0
20200217:1930,0.0,0.0,24.2,7.59,0.0
20200217:2030,0.0,0.0,24.03,7.66,0.0
20200217:2130,0.0,0.0,23.88,7.66,0.0
20200217:2230,400.5,3.95,23.86,7.59,0.0
20200217:2330,741.01,18.2,24.11,7.1,0.0
20200218:0030,877.94,32.28,25.24,8.48,0.0
20200218:0130,960.62,45.63,26.22,9.31,0.0
20200218:0230,979.37,57.62,27.19,9.45,0.0
20200218:0330,970.08,66.06,27.73,9.45,0.0
20200218:0430,945.65,66.72,28.09,9.38,0.0
20200218:0530,954.58,59.1,28.32,9.03,0.0
20200218:0630,974.56,47.44,28.22,8.83,0.0
20200218:0730,856.89,34.21,28.21,8.76,0.0
20200218:0830,597.57,20.31,27.7,8.34,0.0
20200218:0930,409.25,6.06,26.98,7.86,0.0
20200218:1030,0.0,0.0,26.11,7.45,0.0
20200218:1130,0.0,0.0,25.56,7.38,0.0
20200218:1230,0.0,0.0,25.03,7.59,0.0
20200218:1330,0.0,0.0,24.8,7.86,0.0
20200218:1430,0.0,0.0,24.49,7.86,0.0
20200218:1530,0.0,0.0,24.39,7.79,0.0
20200218:1630,0.0,0.0,24.38,7.66,0.0
20200218:1730,0.0,0.0,24.1,7.38,0.0
20200218:1830,0.0,0.0,23.87,7.31,0.0
20200218:1930,0.0,0.0,23.9,7.31,0.0
20200218:2030,0.0,0.0,23.65,7.59,0.0
20200218:2130,0.0,0.0,23.6,7.72,0.0
20200218:2230,420.82,4.03,23.66,7.72,0.0
20200218:2330,610.53,18.31,23.73,7.45,0.0
20200219:0030,773.92,32.42,24.51,9.03,0.0
20200219:0130,680.05,45.82,25.47,9.72,0.0
20200219:0230,731.13,57.87,26.14,9.93,0.0
20200219:0330,935.13,66.4,26.52,9.93,0.0
20200219:0430,769.36,67.06,27.3,10.0,0.0
20200219:0530,792.02,59.34,27.16,9.79,0.0
20200219:0630,685.71,47.6,27.12,9.86,0.0
20200219:0730,752.51,34.33,26.71,9.79,0.0
20200219:0830,578.97,20.39,26.32,9.86,0.0
20200219:0930,300.78,6.12,25.6,9.45,0.0
20200219:1030,0.0,0.0,24.84,8.62,0.0
20200219:1130,0.0,0.0,24.49,8.14,0.0
20200219:1230,0.0,0.0,24.36,8.14,0.0
20200219:1330,0.0,0.0,24.37,8.48,0.0
20200219:1430,0.0,0.0,24.25,8.55,0.0
20200219:1530,0.0,0.0,24.06,8.48,0.0
20200219:1630,0.0,0.0,24.0,8.41,0.0
20200219:1730,0.0,0.0,23.75,8.21,0.0
20200219:1830,0.0,0.0,23.5,8.28,0.0
20200219:1930,0.0,0.0,23.71,8.97,0.0
20200219:2030,0.0,0.0,23.82,8.41,0.0
20200219:2130,0.0,0.0,23.75,8.28,0.0
20200219:2230,321.31,4.12,23.44,8.55,0.0
20200219:2330,584.09,18.42,23.63,8.0,0.0
20200220:0030,455.06,32.56,24.19,8.07,0.0
20200220:0130,729.45,46.0,24.81,8.97,0.0
20200220:0230,782.14,58.12,25.95,9.72,0.0
20200220:0330,707.39,66.74,26.59,9.59,0.0
20200220:0430,810.86,67.4,26.75,9.59,0.0
20200220:0530,884.98,59.58,27.27,9.72,0.0
20200220:0630,621.83,47.76,27.28,9.38,0.0
20200220:0730,735.16,34.44,26.64,8.9,0.0
20200220:0830,478.48,20.47,26.51,9.24,0.0
20200220:0930,367.94,6.18,25.72,7.79,0.0
20200220:1030,0.0,0.0,24.85,7.93,0.0
20200220:1130,0.0,0.0,24.39,8.07,0.0
20200220:1230,0.0,0.0,24.22,8.48,0.0
20200220:1330,0.0,0.0,23.88,8.07,0.0
20200220:1430,0.0,0.0,23.65,7.59,0.0
20200220:1530,0.0,0.0,23.44,8.41,0.0
20200220:1630,0.0,0.0,23.48,8.62,0.0
20200220:1730,0.0,0.0,23.32,8.34,0.0
20200220:1830,0.0,0.0,23.19,7.66,0.0
20200220:1930,0.0,0.0,23.21,8.28,0.0
20200220:2030,0.0,0.0,23.29,8.48,0.0
20200220:2130,0.0,0.0,23.16,7.66,0.0
20200220:2230,248.03,4.21,23.26,7.31,0.0
20200220:2330,359.78,18.53,23.39,6.9,0.0
20200221:0030,664.21,32.7,23.85,6.34,0.0
20200221:0130,800.76,46.19,24.84,7.66,0.0
20200221:0230,922.97,58.38,25.94,7.79,0.0
20200221:0330,828.54,67.08,26.55,8.55,0.0
20200221:0430,841.01,67.74,26.87,8.69,0.0
20200221:0530,796.64,59.82,27.01,8.97,0.0
20200221:0630,763.97,47.92,26.91,9.24,0.0
20200221:0730,687.67,34.55,26.82,8.9,0.0
20200221:0830,595.7,20.55,26.41,8.55,0.0
20200221:0930,378.17,6.24,25.73,7.66,0.0
20200221:1030,0.0,0.0,25.14,7.45,0.0
20200221:1130,0.0,0.0,24.58,7.17,0.0
20200221:1230,0.0,0.0,24.51,7.31,0.0
20200221:1330,0.0,0.0,24.3,7.24,0.0
20200221:1430,0.0,0.0,24.15,6.97,0.0
20200221:1530,0.0,0.0,24.04,6.97,0.0
20200221:1630,0.0,0.0,24.02,6.97,0.0
20200221:1730,0.0,0.0,23.78,7.17,0.0
20200221:1830,0.0,0.0,23.46,7.03,0.0
20200221:1930,0.0,0.0,23.59,7.52,0.0
20200221:2030,0.0,0.0,23.42,7.38,0.0
20200221:2130,0.0,0.0,23.36,7.31,0.0
20200221:2230,199.58,4.31,23.34,7.17,0.0
20200221:2330,486.92,18.65,23.39,7.72,0.0
20200222:0030,566.82,32.85,24.03,7.59,0.0
20200222:0130,812.92,46.38,24.85,8.0,0.0
20200222:0230,764.7,58.64,25.56,8.9,0.0
20200222:0330,879.47,67.43,26.25,8.83,0.0
20200222:0430,990.12,68.08,27.2,9.17,0.0
20200222:0530,914.72,60.06,27.51,9.17,0.0
20200222:0630,961.1,48.08,27.49,9.03,0.0
20200222:0730,787.28,34.65,27.24,8.28,0.0
20200222:0830,718.26,20.62,26.62,8.0,0.0
20200222:0930,459.7,6.29,25.81,7.38,0.0
20200222:1030,0.0,0.0,24.97,7.24,0.0
20200222:1130,0.0,0.0,24.43,7.38,0.0
20200222:1230,0.0,0.0,24.2,7.38,0.0
20200222:1330,0.0,0.0,24.14,7.38,0.0
20200222:1430,0.0,0.0,24.1,7.59,0.0
20200222:1530,0.0,0.0,23.99,7.66,0.0
20200222:1630,0.0,0.0,23.97,7.59,0.0
20200222:1730,0.0,0.0,23.99,7.31,0.0
20200222:1830,0.0,0.0,23.75,6.76,0.0
20200222:1930,0.0,0.0,23.82,6.55,0.0
20200222:2030,0.0,0.0,23.63,6.28,0.0
20200222:2130,0.0,0.0,23.62,6.28,0.0
20200222:2230,508.01,4.41,23.55,6.28,0.0
20200222:2330,739.58,18.77,23.85,6.07,0.0
20200223:0030,866.26,33.0,24.82,6.97,0.0
20200223:0130,970.17,46.58,25.94,7.93,0.0
20200223:0230,914.08,58.9,26.78,7.93,0.0
20200223:0330,865.09,67.77,27.4,7.93,0.0
20200223:0430,929.1,68.42,27.91,8.48,0.0
20200223:0530,826.92,60.29,28.15,8.41,0.0
20200223:0630,858.46,48.23,28.01,8.34,0.0
20200223:0730,888.0,34.76,27.97,8.83,0.0
20200223:0830,743.33,20.69,27.63,8.34,0.0
20200223:0930,459.61,6.34,26.9,7.79,0.0
20200223:1030,0.0,0.0,25.92,7.38,0.0
20200223:1130,0.0,0.0,25.43,7.31,0.0
20200223:1230,0.0,0.0,25.03,7.1,0.0
20200223:1330,0.0,0.0,24.93,6.97,0.0
20200223:1430,0.0,0.0,24.85,6.83,0.0
20200223:1530,0.0,0.0,24.72,6.62,0.0
20200223:1630,0.0,0.0,24.74,6.41,0.0
20200223:1730,0.0,0.0,24.64,6.0,0.0
20200223:1830,0.0,0.0,24.48,5.72,0.0
20200223:1930,0.0,0.0,24.43,5.79,0.0
20200223:2030,0.0,0.0,24.28,5.72,0.0
20200223:2130,0.0,0.0,24.25,5.79,0.0
20200223:2230,389.49,4.51,24.19,5.93,0.0
20200223:2330,644.77,18.89,24.47,5.59,0.0
20200224:0030,710.5,33.15,25.44,6.83,0.0
20200224:0130,835.05,46.77,26.34,7.17,0.0
20200224:0230,950.88,59.16,27.34,7.38,0.0
20200224:0330,967.01,68.13,28.3,7.38,0.0
20200224:0430,959.43,68.76,28.99,7.59,0.0
20200224:0530,866.05,60.52,29.27,7.59,0.0
20200224:0630,894.28,48.38,29.06,7.52,0.0
20200224:0730,665.85,34.86,28.9,7.52,0.0
20200224:0830,681.49,20.76,28.34,7.31,0.0
20200224:0930,426.25,6.39,27.81,6.55,0.0
20200224:1030,0.0,0.0,26.99,5.86,0.0
20200224:1130,0.0,0.0,26.36,5.72,0.0
20200224:1230,0.0,0.0,25.97,5.66,0.0
20200224:1330,0.0,0.0,25.77,6.0,0.0
20200224:1430,0.0,0.0,25.55,6.41,0.0
20200224:1530,0.0,0.0,25.22,6.21,0.0
20200224:1630,0.0,0.0,24.83,6.14,0.0
20200224:1730,0.0,0.0,24.56,6.07,0.0
20200224:1830,0.0,0.0,24.38,6.14,0.0
20200224:1930,0.0,0.0,24.42,6.14,0.0
20200224:2030,0.0,0.0,24.31,6.07,0.0
20200224:2130,0.0,0.0,24.11,5.79,0.0
20200224:2230,481.05,4.61,24.1,5.72,0.0
20200224:2330,715.71,19.01,24.52,5.52,0.0
20200225:0030,882.25,33.31,25.59,6.69,0.0
20200225:0130,836.96,46.97,26.7,7.38,0.0
20200225:0230,913.95,59.43,27.52,7.59,0.0
20200225:0330,977.08,68.48,28.32,7.79,0.0
20200225:0430,842.96,69.1,28.85,7.59,0.0
20200225:0530,873.14,60.74,28.99,7.45,0.0
20200225:0630,718.34,48.52,28.94,7.24,0.0
20200225:0730,733.06,34.96,28.5,7.38,0.0
20200225:0830,654.26,20.83,28.08,7.17,0.0
20200225:0930,441.69,6.43,27.43,6.69,0.0
20200225:1030,0.0,0.0,26.56,5.93,0.0
20200225:1130,0.0,0.0,26.05,5.79,0.0
20200225:1230,0.0,0.0,25.7,5.66,0.0
20200225:1330,0.0,0.0,25.49,5.79,0.0
20200225:1430,0.0,0.0,25.24,6.0,0.0
20200225:1530,0.0,0.0,25.0,6.07,0.0
20200225:1630,0.0,0.0,24.79,6.14,0.0
20200225:1730,0.0,0.0,24.6,5.93,0.0
20200225:1830,0.0,0.0,24.45,5.72,0.0
20200225:1930,0.0,0.0,24.37,5.72,0.0
20200225:2030,0.0,0.0,24.23,5.79,0.0
20200225:2130,0.0,0.0,24.13,5.86,0.0
20200225:2230,459.72,4.72,24.15,5.93,0.0
20200225:2330,770.13,19.14,24.29,5.59,0.0
20200226:0030,730.28,33.47,25.3,6.83,0.0
20200226:0130,832.49,47.17,26.3,6.76,0.0
20200226:0230,888.13,59.69,27.14,6.62,0.0
20200226:0330,934.6,68.84,27.94,6.41,0.0
20200226:0430,930.79,69.44,28.54,6.34,0.0
20200226:0530,937.43,60.97,28.82,6.28,0.0
20200226:0630,899.11,48.67,29.01,6.21,0.0
20200226:0730,934.44,35.05,28.97,6.0,0.0
20200226:0830,742.46,20.89,28.77,5.93,0.0
20200226:0930,486.96,6.47,27.99,5.52,0.0
20200226:1030,0.0,0.0,26.95,5.03,0.0
20200226:1130,0.0,0.0,26.02,4.83,0.0
20200226:1230,0.0,0.0,25.47,4.83,0.0
20200226:1330,0.0,0.0,25.12,4.76,0.0
20200226:1430,0.0,0.0,24.82,4.9,0.0
20200226:1530,0.0,0.0,24.6,5.03,0.0
20200226:1630,0.0,0.0,24.41,5.17,0.0
20200226:1730,0.0,0.0,24.23,5.1,0.0
20200226:1830,0.0,0.0,24.06,5.03,0.0
20200226:1930,0.0,0.0,24.04,5.45,0.0
20200226:2030,0.0,0.0,24.04,5.72,0.0
20200226:2130,0.0,0.0,24.0,5.72,0.0
20200226:2230,471.69,4.83,23.95,5.66,0.0
20200226:2330,736.84,19.27,24.31,5.38,0.0
20200227:0030,862.66,33.62,25.5,7.38,0.0
20200227:0130,856.92,47.37,26.72,7.59,0.0
20200227:0230,831.73,59.96,27.68,7.72,0.0
20200227:0330,911.12,69.2,28.44,8.0,0.0
20200227:0430,740.38,69.79,28.83,8.28,0.0
20200227:0530,801.38,61.19,28.64,8.14,0.0
20200227:0630,891.85,48.8,28.7,8.07,0.0
20200227:0730,894.39,35.14,28.84,7.45,0.0
20200227:0830,748.72,20.95,28.5,7.45,0.0
20200227:0930,464.83,6.51,27.78,7.1,0.0
20200227:1030,0.0,0.0,26.78,6.76,0.0
20200227:1130,0.0,0.0,26.24,6.55,0.0
20200227:1230,0.0,0.0,25.92,6.62,0.0
20200227:1330,0.0,0.0,25.61,6.97,0.0
20200227:1430,0.0,0.0,25.12,6.9,0.0
20200227:1530,0.0,0.0,25.03,6.55,0.0
20200227:1630,0.0,0.0,24.96,6.55,0.0
20200227:1730,0.0,0.0,24.77,6.34,0.0
20200227:1830,0.0,0.0,24.54,6.41,0.0
20200227:1930,0.0,0.0,24.7,6.83,0.0
20200227:2030,0.0,0.0,24.61,6.62,0.0
20200227:2130,0.0,0.0,24.57,6.48,0.0
20200227:2230,430.22,4.94,24.64,6.48,0.0
20200227:2330,520.69,19.4,24.97,6.34,0.0
20200228:0030,686.15,33.78,25.84,8.07,0.0
20200228:0130,850.18,47.57,26.78,8.69,0.0
20200228:0230,653.74,60.23,27.71,9.1,0.0
20200228:0330,753.91,69.56,28.02,8.97,0.0
20200228:0430,782.26,70.13,28.45,9.17,0.0
20200228:0530,731.45,61.4,28.71,8.76,0.0
20200228:0630,479.28,48.94,28.61,8.34,0.0
20200228:0730,419.65,35.23,27.57,7.59,0.0
20200228:0830,497.86,21.01,27.28,7.17,0.0
20200228:0930,262.58,6.55,27.18,6.97,0.0
20200228:1030,0.0,0.0,26.6,6.48,0.0
20200228:1130,0.0,0.0,26.24,6.41,0.0
20200228:1230,0.0,0.0,26.04,6.41,0.0
20200228:1330,0.0,0.0,25.66,6.41,0.0
20200228:1430,0.0,0.0,25.33,6.28,0.0
20200228:1530,0.0,0.0,25.1,6.14,0.0
20200228:1630,0.0,0.0,25.03,6.28,0.0
20200228:1730,0.0,0.0,24.98,6.62,0.0
20200228:1830,0.0,0.0,24.84,6.62,0.0
20200228:1930,0.0,0.0,24.98,6.97,0.0
20200228:2030,0.0,0.0,24.97,6.97,0.0
20200228:2130,0.0,0.0,25.01,7.17,0.0
20200228:2230,335.79,5.06,24.94,7.1,0.0
20200228:2330,457.2,19.54,25.14,6.9,0.0
20200229:0030,651.7,33.78,25.83,8.14,0.0
20200229:0130,807.4,47.57,26.82,8.41,0.0
20200229:0230,812.55,60.23,27.78,8.55,0.0
20200229:0330,874.23,69.56,28.33,8.62,0.0
20200229:0430,871.18,70.13,28.8,8.62,0.0
20200229:0530,998.2,61.4,28.92,8.21,0.0
20200229:0630,864.87,48.94,29.28,8.07,0.0
20200229:0730,813.77,35.23,28.75,7.86,0.0
20200229:0830,588.79,21.01,28.3,7.59,0.0
20200229:0930,406.56,6.55,27.59,6.9,0.0
20200229:1030,0.0,0.0,26.78,5.93,0.0
20200229:1130,0.0,0.0,26.17,6.0,0.0
20200229:1230,0.0,0.0,25.85,6.0,0.0
20200229:1330,0.0,0.0,25.71,5.93,0.0
20200229:1430,0.0,0.0,25.61,5.86,0.0
20200229:1530,0.0,0.0,25.47,5.79,0.0
20200229:1630,0.0,0.0,25.33,5.72,0.0
20200229:1730,0.0,0.0,25.15,5.66,0.0
20200229:1830,0.0,0.0,24.92,5.72,0.0
20200229:1930,0.0,0.0,24.88,6.14,0.0
20200229:2030,0.0,0.0,24.71,6.21,0.0
20200229:2130,0.0,0.0,24.49,6.07,0.0
20200229:2230,493.11,5.06,24.35,6.0,0.0
20200229:2330,773.67,19.54,24.75,5.72,0.0
20200301:0030,879.24,33.95,25.87,6.97,0.0
20200301:0130,869.45,47.77,27.03,7.59,0.0
20200301:0230,894.25,60.5,27.99,7.72,0.0
20200301:0330,984.81,69.92,28.63,7.79,0.0
20200301:0430,920.58,70.47,29.25,7.79,0.0
20200301:0530,941.38,61.62,29.37,7.45,0.0
20200301:0630,892.47,49.07,29.26,7.24,0.0
20200301:0730,804.64,35.31,28.89,6.97,0.0
20200301:0830,793.37,21.07,28.34,6.76,0.0
20200301:0930,500.45,6.59,27.62,6.34,0.0
20200301:1030,0.0,0.0,26.54,5.17,0.0
20200301:1130,0.0,0.0,25.73,4.97,0.0
20200301:1230,0.0,0.0,25.24,4.83,0.0
20200301:1330,0.0,0.0,24.93,4.83,0.0
20200301:1430,0.0,0.0,24.71,5.03,0.0
20200301:1530,0.0,0.0,24.59,5.24,0.0
20200301:1630,0.0,0.0,24.48,5.38,0.0
20200301:1730,0.0,0.0,24.28,5.52,0.0
20200301:1830,0.0,0.0,24.12,5.52,0.0
20200301:1930,0.0,0.0,24.09,5.52,0.0
20200301:2030,0.0,0.0,24.02,5.52,0.0
20200301:2130,0.0,0.0,23.93,5.52,0.0
20200301:2230,494.41,5.18,23.85,5.66,0.0
20200301:2330,787.13,19.67,24.27,5.59,0.0
20200302:0030,870.99,34.11,25.52,7.17,0.0
20200302:0130,860.19,47.97,26.68,7.72,0.0
20200302:0230,839.66,60.77,27.74,7.59,0.0
20200302:0330,689.14,70.29,28.62,7.1,0.0
20200302:0430,730.61,70.81,28.96,6.55,0.0
20200302:0530,633.67,61.82,29.18,6.34,0.0
20200302:0630,573.38,49.19,29.15,6.14,0.0
20200302:0730,621.71,35.39,28.68,6.97,0.0
20200302:0830,636.2,21.12,28.2,7.03,0.0
20200302:0930,432.41,6.62,27.74,6.83,0.0
20200302:1030,0.0,0.0,26.8,5.93,0.0
20200302:1130,0.0,0.0,26.21,5.52,0.0
20200302:1230,0.0,0.0,25.92,5.59,0.0
20200302:1330,0.0,0.0,25.67,5.72,0.0
20200302:1430,0.0,0.0,25.41,5.79,0.0
20200302:1530,0.0,0.0,25.15,5.52,0.0
20200302:1630,0.0,0.0,24.89,5.31,0.0
20200302:1730,0.0,0.0,24.64,5.17,0.0
20200302:1830,0.0,0.0,24.38,5.03,0.0
20200302:1930,0.0,0.0,24.46,5.17,0.0
20200302:2030,0.0,0.0,24.31,5.38,0.0
20200302:2130,0.0,0.0,24.09,5.52,0.0
20200302:2230,490.59,5.3,24.02,5.52,0.0
20200302:2330,766.13,19.81,24.39,5.1,0.0
20200303:0030,779.0,34.27,25.79,6.9,0.0
20200303:0130,776.16,48.18,27.14,7.45,0.0
20200303:0230,850.16,61.04,28.21,7.45,0.0
20200303:0330,864.02,70.66,29.02,7.52,0.0
20200303:0430,942.61,71.15,29.44,7.38,0.0
20200303:0530,935.93,62.03,29.97,7.1,0.0
20200303:0630,900.44,49.31,30.07,6.97,0.0
20200303:0730,816.69,35.46,29.59,6.83,0.0
20200303:0830,603.85,21.17,29.12,6.62,0.0
20200303:0930,502.88,6.65,28.37,6.34,0.0
20200303:1030,0.0,0.0,27.27,5.59,0.0
20200303:1130,0.0,0.0,26.42,5.59,0.0
20200303:1230,0.0,0.0,25.94,5.59,0.0
20200303:1330,0.0,0.0,25.66,5.66,0.0
20200303:1430,0.0,0.0,25.4,5.93,0.0
20200303:1530,0.0,0.0,25.06,5.66,0.0
20200303:1630,0.0,0.0,24.92,5.1,0.0
20200303:1730,0.0,0.0,24.78,4.83,0.0
20200303:1830,0.0,0.0,24.66,4.62,0.0
20200303:1930,0.0,0.0,24.6,5.03,0.0
20200303:2030,0.0,0.0,24.38,5.03,0.0
20200303:2130,0.0,0.0,24.18,5.1,0.0
20200303:2230,504.9,5.42,24.1,5.31,0.0
20200303:2330,782.58,19.95,24.46,5.52,0.0
20200304:0030,887.04,34.44,25.6,6.9,0.0
20200304:0130,848.74,48.38,26.95,7.38,0.0
20200304:0230,950.06,61.31,28.0,7.52,0.0
20200304:0330,980.99,71.03,28.93,7.52,0.0
20200304:0430,932.75,71.49,29.5,7.31,0.0
20200304:0530,946.1,62.23,29.66,7.03,0.0
20200304:0630,840.31,49.43,29.63,6.83,0.0
20200304:0730,690.55,35.54,29.76,6.0,0.0
20200304:0830,620.05,21.21,29.02,6.14,0.0
20200304:0930,443.75,6.68,28.27,6.0,0.0
20200304:1030,0.0,0.0,27.21,5.1,0.0
20200304:1130,0.0,0.0,26.47,4.83,0.0
20200304:1230,0.0,0.0,26.14,4.69,0.0
20200304:1330,0.0,0.0,25.89,4.76,0.0
20200304:1430,0.0,0.0,25.75,4.83,0.0
20200304:1530,0.0,0.0,25.54,4.76,0.0
20200304:1630,0.0,0.0,25.33,4.76,0.0
20200304:1730,0.0,0.0,25.07,4.69,0.0
20200304:1830,0.0,0.0,24.85,4.48,0.0
20200304:1930,0.0,0.0,24.95,4.28,0.0
20200304:2030,0.0,0.0,24.86,4.14,0.0
20200304:2130,0.0,0.0,24.85,4.14,0.0
20200304:2230,371.52,5.55,24.82,4.21,0.0
20200304:2330,484.14,20.09,25.4,4.41,0.0
20200305:0030,507.58,34.61,26.4,5.59,0.0
20200305:0130,398.63,48.59,27.37,6.21,0.0
20200305:0230,528.19,61.58,27.83,6.34,0.0
20200305:0330,543.59,71.4,28.76,6.62,0.0
20200305:0430,570.51,71.83,29.23,6.97,0.0
20200305:0530,537.73,62.42,29.6,7.1,0.0
20200305:0630,739.96,49.54,29.82,7.1,0.0
20200305:0730,587.71,35.61,29.78,6.83,0.0
20200305:0830,411.07,21.26,29.62,6.55,0.0
20200305:0930,159.8,6.71,28.87,5.79,0.0
20200305:1030,0.0,0.0,27.9,5.31,0.0
20200305:1130,0.0,0.0,26.84,5.38,0.0
20200305:1230,0.0,0.0,26.29,5.03,0.0
20200305:1330,0.0,0.0,25.96,5.24,0.0
20200305:1430,0.0,0.0,25.83,5.24,0.0
20200305:1530,0.0,0.0,25.68,4.97,0.0
20200305:1630,0.0,0.0,25.63,5.1,0.0
20200305:1730,0.0,0.0,25.52,4.69,0.0
20200305:1830,0.0,0.0,25.48,4.55,0.0
20200305:1930,0.0,0.0,25.51,4.07,0.0
20200305:2030,0.0,0.0,25.3,4.07,0.0
20200305:2130,0.0,0.0,25.23,4.69,0.0
20200305:2230,8.45,5.68,25.15,4.62,0.0
20200305:2330,73.29,20.24,25.33,4.9,0.0
20200306:0030,247.64,34.78,25.78,5.72,0.0
20200306:0130,353.44,48.79,26.48,5.86,0.0
20200306:0230,426.08,61.85,26.75,5.93,0.0
20200306:0330,454.19,71.77,27.25,6.55,0.0
20200306:0430,348.5,72.16,27.36,6.14,0.0
20200306:0530,197.27,62.61,27.32,6.07,0.0
20200306:0630,204.23,49.65,27.09,5.59,0.0
20200306:0730,154.98,35.67,26.8,5.72,0.0
20200306:0830,94.25,21.3,26.54,5.66,0.0
20200306:0930,16.06,6.73,26.12,5.03,0.0
20200306:1030,0.0,0.0,25.61,4.76,0.0
20200306:1130,0.0,0.0,25.08,4.97,0.0
20200306:1230,0.0,0.0,25.05,5.1,0.0
20200306:1330,0.0,0.0,25.12,4.62,0.0
20200306:1430,0.0,0.0,25.08,4.41,0.0
20200306:1530,0.0,0.0,25.04,3.93,0.0
20200306:1630,0.0,0.0,25.03,3.66,0.0
20200306:1730,0.0,0.0,24.96,3.72,0.0
20200306:1830,0.0,0.0,24.87,3.72,0.0
20200306:1930,0.0,0.0,25.0,4.0,0.0
20200306:2030,0.0,0.0,25.06,4.34,0.0
20200306:2130,0.0,0.0,24.96,4.62,0.0
20200306:2230,1.76,5.81,24.89,4.76,0.0
20200306:2330,15.57,20.38,24.8,4.76,0.0
20200307:0030,46.62,34.94,24.73,4.69,0.0
20200307:0130,108.77,49.0,24.89,4.55,0.0
20200307:0230,157.09,62.12,25.37,4.41,0.0
20200307:0330,255.72,72.15,25.64,4.34,0.0
20200307:0430,233.83,72.5,26.21,4.62,0.0
20200307:0530,460.32,62.8,26.47,4.34,0.0
20200307:0630,168.82,49.76,27.43,5.17,0.0
20200307:0730,106.12,35.73,26.12,3.79,0.0
20200307:0830,145.21,21.33,26.15,3.79,0.0
20200307:0930,81.76,6.75,26.18,3.93,0.0
20200307:1030,0.0,0.0,25.93,4.07,0.0
20200307:1130,0.0,0.0,25.65,4.0,0.0
20200307:1230,0.0,0.0,25.5,3.38,0.0
20200307:1330,0.0,0.0,25.38,3.24,0.0
20200307:1430,0.0,0.0,25.24,2.9,0.0
20200307:1530,0.0,0.0,25.12,2.62,0.0
20200307:1630,0.0,0.0,24.92,2.48,0.0
20200307:1730,0.0,0.0,24.84,2.48,0.0
20200307:1830,0.0,0.0,24.73,2.41,0.0
20200307:1930,0.0,0.0,24.68,2.41,0.0
20200307:2030,0.0,0.0,24.55,2.34,0.0
20200307:2130,0.0,0.0,24.56,2.28,0.0
20200307:2230,333.3,5.94,24.52,2.07,0.0
20200307:2330,544.21,20.53,24.99,2.0,0.0
20200308:0030,764.64,35.11,26.22,2.07,0.0
20200308:0130,780.63,49.2,27.46,1.93,0.0
20200308:0230,828.08,62.4,28.21,1.86,0.0
20200308:0330,832.3,72.52,28.59,2.0,0.0
20200308:0430,751.83,72.83,28.67,2.07,0.0
20200308:0530,770.24,62.98,28.84,2.14,0.0
20200308:0630,674.74,49.86,28.99,2.76,0.0
20200308:0730,526.44,35.79,28.77,2.07,0.0
20200308:0830,261.85,21.37,28.19,2.0,0.0
20200308:0930,215.17,6.77,27.66,0.83,0.0
20200308:1030,0.0,0.0,27.24,0.97,0.0
20200308:1130,0.0,0.0,26.36,1.52,0.0
20200308:1230,0.0,0.0,25.82,0.83,0.0
20200308:1330,0.0,0.0,25.74,0.69,0.0
20200308:1430,0.0,0.0,25.35,0.83,0.0
20200308:1530,0.0,0.0,25.07,1.03,0.0
20200308:1630,0.0,0.0,25.06,1.03,0.0
20200308:1730,0.0,0.0,24.75,1.03,0.0
20200308:1830,0.0,0.0,24.38,1.17,0.0
20200308:1930,0.0,0.0,23.75,1.38,0.0
20200308:2030,0.0,0.0,23.72,1.52,0.0
20200308:2130,0.0,0.0,23.68,1.59,0.0
20200308:2230,388.78,6.08,23.75,1.72,0.0
20200308:2330,678.12,20.68,24.57,1.72,0.0
20200309:0030,870.87,35.28,26.06,2.07,0.0
20200309:0130,975.39,49.41,27.55,2.62,0.0
20200309:0230,1004.3,62.67,28.7,2.62,0.0
20200309:0330,1004.31,72.9,29.53,2.41,0.0
20200309:0430,983.03,73.16,30.04,2.0,0.0
20200309:0530,1031.75,63.15,30.43,1.66,0.0
20200309:0630,902.76,49.95,30.77,1.38,0.0
20200309:0730,893.86,35.85,30.73,1.24,0.0
20200309:0830,770.48,21.4,30.59,0.69,0.0
20200309:0930,486.13,6.79,30.28,0.41,0.0
20200309:1030,0.0,0.0,29.34,0.69,0.0
20200309:1130,0.0,0.0,27.9,1.38,0.0
20200309:1230,0.0,0.0,26.88,1.79,0.0
20200309:1330,0.0,0.0,26.25,2.07,0.0
20200309:1430,0.0,0.0,25.65,2.14,0.0
20200309:1530,0.0,0.0,25.07,2.0,0.0
20200309:1630,0.0,0.0,24.62,1.86,0.0
20200309:1730,0.0,0.0,24.43,1.52,0.0
20200309:1830,0.0,0.0,24.55,1.38,0.0
20200309:1930,0.0,0.0,23.6,1.52,0.0
20200309:2030,0.0,0.0,23.39,1.72,0.0
20200309:2130,0.0,0.0,23.06,1.79,0.0
20200309:2230,544.91,6.21,22.9,1.93,0.0
20200309:2330,776.58,20.83,24.53,1.93,0.0
20200310:0030,888.15,35.46,26.61,2.21,0.0
20200310:0130,1017.6,49.61,27.7,2.21,0.0
20200310:0230,1051.48,62.94,28.63,2.14,0.0
20200310:0330,1035.39,73.28,29.42,2.28,0.0
20200310:0430,998.42,73.49,30.07,2.55,0.0
20200310:0530,911.24,63.32,30.44,2.9,0.0
20200310:0630,841.48,50.04,30.44,3.1,0.0
20200310:0730,904.95,35.9,30.42,2.9,0.0
20200310:0830,689.2,21.43,30.21,3.03,0.0
20200310:0930,458.89,6.81,29.5,3.1,0.0
20200310:1030,0.0,0.0,28.23,3.24,0.0
20200310:1130,0.0,0.0,27.14,3.59,0.0
20200310:1230,0.0,0.0,26.36,3.52,0.0
20200310:1330,0.0,0.0,25.76,3.45,0.0
20200310:1430,0.0,0.0,25.28,3.38,0.0
20200310:1530,0.0,0.0,24.95,3.31,0.0
20200310:1630,0.0,0.0,24.67,3.38,0.0
20200310:1730,0.0,0.0,24.46,3.52,0.0
20200310:1830,0.0,0.0,24.3,3.59,0.0
20200310:1930,0.0,0.0,24.3,3.31,0.0
20200310:2030,0.0,0.0,24.14,3.1,0.0
20200310:2130,0.0,0.0,24.1,2.97,0.0
20200310:2230,459.3,6.35,24.07,2.9,0.0
20200310:2330,664.54,20.98,24.92,2.76,0.0
20200311:0030,787.46,35.63,26.49,3.45,0.0
20200311:0130,812.63,49.82,27.76,4.07,0.0
20200311:0230,954.84,63.21,28.7,4.62,0.0
20200311:0330,949.7,73.66,29.58,5.17,0.0
20200311:0430,1044.86,73.81,30.05,5.86,0.0
20200311:0530,1022.25,63.49,30.26,6.62,0.0
20200311:0630,993.11,50.13,30.02,6.9,0.0
20200311:0730,938.57,35.95,29.54,6.9,0.0
20200311:0830,822.13,21.46,28.75,6.83,0.0
20200311:0930,519.83,6.82,27.75,6.34,0.0
20200311:1030,0.0,0.0,26.57,5.45,0.0
20200311:1130,0.0,0.0,25.76,5.24,0.0
20200311:1230,0.0,0.0,25.34,5.24,0.0
20200311:1330,0.0,0.0,25.16,5.45,0.0
20200311:1430,0.0,0.0,25.06,5.66,0.0
20200311:1530,0.0,0.0,25.04,5.79,0.0
20200311:1630,0.0,0.0,25.02,5.93,0.0
20200311:1730,0.0,0.0,25.0,5.93,0.0
20200311:1830,0.0,0.0,24.88,5.93,0.0
20200311:1930,0.0,0.0,24.97,6.34,0.0
20200311:2030,0.0,0.0,24.83,6.14,0.0
20200311:2130,0.0,0.0,24.77,6.0,0.0
20200311:2230,540.23,6.49,24.76,5.93,0.0
20200311:2330,730.64,21.13,25.25,5.66,0.0
20200312:0030,855.33,35.8,26.27,6.69,0.0
20200312:0130,985.48,50.02,27.32,7.1,0.0
20200312:0230,1046.86,63.47,28.48,7.03,0.0
20200312:0330,1042.67,74.03,29.3,6.62,0.0
20200312:0430,1054.74,74.13,29.83,6.28,0.0
20200312:0530,1054.19,63.64,30.11,5.93,0.0
20200312:0630,1024.74,50.21,30.19,5.52,0.0
20200312:0730,926.43,35.99,30.26,4.76,0.0
20200312:0830,821.53,21.48,29.96,4.48,0.0
20200312:0930,523.44,6.83,29.27,4.0,0.0
20200312:1030,0.0,0.0,27.89,3.72,0.0
20200312:1130,0.0,0.0,26.7,4.21,0.0
20200312:1230,0.0,0.0,25.98,4.55,0.0
20200312:1330,0.0,0.0,25.57,4.55,0.0
20200312:1430,0.0,0.0,25.35,4.34,0.0
20200312:1530,0.0,0.0,25.18,4.21,0.0
20200312:1630,0.0,0.0,25.03,4.07,0.0
20200312:1730,0.0,0.0,24.83,4.0,0.0
20200312:1830,0.0,0.0,24.63,3.93,0.0
20200312:1930,0.0,0.0,24.6,4.0,0.0
20200312:2030,0.0,0.0,24.5,4.07,0.0
20200312:2130,0.0,0.0,24.4,4.21,0.0
20200312:2230,575.1,6.63,24.36,4.34,0.0
20200312:2330,785.42,21.28,24.85,4.28,0.0
20200313:0030,874.98,35.97,26.16,5.03,0.0
20200313:0130,925.94,50.23,27.5,5.03,0.0
20200313:0230,834.75,63.74,28.6,4.69,0.0
20200313:0330,902.51,74.41,29.43,4.55,0.0
20200313:0430,960.97,74.45,30.14,4.41,0.0
20200313:0530,967.06,63.8,30.59,4.41,0.0
20200313:0630,783.52,50.29,30.83,4.48,0.0
20200313:0730,858.88,36.03,30.42,4.62,0.0
20200313:0830,726.95,21.5,29.88,5.31,0.0
20200313:0930,476.8,6.84,28.94,5.38,0.0
20200313:1030,0.0,0.0,27.56,4.97,0.0
20200313:1130,0.0,0.0,26.51,4.76,0.0
20200313:1230,0.0,0.0,25.86,4.62,0.0
20200313:1330,0.0,0.0,25.42,4.55,0.0
20200313:1430,0.0,0.0,25.08,4.41,0.0
20200313:1530,0.0,0.0,24.84,4.41,0.0
20200313:1630,0.0,0.0,24.66,4.41,0.0
20200313:1730,0.0,0.0,24.55,4.62,0.0
20200313:1830,0.0,0.0,24.43,4.69,0.0
20200313:1930,0.0,0.0,24.56,4.69,0.0
20200313:2030,0.0,0.0,24.48,4.69,0.0
20200313:2130,0.0,0.0,24.5,4.62,0.0
20200313:2230,533.14,6.78,24.49,4.41,0.0
20200313:2330,798.16,21.44,25.07,4.28,0.0
20200314:0030,932.05,36.14,26.39,4.9,0.0
20200314:0130,958.43,50.43,27.62,4.97,0.0
20200314:0230,988.71,64.0,28.71,5.03,0.0
20200314:0330,855.87,74.79,29.53,5.1,0.0
20200314:0430,915.1,74.76,29.84,4.97,0.0
20200314:0530,907.08,63.94,29.95,4.9,0.0
20200314:0630,905.36,50.36,29.97,4.97,0.0
20200314:0730,891.27,36.07,29.92,5.03,0.0
20200314:0830,723.71,21.52,29.53,4.97,0.0
20200314:0930,496.99,6.85,28.81,4.83,0.0
20200314:1030,0.0,0.0,27.69,4.21,0.0
20200314:1130,0.0,0.0,26.91,4.28,0.0
20200314:1230,0.0,0.0,26.24,4.07,0.0
20200314:1330,0.0,0.0,25.73,3.93,0.0
20200314:1430,0.0,0.0,25.21,3.72,0.0
20200314:1530,0.0,0.0,24.85,3.59,0.0
20200314:1630,0.0,0.0,24.57,3.45,0.0
20200314:1730,0.0,0.0,24.26,3.38,0.0
20200314:1830,0.0,0.0,24.04,3.38,0.0
20200314:1930,0.0,0.0,24.06,3.59,0.0
20200314:2030,0.0,0.0,23.98,3.66,0.0
20200314:2130,0.0,0.0,23.91,3.72,0.0
20200314:2230,558.12,6.92,23.85,3.93,0.0
20200314:2330,756.19,21.59,24.55,4.21,0.0
20200315:0030,821.47,36.31,26.1,5.59,0.0
20200315:0130,906.38,50.63,27.31,5.86,0.0
20200315:0230,970.59,64.27,28.3,5.93,0.0
20200315:0330,1027.96,75.17,29.17,5.93,0.0
20200315:0430,1001.2,75.07,29.79,6.14,0.0
20200315:0530,1014.31,64.08,30.11,6.21,0.0
20200315:0630,962.74,50.43,30.04,6.28,0.0
20200315:0730,843.28,36.11,29.7,6.48,0.0
20200315:0830,820.95,21.54,29.08,6.48,0.0
20200315:0930,529.67,6.86,28.36,6.34,0.0
20200315:1030,0.0,0.0,27.09,5.59,0.0
20200315:1130,0.0,0.0,26.06,5.31,0.0
20200315:1230,0.0,0.0,25.4,5.1,0.0
20200315:1330,0.0,0.0,24.94,5.03,0.0
20200315:1430,0.0,0.0,24.66,5.17,0.0
20200315:1530,0.0,0.0,24.54,5.31,0.0
20200315:1630,0.0,0.0,24.52,5.52,0.0
20200315:1730,0.0,0.0,24.43,5.66,0.0
20200315:1830,0.0,0.0,24.39,5.79,0.0
20200315:1930,0.0,0.0,24.42,5.45,0.0
20200315:2030,0.0,0.0,24.28,5.45,0.0
20200315:2130,0.0,0.0,24.16,5.38,0.0
20200315:2230,492.91,7.07,23.99,5.17,0.0
20200315:2330,845.24,21.74,24.55,4.97,0.0
20200316:0030,939.99,36.48,25.92,6.21,0.0
20200316:0130,1022.86,50.83,27.16,6.48,0.0
20200316:0230,1038.06,64.53,28.32,6.41,0.0
20200316:0330,1047.96,75.55,29.09,6.34,0.0
20200316:0430,1057.37,75.37,29.66,6.34,0.0
20200316:0530,1057.04,64.22,29.98,6.21,0.0
20200316:0630,1031.47,50.5,30.05,6.07,0.0
20200316:0730,983.71,36.14,29.96,6.07,0.0
20200316:0830,840.5,21.55,29.45,5.93,0.0
20200316:0930,530.71,6.86,28.53,5.59,0.0
20200316:1030,0.0,0.0,27.17,4.69,0.0
20200316:1130,0.0,0.0,26.08,4.48,0.0
20200316:1230,0.0,0.0,25.47,4.41,0.0
20200316:1330,0.0,0.0,25.15,4.34,0.0
20200316:1430,0.0,0.0,25.0,4.41,0.0
20200316:1530,0.0,0.0,24.89,4.41,0.0
20200316:1630,0.0,0.0,24.77,4.55,0.0
20200316:1730,0.0,0.0,24.63,4.48,0.0
20200316:1830,0.0,0.0,24.53,4.28,0.0
20200316:1930,0.0,0.0,24.52,4.34,0.0
20200316:2030,0.0,0.0,24.43,4.41,0.0
20200316:2130,0.0,-7.52,24.37,4.41,0.0
20200316:2230,577.96,7.21,24.25,4.34,0.0
20200316:2330,826.58,21.9,24.92,4.14,0.0
20200317:0030,994.69,36.65,26.38,5.17,0.0
20200317:0130,1046.85,51.03,27.84,5.59,0.0
20200317:0230,1058.44,64.79,29.01,5.86,0.0
20200317:0330,1039.7,75.93,29.89,6.0,0.0
20200317:0430,1045.75,75.67,30.44,6.14,0.0
20200317:0530,894.55,64.35,30.64,6.28,0.0
20200317:0630,980.43,50.56,30.32,6.48,0.0
20200317:0730,895.78,36.17,30.15,6.41,0.0
20200317:0830,758.36,21.56,29.53,6.34,0.0
20200317:0930,512.6,6.87,28.58,6.14,0.0
20200317:1030,0.0,0.0,27.3,5.45,0.0
20200317:1130,0.0,0.0,26.31,5.52,0.0
20200317:1230,0.0,0.0,25.7,5.59,0.0
20200317:1330,0.0,0.0,25.35,5.79,0.0
20200317:1430,0.0,0.0,25.12,5.93,0.0
20200317:1530,0.0,0.0,24.98,5.72,0.0
20200317:1630,0.0,0.0,24.91,5.59,0.0
20200317:1730,0.0,0.0,24.81,5.45,0.0
20200317:1830,0.0,0.0,24.65,5.38,0.0
20200317:1930,0.0,0.0,24.39,5.03,0.0
20200317:2030,0.0,0.0,24.27,5.03,0.0
20200317:2130,0.0,-7.37,24.32,5.03,0.0
20200317:2230,434.74,7.36,24.21,5.03,0.0
20200317:2330,700.27,22.05,24.7,5.38,0.0
20200318:0030,859.96,36.82,25.98,6.62,0.0
20200318:0130,753.79,51.23,27.32,6.55,0.0
20200318:0230,913.35,65.04,28.43,6.28,0.0
20200318:0330,975.57,76.31,29.48,6.34,0.0
20200318:0430,920.0,75.96,30.04,6.48,0.0
20200318:0530,754.66,64.47,30.03,6.76,0.0
20200318:0630,713.47,50.61,29.6,6.83,0.0
20200318:0730,848.64,36.19,29.37,6.69,0.0
20200318:0830,702.6,21.57,29.09,6.62,0.0
20200318:0930,476.11,6.87,28.3,6.21,0.0
20200318:1030,0.0,0.0,27.16,5.45,0.0
20200318:1130,0.0,0.0,26.28,5.31,0.0
20200318:1230,0.0,0.0,25.85,5.1,0.0
20200318:1330,0.0,0.0,25.74,5.17,0.0
20200318:1430,0.0,0.0,25.55,5.03,0.0
20200318:1530,0.0,0.0,25.22,4.83,0.0
20200318:1630,0.0,0.0,24.84,4.83,0.0
20200318:1730,0.0,0.0,24.6,4.55,0.0
20200318:1830,0.0,0.0,24.47,4.41,0.0
20200318:1930,0.0,0.0,24.61,4.55,0.0
20200318:2030,0.0,0.0,24.57,4.34,0.0
20200318:2130,0.0,-7.22,24.45,4.07,0.0
20200318:2230,547.05,7.51,24.37,3.93,0.0
20200318:2330,779.2,22.21,25.09,3.86,0.0
20200319:0030,891.92,36.99,26.6,4.62,0.0
20200319:0130,910.68,51.42,27.92,4.55,0.0
20200319:0230,951.69,65.29,29.17,4.34,0.0
20200319:0330,810.88,76.68,30.04,4.28,0.0
20200319:0430,906.47,76.24,30.41,4.14,0.0
20200319:0530,907.98,64.58,30.83,4.07,0.0
20200319:0630,811.58,50.66,30.88,4.14,0.0
20200319:0730,711.91,36.21,30.39,4.34,0.0
20200319:0830,601.73,21.58,29.82,4.28,0.0
20200319:0930,440.28,6.87,29.21,4.28,0.0
20200319:1030,0.0,0.0,28.22,3.93,0.0
20200319:1130,0.0,0.0,27.31,4.07,0.0
20200319:1230,0.0,0.0,26.71,4.14,0.0
20200319:1330,0.0,0.0,26.13,4.07,0.0
20200319:1430,0.0,0.0,25.7,4.0,0.0
20200319:1530,0.0,0.0,25.42,4.07,0.0
20200319:1630,0.0,0.0,25.23,4.14,0.0
20200319:1730,0.0,0.0,24.98,4.14,0.0
20200319:1830,0.0,0.0,24.77,3.86,0.0
20200319:1930,0.0,0.0,24.79,4.07,0.0
20200319:2030,0.0,0.0,24.63,4.0,0.0
20200319:2130,0.0,-7.08,24.57,4.0,0.0
20200319:2230,547.69,7.66,24.54,3.93,0.0
20200319:2330,842.15,22.37,25.36,4.21,0.0
20200320:0030,917.23,37.16,26.88,5.1,0.0
20200320:0130,994.75,51.62,28.29,5.38,0.0
20200320:0230,1034.45,65.54,29.55,5.52,0.0
20200320:0330,1044.63,77.06,30.44,5.59,0.0
20200320:0430,1037.24,76.52,31.08,5.66,0.0
20200320:0530,1023.27,64.69,31.36,5.79,0.0
20200320:0630,953.38,50.71,31.37,5.93,0.0
20200320:0730,888.58,36.23,31.0,5.72,0.0
20200320:0830,757.81,21.59,30.39,5.66,0.0
20200320:0930,460.64,6.87,29.49,5.59,0.0
20200320:1030,0.0,0.0,28.29,4.9,0.0
20200320:1130,0.0,0.0,27.27,4.76,0.0
20200320:1230,0.0,0.0,26.6,4.69,0.0
20200320:1330,0.0,0.0,26.11,4.62,0.0
20200320:1430,0.0,0.0,25.82,4.55,0.0
20200320:1530,0.0,0.0,25.63,4.41,0.0
20200320:1630,0.0,0.0,25.46,4.28,0.0
20200320:1730,0.0,0.0,25.24,4.21,0.0
20200320:1830,0.0,0.0,25.0,4.28,0.0
20200320:1930,0.0,0.0,25.01,4.28,0.0
20200320:2030,0.0,0.0,24.88,4.34,0.0
20200320:2130,0.0,-6.93,24.84,4.21,0.0
20200320:2230,570.92,7.81,24.79,4.07,0.0
20200320:2330,785.27,22.52,25.71,4.14,0.0
20200321:0030,894.85,37.33,27.12,4.97,0.0
20200321:0130,868.69,51.81,28.59,4.97,0.0
20200321:0230,953.32,65.79,29.7,4.97,0.0
20200321:0330,760.75,77.43,30.59,4.9,0.0
20200321:0430,859.89,76.8,30.55,4.97,0.0
20200321:0530,761.0,64.8,30.74,5.31,0.0
20200321:0630,740.49,50.75,30.46,5.59,0.0
20200321:0730,638.2,36.25,30.18,6.07,0.0
20200321:0830,600.99,21.59,29.63,6.07,0.0
20200321:0930,394.73,6.87,28.95,5.72,0.0
20200321:1030,0.0,0.0,28.18,5.24,0.0
20200321:1130,0.0,0.0,27.48,5.17,0.0
20200321:1230,0.0,0.0,26.98,5.31,0.0
20200321:1330,0.0,0.0,26.61,5.03,0.0
20200321:1430,0.0,0.0,26.08,4.9,0.0
20200321:1530,0.0,0.0,25.68,4.48,0.0
20200321:1630,0.0,0.0,25.48,4.34,0.0
20200321:1730,0.0,0.0,25.3,4.34,0.0
20200321:1830,0.0,0.0,25.3,4.34,0.0
20200321:1930,0.0,0.0,25.4,4.21,0.0
20200321:2030,0.0,0.0,25.41,4.07,0.0
20200321:2130,0.0,-6.78,25.32,4.14,0.0
20200321:2230,512.39,7.96,25.32,4.28,0.0
20200321:2330,710.21,22.68,26.04,4.55,0.0
20200322:0030,755.28,37.49,27.31,4.9,0.0
20200322:0130,801.13,52.0,28.45,4.76,0.0
20200322:0230,939.71,66.03,29.44,4.55,0.0
20200322:0330,828.93,77.81,30.32,4.55,0.0
20200322:0430,845.55,77.06,30.72,4.76,0.0
20200322:0530,853.81,64.89,30.91,5.17,0.0
20200322:0630,794.56,50.79,30.87,5.24,0.0
20200322:0730,779.19,36.26,30.64,5.31,0.0
20200322:0830,620.34,21.59,30.3,5.38,0.0
20200322:0930,390.56,6.87,29.54,5.45,0.0
20200322:1030,0.0,0.0,28.55,4.76,0.0
20200322:1130,0.0,0.0,27.76,4.83,0.0
20200322:1230,0.0,0.0,27.21,4.97,0.0
20200322:1330,0.0,0.0,26.73,4.9,0.0
20200322:1430,0.0,0.0,26.24,4.83,0.0
20200322:1530,0.0,0.0,25.83,4.9,0.0
20200322:1630,0.0,0.0,25.45,4.48,0.0
20200322:1730,0.0,0.0,25.24,4.21,0.0
20200322:1830,0.0,0.0,25.06,4.0,0.0
20200322:1930,0.0,0.0,25.3,4.07,0.0
20200322:2030,0.0,0.0,25.22,4.34,0.0
20200322:2130,0.0,-6.63,25.01,4.48,0.0
20200322:2230,518.31,8.11,24.99,4.41,0.0
20200322:2330,717.11,22.83,25.68,4.55,0.0
20200323:0030,924.96,37.66,27.03,5.52,0.0
20200323:0130,916.94,52.19,28.4,5.86,0.0
20200323:0230,898.63,66.27,29.37,6.14,0.0
20200323:0330,988.43,78.18,30.04,6.34,0.0
20200323:0430,995.77,77.32,30.74,6.41,0.0
20200323:0530,989.7,64.98,31.09,6.34,0.0
20200323:0630,903.88,50.83,31.15,6.34,0.0
20200323:0730,854.88,36.28,30.69,6.21,0.0
20200323:0830,783.2,21.59,30.09,6.14,0.0
20200323:0930,492.39,6.86,29.26,5.93,0.0
20200323:1030,0.0,0.0,28.03,4.97,0.0
20200323:1130,0.0,0.0,27.12,4.76,0.0
20200323:1230,0.0,0.0,26.53,4.76,0.0
20200323:1330,0.0,0.0,26.19,4.62,0.0
20200323:1430,0.0,0.0,25.95,4.48,0.0
20200323:1530,0.0,0.0,25.75,4.41,0.0
20200323:1630,0.0,0.0,25.56,4.34,0.0
20200323:1730,0.0,0.0,25.31,4.07,0.0
20200323:1830,0.0,0.0,25.09,4.14,0.0
20200323:1930,0.0,0.0,25.23,4.55,0.0
20200323:2030,0.0,0.0,25.18,4.69,0.0
20200323:2130,0.0,-6.48,25.0,4.62,0.0
20200323:2230,489.77,8.26,25.05,4.69,0.0
20200323:2330,654.44,22.98,25.79,4.97,0.0
20200324:0030,838.86,37.82,26.91,5.66,0.0
20200324:0130,986.3,52.37,28.09,5.66,0.0
20200324:0230,987.53,66.51,29.38,5.66,0.0
20200324:0330,943.61,78.54,30.35,5.72,0.0
20200324:0430,1005.55,77.57,30.86,5.72,0.0
20200324:0530,955.26,65.07,31.28,5.79,0.0
20200324:0630,997.57,50.86,31.28,5.93,0.0
20200324:0730,767.87,36.28,30.8,5.86,0.0
20200324:0830,735.09,21.59,29.94,6.28,0.0
20200324:0930,483.82,6.86,29.0,6.55,0.0
20200324:1030,0.0,0.0,27.76,5.79,0.0
20200324:1130,0.0,0.0,26.99,5.66,0.0
20200324:1230,0.0,0.0,26.58,5.38,0.0
20200324:1330,0.0,0.0,26.28,5.03,0.0
20200324:1430,0.0,0.0,26.04,4.97,0.0
20200324:1530,0.0,0.0,25.88,5.03,0.0
20200324:1630,0.0,0.0,25.79,5.1,0.0
20200324:1730,0.0,0.0,25.66,4.83,0.0
20200324:1830,0.0,0.0,25.54,4.62,0.0
20200324:1930,0.0,0.0,25.42,5.1,0.0
20200324:2030,0.0,0.0,25.18,5.1,0.0
20200324:2130,0.0,-6.32,24.99,5.03,0.0
20200324:2230,506.32,8.41,24.87,5.1,0.0
20200324:2330,730.56,23.14,25.48,5.38,0.0
20200325:0030,922.66,37.98,26.65,6.41,0.0
20200325:0130,956.62,52.55,27.86,7.1,0.0
20200325:0230,987.09,66.74,29.11,7.52,0.0
20200325:0330,1002.87,78.91,30.21,7.66,0.0
20200325:0430,987.53,77.81,30.84,7.31,0.0
20200325:0530,878.59,65.14,31.17,6.97,0.0
20200325:0630,950.99,50.88,31.05,6.9,0.0
20200325:0730,827.47,36.29,30.83,7.1,0.0
20200325:0830,661.29,21.59,30.22,6.83,0.0
20200325:0930,477.18,6.86,29.14,6.41,0.0
20200325:1030,0.0,0.0,27.96,5.38,0.0
20200325:1130,0.0,0.0,27.19,5.03,0.0
20200325:1230,0.0,0.0,26.72,4.76,0.0
20200325:1330,0.0,0.0,26.41,4.76,0.0
20200325:1430,0.0,0.0,26.21,5.1,0.0
20200325:1530,0.0,0.0,25.79,5.31,0.0
20200325:1630,0.0,0.0,25.4,5.1,0.0
20200325:1730,0.0,0.0,25.15,5.03,0.0
20200325:1830,0.0,0.0,24.96,5.17,0.0
20200325:1930,0.0,0.0,25.3,4.97,0.0
20200325:2030,0.0,0.0,25.22,4.97,0.0
20200325:2130,0.0,-6.17,25.06,4.83,0.0
20200325:2230,399.3,8.56,24.92,4.69,0.0
20200325:2330,688.29,23.29,25.52,4.9,0.0
20200326:0030,645.73,38.14,26.6,5.79,0.0
20200326:0130,690.66,52.73,27.49,5.79,0.0
20200326:0230,733.82,66.97,28.24,5.79,0.0
20200326:0330,607.7,79.27,28.99,5.93,0.0
20200326:0430,475.58,78.04,29.03,6.69,0.0
20200326:0530,322.49,65.22,28.34,6.69,0.0
20200326:0630,393.57,50.9,27.98,6.07,0.0
20200326:0730,290.55,36.29,27.7,5.93,0.0
20200326:0830,197.53,21.58,27.4,5.52,0.0
20200326:0930,128.73,6.85,27.29,5.31,0.0
20200326:1030,0.0,0.0,27.18,5.24,0.0
20200326:1130,0.0,0.0,26.99,5.24,0.0
20200326:1230,0.0,0.0,26.88,5.24,0.0
20200326:1330,0.0,0.0,26.85,5.38,0.0
20200326:1430,0.0,0.0,26.76,5.79,0.0
20200326:1530,0.0,0.0,26.61,5.93,0.0
20200326:1630,0.0,0.0,26.39,5.59,0.0
20200326:1730,0.0,0.0,26.15,5.52,0.0
20200326:1830,0.0,0.0,25.91,5.38,0.0
20200326:1930,0.0,0.0,25.8,5.45,0.0
20200326:2030,0.0,0.0,25.85,5.31,0.0
20200326:2130,0.0,-6.02,25.76,5.24,0.0
20200326:2230,279.62,8.71,25.71,5.17,0.0
20200326:2330,566.02,23.44,26.21,5.38,0.0
20200327:0030,760.69,38.3,27.29,6.21,0.0
20200327:0130,762.06,52.91,28.51,6.34,0.0
20200327:0230,873.11,67.19,29.54,6.14,0.0
20200327:0330,812.98,79.63,30.62,6.14,0.0
20200327:0430,737.74,78.26,31.15,6.07,0.0
20200327:0530,746.2,65.28,31.17,5.86,0.0
20200327:0630,725.68,50.92,31.02,5.72,0.0
20200327:0730,660.41,36.29,30.85,5.03,0.0
20200327:0830,671.1,21.58,30.51,5.1,0.0
20200327:0930,427.47,6.84,29.85,5.31,0.0
20200327:1030,0.0,0.0,28.65,4.9,0.0
20200327:1130,0.0,0.0,27.72,4.97,0.0
20200327:1230,0.0,0.0,27.18,4.97,0.0
20200327:1330,0.0,0.0,26.86,4.9,0.0
20200327:1430,0.0,0.0,26.56,4.83,0.0
20200327:1530,0.0,0.0,26.34,4.83,0.0
20200327:1630,0.0,0.0,26.11,4.62,0.0
20200327:1730,0.0,0.0,25.88,4.48,0.0
20200327:1830,0.0,0.0,25.83,4.41,0.0
20200327:1930,0.0,0.0,25.79,4.62,0.0
20200327:2030,0.0,0.0,25.74,4.76,0.0
20200327:2130,0.0,-5.87,25.64,4.83,0.0
20200327:2230,519.22,8.86,25.43,4.9,0.0
20200327:2330,727.93,23.59,25.91,5.1,0.0
20200328:0030,865.48,38.46,27.2,5.38,0.0
20200328:0130,797.21,53.08,28.7,5.24,0.0
20200328:0230,936.78,67.41,29.81,5.17,0.0
20200328:0330,869.17,79.99,30.81,5.24,0.0
20200328:0430,856.9,78.47,31.31,5.31,0.0
20200328:0530,816.64,65.34,31.59,5.52,0.0
20200328:0630,827.12,50.94,31.3,5.72,0.0
20200328:0730,661.72,36.29,30.89,5.79,0.0
20200328:0830,557.5,21.57,30.28,5.59,0.0
20200328:0930,455.72,6.84,29.72,5.52,0.0
20200328:1030,0.0,0.0,28.81,5.03,0.0
20200328:1130,0.0,0.0,28.05,4.83,0.0
20200328:1230,0.0,0.0,27.4,4.41,0.0
20200328:1330,0.0,0.0,26.86,4.07,0.0
20200328:1430,0.0,0.0,26.49,4.0,0.0
20200328:1530,0.0,0.0,26.2,3.93,0.0
20200328:1630,0.0,0.0,25.91,3.86,0.0
20200328:1730,0.0,0.0,25.62,3.79,0.0
20200328:1830,0.0,0.0,25.33,3.79,0.0
20200328:1930,0.0,0.0,25.08,3.86,0.0
20200328:2030,0.0,0.0,24.95,4.0,0.0
20200328:2130,0.0,-5.71,24.86,4.0,0.0
20200328:2230,525.24,9.01,24.96,3.93,0.0
20200328:2330,800.36,23.74,25.87,4.28,0.0
20200329:0030,925.52,38.61,27.29,5.24,0.0
20200329:0130,1005.12,53.25,28.52,5.38,0.0
20200329:0230,957.16,67.62,29.69,5.38,0.0
20200329:0330,1022.93,80.34,30.51,5.24,0.0
20200329:0430,1007.59,78.68,31.23,5.1,0.0
20200329:0530,1006.26,65.39,31.57,4.97,0.0
20200329:0630,890.14,50.95,31.71,5.03,0.0
20200329:0730,764.67,36.29,31.39,5.38,0.0
20200329:0830,755.28,21.56,30.68,5.66,0.0
20200329:0930,488.99,6.83,29.89,5.86,0.0
20200329:1030,0.0,0.0,28.67,5.24,0.0
20200329:1130,0.0,0.0,27.7,4.83,0.0
20200329:1230,0.0,0.0,27.04,4.55,0.0
20200329:1330,0.0,0.0,26.57,4.34,0.0
20200329:1430,0.0,0.0,26.23,4.21,0.0
20200329:1530,0.0,0.0,26.02,4.21,0.0
20200329:1630,0.0,0.0,25.82,4.34,0.0
20200329:1730,0.0,0.0,25.56,4.55,0.0
20200329:1830,0.0,0.0,25.22,4.76,0.0
20200329:1930,0.0,0.0,25.14,4.62,0.0
20200329:2030,0.0,0.0,25.03,4.34,0.0
20200329:2130,0.0,-5.56,24.97,4.14,0.0
20200329:2230,554.0,9.15,24.97,3.79,0.0
20200329:2330,807.33,23.89,25.96,3.79,0.0
20200330:0030,956.37,38.76,27.49,4.41,0.0
20200330:0130,1000.86,53.42,28.86,4.55,0.0
20200330:0230,1023.66,67.83,30.02,4.62,0.0
20200330:0330,1014.4,80.69,31.01,4.55,0.0
20200330:0430,1035.91,78.87,31.78,4.41,0.0
20200330:0530,981.37,65.44,32.33,4.34,0.0
20200330:0630,663.13,50.96,32.58,4.41,0.0
20200330:0730,654.27,36.28,31.92,4.9,0.0
20200330:0830,748.37,21.55,31.22,5.45,0.0
20200330:0930,386.26,6.82,30.38,5.79,0.0
20200330:1030,0.0,0.0,29.3,5.31,0.0
20200330:1130,0.0,0.0,28.53,4.83,0.0
20200330:1230,0.0,0.0,27.96,4.55,0.0
20200330:1330,0.0,0.0,27.51,4.21,0.0
20200330:1430,0.0,0.0,27.15,4.21,0.0
20200330:1530,0.0,0.0,26.83,4.34,0.0
20200330:1630,0.0,0.0,26.44,4.34,0.0
20200330:1730,0.0,0.0,26.18,4.14,0.0
20200330:1830,0.0,0.0,25.85,3.86,0.0
20200330:1930,0.0,0.0,25.66,3.86,0.0
20200330:2030,0.0,0.0,25.56,4.0,0.0
20200330:2130,0.0,-5.41,25.48,4.14,0.0
20200330:2230,556.99,9.3,25.38,4.21,0.0
20200330:2330,788.65,24.04,26.24,4.62,0.0
20200331:0030,961.26,38.91,27.51,5.1,0.0
20200331:0130,1015.11,53.58,28.81,4.9,0.0
20200331:0230,1050.93,68.03,29.99,4.69,0.0
20200331:0330,1056.74,81.03,31.01,4.48,0.0
20200331:0430,1061.35,79.04,31.83,4.28,0.0
20200331:0530,1054.96,65.48,32.47,4.28,0.0
20200331:0630,1036.53,50.96,32.82,4.21,0.0
20200331:0730,977.53,36.28,32.54,4.83,0.0
20200331:0830,837.3,21.54,32.0,4.83,0.0
20200331:0930,538.32,6.81,31.13,4.9,0.0
20200331:1030,0.0,0.0,29.66,4.34,0.0
20200331:1130,0.0,0.0,28.29,4.41,0.0
20200331:1230,0.0,0.0,27.34,4.48,0.0
20200331:1330,0.0,0.0,26.7,4.34,0.0
20200331:1430,0.0,0.0,26.33,4.21,0.0
20200331:1530,0.0,0.0,26.11,4.07,0.0
20200331:1630,0.0,0.0,25.94,3.93,0.0
20200331:1730,0.0,0.0,25.81,3.79,0.0
20200331:1830,0.0,0.0,25.66,3.79,0.0
20200331:1930,0.0,0.0,25.6,4.0,0.0
20200331:2030,0.0,0.0,25.39,3.86,0.0
20200331:2130,0.0,-5.25,25.18,3.72,0.0
20200331:2230,632.89,9.45,25.09,3.52,0.0
20200331:2330,869.89,24.18,26.19,3.59,0.0
20200401:0030,984.37,39.06,27.82,4.0,0.0
20200401:0130,1010.62,53.74,29.14,3.93,0.0
20200401:0230,1024.77,68.22,30.25,4.14,0.0
20200401:0330,1051.8,81.36,31.26,4.55,0.0
20200401:0430,1063.98,79.21,32.04,5.1,0.0
20200401:0530,1056.43,65.51,32.49,5.52,0.0
20200401:0630,993.59,50.96,32.6,5.79,0.0
20200401:0730,820.95,36.27,32.08,6.0,0.0
20200401:0830,766.78,21.53,31.3,6.21,0.0
20200401:0930,427.07,6.81,30.36,6.14,0.0
20200401:1030,0.0,0.0,29.02,5.31,0.0
20200401:1130,0.0,0.0,28.15,5.17,0.0
20200401:1230,0.0,0.0,27.62,4.97,0.0
20200401:1330,0.0,0.0,27.28,4.97,0.0
20200401:1430,0.0,0.0,27.0,4.55,0.0
20200401:1530,0.0,0.0,26.65,4.28,0.0
20200401:1630,0.0,0.0,26.31,4.34,0.0
20200401:1730,0.0,0.0,25.91,4.34,0.0
20200401:1830,0.0,0.0,25.76,4.28,0.0
20200401:1930,0.0,0.0,25.64,4.76,0.0
20200401:2030,0.0,0.0,25.63,4.62,0.0
20200401:2130,0.0,-5.1,25.65,4.69,0.0
20200401:2230,593.19,9.59,25.61,4.76,0.0
20200401:2330,743.26,24.32,26.45,5.38,0.0
20200402:0030,924.5,39.2,27.71,6.34,0.0
20200402:0130,891.81,53.89,29.04,6.69,0.0
20200402:0230,949.9,68.41,30.08,7.03,0.0
20200402:0330,1031.17,81.69,30.99,7.17,0.0
20200402:0430,978.25,79.36,31.59,6.97,0.0
20200402:0530,988.79,65.54,31.86,6.69,0.0
20200402:0630,1012.86,50.96,31.94,6.62,0.0
20200402:0730,855.74,36.26,31.66,6.55,0.0
20200402:0830,762.23,21.52,30.93,6.83,0.0
20200402:0930,504.69,6.8,29.97,6.76,0.0
20200402:1030,0.0,0.0,28.75,5.66,0.0
20200402:1130,0.0,0.0,27.84,5.03,0.0
20200402:1230,0.0,0.0,27.28,4.83,0.0
20200402:1330,0.0,0.0,26.88,4.97,0.0
20200402:1430,0.0,0.0,26.61,5.31,0.0
20200402:1530,0.0,0.0,26.4,5.52,0.0
20200402:1630,0.0,0.0,26.24,5.66,0.0
20200402:1730,0.0,0.0,26.08,5.45,0.0
20200402:1830,0.0,0.0,25.94,5.24,0.0
20200402:1930,0.0,0.0,25.89,5.38,0.0
20200402:2030,0.0,0.0,25.79,5.24,0.0
20200402:2130,0.0,-4.95,25.81,5.1,0.0
20200402:2230,477.62,9.74,25.66,5.03,0.0
20200402:2330,770.6,24.47,26.31,5.79,0.0
20200403:0030,740.63,39.34,27.65,6.69,0.0
20200403:0130,837.09,54.04,28.8,6.9,0.0
20200403:0230,766.32,68.6,29.57,6.97,0.0
20200403:0330,903.6,82.02,30.11,6.97,0.0
20200403:0430,832.89,79.51,30.56,7.38,0.0
20200403:0530,806.72,65.56,30.76,7.38,0.0
20200403:0630,634.18,50.96,30.41,7.1,0.0
20200403:0730,541.05,36.24,30.06,6.62,0.0
20200403:0830,538.0,21.51,29.8,6.55,0.0
20200403:0930,264.18,6.79,28.56,6.55,0.0
20200403:1030,0.0,0.0,27.3,5.66,0.0
20200403:1130,0.0,0.0,26.66,5.24,0.0
20200403:1230,0.0,0.0,26.26,5.17,0.0
20200403:1330,0.0,0.0,25.97,5.38,0.0
20200403:1430,0.0,0.0,25.79,5.38,0.0
20200403:1530,0.0,0.0,25.67,5.31,0.0
20200403:1630,0.0,0.0,25.49,5.24,0.0
20200403:1730,0.0,0.0,25.4,5.1,0.0
20200403:1830,0.0,0.0,25.26,4.9,0.0
20200403:1930,0.0,0.0,25.62,4.9,0.0
20200403:2030,0.0,0.0,25.58,5.1,0.0
20200403:2130,0.0,-4.8,25.48,4.97,0.0
20200403:2230,575.2,9.88,25.4,4.76,0.0
20200403:2330,765.51,24.61,26.21,5.1,0.0
20200404:0030,931.22,39.48,27.57,5.86,0.0
20200404:0130,827.07,54.19,28.96,6.07,0.0
20200404:0230,839.39,68.77,29.77,6.28,0.0
20200404:0330,953.54,82.33,30.49,6.34,0.0
20200404:0430,941.66,79.64,31.44,6.76,0.0
20200404:0530,882.69,65.58,31.78,6.97,0.0
20200404:0630,948.72,50.95,31.72,6.9,0.0
20200404:0730,910.96,36.23,31.55,7.03,0.0
20200404:0830,797.13,21.49,30.96,6.9,0.0
20200404:0930,470.18,6.78,30.05,6.76,0.0
20200404:1030,0.0,0.0,28.77,5.86,0.0
20200404:1130,0.0,0.0,27.79,5.59,0.0
20200404:1230,0.0,0.0,27.18,5.52,0.0
20200404:1330,0.0,0.0,26.75,5.45,0.0
20200404:1430,0.0,0.0,26.51,5.24,0.0
20200404:1530,0.0,0.0,26.5,5.17,0.0
20200404:1630,0.0,0.0,26.17,4.97,0.0
20200404:1730,0.0,0.0,25.87,4.55,0.0
20200404:1830,0.0,0.0,25.73,4.21,0.0
20200404:1930,0.0,0.0,25.78,4.41,0.0
20200404:2030,0.0,0.0,25.57,4.14,0.0
20200404:2130,0.0,-4.65,25.4,4.07,0.0
20200404:2230,634.06,10.02,25.25,4.14,0.0
20200404:2330,881.34,24.74,26.02,4.62,0.0
20200405:0030,940.07,39.62,27.49,5.17,0.0
20200405:0130,918.4,54.33,28.77,5.31,0.0
20200405:0230,950.55,68.94,29.97,5.52,0.0
20200405:0330,1020.03,82.64,30.95,5.66,0.0
20200405:0430,1024.42,79.75,31.73,5.72,0.0
20200405:0530,990.15,65.59,32.08,5.79,0.0
20200405:0630,785.4,50.94,32.05,5.93,0.0
20200405:0730,692.14,36.21,31.47,6.14,0.0
20200405:0830,650.88,21.48,30.77,6.34,0.0
20200405:0930,474.8,6.77,29.88,6.41,0.0
20200405:1030,0.0,0.0,28.7,5.72,0.0
20200405:1130,0.0,0.0,27.74,5.59,0.0
20200405:1230,0.0,0.0,27.22,5.45,0.0
20200405:1330,0.0,0.0,26.79,5.24,0.0
20200405:1430,0.0,0.0,26.48,5.03,0.0
20200405:1530,0.0,0.0,26.19,4.9,0.0
20200405:1630,0.0,0.0,25.86,4.76,0.0
20200405:1730,0.0,0.0,25.65,4.9,0.0
20200405:1830,0.0,0.0,25.4,4.9,0.0
20200405:1930,0.0,0.0,25.56,5.1,0.0
20200405:2030,0.0,0.0,25.51,4.97,0.0
20200405:2130,0.0,-4.5,25.37,4.55,0.0
20200405:2230,601.18,10.17,25.36,4.28,0.0
20200405:2330,847.98,24.88,26.06,4.41,0.0
20200406:0030,990.8,39.75,27.3,4.76,0.0
20200406:0130,1029.28,54.47,28.62,4.76,0.0
20200406:0230,1051.24,69.11,29.82,4.83,0.0
20200406:0330,1054.79,82.93,30.85,4.97,0.0
20200406:0430,1055.9,79.85,31.67,4.97,0.0
20200406:0530,1047.7,65.6,32.2,4.97,0.0
20200406:0630,1020.04,50.93,32.49,5.03,0.0
20200406:0730,959.11,36.2,32.41,5.24,0.0
20200406:0830,816.19,21.47,31.85,5.38,0.0
20200406:0930,527.92,6.77,30.83,5.52,0.0
20200406:1030,0.0,0.0,29.35,4.9,0.0
20200406:1130,0.0,0.0,28.06,4.69,0.0
20200406:1230,0.0,0.0,27.07,4.41,0.0
20200406:1330,0.0,0.0,26.28,4.14,0.0
20200406:1430,0.0,0.0,25.72,4.0,0.0
20200406:1530,0.0,0.0,25.33,4.0,0.0
20200406:1630,0.0,0.0,25.05,4.07,0.0
20200406:1730,0.0,0.0,24.86,4.0,0.0
20200406:1830,0.0,0.0,24.76,3.79,0.0
20200406:1930,0.0,0.0,24.48,3.59,0.0
20200406:2030,0.0,0.0,24.28,3.38,0.0
20200406:2130,0.0,-4.35,24.15,3.17,0.0
20200406:2230,611.05,10.3,24.08,3.03,0.0
20200406:2330,815.29,25.01,25.49,2.9,0.0
20200407:0030,959.95,39.88,27.51,3.03,0.0
20200407:0130,1050.86,54.61,28.83,2.76,0.0
20200407:0230,1049.49,69.26,30.08,2.48,0.0
20200407:0330,1064.58,83.22,31.14,2.28,0.0
20200407:0430,1047.18,79.94,31.99,2.28,0.0
20200407:0530,1008.05,65.6,32.61,2.48,0.0
20200407:0630,893.8,50.91,32.79,2.97,0.0
20200407:0730,846.88,36.18,32.61,3.31,0.0
20200407:0830,679.17,21.45,32.23,3.72,0.0
20200407:0930,509.03,6.76,31.23,3.66,0.0
20200407:1030,0.0,0.0,29.95,3.1,0.0
20200407:1130,0.0,0.0,28.68,3.1,0.0
20200407:1230,0.0,0.0,27.79,3.24,0.0
20200407:1330,0.0,0.0,27.14,3.38,0.0
20200407:1430,0.0,0.0,26.54,3.31,0.0
20200407:1530,0.0,0.0,26.1,3.31,0.0
20200407:1630,0.0,0.0,25.73,3.31,0.0
20200407:1730,0.0,0.0,25.42,3.38,0.0
20200407:1830,0.0,0.0,25.2,3.17,0.0
20200407:1930,0.0,0.0,24.95,3.03,0.0
20200407:2030,0.0,0.0,24.62,2.62,0.0
20200407:2130,0.0,-4.2,24.5,2.69,0.0
20200407:2230,551.17,10.44,24.46,2.76,0.0
20200407:2330,820.71,25.14,25.75,3.1,0.0
20200408:0030,930.29,40.0,27.5,3.93,0.0
20200408:0130,907.98,54.74,28.9,4.07,0.0
20200408:0230,905.78,69.41,29.69,4.21,0.0
20200408:0330,823.68,83.49,30.55,4.34,0.0
20200408:0430,814.44,80.02,31.04,4.41,0.0
20200408:0530,812.9,65.6,31.67,4.76,0.0
20200408:0630,802.58,50.89,31.71,5.03,0.0
20200408:0730,735.81,36.16,31.57,4.48,0.0
20200408:0830,586.7,21.43,31.36,4.83,0.0
20200408:0930,462.25,6.75,30.69,5.03,0.0
20200408:1030,0.0,0.0,29.7,4.62,0.0
20200408:1130,0.0,0.0,28.91,4.69,0.0
20200408:1230,0.0,0.0,28.16,4.41,0.0
20200408:1330,0.0,0.0,27.51,4.28,0.0
20200408:1430,0.0,0.0,26.97,4.14,0.0
20200408:1530,0.0,0.0,26.55,4.07,0.0
20200408:1630,0.0,0.0,26.14,4.07,0.0
20200408:1730,0.0,0.0,25.83,4.0,0.0
20200408:1830,0.0,0.0,25.65,3.86,0.0
20200408:1930,0.0,0.0,25.56,3.86,0.0
20200408:2030,0.0,0.0,25.41,3.66,0.0
20200408:2130,0.0,-4.06,25.2,3.52,0.0
20200408:2230,638.14,10.58,25.09,3.52,0.0
20200408:2330,867.82,25.27,26.42,3.93,0.0
20200409:0030,978.3,40.13,27.94,4.55,0.0
20200409:0130,1016.39,54.86,29.4,4.62,0.0
20200409:0230,949.76,69.55,30.7,4.69,0.0
20200409:0330,894.41,83.75,31.55,4.83,0.0
20200409:0430,871.05,80.08,32.13,4.97,0.0
20200409:0530,818.34,65.59,32.29,5.17,0.0
20200409:0630,722.39,50.87,32.19,5.45,0.0
20200409:0730,739.98,36.14,31.78,4.9,0.0
20200409:0830,617.06,21.42,31.53,4.97,0.0
20200409:0930,386.69,6.74,30.67,4.9,0.0
20200409:1030,0.0,0.0,29.65,4.55,0.0
20200409:1130,0.0,0.0,28.64,4.55,0.0
20200409:1230,0.0,0.0,27.96,4.69,0.0
20200409:1330,0.0,0.0,27.4,4.62,0.0
20200409:1430,0.0,0.0,26.86,4.48,0.0
20200409:1530,0.0,0.0,26.42,4.48,0.0
20200409:1630,0.0,0.0,26.17,4.28,0.0
20200409:1730,0.0,0.0,25.94,3.93,0.0
20200409:1830,0.0,0.0,25.83,3.79,0.0
20200409:1930,0.0,0.0,25.85,3.93,0.0
20200409:2030,0.0,0.0,25.81,3.93,0.0
20200409:2130,0.0,-3.91,25.7,3.86,0.0
20200409:2230,554.6,10.71,25.74,3.86,0.0
20200409:2330,762.84,25.4,26.72,4.34,0.0
20200410:0030,847.63,40.25,28.02,4.62,0.0
20200410:0130,954.23,54.98,29.23,4.55,0.0
20200410:0230,968.87,69.69,30.48,4.69,0.0
20200410:0330,985.34,83.99,31.47,5.1,0.0
20200410:0430,839.87,80.13,31.95,5.59,0.0
20200410:0530,898.03,65.57,31.67,6.07,0.0
20200410:0630,790.47,50.85,31.7,6.14,0.0
20200410:0730,861.47,36.12,31.85,6.07,0.0
20200410:0830,701.33,21.4,31.4,6.07,0.0
20200410:0930,412.64,6.74,30.56,6.14,0.0
20200410:1030,0.0,0.0,29.44,5.45,0.0
20200410:1130,0.0,0.0,28.58,5.45,0.0
20200410:1230,0.0,0.0,27.9,5.24,0.0
20200410:1330,0.0,0.0,27.45,5.1,0.0
20200410:1430,0.0,0.0,27.08,5.1,0.0
20200410:1530,0.0,0.0,26.82,5.03,0.0
20200410:1630,0.0,0.0,26.57,4.9,0.0
20200410:1730,0.0,0.0,26.32,4.62,0.0
20200410:1830,0.0,0.0,26.14,4.34,0.0
20200410:1930,0.0,0.0,26.15,4.41,0.0
20200410:2030,0.0,0.0,26.02,4.41,0.0
20200410:2130,0.0,-3.77,25.87,4.28,0.0
20200410:2230,615.26,10.84,25.9,4.34,0.0
20200410:2330,834.34,25.52,26.74,4.83,0.0
20200411:0030,942.99,40.36,28.16,5.1,0.0
20200411:0130,996.88,55.1,29.42,5.03,0.0
20200411:0230,981.5,69.81,30.6,4.9,0.0
20200411:0330,1007.11,84.22,31.55,4.83,0.0
20200411:0430,1014.62,80.16,32.34,4.76,0.0
20200411:0530,1014.56,65.56,32.85,4.9,0.0
20200411:0630,960.23,50.83,33.1,5.17,0.0
20200411:0730,923.0,36.09,32.68,5.03,0.0
20200411:0830,803.27,21.39,32.18,5.17,0.0
20200411:0930,510.41,6.73,31.25,5.38,0.0
20200411:1030,0.0,0.0,29.93,4.69,0.0
20200411:1130,0.0,0.0,28.87,4.55,0.0
20200411:1230,0.0,0.0,28.15,4.28,0.0
20200411:1330,0.0,0.0,27.45,4.0,0.0
20200411:1430,0.0,0.0,26.91,3.72,0.0
20200411:1530,0.0,0.0,26.44,3.59,0.0
20200411:1630,0.0,0.0,26.03,3.45,0.0
20200411:1730,0.0,0.0,25.71,3.45,0.0
20200411:1830,0.0,0.0,25.46,3.45,0.0
20200411:1930,0.0,0.0,25.22,3.03,0.0
20200411:2030,0.0,0.0,24.97,3.03,0.0
20200411:2130,0.0,-3.63,24.73,2.97,0.0
20200411:2230,664.36,10.97,24.59,2.76,0.0
20200411:2330,877.91,25.65,26.36,2.62,0.0
20200412:0030,973.47,40.47,28.06,2.62,0.0
20200412:0130,1009.72,55.21,29.39,2.07,0.0
20200412:0230,893.89,69.93,30.64,1.52,0.0
20200412:0330,834.15,84.43,31.15,1.24,0.0
20200412:0430,881.15,80.18,31.52,1.45,0.0
20200412:0530,784.22,65.53,31.92,2.14,0.0
20200412:0630,694.32,50.8,31.64,2.69,0.0
20200412:0730,669.38,36.07,31.8,2.07,0.0
20200412:0830,543.26,21.37,31.53,1.31,0.0
20200412:0930,370.45,6.73,30.84,1.59,0.0
20200412:1030,0.0,0.0,30.1,2.07,0.0
20200412:1130,0.0,0.0,29.27,2.76,0.0
20200412:1230,0.0,0.0,28.53,3.24,0.0
20200412:1330,0.0,0.0,27.96,3.24,0.0
20200412:1430,0.0,0.0,27.48,2.97,0.0
20200412:1530,0.0,0.0,26.99,2.62,0.0
20200412:1630,0.0,0.0,26.48,2.34,0.0
20200412:1730,0.0,0.0,26.05,2.41,0.0
20200412:1830,0.0,0.0,25.71,2.62,0.0
20200412:1930,0.0,0.0,25.61,2.48,0.0
20200412:2030,0.0,0.0,25.27,2.48,0.0
20200412:2130,0.0,-3.49,24.78,2.21,0.0
20200412:2230,639.34,11.1,24.47,1.93,0.0
20200412:2330,814.65,25.76,26.7,1.93,0.0
20200413:0030,980.45,40.58,28.5,2.41,0.0
20200413:0130,1038.89,55.31,29.86,2.34,0.0
20200413:0230,1030.83,70.04,31.01,2.34,0.0
20200413:0330,941.43,84.62,31.88,2.55,0.0
20200413:0430,944.94,80.19,32.44,2.83,0.0
20200413:0530,976.66,65.51,32.76,2.97,0.0
20200413:0630,878.86,50.77,33.19,3.17,0.0
20200413:0730,708.79,36.05,32.78,2.21,0.0
20200413:0830,665.21,21.36,32.42,2.97,0.0
20200413:0930,314.37,6.72,32.0,3.93,0.0
20200413:1030,0.0,0.0,30.81,4.41,0.0
20200413:1130,0.0,0.0,29.68,4.21,0.0
20200413:1230,0.0,0.0,29.04,3.66,0.0
20200413:1330,0.0,0.0,28.5,3.66,0.0
20200413:1430,0.0,0.0,27.95,3.79,0.0
20200413:1530,0.0,0.0,27.54,3.72,0.0
20200413:1630,0.0,0.0,27.13,3.79,0.0
20200413:1730,0.0,0.0,26.64,3.86,0.0
20200413:1830,0.0,0.0,26.24,3.79,0.0
20200413:1930,0.0,0.0,25.86,3.24,0.0
20200413:2030,0.0,0.0,25.55,3.03,0.0
20200413:2130,0.0,-3.35,25.33,3.03,0.0
20200413:2230,515.4,11.23,25.32,2.9,0.0
20200413:2330,781.32,25.88,26.07,3.1,0.0
20200414:0030,850.95,40.69,27.39,3.03,0.0
20200414:0130,874.74,55.41,28.59,2.9,0.0
20200414:0230,880.6,70.15,29.58,2.69,0.0
20200414:0330,911.72,84.79,30.5,2.62,0.0
20200414:0430,885.89,80.19,31.29,2.76,0.0
20200414:0530,779.43,65.48,31.89,3.03,0.0
20200414:0630,737.49,50.74,31.92,3.31,0.0
20200414:0730,658.85,36.02,31.7,3.59,0.0
20200414:0830,639.19,21.34,31.4,3.79,0.0
20200414:0930,374.66,6.72,30.89,4.0,0.0
20200414:1030,0.0,0.0,30.07,4.21,0.0
20200414:1130,0.0,0.0,29.34,4.21,0.0
20200414:1230,0.0,0.0,28.79,4.21,0.0
20200414:1330,0.0,0.0,28.22,4.48,0.0
20200414:1430,0.0,0.0,27.79,4.76,0.0
20200414:1530,0.0,0.0,27.37,4.83,0.0
20200414:1630,0.0,0.0,26.96,4.48,0.0
20200414:1730,0.0,0.0,26.6,4.0,0.0
20200414:1830,0.0,0.0,26.31,3.79,0.0
20200414:1930,0.0,0.0,26.3,3.72,0.0
20200414:2030,0.0,0.0,26.11,3.31,0.0
20200414:2130,0.0,-3.21,25.94,2.9,0.0
20200414:2230,587.8,11.35,25.89,2.69,0.0
20200414:2330,851.16,25.99,27.22,2.97,0.0
20200415:0030,924.42,40.79,28.66,3.03,0.0
20200415:0130,985.41,55.51,29.77,2.97,0.0
20200415:0230,1003.76,70.24,30.85,2.9,0.0
20200415:0330,942.6,84.93,31.77,2.83,0.0
20200415:0430,946.26,80.17,32.15,2.62,0.0
20200415:0530,923.15,65.44,32.66,2.55,0.0
20200415:0630,768.71,50.71,32.91,2.55,0.0
20200415:0730,712.21,36.0,32.8,2.41,0.0
20200415:0830,567.48,21.33,32.36,2.21,0.0
20200415:0930,388.1,6.72,31.66,2.41,0.0
20200415:1030,0.0,0.0,31.01,2.41,0.0
20200415:1130,0.0,0.0,30.2,1.52,0.0
20200415:1230,0.0,0.0,29.51,1.24,0.0
20200415:1330,0.0,0.0,28.62,1.03,0.0
20200415:1430,0.0,0.0,28.02,1.24,0.0
20200415:1530,0.0,0.0,27.5,1.66,0.0
20200415:1630,0.0,0.0,27.11,1.86,0.0
20200415:1730,0.0,0.0,26.9,2.07,0.0
20200415:1830,0.0,0.0,26.73,2.41,0.0
20200415:1930,0.0,0.0,26.59,2.76,0.0
20200415:2030,0.0,0.0,26.36,2.97,0.0
20200415:2130,0.0,-3.08,26.22,3.1,0.0
20200415:2230,527.68,11.47,26.08,2.97,0.0
20200415:2330,827.71,26.1,27.3,3.31,0.0
20200416:0030,908.67,40.89,28.84,3.79,0.0
20200416:0130,903.44,55.6,30.22,3.79,0.0
20200416:0230,918.19,70.33,31.37,3.72,0.0
20200416:0330,889.26,85.05,32.3,3.72,0.0
20200416:0430,941.47,80.14,32.94,3.79,0.0
20200416:0530,868.27,65.41,33.53,3.72,0.0
20200416:0630,879.72,50.68,33.5,3.72,0.0
20200416:0730,781.1,35.98,33.74,4.14,0.0
20200416:0830,700.61,21.31,33.34,4.62,0.0
20200416:0930,407.49,6.72,32.56,5.03,0.0
20200416:1030,0.0,0.0,31.3,4.83,0.0
20200416:1130,0.0,0.0,30.27,4.9,0.0
20200416:1230,0.0,0.0,29.46,4.76,0.0
20200416:1330,0.0,0.0,28.77,4.62,0.0
20200416:1430,0.0,0.0,28.23,4.69,0.0
20200416:1530,0.0,0.0,27.87,4.69,0.0
20200416:1630,0.0,0.0,27.45,4.62,0.0
20200416:1730,0.0,0.0,27.18,4.55,0.0
20200416:1830,0.0,0.0,26.84,4.07,0.0
20200416:1930,0.0,0.0,27.05,3.93,0.0
20200416:2030,0.0,0.0,26.87,3.59,0.0
20200416:2130,0.0,-2.94,26.7,3.31,0.0
20200416:2230,635.28,11.59,26.66,3.38,0.0
20200416:2330,792.44,26.21,27.88,3.93,0.0
20200417:0030,812.07,40.98,29.26,4.07,0.0
20200417:0130,908.33,55.68,30.39,3.86,0.0
20200417:0230,913.01,70.41,31.32,3.79,0.0
20200417:0330,888.34,85.15,32.2,3.79,0.0
20200417:0430,892.14,80.1,32.89,4.0,0.0
20200417:0530,888.06,65.37,33.31,4.07,0.0
20200417:0630,888.75,50.64,33.55,4.34,0.0
20200417:0730,670.91,35.95,33.55,4.34,0.0
20200417:0830,607.63,21.3,32.86,4.62,0.0
20200417:0930,441.21,6.72,32.09,5.1,0.0
20200417:1030,0.0,0.0,30.93,4.9,0.0
20200417:1130,0.0,0.0,29.83,5.1,0.0
20200417:1230,0.0,0.0,29.0,4.69,0.0
20200417:1330,0.0,0.0,28.5,4.62,0.0
20200417:1430,0.0,0.0,28.1,4.9,0.0
20200417:1530,0.0,0.0,27.53,4.62,0.0
20200417:1630,0.0,0.0,27.14,4.34,0.0
20200417:1730,0.0,0.0,26.9,4.14,0.0
20200417:1830,0.0,0.0,26.75,3.86,0.0
20200417:1930,0.0,0.0,26.73,3.72,0.0
20200417:2030,0.0,0.0,26.67,3.52,0.0
20200417:2130,0.0,-2.81,26.64,3.52,0.0
20200417:2230,599.38,11.7,26.66,3.31,0.0
20200417:2330,819.58,26.31,27.69,3.79,0.0
20200418:0030,927.02,41.07,29.03,3.86,0.0
20200418:0130,933.33,55.76,30.41,3.86,0.0
20200418:0230,930.22,70.48,31.62,3.93,0.0
20200418:0330,844.26,85.21,32.66,4.21,0.0
20200418:0430,952.91,80.05,33.29,4.69,0.0
20200418:0530,758.47,65.32,33.68,5.03,0.0
20200418:0630,607.48,50.61,32.92,4.69,0.0
20200418:0730,722.07,35.93,32.63,4.97,0.0
20200418:0830,619.37,21.29,32.36,4.9,0.0
20200418:0930,383.23,6.72,31.34,4.34,0.0
20200418:1030,0.0,0.0,30.47,4.41,0.0
20200418:1130,0.0,0.0,29.61,4.9,0.0
20200418:1230,0.0,0.0,28.72,5.17,0.0
20200418:1330,0.0,0.0,28.08,5.03,0.0
20200418:1430,0.0,0.0,27.72,4.97,0.0
20200418:1530,0.0,0.0,27.46,4.97,0.0
20200418:1630,0.0,0.0,27.2,4.76,0.0
20200418:1730,0.0,0.0,27.01,4.69,0.0
20200418:1830,0.0,0.0,26.82,4.55,0.0
20200418:1930,0.0,0.0,27.02,4.55,0.0
20200418:2030,0.0,0.0,26.92,4.55,0.0
20200418:2130,0.0,-2.69,26.78,4.62,0.0
20200418:2230,576.84,11.82,26.78,4.76,0.0
20200418:2330,773.46,26.41,27.57,5.31,0.0
20200419:0030,811.11,41.16,28.89,5.86,0.0
20200419:0130,855.0,55.84,30.11,6.14,0.0
20200419:0230,949.16,70.55,31.31,6.14,0.0
20200419:0330,941.63,85.26,32.32,6.0,0.0
20200419:0430,869.88,79.99,33.01,5.72,0.0
20200419:0530,951.58,65.28,33.25,5.52,0.0
20200419:0630,773.06,50.57,33.51,5.45,0.0
20200419:0730,812.3,35.9,33.35,5.03,0.0
20200419:0830,664.41,21.27,32.89,5.1,0.0
20200419:0930,387.3,6.72,31.91,5.38,0.0
20200419:1030,0.0,0.0,30.62,4.97,0.0
20200419:1130,0.0,0.0,29.62,4.83,0.0
20200419:1230,0.0,0.0,28.97,4.55,0.0
20200419:1330,0.0,0.0,28.58,4.07,0.0
20200419:1430,0.0,0.0,28.32,3.72,0.0
20200419:1530,0.0,0.0,28.07,3.93,0.0
20200419:1630,0.0,0.0,27.85,3.93,0.0
20200419:1730,0.0,0.0,27.52,4.0,0.0
20200419:1830,0.0,0.0,27.2,4.0,0.0
20200419:1930,0.0,0.0,27.45,4.0,0.0
20200419:2030,0.0,0.0,27.38,3.79,0.0
20200419:2130,0.0,-2.56,27.18,4.0,0.0
20200419:2230,406.01,11.93,27.18,4.14,0.0
20200419:2330,519.85,26.51,27.64,4.97,0.0
20200420:0030,761.94,41.24,28.34,5.31,0.0
20200420:0130,852.3,55.91,29.54,5.31,0.0
20200420:0230,816.23,70.6,30.19,4.97,0.0
20200420:0330,811.08,85.27,31.1,4.62,0.0
20200420:0430,756.86,79.92,31.58,4.76,0.0
20200420:0530,826.44,65.23,31.89,5.17,0.0
20200420:0630,774.45,50.54,32.07,5.66,0.0
20200420:0730,544.36,35.88,31.37,5.59,0.0
20200420:0830,298.67,21.26,30.96,5.66,0.0
20200420:0930,258.83,6.72,30.2,5.31,0.0
20200420:1030,0.0,0.0,29.41,4.9,0.0
20200420:1130,0.0,0.0,28.96,4.21,0.0
20200420:1230,0.0,0.0,28.72,3.93,0.0
20200420:1330,0.0,0.0,28.43,4.07,0.0
20200420:1430,0.0,0.0,28.11,4.69,0.0
20200420:1530,0.0,0.0,27.44,4.76,0.0
20200420:1630,0.0,0.0,26.85,4.69,0.0
20200420:1730,0.0,0.0,26.46,4.28,0.0
20200420:1830,0.0,0.0,26.07,4.41,0.0
20200420:1930,0.0,0.0,26.32,4.83,0.0
20200420:2030,0.0,0.0,26.26,4.48,0.0
20200420:2130,0.0,-2.44,26.28,4.55,0.0
20200420:2230,79.75,12.03,26.36,4.48,0.0
20200420:2330,349.19,26.6,26.9,4.97,0.0
20200421:0030,518.39,41.32,27.87,5.1,0.0
20200421:0130,530.39,55.98,28.82,4.9,0.0
20200421:0230,616.96,70.65,29.61,4.34,0.0
20200421:0330,815.09,85.25,30.37,4.14,0.0
20200421:0430,695.5,79.84,31.32,4.21,0.0
20200421:0530,777.03,65.17,31.5,4.41,0.0
20200421:0630,554.12,50.5,31.43,4.62,0.0
20200421:0730,480.96,35.85,30.99,5.1,0.0
20200421:0830,451.68,21.25,30.58,5.45,0.0
20200421:0930,331.54,6.73,29.99,5.24,0.0
20200421:1030,0.0,0.0,29.26,4.83,0.0
20200421:1130,0.0,0.0,28.66,4.41,0.0
20200421:1230,0.0,0.0,28.19,4.14,0.0
20200421:1330,0.0,0.0,27.81,4.28,0.0
20200421:1430,0.0,0.0,27.51,4.41,0.0
20200421:1530,0.0,0.0,27.27,4.55,0.0
20200421:1630,0.0,0.0,27.0,4.48,0.0
20200421:1730,0.0,0.0,26.72,4.21,0.0
20200421:1830,0.0,0.0,26.46,3.93,0.0
20200421:1930,0.0,0.0,26.49,4.07,0.0
20200421:2030,0.0,0.0,26.37,3.86,0.0
20200421:2130,0.0,-2.32,26.28,3.72,0.0
20200421:2230,635.25,12.14,26.11,3.45,0.0
20200421:2330,868.67,26.69,27.2,3.86,0.0
20200422:0030,937.67,41.39,28.88,4.21,0.0
20200422:0130,986.28,56.04,30.31,4.48,0.0
20200422:0230,883.13,70.69,31.62,4.69,0.0
20200422:0330,968.68,85.22,32.52,4.9,0.0
20200422:0430,985.27,79.75,33.15,4.9,0.0
20200422:0530,826.07,65.12,33.41,5.03,0.0
20200422:0630,793.3,50.46,33.11,5.17,0.0
20200422:0730,748.48,35.83,32.85,5.38,0.0
20200422:0830,565.41,21.24,32.31,5.59,0.0
20200422:0930,403.2,6.73,31.44,5.52,0.0
20200422:1030,0.0,0.0,30.34,5.17,0.0
20200422:1130,0.0,0.0,29.44,4.76,0.0
20200422:1230,0.0,0.0,28.77,4.62,0.0
20200422:1330,0.0,0.0,28.33,4.34,0.0
20200422:1430,0.0,0.0,27.93,4.21,0.0
20200422:1530,0.0,0.0,27.47,3.72,0.0
20200422:1630,0.0,0.0,27.04,3.79,0.0
20200422:1730,0.0,0.0,26.71,4.07,0.0
20200422:1830,0.0,0.0,26.33,4.28,0.0
20200422:1930,0.0,0.0,26.39,4.28,0.0
20200422:2030,0.0,0.0,26.18,4.21,0.0
20200422:2130,0.0,-2.2,26.05,4.07,0.0
20200422:2230,524.09,12.24,25.94,4.0,0.0
20200422:2330,763.69,26.78,26.86,4.9,0.0
20200423:0030,866.53,41.46,28.37,5.59,0.0
20200423:0130,935.52,56.09,29.67,5.93,0.0
20200423:0230,964.56,70.73,31.09,6.28,0.0
20200423:0330,919.38,85.15,32.1,6.55,0.0
20200423:0430,940.12,79.65,32.69,6.69,0.0
20200423:0530,992.44,65.06,33.07,6.76,0.0
20200423:0630,912.8,50.42,33.16,6.83,0.0
20200423:0730,870.19,35.8,32.31,7.1,0.0
20200423:0830,778.51,21.23,31.86,6.9,0.0
20200423:0930,477.54,6.74,30.98,6.41,0.0
20200423:1030,0.0,0.0,29.77,5.31,0.0
20200423:1130,0.0,0.0,28.78,5.1,0.0
20200423:1230,0.0,0.0,28.15,5.38,0.0
20200423:1330,0.0,0.0,27.78,5.38,0.0
20200423:1430,0.0,0.0,27.62,5.1,0.0
20200423:1530,0.0,0.0,27.47,4.9,0.0
20200423:1630,0.0,0.0,27.3,5.17,0.0
20200423:1730,0.0,0.0,26.96,5.59,0.0
20200423:1830,0.0,0.0,26.7,5.1,0.0
20200423:1930,0.0,0.0,27.02,5.31,0.0
20200423:2030,0.0,0.0,26.98,5.1,0.0
20200423:2130,0.0,-2.08,26.92,5.1,0.0
20200423:2230,424.2,12.34,26.82,5.31,0.0
20200423:2330,652.43,26.87,27.34,5.79,0.0
20200424:0030,732.43,41.53,28.5,6.07,0.0
20200424:0130,738.95,56.14,29.31,5.52,0.0
20200424:0230,753.43,70.75,29.92,5.52,0.0
20200424:0330,830.04,85.06,30.34,6.0,0.0
20200424:0430,767.79,79.55,31.0,5.93,0.0
20200424:0530,785.96,65.01,31.62,5.86,0.0
20200424:0630,573.03,50.39,31.22,6.14,0.0
20200424:0730,701.51,35.78,31.32,5.93,0.0
20200424:0830,585.17,21.22,30.97,6.07,0.0
20200424:0930,415.95,6.75,30.33,6.07,0.0
20200424:1030,0.0,0.0,29.43,5.52,0.0
20200424:1130,0.0,0.0,28.73,5.03,0.0
20200424:1230,0.0,0.0,28.31,5.1,0.0
20200424:1330,0.0,0.0,28.05,5.03,0.0
20200424:1430,0.0,0.0,27.69,4.76,0.0
20200424:1530,0.0,0.0,27.27,4.76,0.0
20200424:1630,0.0,0.0,26.81,4.83,0.0
20200424:1730,0.0,0.0,26.58,4.97,0.0
20200424:1830,0.0,0.0,26.21,5.03,0.0
20200424:1930,0.0,0.0,26.5,4.97,0.0
20200424:2030,0.0,0.0,26.38,5.38,0.0
20200424:2130,0.0,-1.97,26.36,5.03,0.0
20200424:2230,337.84,12.43,26.3,5.59,0.0
20200424:2330,576.1,26.95,26.66,6.34,0.0
20200425:0030,728.15,41.59,27.9,6.41,0.0
20200425:0130,770.54,56.19,29.12,6.07,0.0
20200425:0230,885.86,70.77,30.11,5.86,0.0
20200425:0330,912.84,84.96,31.23,6.14,0.0
20200425:0430,829.8,79.44,31.81,6.48,0.0
20200425:0530,919.96,64.95,32.01,6.55,0.0
20200425:0630,847.33,50.35,32.2,6.62,0.0
20200425:0730,717.85,35.76,32.12,6.83,0.0
20200425:0830,546.66,21.22,31.56,6.69,0.0
20200425:0930,368.74,6.76,30.82,6.21,0.0
20200425:1030,0.0,0.0,29.86,5.31,0.0
20200425:1130,0.0,0.0,29.07,5.17,0.0
20200425:1230,0.0,0.0,28.51,4.97,0.0
20200425:1330,0.0,0.0,28.05,4.83,0.0
20200425:1430,0.0,0.0,27.7,4.9,0.0
20200425:1530,0.0,0.0,27.4,5.03,0.0
20200425:1630,0.0,0.0,27.2,5.03,0.0
20200425:1730,0.0,0.0,27.07,4.9,0.0
20200425:1830,0.0,0.0,26.86,4.76,0.0
20200425:1930,0.0,0.0,26.84,5.1,0.0
20200425:2030,0.0,0.0,26.7,5.1,0.0
20200425:2130,0.0,-1.86,26.57,5.03,0.0
20200425:2230,563.78,12.52,26.59,4.9,0.0
20200425:2330,807.46,27.02,27.35,5.86,0.0
20200426:0030,750.4,41.65,28.52,6.41,0.0
20200426:0130,817.89,56.23,29.34,6.41,0.0
20200426:0230,847.9,70.78,30.22,6.48,0.0
20200426:0330,897.39,84.83,30.89,6.55,0.0
20200426:0430,890.79,79.32,31.48,6.48,0.0
20200426:0530,907.27,64.88,32.01,6.48,0.0
20200426:0630,847.91,50.31,32.2,6.34,0.0
20200426:0730,691.37,35.74,32.32,6.48,0.0
20200426:0830,694.01,21.21,31.6,6.48,0.0
20200426:0930,443.86,6.77,31.04,6.48,0.0
20200426:1030,0.0,0.0,29.82,5.59,0.0
20200426:1130,0.0,0.0,28.95,4.9,0.0
20200426:1230,0.0,0.0,28.48,5.03,0.0
20200426:1330,0.0,0.0,28.15,4.76,0.0
20200426:1430,0.0,0.0,27.81,4.69,0.0
20200426:1530,0.0,0.0,27.54,4.69,0.0
20200426:1630,0.0,0.0,27.09,4.83,0.0
20200426:1730,0.0,0.0,26.78,4.76,0.0
20200426:1830,0.0,0.0,26.42,4.62,0.0
20200426:1930,0.0,0.0,26.45,5.17,0.0
20200426:2030,0.0,0.0,26.3,5.24,0.0
20200426:2130,0.0,-1.75,26.15,5.17,0.0
20200426:2230,537.57,12.61,26.1,5.03,0.0
20200426:2330,811.77,27.1,26.99,5.93,0.0
20200427:0030,833.03,41.7,28.6,6.62,0.0
20200427:0130,852.56,56.26,29.98,7.1,0.0
20200427:0230,878.6,70.79,30.98,7.45,0.0
20200427:0330,920.2,84.69,31.86,7.38,0.0
20200427:0430,949.66,79.2,32.46,7.17,0.0
20200427:0530,865.56,64.82,32.83,6.97,0.0
20200427:0630,697.98,50.27,32.69,6.76,0.0
20200427:0730,630.92,35.71,32.04,6.76,0.0
20200427:0830,309.57,21.2,31.17,6.55,0.0
20200427:0930,274.09,6.78,30.08,6.0,0.0
20200427:1030,0.0,0.0,29.11,5.45,0.0
20200427:1130,0.0,0.0,28.41,5.1,0.0
20200427:1230,0.0,0.0,27.94,5.03,0.0
20200427:1330,0.0,0.0,27.54,5.24,0.0
20200427:1430,0.0,0.0,27.17,5.03,0.0
20200427:1530,0.0,0.0,26.87,4.97,0.0
20200427:1630,0.0,0.0,26.51,4.69,0.0
20200427:1730,0.0,0.0,26.21,4.55,0.0
20200427:1830,0.0,0.0,26.03,4.48,0.0
20200427:1930,0.0,0.0,26.15,5.03,0.0
20200427:2030,0.0,0.0,26.0,4.76,0.0
20200427:2130,0.0,-1.65,25.82,4.76,0.0
20200427:2230,402.44,12.7,25.84,4.97,0.0
20200427:2330,651.07,27.17,26.75,5.79,0.0
20200428:0030,797.23,41.75,28.15,6.76,0.0
20200428:0130,826.86,56.29,29.33,6.97,0.0
20200428:0230,788.45,70.78,30.26,7.1,0.0
20200428:0330,757.32,84.53,30.76,7.31,0.0
20200428:0430,777.94,79.08,30.62,7.38,0.0
20200428:0530,685.1,64.76,30.4,7.79,0.0
20200428:0630,618.96,50.23,30.29,7.59,0.0
20200428:0730,455.02,35.69,30.31,6.55,0.0
20200428:0830,286.01,21.2,29.65,6.34,0.0
20200428:0930,266.88,6.79,28.99,5.59,0.0
20200428:1030,0.0,0.0,28.56,5.1,0.0
20200428:1130,0.0,0.0,28.12,4.69,0.0
20200428:1230,0.0,0.0,27.86,4.69,0.0
20200428:1330,0.0,0.0,27.6,4.48,0.0
20200428:1430,0.0,0.0,27.38,4.41,0.0
20200428:1530,0.0,0.0,27.14,4.41,0.0
20200428:1630,0.0,0.0,27.05,4.55,0.0
20200428:1730,0.0,0.0,26.74,4.55,0.0
20200428:1830,0.0,0.0,26.54,4.48,0.0
20200428:1930,0.0,0.0,26.47,4.62,0.0
20200428:2030,0.0,0.0,26.36,4.55,0.0
20200428:2130,0.0,-1.55,26.28,4.41,0.0
20200428:2230,519.6,12.78,26.28,4.41,0.0
20200428:2330,655.82,27.23,27.32,5.17,0.0
20200429:0030,843.82,41.8,28.51,5.52,0.0
20200429:0130,874.64,56.32,29.9,5.79,0.0
20200429:0230,873.26,70.77,31.12,6.0,0.0
20200429:0330,971.74,84.36,31.86,6.28,0.0
20200429:0430,855.04,78.95,32.54,6.48,0.0
20200429:0530,864.52,64.69,32.6,6.48,0.0
20200429:0630,866.78,50.19,32.75,6.55,0.0
20200429:0730,809.5,35.67,32.34,6.14,0.0
20200429:0830,749.86,21.2,31.97,6.21,0.0
20200429:0930,482.33,6.81,31.12,6.21,0.0
20200429:1030,0.0,0.0,29.83,5.52,0.0
20200429:1130,0.0,0.0,28.79,5.31,0.0
20200429:1230,0.0,0.0,28.06,5.31,0.0
20200429:1330,0.0,0.0,27.56,5.31,0.0
20200429:1430,0.0,0.0,27.25,5.17,0.0
20200429:1530,0.0,0.0,26.94,5.03,0.0
20200429:1630,0.0,0.0,26.77,4.62,0.0
20200429:1730,0.0,0.0,26.58,4.28,0.0
20200429:1830,0.0,0.0,26.39,4.48,0.0
20200429:1930,0.0,0.0,26.59,4.48,0.0
20200429:2030,0.0,0.0,26.52,4.55,0.0
20200429:2130,0.0,-1.45,26.41,4.62,0.0
20200429:2230,227.86,12.86,26.55,4.62,0.0
20200429:2330,558.69,27.3,27.33,5.31,0.0
20200430:0030,803.75,41.84,28.48,5.72,0.0
20200430:0130,898.76,56.34,29.75,6.0,0.0
20200430:0230,810.79,70.76,30.92,6.28,0.0
20200430:0330,881.11,84.18,31.51,6.48,0.0
20200430:0430,841.3,78.81,31.87,6.69,0.0
20200430:0530,667.91,64.63,31.97,6.41,0.0
20200430:0630,634.99,50.15,31.0,6.34,0.0
20200430:0730,506.47,35.65,31.26,5.52,0.0
20200430:0830,271.84,21.19,31.06,5.03,0.0
20200430:0930,230.35,6.82,30.44,4.97,0.0
20200430:1030,0.0,0.0,29.62,4.69,0.0
20200430:1130,0.0,0.0,28.89,4.55,0.0
20200430:1230,0.0,0.0,28.46,4.55,0.0
20200430:1330,0.0,0.0,28.08,4.28,0.0
20200430:1430,0.0,0.0,27.72,4.28,0.0
20200430:1530,0.0,0.0,27.37,4.34,0.0
20200430:1630,0.0,0.0,27.01,4.21,0.0
20200430:1730,0.0,0.0,26.71,4.14,0.0
20200430:1830,0.0,0.0,26.39,4.14,0.0
20200430:1930,0.0,0.0,26.31,4.14,0.0
20200430:2030,0.0,0.0,26.3,4.28,0.0
20200430:2130,0.0,-1.36,26.27,4.34,0.0
20200430:2230,398.29,12.94,26.34,4.14,0.0
20200430:2330,648.24,27.36,27.2,5.03,0.0
20200501:0030,797.76,41.88,28.52,5.45,0.0
20200501:0130,1004.54,56.35,29.71,5.38,0.0
20200501:0230,939.35,70.73,31.15,5.24,0.0
20200501:0330,961.98,83.99,32.07,5.03,0.0
20200501:0430,898.53,78.68,32.89,4.76,0.0
20200501:0530,808.52,64.56,33.24,4.69,0.0
20200501:0630,718.7,50.12,33.3,4.76,0.0
20200501:0730,566.17,35.64,32.98,5.17,0.0
20200501:0830,315.29,21.19,32.34,5.38,0.0
20200501:0930,245.93,6.84,31.21,5.72,0.0
20200501:1030,0.0,0.0,30.11,5.52,0.0
20200501:1130,0.0,0.0,29.32,5.31,0.0
20200501:1230,0.0,0.0,28.75,5.1,0.0
20200501:1330,0.0,0.0,28.3,4.62,0.0
20200501:1430,0.0,0.0,27.9,4.28,0.0
20200501:1530,0.0,0.0,27.5,4.14,0.0
20200501:1630,0.0,0.0,27.15,4.14,0.0
20200501:1730,0.0,0.0,26.84,4.21,0.0
20200501:1830,0.0,0.0,26.53,4.34,0.0
20200501:1930,0.0,0.0,26.39,4.69,0.0
20200501:2030,0.0,0.0,26.17,4.69,0.0
20200501:2130,0.0,-1.26,26.03,4.76,0.0
20200501:2230,567.83,13.01,25.97,4.97,0.0
20200501:2330,762.85,27.41,26.9,5.79,0.0
20200502:0030,947.23,41.91,28.25,5.79,0.0
20200502:0130,1002.92,56.36,29.84,5.45,0.0
20200502:0230,959.05,70.71,31.32,5.38,0.0
20200502:0330,959.62,83.79,32.36,5.45,0.0
20200502:0430,943.95,78.54,33.2,5.45,0.0
20200502:0530,798.65,64.5,33.57,5.52,0.0
20200502:0630,453.32,50.08,33.19,5.59,0.0
20200502:0730,599.82,35.62,31.28,6.07,0.0
20200502:0830,440.06,21.2,30.82,5.93,0.0
20200502:0930,163.77,6.86,30.09,5.86,0.0
20200502:1030,0.0,0.0,29.02,5.52,0.0
20200502:1130,0.0,0.0,28.29,5.24,0.0
20200502:1230,0.0,0.0,27.9,4.69,0.0
20200502:1330,0.0,0.0,27.63,4.41,0.0
20200502:1430,0.0,0.0,27.51,4.41,0.0
20200502:1530,0.0,0.0,27.43,4.28,0.0
20200502:1630,0.0,0.0,27.19,4.14,0.0
20200502:1730,0.0,0.0,27.1,3.79,0.0
20200502:1830,0.0,0.0,26.87,3.52,0.0
20200502:1930,0.0,0.0,26.62,3.72,0.0
20200502:2030,0.0,0.0,26.42,3.79,0.0
20200502:2130,0.0,-1.18,26.29,3.38,0.0
20200502:2230,248.43,13.08,26.32,3.17,0.0
20200502:2330,459.61,27.46,26.94,3.38,0.0
20200503:0030,539.54,41.94,28.19,3.79,0.0
20200503:0130,677.31,56.37,29.26,3.79,0.0
20200503:0230,578.61,70.67,30.34,3.79,0.0
20200503:0330,517.51,83.58,30.95,3.79,0.0
20200503:0430,490.02,78.39,29.95,5.1,0.0
20200503:0530,387.11,64.43,30.25,5.86,0.0
20200503:0630,261.55,50.04,30.42,5.66,0.0
20200503:0730,285.0,35.6,28.61,4.76,0.0
20200503:0830,228.28,21.2,28.88,4.62,0.0
20200503:0930,187.74,6.88,28.9,4.69,0.0
20200503:1030,0.0,0.0,28.42,4.9,0.0
20200503:1130,0.0,0.0,27.95,4.34,0.0
20200503:1230,0.0,0.0,27.71,3.79,0.0
20200503:1330,0.0,0.0,27.54,3.31,0.0
20200503:1430,0.0,0.0,27.51,3.03,0.0
20200503:1530,0.0,0.0,27.07,3.24,0.0
20200503:1630,0.0,0.0,26.72,3.52,0.0
20200503:1730,0.0,0.0,26.54,4.0,0.0
20200503:1830,0.0,0.0,26.37,3.93,0.0
20200503:1930,0.0,0.0,26.23,4.0,0.0
20200503:2030,0.0,0.0,26.17,4.28,0.0
20200503:2130,0.0,-1.09,26.17,4.21,0.0
20200503:2230,288.92,13.15,26.36,4.48,0.0
20200503:2330,467.69,27.51,27.2,6.14,0.0
20200504:0030,471.32,41.97,28.5,5.72,0.0
20200504:0130,550.77,56.37,29.44,4.97,0.0
20200504:0230,494.09,70.63,30.18,3.45,0.0
20200504:0330,464.64,83.37,29.81,3.79,0.0
20200504:0430,451.65,78.25,27.4,4.48,0.0
20200504:0530,534.14,64.36,27.22,4.62,0.0
20200504:0630,531.52,50.01,27.67,4.07,0.0
20200504:0730,488.79,35.59,29.26,2.83,0.0
20200504:0830,439.09,21.2,29.43,2.69,0.0
20200504:0930,215.7,6.9,29.15,2.9,0.0
20200504:1030,0.0,0.0,28.51,2.69,0.0
20200504:1130,0.0,0.0,28.05,2.41,0.0
20200504:1230,0.0,0.0,27.77,1.72,0.0
20200504:1330,0.0,0.0,27.58,0.69,0.0
20200504:1430,0.0,0.0,27.21,0.62,0.0
20200504:1530,0.0,0.0,26.81,0.62,0.0
20200504:1630,0.0,0.0,26.42,0.76,0.0
20200504:1730,0.0,0.0,26.17,0.9,0.0
20200504:1830,0.0,0.0,26.15,0.83,0.0
20200504:1930,0.0,0.0,26.11,1.66,0.0
20200504:2030,0.0,0.0,25.91,1.38,0.0
20200504:2130,0.0,-1.01,25.72,1.31,0.0
20200504:2230,494.66,13.21,25.85,1.31,0.0
20200504:2330,724.7,27.56,27.31,1.45,0.0
20200505:0030,784.38,41.99,28.4,1.17,0.0
20200505:0130,834.58,56.37,29.34,0.76,0.0
20200505:0230,891.77,70.58,30.38,0.83,0.0
20200505:0330,791.62,83.16,31.36,1.38,0.0
20200505:0430,867.21,78.11,31.53,1.86,0.0
20200505:0530,793.27,64.3,31.89,2.28,0.0
20200505:0630,635.99,49.97,31.9,2.48,0.0
20200505:0730,588.68,35.57,31.97,1.93,0.0
20200505:0830,440.71,21.21,31.8,1.86,0.0
20200505:0930,313.59,6.93,31.1,2.07,0.0
20200505:1030,0.0,0.0,30.27,1.72,0.0
20200505:1130,0.0,0.0,29.67,1.03,0.0
20200505:1230,0.0,0.0,29.34,0.34,0.0
20200505:1330,0.0,0.0,29.05,0.48,0.0
20200505:1430,0.0,0.0,28.83,0.62,0.0
20200505:1530,0.0,0.0,28.64,0.62,0.0
20200505:1630,0.0,0.0,28.34,0.62,0.0
20200505:1730,0.0,0.0,27.92,0.55,0.0
20200505:1830,0.0,0.0,27.31,0.83,0.0
20200505:1930,0.0,0.0,27.03,2.0,0.0
20200505:2030,0.0,0.0,27.05,2.14,0.0
20200505:2130,0.0,-0.93,26.69,1.93,0.0
20200505:2230,611.81,13.27,26.5,1.59,0.0
20200505:2330,817.9,27.6,28.21,1.45,0.0
20200506:0030,894.61,42.01,29.39,1.1,0.0
20200506:0130,921.73,56.37,30.47,0.69,0.0
20200506:0230,836.3,70.53,31.56,0.62,0.0
20200506:0330,942.63,82.94,32.3,0.76,0.0
20200506:0430,895.8,77.96,33.17,0.9,0.0
20200506:0530,875.33,64.23,33.65,2.07,0.0
20200506:0630,678.66,49.94,33.5,2.07,0.0
20200506:0730,564.4,35.56,33.05,1.03,0.0
20200506:0830,382.63,21.21,32.09,1.59,0.0
20200506:0930,338.1,6.95,31.06,0.76,0.0
20200506:1030,0.0,0.0,30.23,0.28,0.0
20200506:1130,0.0,0.0,29.63,0.14,0.0
20200506:1230,0.0,0.0,29.31,0.41,0.0
20200506:1330,0.0,0.0,28.78,0.97,0.0
20200506:1430,0.0,0.0,28.12,1.93,0.0
20200506:1530,0.0,0.0,27.71,2.14,0.0
20200506:1630,0.0,0.0,27.3,2.07,0.0
20200506:1730,0.0,0.0,26.96,1.79,0.0
20200506:1830,0.0,0.0,26.68,1.52,0.0
20200506:1930,0.0,0.0,26.81,1.31,0.0
20200506:2030,0.0,0.0,27.14,0.9,0.0
20200506:2130,0.0,-0.85,26.71,0.97,0.0
20200506:2230,606.95,13.33,26.41,1.1,0.0
20200506:2330,817.89,27.64,28.27,0.9,0.0
20200507:0030,921.52,42.03,29.53,0.69,0.0
20200507:0130,878.22,56.36,30.78,0.83,0.0
20200507:0230,902.11,70.48,31.79,0.9,0.0
20200507:0330,854.79,82.72,32.77,1.17,0.0
20200507:0430,787.45,77.81,33.39,0.83,0.0
20200507:0530,859.67,64.16,33.36,0.55,0.0
20200507:0630,726.23,49.9,32.98,0.34,0.0
20200507:0730,714.59,35.55,33.24,1.24,0.0
20200507:0830,426.41,21.22,32.72,1.72,0.0
20200507:0930,287.42,6.98,32.01,2.34,0.0
20200507:1030,0.0,0.0,30.6,2.34,0.0
20200507:1130,0.0,0.0,30.13,2.14,0.0
20200507:1230,0.0,0.0,29.86,2.28,0.0
20200507:1330,0.0,0.0,29.4,2.69,0.0
20200507:1430,0.0,0.0,28.92,2.9,0.0
20200507:1530,0.0,0.0,28.5,2.97,0.0
20200507:1630,0.0,0.0,28.15,2.83,0.0
20200507:1730,0.0,0.0,27.78,2.97,0.0
20200507:1830,0.0,0.0,27.43,2.97,0.0
20200507:1930,0.0,0.0,27.43,3.31,0.0
20200507:2030,0.0,0.0,27.29,3.31,0.0
20200507:2130,0.0,-0.78,27.3,3.24,0.0
20200507:2230,549.85,13.39,27.41,2.76,0.0
20200507:2330,726.06,27.68,28.52,2.76,0.0
20200508:0030,835.36,42.04,29.82,2.41,0.0
20200508:0130,781.09,56.34,30.88,2.28,0.0
20200508:0230,874.54,70.42,31.74,2.14,0.0
20200508:0330,798.95,82.5,32.63,2.28,0.0
20200508:0430,745.1,77.67,33.24,2.28,0.0
20200508:0530,751.18,64.1,33.46,2.55,0.0
20200508:0630,727.27,49.87,33.24,2.55,0.0
20200508:0730,686.25,35.54,33.61,2.62,0.0
20200508:0830,568.93,21.23,33.0,2.07,0.0
20200508:0930,374.69,7.01,32.38,2.83,0.0
20200508:1030,0.0,0.0,31.4,3.1,0.0
20200508:1130,0.0,0.0,30.55,3.38,0.0
20200508:1230,0.0,0.0,29.8,3.38,0.0
20200508:1330,0.0,0.0,29.23,3.66,0.0
20200508:1430,0.0,0.0,28.76,3.79,0.0
20200508:1530,0.0,0.0,28.39,3.86,0.0
20200508:1630,0.0,0.0,28.05,3.79,0.0
20200508:1730,0.0,0.0,27.74,3.72,0.0
20200508:1830,0.0,0.0,27.49,3.59,0.0
20200508:1930,0.0,0.0,27.52,4.14,0.0
20200508:2030,0.0,0.0,27.43,4.07,0.0
20200508:2130,0.0,-0.71,27.3,4.0,0.0
20200508:2230,593.59,13.44,27.35,3.93,0.0
20200508:2330,677.79,27.71,28.39,4.48,0.0
20200509:0030,777.13,42.05,29.71,4.69,0.0
20200509:0130,908.08,56.33,30.99,4.83,0.0
20200509:0230,866.34,70.35,32.33,4.69,0.0
20200509:0330,893.12,82.28,33.24,4.48,0.0
20200509:0430,961.26,77.52,33.97,4.41,0.0
20200509:0530,927.26,64.03,34.63,4.55,0.0
20200509:0630,951.27,49.84,34.83,5.03,0.0
20200509:0730,840.51,35.53,34.75,5.45,0.0
20200509:0830,686.63,21.24,33.76,5.79,0.0
20200509:0930,446.54,7.03,32.31,5.24,0.0
20200509:1030,0.0,0.0,30.74,4.28,0.0
20200509:1130,0.0,0.0,29.74,3.72,0.0
20200509:1230,0.0,0.0,29.13,3.17,0.0
20200509:1330,0.0,0.0,28.6,2.97,0.0
20200509:1430,0.0,0.0,28.14,2.76,0.0
20200509:1530,0.0,0.0,27.67,2.76,0.0
20200509:1630,0.0,0.0,27.23,2.83,0.0
20200509:1730,0.0,0.0,26.88,2.9,0.0
20200509:1830,0.0,0.0,26.66,2.9,0.0
20200509:1930,0.0,0.0,26.59,3.17,0.0
20200509:2030,0.0,0.0,26.54,3.38,0.0
20200509:2130,0.0,-0.64,26.49,3.45,0.0
20200509:2230,607.76,13.48,26.58,3.24,0.0
20200509:2330,852.95,27.74,28.06,3.86,0.0
20200510:0030,893.93,42.05,29.66,3.72,0.0
20200510:0130,877.38,56.31,30.96,3.31,0.0
20200510:0230,909.95,70.28,32.03,3.1,0.0
20200510:0330,830.6,82.06,33.03,2.83,0.0
20200510:0430,899.36,77.37,33.54,2.83,0.0
20200510:0530,785.72,63.97,34.04,2.62,0.0
20200510:0630,731.92,49.81,34.18,2.76,0.0
20200510:0730,471.98,35.53,33.9,2.69,0.0
20200510:0830,551.11,21.25,32.94,2.07,0.0
20200510:0930,305.89,7.07,32.32,2.83,0.0
20200510:1030,0.0,0.0,31.61,3.17,0.0
20200510:1130,0.0,0.0,30.83,2.9,0.0
20200510:1230,0.0,0.0,30.16,3.59,0.0
20200510:1330,0.0,0.0,29.43,3.66,0.0
20200510:1430,0.0,0.0,28.74,3.24,0.0
20200510:1530,0.0,0.0,28.08,3.03,0.0
20200510:1630,0.0,0.0,27.48,2.41,0.0
20200510:1730,0.0,0.0,27.02,2.34,0.0
20200510:1830,0.0,0.0,26.84,2.55,0.0
20200510:1930,0.0,0.0,26.75,3.17,0.0
20200510:2030,0.0,0.0,26.56,3.31,0.0
20200510:2130,0.0,-0.58,26.44,3.31,0.0
20200510:2230,433.88,13.53,26.5,3.03,0.0
20200510:2330,686.88,27.76,27.39,3.31,0.0
20200511:0030,704.94,42.05,28.77,3.24,0.0
20200511:0130,823.49,56.28,30.07,3.03,0.0
20200511:0230,936.02,70.21,31.41,2.97,0.0
20200511:0330,939.63,81.84,32.65,3.17,0.0
20200511:0430,821.45,77.23,33.46,3.38,0.0
20200511:0530,779.04,63.91,33.63,3.79,0.0
20200511:0630,474.16,49.78,33.41,4.62,0.0
20200511:0730,277.68,35.52,31.65,4.41,0.0
20200511:0830,218.24,21.27,31.21,4.21,0.0
20200511:0930,162.39,7.1,31.08,3.66,0.0
20200511:1030,0.0,0.0,30.57,3.17,0.0
20200511:1130,0.0,0.0,29.9,2.28,0.0
20200511:1230,0.0,0.0,29.42,1.38,0.0
20200511:1330,0.0,0.0,28.79,0.83,0.0
20200511:1430,0.0,0.0,28.22,0.69,0.0
20200511:1530,0.0,0.0,27.71,0.9,0.0
20200511:1630,0.0,0.0,27.55,0.83,0.0
20200511:1730,0.0,0.0,27.15,1.45,0.0
20200511:1830,0.0,0.0,26.7,1.31,0.0
20200511:1930,0.0,0.0,27.18,2.69,0.0
20200511:2030,0.0,0.0,27.03,2.83,0.0
20200511:2130,0.0,-0.52,26.85,2.62,0.0
20200511:2230,428.25,13.57,26.85,2.41,0.0
20200511:2330,661.15,27.78,27.85,2.34,0.0
20200512:0030,715.86,42.05,29.17,2.0,0.0
20200512:0130,779.75,56.25,30.14,1.59,0.0
20200512:0230,544.92,70.13,31.03,1.79,0.0
20200512:0330,565.11,81.62,30.67,2.9,0.0
20200512:0430,497.63,77.09,28.8,1.1,0.0
20200512:0530,476.93,63.85,28.7,2.62,0.0
20200512:0630,406.74,49.76,29.15,2.55,0.0
20200512:0730,338.25,35.52,31.28,2.28,0.0
20200512:0830,233.83,21.28,30.94,1.52,0.0
20200512:0930,147.51,7.13,30.38,0.41,0.0
20200512:1030,0.0,0.0,29.99,0.28,0.0
20200512:1130,0.0,0.0,29.26,0.21,0.0
20200512:1230,0.0,0.0,28.88,0.76,0.0
20200512:1330,0.0,0.0,27.98,1.31,0.0
20200512:1430,0.0,0.0,27.7,1.72,0.0
20200512:1530,0.0,0.0,27.44,1.72,0.0
20200512:1630,0.0,0.0,27.17,1.86,0.0
20200512:1730,0.0,0.0,26.95,1.79,0.0
20200512:1830,0.0,0.0,26.54,1.59,0.0
20200512:1930,0.0,0.0,27.83,0.28,0.0
20200512:2030,0.0,0.0,27.42,0.0,0.0
20200512:2130,0.0,-0.46,27.31,0.34,0.0
20200512:2230,371.62,13.6,26.51,0.76,0.0
20200512:2330,541.47,27.8,27.83,1.66,0.0
20200513:0030,573.45,42.05,28.57,2.76,0.0
20200513:0130,652.46,56.22,29.51,3.66,0.0
20200513:0230,661.93,70.05,30.02,3.79,0.0
20200513:0330,800.16,81.41,30.55,2.9,0.0
20200513:0430,662.91,76.94,31.63,2.76,0.0
20200513:0530,624.11,63.79,32.03,2.83,0.0
20200513:0630,585.01,49.73,31.42,3.38,0.0
20200513:0730,486.08,35.51,30.75,4.55,0.0
20200513:0830,342.86,21.3,30.7,4.34,0.0
20200513:0930,326.44,7.17,30.5,4.14,0.0
20200513:1030,0.0,0.0,29.98,3.79,0.0
20200513:1130,0.0,0.0,29.35,3.66,0.0
20200513:1230,0.0,0.0,28.74,3.66,0.0
20200513:1330,0.0,0.0,28.28,3.79,0.0
20200513:1430,0.0,0.0,27.83,4.21,0.0
20200513:1530,0.0,0.0,27.41,4.0,0.0
20200513:1630,0.0,0.0,27.0,3.38,0.0
20200513:1730,0.0,0.0,26.75,3.03,0.0
20200513:1830,0.0,0.0,26.58,2.9,0.0
20200513:1930,0.0,0.0,26.82,3.38,0.0
20200513:2030,0.0,0.0,26.95,3.52,0.0
20200513:2130,0.0,-0.41,26.93,3.1,0.0
20200513:2230,372.17,13.64,27.01,2.9,0.0
20200513:2330,586.26,27.82,27.74,3.59,0.0
20200514:0030,726.91,42.04,28.72,4.0,0.0
20200514:0130,741.94,56.19,29.72,3.79,0.0
20200514:0230,734.42,69.97,30.67,2.97,0.0
20200514:0330,579.53,81.19,31.64,2.48,0.0
20200514:0430,569.61,76.8,32.15,1.66,0.0
20200514:0530,645.79,63.73,31.8,1.1,0.0
20200514:0630,485.08,49.71,31.23,1.93,0.0
20200514:0730,356.05,35.51,30.91,1.17,0.0
20200514:0830,98.84,21.31,30.12,2.07,0.0
20200514:0930,14.85,7.2,28.28,3.03,0.0
20200514:1030,0.0,0.0,27.48,2.41,0.0
20200514:1130,0.0,0.0,26.97,1.52,0.0
20200514:1230,0.0,0.0,27.07,0.62,0.0
20200514:1330,0.0,0.0,26.71,1.1,0.0
20200514:1430,0.0,0.0,27.13,1.52,0.0
20200514:1530,0.0,0.0,26.88,2.21,0.0
20200514:1630,0.0,0.0,26.74,2.83,0.0
20200514:1730,0.0,0.0,26.71,3.59,0.0
20200514:1830,0.0,0.0,26.5,3.86,0.0
20200514:1930,0.0,0.0,26.1,4.48,0.0
20200514:2030,0.0,0.0,26.2,4.14,0.0
20200514:2130,0.0,-0.36,26.17,4.07,0.0
20200514:2230,130.16,13.67,26.36,4.28,0.0
20200514:2330,326.85,27.83,26.66,4.62,0.0
20200515:0030,410.44,42.03,27.18,4.9,0.0
20200515:0130,541.8,56.15,27.78,5.03,0.0
20200515:0230,585.96,69.89,28.61,5.45,0.0
20200515:0330,614.83,80.98,29.4,5.79,0.0
20200515:0430,502.07,76.67,29.79,5.72,0.0
20200515:0530,432.5,63.67,29.48,5.59,0.0
20200515:0630,277.18,49.69,29.36,5.66,0.0
20200515:0730,236.54,35.51,28.81,4.9,0.0
20200515:0830,195.35,21.33,28.62,4.55,0.0
20200515:0930,44.28,7.24,28.33,3.86,0.0
20200515:1030,0.0,0.0,27.54,3.1,0.0
20200515:1130,0.0,0.0,27.3,2.34,0.0
20200515:1230,0.0,0.0,27.14,2.41,0.0
20200515:1330,0.0,0.0,26.92,2.0,0.0
20200515:1430,0.0,0.0,26.88,1.79,0.0
20200515:1530,0.0,0.0,26.63,1.79,0.0
20200515:1630,0.0,0.0,26.59,2.14,0.0
20200515:1730,0.0,0.0,26.17,2.48,0.0
20200515:1830,0.0,0.0,26.04,2.83,0.0
20200515:1930,0.0,0.0,26.63,2.07,0.0
20200515:2030,0.0,0.0,26.41,1.93,0.0
20200515:2130,0.0,-0.31,26.19,1.59,0.0
20200515:2230,336.24,13.7,26.49,1.17,0.0
20200515:2330,533.11,27.84,27.98,0.76,0.0
20200516:0030,724.61,42.02,28.64,0.97,0.0
20200516:0130,839.02,56.11,29.26,0.97,0.0
20200516:0230,644.3,69.8,29.83,0.76,0.0
20200516:0330,572.1,80.77,30.05,0.9,0.0
20200516:0430,543.8,76.53,30.12,1.1,0.0
20200516:0530,606.43,63.61,30.55,1.59,0.0
20200516:0630,533.82,49.66,30.73,1.93,0.0
20200516:0730,317.19,35.52,30.39,1.66,0.0
20200516:0830,164.04,21.35,29.69,2.28,0.0
20200516:0930,57.38,7.28,29.27,1.24,0.0
20200516:1030,0.0,0.0,28.54,2.14,0.0
20200516:1130,0.0,0.0,27.58,2.62,0.0
20200516:1230,0.0,0.0,27.28,2.34,0.0
20200516:1330,0.0,0.0,27.19,2.69,0.0
20200516:1430,0.0,0.0,27.01,3.03,0.0
20200516:1530,0.0,0.0,26.73,3.52,0.0
20200516:1630,0.0,0.0,26.5,2.83,0.0
20200516:1730,0.0,0.0,26.49,2.21,0.0
20200516:1830,0.0,0.0,26.32,2.28,0.0
20200516:1930,0.0,0.0,26.34,3.1,0.0
20200516:2030,0.0,0.0,26.42,2.76,0.0
20200516:2130,0.0,-0.27,26.38,2.34,0.0
20200516:2230,284.23,13.72,26.47,2.0,0.0
20200516:2330,631.31,27.85,27.45,1.86,0.0
20200517:0030,821.26,42.0,28.55,1.66,0.0
20200517:0130,842.1,56.07,29.58,1.72,0.0
20200517:0230,911.12,69.71,30.34,1.59,0.0
20200517:0330,800.84,80.56,31.07,1.79,0.0
20200517:0430,738.52,76.4,30.99,2.21,0.0
20200517:0530,727.57,63.56,30.87,2.48,0.0
20200517:0630,655.04,49.65,31.05,2.62,0.0
20200517:0730,547.87,35.52,31.52,2.41,0.0
20200517:0830,270.15,21.38,31.05,2.07,0.0
20200517:0930,59.39,7.32,30.59,1.93,0.0
20200517:1030,0.0,0.0,29.95,1.86,0.0
20200517:1130,0.0,0.0,29.51,1.45,0.0
20200517:1230,0.0,0.0,28.8,1.31,0.0
20200517:1330,0.0,0.0,28.24,1.52,0.0
20200517:1430,0.0,0.0,27.81,1.66,0.0
20200517:1530,0.0,0.0,27.87,1.1,0.0
20200517:1630,0.0,0.0,28.59,0.76,0.0
20200517:1730,0.0,0.0,28.23,0.83,0.0
20200517:1830,0.0,0.0,27.78,0.83,0.0
20200517:1930,0.0,0.0,28.09,0.97,0.0
20200517:2030,0.0,0.0,28.05,0.9,0.0
20200517:2130,0.0,-0.23,26.79,1.45,0.0
20200517:2230,294.74,13.74,27.35,1.1,0.0
20200517:2330,560.06,27.85,28.77,0.48,0.0
20200518:0030,579.98,41.98,29.4,0.69,0.0
20200518:0130,593.97,56.02,29.75,0.55,0.0
20200518:0230,554.42,69.62,30.17,0.48,0.0
20200518:0330,443.33,80.35,30.17,0.83,0.0
20200518:0430,404.05,76.27,30.11,1.79,0.0
20200518:0530,296.88,63.51,29.99,2.62,0.0
20200518:0630,429.3,49.63,29.66,3.17,0.0
20200518:0730,277.81,35.52,30.58,1.31,0.0
20200518:0830,115.12,21.4,30.26,1.31,0.0
20200518:0930,17.77,7.36,29.66,0.76,0.0
20200518:1030,0.0,0.0,29.18,0.83,0.0
20200518:1130,0.0,0.0,28.58,0.9,0.0
20200518:1230,0.0,0.0,28.12,1.24,0.0
20200518:1330,0.0,0.0,27.94,2.0,0.0
20200518:1430,0.0,0.0,27.64,2.07,0.0
20200518:1530,0.0,0.0,27.29,1.59,0.0
20200518:1630,0.0,0.0,27.0,1.31,0.0
20200518:1730,0.0,0.0,27.56,0.9,0.0
20200518:1830,0.0,0.0,27.54,0.69,0.0
20200518:1930,0.0,0.0,26.39,1.17,0.0
20200518:2030,0.0,0.0,27.77,0.76,0.0
20200518:2130,0.0,-0.19,27.66,0.62,0.0
20200518:2230,348.35,13.76,27.65,0.48,0.0
20200518:2330,569.32,27.85,28.11,0.34,0.0
20200519:0030,772.18,41.96,28.85,0.34,0.0
20200519:0130,772.7,55.98,29.75,0.55,0.0
20200519:0230,842.37,69.52,30.4,0.62,0.0
20200519:0330,828.12,80.15,31.13,0.9,0.0
20200519:0430,796.03,76.14,31.58,1.38,0.0
20200519:0530,692.2,63.46,31.93,1.93,0.0
20200519:0630,780.4,49.61,31.35,2.21,0.0
20200519:0730,673.7,35.53,31.94,1.72,0.0
20200519:0830,480.59,21.43,30.53,1.59,0.0
20200519:0930,338.72,7.4,30.04,1.59,0.0
20200519:1030,0.0,0.0,29.57,1.17,0.0
20200519:1130,0.0,0.0,28.24,2.07,0.0
20200519:1230,0.0,0.0,27.62,1.86,0.0
20200519:1330,0.0,0.0,27.45,1.72,0.0
20200519:1430,0.0,0.0,27.12,1.52,0.0
20200519:1530,0.0,0.0,26.86,1.66,0.0
20200519:1630,0.0,0.0,26.61,1.72,0.0
20200519:1730,0.0,0.0,26.41,1.79,0.0
20200519:1830,0.0,0.0,26.13,1.59,0.0
20200519:1930,0.0,0.0,26.13,1.03,0.0
20200519:2030,0.0,0.0,25.72,1.38,0.0
20200519:2130,0.0,-0.16,25.96,1.24,0.0
20200519:2230,490.65,13.78,26.91,0.55,0.0
20200519:2330,722.78,27.85,27.76,0.69,0.0
20200520:0030,854.65,41.94,28.7,0.9,0.0
20200520:0130,717.21,55.93,29.7,1.59,0.0
20200520:0230,842.87,69.43,30.24,2.0,0.0
20200520:0330,853.3,79.96,30.87,1.86,0.0
20200520:0430,852.49,76.01,31.41,1.59,0.0
20200520:0530,770.27,63.41,31.73,1.31,0.0
20200520:0630,597.9,49.6,31.82,1.72,0.0
20200520:0730,586.61,35.54,32.03,2.55,0.0
20200520:0830,338.8,21.45,31.57,2.34,0.0
20200520:0930,247.99,7.45,30.64,1.66,0.0
20200520:1030,0.0,0.0,29.74,1.03,0.0
20200520:1130,0.0,0.0,28.02,1.52,0.0
20200520:1230,0.0,0.0,27.63,1.86,0.0
20200520:1330,0.0,0.0,27.4,1.66,0.0
20200520:1430,0.0,0.0,27.15,1.52,0.0
20200520:1530,0.0,0.0,26.92,1.45,0.0
20200520:1630,0.0,0.0,26.78,1.72,0.0
20200520:1730,0.0,0.0,26.62,2.21,0.0
20200520:1830,0.0,0.0,26.54,2.62,0.0
20200520:1930,0.0,0.0,26.78,2.07,0.0
20200520:2030,0.0,0.0,26.52,1.93,0.0
20200520:2130,0.0,-0.13,26.26,1.59,0.0
20200520:2230,459.01,13.79,26.33,1.52,0.0
20200520:2330,617.53,27.85,27.88,1.93,0.0
20200521:0030,738.4,41.91,28.72,1.86,0.0
20200521:0130,620.51,55.88,29.56,1.52,0.0
20200521:0230,824.5,69.33,29.66,0.97,0.0
20200521:0330,786.87,79.76,30.49,1.03,0.0
20200521:0430,723.2,75.89,31.18,1.03,0.0
20200521:0530,691.25,63.37,31.67,1.86,0.0
20200521:0630,329.23,49.59,32.0,1.59,0.0
20200521:0730,290.59,35.55,30.57,1.59,0.0
20200521:0830,259.53,21.48,30.75,2.0,0.0
20200521:0930,64.0,7.49,30.52,2.0,0.0
20200521:1030,0.0,0.0,29.94,0.48,0.0
20200521:1130,0.0,0.0,28.74,1.66,0.0
20200521:1230,0.0,0.0,28.06,1.45,0.0
20200521:1330,0.0,0.0,27.54,1.86,0.0
20200521:1430,0.0,0.0,27.21,2.14,0.0
20200521:1530,0.0,0.0,26.99,2.62,0.0
20200521:1630,0.0,0.0,26.56,2.48,0.0
20200521:1730,0.0,0.0,26.34,2.48,0.0
20200521:1830,0.0,0.0,26.0,1.93,0.0
20200521:1930,0.0,0.0,26.39,0.69,0.0
20200521:2030,0.0,0.0,26.32,0.62,0.0
20200521:2130,0.0,-0.1,25.85,1.03,0.0
20200521:2230,355.97,13.8,26.61,0.62,0.0
20200521:2330,682.92,27.84,27.41,0.55,0.0
20200522:0030,709.96,41.88,28.32,0.97,0.0
20200522:0130,726.6,55.82,29.26,1.24,0.0
20200522:0230,901.82,69.23,30.2,1.52,0.0
20200522:0330,880.99,79.57,31.18,1.86,0.0
20200522:0430,847.04,75.77,31.89,2.34,0.0
20200522:0530,605.24,63.32,31.96,2.76,0.0
20200522:0630,410.65,49.58,31.3,2.76,0.0
20200522:0730,391.99,35.56,30.74,1.1,0.0
20200522:0830,107.95,21.51,30.76,1.31,0.0
20200522:0930,85.52,7.54,30.21,1.17,0.0
20200522:1030,0.0,0.0,29.23,1.59,0.0
20200522:1130,0.0,0.0,27.95,1.31,0.0
20200522:1230,0.0,0.0,27.29,1.93,0.0
20200522:1330,0.0,0.0,26.9,2.34,0.0
20200522:1430,0.0,0.0,26.67,2.21,0.0
20200522:1530,0.0,0.0,26.48,1.93,0.0
20200522:1630,0.0,0.0,26.25,1.52,0.0
20200522:1730,0.0,0.0,26.3,1.79,0.0
20200522:1830,0.0,0.0,26.26,2.62,0.0
20200522:1930,0.0,0.0,25.81,2.76,0.0
20200522:2030,0.0,0.0,25.95,2.62,0.0
20200522:2130,0.0,-0.08,26.06,2.69,0.0
20200522:2230,207.12,13.81,26.33,3.24,0.0
20200522:2330,424.7,27.83,26.65,3.72,0.0
20200523:0030,636.22,41.85,27.39,4.07,0.0
20200523:0130,663.06,55.77,28.16,4.0,0.0
20200523:0230,770.25,69.14,28.77,4.28,0.0
20200523:0330,633.4,79.39,29.18,4.48,0.0
20200523:0430,581.79,75.66,29.41,4.48,0.0
20200523:0530,669.08,63.28,29.83,4.69,0.0
20200523:0630,486.61,49.57,30.04,4.83,0.0
20200523:0730,396.28,35.57,30.27,4.21,0.0
20200523:0830,301.74,21.54,30.19,3.72,0.0
20200523:0930,132.81,7.58,29.99,3.45,0.0
20200523:1030,0.0,-6.18,29.33,2.76,0.0
20200523:1130,0.0,0.0,28.76,1.59,0.0
20200523:1230,0.0,0.0,28.34,1.79,0.0
20200523:1330,0.0,0.0,27.91,1.93,0.0
20200523:1430,0.0,0.0,27.43,1.66,0.0
20200523:1530,0.0,0.0,27.11,1.45,0.0
20200523:1630,0.0,0.0,27.23,1.03,0.0
20200523:1730,0.0,0.0,27.33,0.62,0.0
20200523:1830,0.0,0.0,27.05,0.48,0.0
20200523:1930,0.0,0.0,27.62,0.48,0.0
20200523:2030,0.0,0.0,27.59,0.28,0.0
20200523:2130,0.0,-0.05,27.38,0.34,0.0
20200523:2230,370.47,13.81,27.1,0.21,0.0
20200523:2330,703.76,27.82,28.02,0.48,0.0
20200524:0030,803.72,41.82,29.18,0.76,0.0
20200524:0130,861.14,55.71,30.18,0.83,0.0
20200524:0230,914.96,69.04,31.11,0.97,0.0
20200524:0330,918.94,79.21,31.94,1.03,0.0
20200524:0430,911.85,75.55,32.58,1.17,0.0
20200524:0530,897.59,63.24,33.0,1.24,0.0
20200524:0630,814.06,49.56,33.18,1.38,0.0
20200524:0730,434.52,35.59,33.54,1.66,0.0
20200524:0830,368.19,21.57,32.23,1.72,0.0
20200524:0930,133.2,7.63,31.38,1.17,0.0
20200524:1030,0.0,-6.12,30.73,0.62,0.0
20200524:1130,0.0,0.0,29.27,0.97,0.0
20200524:1230,0.0,0.0,28.52,1.1,0.0
20200524:1330,0.0,0.0,27.95,1.79,0.0
20200524:1430,0.0,0.0,27.62,2.34,0.0
20200524:1530,0.0,0.0,27.25,1.66,0.0
20200524:1630,0.0,0.0,26.75,1.38,0.0
20200524:1730,0.0,0.0,26.49,1.24,0.0
20200524:1830,0.0,0.0,26.5,1.86,0.0
20200524:1930,0.0,0.0,26.66,1.72,0.0
20200524:2030,0.0,0.0,26.48,1.72,0.0
20200524:2130,0.0,-0.04,26.25,1.52,0.0
20200524:2230,433.9,13.81,26.21,1.24,0.0
20200524:2330,713.22,27.8,27.9,1.38,0.0
20200525:0030,837.68,41.78,28.87,1.93,0.0
20200525:0130,832.89,55.65,29.99,2.41,0.0
20200525:0230,850.34,68.94,30.88,2.62,0.0
20200525:0330,803.7,79.03,31.56,2.55,0.0
20200525:0430,832.25,75.44,31.99,2.07,0.0
20200525:0530,773.46,63.21,32.08,2.0,0.0
20200525:0630,757.72,49.56,31.83,1.45,0.0
20200525:0730,634.72,35.61,32.46,1.24,0.0
20200525:0830,472.24,21.61,32.05,0.69,0.0
20200525:0930,275.22,7.68,31.26,0.41,0.0
20200525:1030,0.0,-6.05,29.94,1.17,0.0
20200525:1130,0.0,0.0,28.78,0.76,0.0
20200525:1230,0.0,0.0,28.24,0.97,0.0
20200525:1330,0.0,0.0,27.52,0.9,0.0
20200525:1430,0.0,0.0,27.57,0.69,0.0
20200525:1530,0.0,0.0,27.98,0.48,0.0
20200525:1630,0.0,0.0,27.66,0.07,0.0
20200525:1730,0.0,0.0,27.62,0.07,0.0
20200525:1830,0.0,0.0,27.04,0.48,0.0
20200525:1930,0.0,0.0,27.52,0.69,0.0
20200525:2030,0.0,0.0,26.93,0.83,0.0
20200525:2130,0.0,-0.02,25.96,1.24,0.0
20200525:2230,431.64,13.81,25.92,1.52,0.0
20200525:2330,742.76,27.79,27.78,2.0,0.0
20200526:0030,866.98,41.75,28.69,2.69,0.0
20200526:0130,789.59,55.59,29.72,2.9,0.0
20200526:0230,896.08,68.84,30.37,2.76,0.0
20200526:0330,868.17,78.86,31.33,2.55,0.0
20200526:0430,905.23,75.34,31.92,2.21,0.0
20200526:0530,835.88,63.17,32.42,1.79,0.0
20200526:0630,819.57,49.56,32.73,1.52,0.0
20200526:0730,783.81,35.62,32.78,1.45,0.0
20200526:0830,725.52,21.64,32.31,0.69,0.0
20200526:0930,428.35,7.73,32.05,0.34,0.0
20200526:1030,0.0,-5.99,31.48,0.28,0.0
20200526:1130,0.0,0.0,30.44,0.62,0.0
20200526:1230,0.0,0.0,30.44,0.34,0.0
20200526:1330,0.0,0.0,30.1,0.41,0.0
20200526:1430,0.0,0.0,29.18,0.9,0.0
20200526:1530,0.0,0.0,27.79,1.31,0.0
20200526:1630,0.0,0.0,27.34,1.38,0.0
20200526:1730,0.0,0.0,27.58,1.17,0.0
20200526:1830,0.0,0.0,27.55,0.97,0.0
20200526:1930,0.0,0.0,25.53,2.48,0.0
20200526:2030,0.0,0.0,25.54,2.41,0.0
20200526:2130,0.0,-0.01,25.42,2.28,0.0
20200526:2230,629.36,13.81,25.48,2.21,0.0
20200526:2330,818.56,27.77,27.75,2.07,0.0
20200527:0030,938.93,41.71,29.29,1.86,0.0
20200527:0130,993.63,55.53,30.4,1.59,0.0
20200527:0230,957.21,68.74,31.4,1.59,0.0
20200527:0330,890.06,78.69,32.19,1.66,0.0
20200527:0430,834.14,75.24,32.69,1.52,0.0
20200527:0530,835.1,63.14,32.88,1.31,0.0
20200527:0630,859.0,49.56,32.79,1.1,0.0
20200527:0730,646.17,35.64,33.16,1.17,0.0
20200527:0830,454.65,21.68,32.8,1.03,0.0
20200527:0930,320.59,7.78,31.54,2.55,0.0
20200527:1030,0.0,-5.92,30.42,2.76,0.0
20200527:1130,0.0,0.0,29.42,2.41,0.0
20200527:1230,0.0,0.0,28.55,1.72,0.0
20200527:1330,0.0,0.0,28.1,0.97,0.0
20200527:1430,0.0,0.0,27.6,0.48,0.0
20200527:1530,0.0,0.0,27.07,0.76,0.0
20200527:1630,0.0,0.0,27.52,0.48,0.0
20200527:1730,0.0,0.0,27.61,0.48,0.0
20200527:1830,0.0,0.0,27.6,0.48,0.0
20200527:1930,0.0,0.0,26.39,1.59,0.0
20200527:2030,0.0,0.0,26.12,1.45,0.0
20200527:2130,3.17,0.0,26.49,1.17,0.0
20200527:2230,447.25,13.8,26.36,1.17,0.0
20200527:2330,750.35,27.74,28.23,1.66,0.0
20200528:0030,765.78,41.67,29.17,2.14,0.0
20200528:0130,716.59,55.47,29.87,2.28,0.0
20200528:0230,851.43,68.64,30.54,2.41,0.0
20200528:0330,746.12,78.53,31.39,2.34,0.0
20200528:0430,711.73,75.14,31.36,2.21,0.0
20200528:0530,720.62,63.11,31.3,2.28,0.0
20200528:0630,751.42,49.56,31.71,2.21,0.0
20200528:0730,587.66,35.67,32.1,1.38,0.0
20200528:0830,211.19,21.71,31.61,1.66,0.0
20200528:0930,58.87,7.83,29.97,1.93,0.0
20200528:1030,0.0,-5.86,28.44,2.62,0.0
20200528:1130,0.0,0.0,27.78,1.52,0.0
20200528:1230,0.0,0.0,27.53,0.83,0.0
20200528:1330,0.0,0.0,27.09,1.38,0.0
20200528:1430,0.0,0.0,26.99,1.38,0.0
20200528:1530,0.0,0.0,26.64,1.59,0.0
20200528:1630,0.0,0.0,26.37,1.59,0.0
20200528:1730,0.0,0.0,26.06,1.1,0.0
20200528:1830,0.0,0.0,25.78,1.52,0.0
20200528:1930,0.0,0.0,26.37,2.62,0.0
20200528:2030,0.0,0.0,26.27,3.03,0.0
20200528:2130,4.08,0.01,26.19,3.31,0.0
20200528:2230,447.25,13.79,26.29,3.45,0.0
20200528:2330,707.38,27.72,27.19,3.59,0.0
20200529:0030,778.48,41.63,28.47,3.52,0.0
20200529:0130,878.43,55.41,29.77,3.24,0.0
20200529:0230,877.45,68.55,30.91,2.69,0.0
20200529:0330,876.49,78.37,31.75,2.14,0.0
20200529:0430,856.01,75.05,32.28,1.72,0.0
20200529:0530,741.13,63.09,32.27,1.52,0.0
20200529:0630,666.24,49.56,32.15,1.93,0.0
20200529:0730,493.16,35.69,31.6,2.48,0.0
20200529:0830,232.57,21.75,30.9,2.55,0.0
20200529:0930,66.55,7.88,29.81,1.59,0.0
20200529:1030,0.0,-5.79,28.85,0.69,0.0
20200529:1130,0.0,0.0,28.04,1.72,0.0
20200529:1230,0.0,0.0,27.36,2.14,0.0
20200529:1330,0.0,0.0,27.18,1.24,0.0
20200529:1430,0.0,0.0,26.89,1.17,0.0
20200529:1530,0.0,0.0,26.6,1.03,0.0
20200529:1630,0.0,0.0,26.6,0.76,0.0
20200529:1730,0.0,0.0,25.96,1.52,0.0
20200529:1830,0.0,0.0,25.81,1.31,0.0
20200529:1930,0.0,0.0,25.95,1.79,0.0
20200529:2030,0.0,0.0,26.18,1.38,0.0
20200529:2130,3.99,0.01,26.08,0.76,0.0
20200529:2230,421.36,13.78,26.78,0.28,0.0
20200529:2330,633.96,27.69,27.24,0.48,0.0
20200530:0030,603.74,41.58,28.11,0.69,0.0
20200530:0130,782.94,55.34,28.87,0.97,0.0
20200530:0230,849.47,68.45,29.88,1.24,0.0
20200530:0330,864.65,78.22,30.7,1.31,0.0
20200530:0430,796.92,74.97,31.36,1.45,0.0
20200530:0530,772.11,63.06,31.6,1.17,0.0
20200530:0630,766.38,49.57,31.74,0.97,0.0
20200530:0730,644.35,35.71,32.5,3.03,0.0
20200530:0830,531.73,21.79,32.31,3.66,0.0
20200530:0930,239.41,7.94,31.29,3.52,0.0
20200530:1030,0.0,-5.73,30.44,3.1,0.0
20200530:1130,0.0,0.0,29.66,2.83,0.0
20200530:1230,0.0,0.0,28.56,2.69,0.0
20200530:1330,0.0,0.0,27.99,2.62,0.0
20200530:1430,0.0,0.0,27.4,2.41,0.0
20200530:1530,0.0,0.0,26.89,2.21,0.0
20200530:1630,0.0,0.0,26.52,2.69,0.0
20200530:1730,0.0,0.0,26.21,2.55,0.0
20200530:1830,0.0,0.0,26.08,2.69,0.0
20200530:1930,0.0,0.0,26.64,2.83,0.0
20200530:2030,0.0,0.0,26.21,2.76,0.0
20200530:2130,3.92,0.01,26.46,3.1,0.0
20200530:2230,362.8,13.77,26.37,3.31,0.0
20200530:2330,565.44,27.67,26.93,3.93,0.0
20200531:0030,674.74,41.54,27.82,4.69,0.0
20200531:0130,873.26,55.28,28.87,4.76,0.0
20200531:0230,859.09,68.35,30.02,4.62,0.0
20200531:0330,860.27,78.07,30.87,4.21,0.0
20200531:0430,853.34,74.88,31.39,3.66,0.0
20200531:0530,797.42,63.04,31.68,3.31,0.0
20200531:0630,811.55,49.58,31.79,3.31,0.0
20200531:0730,647.67,35.74,32.34,3.45,0.0
20200531:0830,545.45,21.83,31.87,3.45,0.0
20200531:0930,360.83,7.99,31.23,3.72,0.0
20200531:1030,0.0,-5.66,30.25,3.17,0.0
20200531:1130,0.0,0.0,29.5,2.83,0.0
20200531:1230,0.0,0.0,28.99,2.69,0.0
20200531:1330,0.0,0.0,28.59,2.55,0.0
20200531:1430,0.0,0.0,28.12,2.69,0.0
20200531:1530,0.0,0.0,27.84,2.83,0.0
20200531:1630,0.0,0.0,27.54,2.83,0.0
20200531:1730,0.0,0.0,27.22,2.69,0.0
20200531:1830,0.0,0.0,27.09,2.76,0.0
20200531:1930,0.0,0.0,27.03,2.97,0.0
20200531:2030,0.0,0.0,26.93,3.1,0.0
20200531:2130,3.85,0.01,26.8,3.38,0.0
20200531:2230,476.46,13.75,26.71,3.38,0.0
20200531:2330,651.0,27.64,27.68,3.66,0.0
20200601:0030,791.99,41.49,28.8,3.52,0.0
20200601:0130,827.49,55.22,29.72,3.17,0.0
20200601:0230,778.12,68.26,30.21,2.28,0.0
20200601:0330,639.03,77.93,30.25,1.72,0.0
20200601:0430,738.65,74.81,30.44,2.21,0.0
20200601:0530,643.69,63.03,30.92,2.62,0.0
20200601:0630,796.02,49.59,30.96,2.76,0.0
20200601:0730,529.26,35.77,30.88,2.07,0.0
20200601:0830,375.82,21.87,30.68,1.86,0.0
20200601:0930,255.55,8.04,30.16,2.07,0.0
20200601:1030,0.0,-5.59,29.02,1.52,0.0
20200601:1130,0.0,0.0,28.08,0.69,0.0
20200601:1230,0.0,0.0,27.84,1.03,0.0
20200601:1330,0.0,0.0,27.52,0.83,0.0
20200601:1430,0.0,0.0,26.94,1.03,0.0
20200601:1530,0.0,0.0,26.43,1.17,0.0
20200601:1630,0.0,0.0,26.46,1.03,0.0
20200601:1730,0.0,0.0,27.01,0.69,0.0
20200601:1830,0.0,0.0,25.42,1.03,0.0
20200601:1930,0.0,0.0,26.07,1.03,0.0
20200601:2030,0.0,0.0,26.27,1.38,0.0
20200601:2130,4.22,0.0,26.06,1.24,0.0
20200601:2230,429.65,13.74,25.95,0.83,0.0
20200601:2330,611.59,27.61,27.16,0.48,0.0
20200602:0030,809.95,41.45,27.9,0.28,0.0
20200602:0130,838.59,55.15,28.93,0.55,0.0
20200602:0230,862.11,68.16,29.78,0.97,0.0
20200602:0330,734.93,77.79,30.53,0.9,0.0
20200602:0430,682.45,74.74,30.83,0.83,0.0
20200602:0530,614.01,63.01,30.92,1.03,0.0
20200602:0630,392.72,49.6,30.69,1.17,0.0
20200602:0730,360.69,35.8,29.05,2.34,0.0
20200602:0830,286.74,21.91,28.88,1.52,0.0
20200602:0930,118.22,8.1,28.97,0.9,0.0
20200602:1030,0.0,-5.53,28.75,0.48,0.0
20200602:1130,0.0,0.0,28.17,1.17,0.0
20200602:1230,0.0,0.0,27.44,0.9,0.0
20200602:1330,0.0,0.0,27.83,0.55,0.0
20200602:1430,0.0,0.0,27.89,0.34,0.0
20200602:1530,0.0,0.0,27.58,0.55,0.0
20200602:1630,0.0,0.0,27.04,0.69,0.0
20200602:1730,0.0,0.0,26.9,0.76,0.0
20200602:1830,0.0,0.0,26.46,0.83,0.0
20200602:1930,0.0,0.0,26.34,0.97,0.0
20200602:2030,0.0,0.0,27.18,0.55,0.0
20200602:2130,0.0,-0.0,27.08,0.21,0.0
20200602:2230,445.2,13.72,27.04,0.28,0.0
20200602:2330,738.13,27.57,27.58,0.69,0.0
20200603:0030,843.56,41.4,28.67,0.83,0.0
20200603:0130,871.07,55.09,29.75,0.76,0.0
20200603:0230,874.62,68.07,30.58,0.9,0.0
20200603:0330,799.88,77.66,31.29,1.1,0.0
20200603:0430,679.05,74.67,31.5,1.72,0.0
20200603:0530,712.25,63.0,31.27,2.14,0.0
20200603:0630,658.04,49.62,31.32,1.66,0.0
20200603:0730,442.91,35.83,31.49,1.72,0.0
20200603:0830,379.18,21.95,30.07,0.69,0.0
20200603:0930,182.15,8.15,29.83,0.28,0.0
20200603:1030,0.0,-5.46,29.34,1.03,0.0
20200603:1130,0.0,0.0,28.79,1.17,0.0
20200603:1230,0.0,0.0,27.92,1.86,0.0
20200603:1330,0.0,0.0,27.28,2.28,0.0
20200603:1430,0.0,0.0,26.95,1.72,0.0
20200603:1530,0.0,0.0,26.33,1.17,0.0
20200603:1630,0.0,0.0,26.02,1.1,0.0
20200603:1730,0.0,0.0,26.03,0.97,0.0
20200603:1830,0.0,0.0,25.73,1.1,0.0
20200603:1930,0.0,0.0,26.23,0.83,0.0
20200603:2030,0.0,0.0,26.55,0.21,0.0
20200603:2130,0.0,-0.01,26.63,0.34,0.0
20200603:2230,473.87,13.69,26.52,0.48,0.0
20200603:2330,674.18,27.54,27.15,0.41,0.0
20200604:0030,883.99,41.35,28.29,0.83,0.0
20200604:0130,913.65,55.02,29.5,1.17,0.0
20200604:0230,866.03,67.98,30.61,1.1,0.0
20200604:0330,936.87,77.54,31.46,0.9,0.0
20200604:0430,866.0,74.61,32.29,0.97,0.0
20200604:0530,875.13,62.99,32.74,1.1,0.0
20200604:0630,740.35,49.63,32.86,1.03,0.0
20200604:0730,624.54,35.86,32.28,0.76,0.0
20200604:0830,560.67,22.0,31.45,0.34,0.0
20200604:0930,263.57,8.2,30.3,0.62,0.0
20200604:1030,0.0,-5.4,29.59,1.17,0.0
20200604:1130,0.0,0.0,28.99,1.66,0.0
20200604:1230,0.0,0.0,28.02,2.21,0.0
20200604:1330,0.0,0.0,27.5,1.72,0.0
20200604:1430,0.0,0.0,27.24,0.62,0.0
20200604:1530,0.0,0.0,27.65,0.14,0.0
20200604:1630,0.0,0.0,26.65,1.1,0.0
20200604:1730,0.0,0.0,26.19,1.24,0.0
20200604:1830,0.0,0.0,26.87,0.69,0.0
20200604:1930,0.0,0.0,26.07,1.31,0.0
20200604:2030,0.0,0.0,25.79,1.59,0.0
20200604:2130,0.0,-0.03,25.78,1.86,0.0
20200604:2230,574.13,13.67,26.13,1.86,0.0
20200604:2330,705.06,27.5,27.79,2.0,0.0
20200605:0030,845.99,41.3,28.75,2.21,0.0
20200605:0130,730.27,54.96,29.94,2.21,0.0
20200605:0230,832.82,67.89,30.51,2.21,0.0
20200605:0330,715.63,77.42,31.21,1.93,0.0
20200605:0430,730.76,74.55,31.54,2.0,0.0
20200605:0530,696.45,62.99,31.59,2.34,0.0
20200605:0630,780.77,49.65,31.85,2.55,0.0
20200605:0730,733.17,35.89,32.02,2.83,0.0
20200605:0830,589.74,22.04,32.04,3.17,0.0
20200605:0930,355.18,8.26,31.61,2.97,0.0
20200605:1030,0.0,-5.33,30.81,2.34,0.0
20200605:1130,0.0,0.0,30.02,1.38,0.0
20200605:1230,0.0,0.0,29.24,0.55,0.0
20200605:1330,0.0,0.0,29.33,0.34,0.0
20200605:1430,0.0,0.0,27.57,1.17,0.0
20200605:1530,0.0,0.0,26.76,1.17,0.0
20200605:1630,0.0,0.0,26.67,0.97,0.0
20200605:1730,0.0,0.0,26.52,2.07,0.0
20200605:1830,0.0,0.0,26.45,2.9,0.0
20200605:1930,0.0,0.0,26.58,3.24,0.0
20200605:2030,0.0,0.0,26.52,2.55,0.0
20200605:2130,0.0,-0.04,26.48,2.55,0.0
20200605:2230,453.16,13.64,26.33,2.62,0.0
20200605:2330,696.01,27.47,27.07,2.34,0.0
20200606:0030,903.72,41.25,28.15,2.07,0.0
20200606:0130,888.88,54.89,29.35,1.66,0.0
20200606:0230,837.04,67.81,30.26,1.38,0.0
20200606:0330,845.87,77.31,30.99,1.38,0.0
20200606:0430,826.48,74.49,31.5,1.38,0.0
20200606:0530,777.7,62.98,31.89,1.45,0.0
20200606:0630,798.76,49.67,32.11,1.31,0.0
20200606:0730,651.14,35.93,32.42,2.41,0.0
20200606:0830,480.0,22.09,32.26,2.76,0.0
20200606:0930,220.34,8.31,31.75,2.83,0.0
20200606:1030,0.0,-5.27,30.72,2.21,0.0
20200606:1130,0.0,0.0,29.55,1.1,0.0
20200606:1230,0.0,0.0,28.64,1.17,0.0
20200606:1330,0.0,0.0,27.84,1.24,0.0
20200606:1430,0.0,0.0,27.24,1.1,0.0
20200606:1530,0.0,0.0,26.91,1.31,0.0
20200606:1630,0.0,0.0,26.65,1.24,0.0
20200606:1730,0.0,0.0,26.38,1.1,0.0
20200606:1830,0.0,0.0,25.84,1.1,0.0
20200606:1930,0.0,0.0,25.88,1.52,0.0
20200606:2030,0.0,0.0,25.66,1.31,0.0
20200606:2130,0.0,-0.06,25.51,1.31,0.0
20200606:2230,384.39,13.61,25.82,0.83,0.0
20200606:2330,587.65,27.43,26.96,0.9,0.0
20200607:0030,701.73,41.2,27.87,1.86,0.0
20200607:0130,775.81,54.83,28.82,1.72,0.0
20200607:0230,744.0,67.72,29.92,1.79,0.0
20200607:0330,762.07,77.2,30.65,1.66,0.0
20200607:0430,709.2,74.45,31.03,1.31,0.0
20200607:0530,667.81,62.98,30.86,1.24,0.0
20200607:0630,402.43,49.69,30.73,1.52,0.0
20200607:0730,308.69,35.96,30.11,1.24,0.0
20200607:0830,131.65,22.13,29.63,1.17,0.0
20200607:0930,57.31,8.37,28.84,0.9,0.0
20200607:1030,0.0,-5.2,28.64,0.34,0.0
20200607:1130,0.0,0.0,28.09,0.48,0.0
20200607:1230,0.0,0.0,27.44,0.97,0.0
20200607:1330,0.0,0.0,26.93,0.48,0.0
20200607:1430,0.0,0.0,26.8,0.76,0.0
20200607:1530,0.0,0.0,26.7,0.69,0.0
20200607:1630,0.0,0.0,26.22,0.62,0.0
20200607:1730,0.0,0.0,25.89,0.62,0.0
20200607:1830,0.0,0.0,25.77,1.03,0.0
20200607:1930,0.0,0.0,25.81,1.86,0.0
20200607:2030,0.0,0.0,25.88,2.28,0.0
20200607:2130,0.0,-0.08,25.77,1.93,0.0
20200607:2230,173.77,13.58,25.61,1.17,0.0
20200607:2330,415.32,27.39,26.55,1.03,0.0
20200608:0030,506.87,41.15,27.5,1.31,0.0
20200608:0130,537.31,54.76,28.6,1.45,0.0
20200608:0230,671.94,67.64,29.31,1.1,0.0
20200608:0330,654.84,77.1,30.18,1.1,0.0
20200608:0430,540.52,74.4,30.74,1.31,0.0
20200608:0530,481.27,62.99,31.09,2.0,0.0
20200608:0630,583.36,49.72,30.83,2.41,0.0
20200608:0730,371.75,36.0,31.13,3.03,0.0
20200608:0830,178.43,22.18,30.81,2.97,0.0
20200608:0930,165.31,8.42,29.72,2.48,0.0
20200608:1030,0.0,-5.14,28.76,0.9,0.0
20200608:1130,0.0,0.0,27.83,0.62,0.0
20200608:1230,0.0,0.0,27.57,0.48,0.0
20200608:1330,0.0,0.0,27.83,0.14,0.0
20200608:1430,0.0,0.0,26.76,0.97,0.0
20200608:1530,0.0,0.0,26.29,1.45,0.0
20200608:1630,0.0,0.0,26.2,1.79,0.0
20200608:1730,0.0,0.0,26.08,2.0,0.0
20200608:1830,0.0,0.0,25.86,2.21,0.0
20200608:1930,0.0,0.0,25.69,3.1,0.0
20200608:2030,0.0,0.0,25.7,3.1,0.0
20200608:2130,0.0,-0.1,25.68,2.97,0.0
20200608:2230,421.92,13.55,25.83,2.9,0.0
20200608:2330,595.23,27.35,26.67,2.97,0.0
20200609:0030,556.44,41.1,27.73,2.76,0.0
20200609:0130,676.82,54.7,28.36,1.72,0.0
20200609:0230,685.27,67.56,29.06,0.62,0.0
20200609:0330,615.41,77.0,29.37,0.55,0.0
20200609:0430,675.68,74.37,29.66,1.93,0.0
20200609:0530,676.05,63.0,30.22,1.24,0.0
20200609:0630,391.65,49.74,30.93,1.03,0.0
20200609:0730,373.68,36.04,29.97,1.17,0.0
20200609:0830,122.44,22.23,29.95,1.31,0.0
20200609:0930,16.87,8.48,28.29,1.45,0.0
20200609:1030,0.0,-5.08,28.04,0.55,0.0
20200609:1130,0.0,0.0,27.88,0.41,0.0
20200609:1230,0.0,0.0,27.52,0.55,0.0
20200609:1330,0.0,0.0,27.24,0.69,0.0
20200609:1430,0.0,0.0,26.62,1.17,0.0
20200609:1530,0.0,0.0,26.36,1.24,0.0
20200609:1630,0.0,0.0,25.96,1.24,0.0
20200609:1730,0.0,0.0,26.34,0.55,0.0
20200609:1830,0.0,0.0,26.01,0.55,0.0
20200609:1930,0.0,0.0,25.89,1.72,0.0
20200609:2030,0.0,0.0,26.2,1.31,0.0
20200609:2130,0.0,-0.13,25.99,1.86,0.0
20200609:2230,62.25,13.52,26.0,1.93,0.0
20200609:2330,49.28,27.3,26.52,2.28,0.0
20200610:0030,86.03,41.05,26.78,2.21,0.0
20200610:0130,74.75,54.64,26.89,2.21,0.0
20200610:0230,124.36,67.48,26.86,2.76,0.0
20200610:0330,72.38,76.91,27.04,2.83,0.0
20200610:0430,105.05,74.33,27.09,2.21,0.0
20200610:0530,144.51,63.0,27.11,2.48,0.0
20200610:0630,103.41,49.77,27.4,3.03,0.0
20200610:0730,79.89,36.08,26.69,2.83,0.0
20200610:0830,53.99,22.28,26.62,3.17,0.0
20200610:0930,28.02,8.53,26.39,3.45,0.0
20200610:1030,0.0,-5.01,26.04,3.38,0.0
20200610:1130,0.0,0.0,26.18,3.31,0.0
20200610:1230,0.0,0.0,26.27,3.24,0.0
20200610:1330,0.0,0.0,26.39,3.17,0.0
20200610:1430,0.0,0.0,26.36,3.38,0.0
20200610:1530,0.0,0.0,26.01,4.34,0.0
20200610:1630,0.0,0.0,25.84,4.97,0.0
20200610:1730,0.0,0.0,25.85,4.83,0.0
20200610:1830,0.0,0.0,25.88,4.0,0.0
20200610:1930,0.0,0.0,25.74,4.14,0.0
20200610:2030,0.0,0.0,25.6,3.52,0.0
20200610:2130,0.0,-0.15,25.69,3.66,0.0
20200610:2230,20.03,13.48,25.62,4.21,0.0
20200610:2330,49.19,27.26,25.65,4.69,0.0
20200611:0030,66.76,40.99,25.9,5.17,0.0
20200611:0130,115.49,54.58,25.79,5.52,0.0
20200611:0230,241.74,67.41,25.91,6.07,0.0
20200611:0330,234.39,76.82,25.96,6.14,0.0
20200611:0430,174.04,74.31,26.15,5.93,0.0
20200611:0530,72.76,63.02,25.75,6.0,0.0
20200611:0630,99.27,49.8,25.68,5.59,0.0
20200611:0730,53.48,36.12,25.76,5.79,0.0
20200611:0830,35.73,22.32,25.74,5.59,0.0
20200611:0930,7.18,8.59,25.77,5.79,0.0
20200611:1030,0.0,-4.95,25.44,6.07,0.0
20200611:1130,0.0,0.0,25.5,5.45,0.0
20200611:1230,0.0,0.0,25.64,5.38,0.0
20200611:1330,0.0,0.0,25.73,5.52,0.0
20200611:1430,0.0,0.0,25.86,4.97,0.0
20200611:1530,0.0,0.0,25.7,5.45,0.0
20200611:1630,0.0,0.0,25.63,5.86,0.0
20200611:1730,0.0,0.0,25.42,6.14,0.0
20200611:1830,0.0,0.0,25.34,5.66,0.0
20200611:1930,0.0,0.0,25.62,4.28,0.0
20200611:2030,0.0,0.0,25.61,4.28,0.0
20200611:2130,0.0,-0.18,25.46,4.41,0.0
20200611:2230,275.57,13.45,25.61,3.72,0.0
20200611:2330,541.86,27.22,26.21,3.66,0.0
20200612:0030,440.92,40.94,26.84,4.55,0.0
20200612:0130,650.81,54.52,26.98,4.69,0.0
20200612:0230,640.32,67.33,27.45,4.48,0.0
20200612:0330,560.62,76.75,28.07,4.69,0.0
20200612:0430,429.28,74.28,27.96,4.97,0.0
20200612:0530,208.84,63.03,27.5,5.17,0.0
20200612:0630,214.12,49.83,27.32,4.55,0.0
20200612:0730,167.98,36.16,26.77,4.41,0.0
20200612:0830,80.62,22.37,26.67,3.66,0.0
20200612:0930,14.62,8.64,26.5,3.17,0.0
20200612:1030,0.0,-4.89,26.27,2.97,0.0
20200612:1130,0.0,0.0,26.1,2.41,0.0
20200612:1230,0.0,0.0,25.9,2.41,0.0
20200612:1330,0.0,0.0,25.92,2.34,0.0
20200612:1430,0.0,0.0,25.89,2.14,0.0
20200612:1530,0.0,0.0,26.29,2.34,0.0
20200612:1630,0.0,0.0,26.0,2.34,0.0
20200612:1730,0.0,0.0,25.98,2.14,0.0
20200612:1830,0.0,0.0,25.72,1.72,0.0
20200612:1930,0.0,0.0,26.82,0.28,0.0
20200612:2030,0.0,0.0,26.11,0.83,0.0
20200612:2130,0.0,-0.21,25.55,0.83,0.0
20200612:2230,78.87,13.41,25.34,0.83,0.0
20200612:2330,276.15,27.17,26.21,1.03,0.0
20200613:0030,156.13,40.89,26.97,1.17,0.0
20200613:0130,600.07,54.46,27.5,1.03,0.0
20200613:0230,602.5,67.26,28.75,1.31,0.0
20200613:0330,728.94,76.67,29.05,1.79,0.0
20200613:0430,573.97,74.27,29.74,1.1,0.0
20200613:0530,449.91,63.05,30.09,1.24,0.0
20200613:0630,314.85,49.87,30.11,1.66,0.0
20200613:0730,288.92,36.2,29.69,2.69,0.0
20200613:0830,160.77,22.42,29.46,2.9,0.0
20200613:0930,89.72,8.7,28.99,2.62,0.0
20200613:1030,0.0,-4.83,28.43,2.21,0.0
20200613:1130,0.0,0.0,27.9,2.55,0.0
20200613:1230,0.0,0.0,27.69,2.83,0.0
20200613:1330,0.0,0.0,27.47,2.9,0.0
20200613:1430,0.0,0.0,27.25,3.17,0.0
20200613:1530,0.0,0.0,26.92,3.52,0.0
20200613:1630,0.0,0.0,26.77,3.66,0.0
20200613:1730,0.0,0.0,26.53,3.17,0.0
20200613:1830,0.0,0.0,26.41,2.76,0.0
20200613:1930,0.0,0.0,26.14,3.1,0.0
20200613:2030,0.0,0.0,25.85,3.03,0.0
20200613:2130,0.0,-0.25,25.7,2.97,0.0
20200613:2230,266.57,13.37,25.77,2.9,0.0
20200613:2330,504.74,27.12,26.57,2.83,0.0
20200614:0030,701.65,40.84,27.47,2.9,0.0
20200614:0130,760.91,54.4,28.38,2.69,0.0
20200614:0230,708.42,67.2,29.28,2.48,0.0
20200614:0330,840.34,76.61,29.66,2.34,0.0
20200614:0430,635.73,74.26,30.15,2.76,0.0
20200614:0530,581.19,63.07,29.74,2.9,0.0
20200614:0630,280.86,49.9,28.78,3.52,0.0
20200614:0730,251.62,36.24,28.23,4.62,0.0
20200614:0830,158.54,22.47,27.58,4.28,0.0
20200614:0930,50.97,8.75,27.51,3.45,0.0
20200614:1030,0.0,-4.78,26.9,3.72,0.0
20200614:1130,0.0,0.0,26.31,4.21,0.0
20200614:1230,0.0,0.0,25.89,3.86,0.0
20200614:1330,0.0,0.0,25.79,3.45,0.0
20200614:1430,0.0,0.0,25.99,3.24,0.0
20200614:1530,0.0,0.0,26.01,3.17,0.0
20200614:1630,0.0,0.0,26.04,2.9,0.0
20200614:1730,0.0,0.0,25.98,2.83,0.0
20200614:1830,0.0,0.0,25.85,2.69,0.0
20200614:1930,0.0,0.0,25.99,3.03,0.0
20200614:2030,0.0,0.0,26.2,2.9,0.0
20200614:2130,0.0,-0.28,26.27,2.83,0.0
20200614:2230,49.29,13.33,26.4,2.76,0.0
20200614:2330,175.04,27.08,26.77,2.55,0.0
20200615:0030,447.92,40.79,27.5,2.83,0.0
20200615:0130,620.94,54.34,28.28,3.31,0.0
20200615:0230,587.54,67.13,28.76,3.38,0.0
20200615:0330,654.95,76.55,28.74,3.45,0.0
20200615:0430,523.1,74.25,28.66,3.17,0.0
20200615:0530,458.64,63.1,28.43,3.17,0.0
20200615:0630,336.94,49.94,28.21,3.59,0.0
20200615:0730,109.09,36.29,27.77,3.86,0.0
20200615:0830,44.44,22.52,27.68,3.86,0.0
20200615:0930,26.38,8.8,27.22,3.86,0.0
20200615:1030,0.0,-4.72,26.9,3.03,0.0
20200615:1130,0.0,0.0,26.69,2.83,0.0
20200615:1230,0.0,0.0,26.6,2.48,0.0
20200615:1330,0.0,0.0,26.32,2.34,0.0
20200615:1430,0.0,0.0,26.16,2.55,0.0
20200615:1530,0.0,0.0,26.07,3.1,0.0
20200615:1630,0.0,0.0,25.88,3.38,0.0
20200615:1730,0.0,0.0,25.78,3.38,0.0
20200615:1830,0.0,0.0,25.59,3.31,0.0
20200615:1930,0.0,0.0,25.87,2.9,0.0
20200615:2030,0.0,0.0,25.72,3.17,0.0
20200615:2130,0.0,-0.32,25.64,3.38,0.0
20200615:2230,169.34,13.28,25.56,3.79,0.0
20200615:2330,350.64,27.03,25.94,3.72,0.0
20200616:0030,695.84,40.73,26.66,3.93,0.0
20200616:0130,824.6,54.28,27.81,4.0,0.0
20200616:0230,862.54,67.07,28.87,4.21,0.0
20200616:0330,828.53,76.49,29.74,4.48,0.0
20200616:0430,747.03,74.25,30.17,4.97,0.0
20200616:0530,865.7,63.13,30.28,5.45,0.0
20200616:0630,804.91,49.98,30.52,5.66,0.0
20200616:0730,823.44,36.33,30.63,4.9,0.0
20200616:0830,639.6,22.57,30.36,4.83,0.0
20200616:0930,458.22,8.86,29.72,4.21,0.0
20200616:1030,0.0,-4.66,28.76,3.59,0.0
20200616:1130,0.0,0.0,27.88,3.24,0.0
20200616:1230,0.0,0.0,27.35,3.17,0.0
20200616:1330,0.0,0.0,26.97,3.1,0.0
20200616:1430,0.0,0.0,26.69,2.97,0.0
20200616:1530,0.0,0.0,26.52,2.83,0.0
20200616:1630,0.0,0.0,26.35,2.83,0.0
20200616:1730,0.0,0.0,26.16,2.76,0.0
20200616:1830,0.0,0.0,25.88,2.9,0.0
20200616:1930,0.0,0.0,25.98,2.76,0.0
20200616:2030,0.0,0.0,25.8,2.69,0.0
20200616:2130,0.0,-0.36,25.65,2.69,0.0
20200616:2230,450.97,13.24,25.76,2.97,0.0
20200616:2330,708.35,26.98,26.57,3.03,0.0
20200617:0030,812.45,40.68,27.5,2.9,0.0
20200617:0130,742.27,54.23,28.52,2.34,0.0
20200617:0230,857.72,67.01,29.17,1.72,0.0
20200617:0330,877.27,76.44,29.95,0.83,0.0
20200617:0430,819.34,74.25,30.48,0.07,0.0
20200617:0530,616.04,63.16,30.69,0.55,0.0
20200617:0630,605.7,50.02,30.36,1.93,0.0
20200617:0730,492.72,36.38,29.75,1.45,0.0
20200617:0830,212.03,22.62,29.33,0.69,0.0
20200617:0930,148.67,8.91,28.45,1.17,0.0
20200617:1030,0.0,-4.61,27.36,1.03,0.0
20200617:1130,0.0,0.0,26.93,1.31,0.0
20200617:1230,0.0,0.0,26.56,1.45,0.0
20200617:1330,0.0,0.0,26.02,1.45,0.0
20200617:1430,0.0,0.0,25.91,1.52,0.0
20200617:1530,0.0,0.0,25.83,0.76,0.0
20200617:1630,0.0,0.0,25.75,1.17,0.0
20200617:1730,0.0,0.0,25.61,1.1,0.0
20200617:1830,0.0,0.0,25.33,1.03,0.0
20200617:1930,0.0,0.0,25.32,0.48,0.0
20200617:2030,0.0,0.0,25.67,0.21,0.0
20200617:2130,0.0,-0.4,25.54,0.41,0.0
20200617:2230,166.46,13.2,25.27,1.17,0.0
20200617:2330,290.45,26.94,25.83,1.38,0.0
20200618:0030,345.3,40.63,26.16,1.17,0.0
20200618:0130,513.47,54.18,26.54,0.69,0.0
20200618:0230,501.21,66.96,27.23,0.76,0.0
20200618:0330,393.86,76.4,27.66,0.69,0.0
20200618:0430,494.4,74.26,27.4,2.0,0.0
20200618:0530,427.76,63.19,27.36,1.52,0.0
20200618:0630,211.18,50.06,27.59,1.03,0.0
20200618:0730,144.11,36.42,28.43,3.38,0.0
20200618:0830,91.39,22.67,27.48,2.76,0.0
20200618:0930,16.27,8.96,27.05,2.21,0.0
20200618:1030,0.0,-4.56,26.52,2.34,0.0
20200618:1130,0.0,0.0,26.26,2.62,0.0
20200618:1230,0.0,0.0,26.15,2.41,0.0
20200618:1330,0.0,0.0,26.11,2.41,0.0
20200618:1430,0.0,0.0,25.75,2.83,0.0
20200618:1530,0.0,0.0,25.57,3.45,0.0
20200618:1630,0.0,0.0,25.74,3.59,0.0
20200618:1730,0.0,0.0,25.74,3.1,0.0
20200618:1830,0.0,0.0,25.85,2.9,0.0
20200618:1930,0.0,0.0,25.59,3.03,0.0
20200618:2030,0.0,0.0,25.78,2.83,0.0
20200618:2130,0.0,-0.44,25.8,2.48,0.0
20200618:2230,66.05,13.15,25.9,2.41,0.0
20200618:2330,152.71,26.89,26.63,2.21,0.0
20200619:0030,254.82,40.58,27.14,2.21,0.0
20200619:0130,293.47,54.12,27.49,2.14,0.0
20200619:0230,475.72,66.91,27.68,2.48,0.0
20200619:0330,332.68,76.37,27.9,3.24,0.0
20200619:0430,218.37,74.28,27.6,2.76,0.0
20200619:0530,222.06,63.23,27.52,1.79,0.0
20200619:0630,314.04,50.11,27.78,1.66,0.0
20200619:0730,277.42,36.47,28.06,1.17,0.0
20200619:0830,210.35,22.72,28.22,1.17,0.0
20200619:0930,125.72,9.01,28.04,1.31,0.0
20200619:1030,0.0,-4.5,27.45,0.9,0.0
20200619:1130,0.0,0.0,26.5,1.03,0.0
20200619:1230,0.0,0.0,25.79,0.97,0.0
20200619:1330,0.0,0.0,26.05,1.79,0.0
20200619:1430,0.0,0.0,25.73,1.79,0.0
20200619:1530,0.0,0.0,26.0,1.31,0.0
20200619:1630,0.0,0.0,25.47,1.03,0.0
20200619:1730,0.0,0.0,24.84,1.31,0.0
20200619:1830,0.0,0.0,24.69,1.31,0.0
20200619:1930,0.0,0.0,25.18,1.45,0.0
20200619:2030,0.0,0.0,25.15,1.38,0.0
20200619:2130,0.0,-0.48,25.28,1.31,0.0
20200619:2230,233.83,13.11,25.31,1.59,0.0
20200619:2330,506.7,26.84,27.03,1.72,0.0
20200620:0030,784.21,40.53,27.67,1.79,0.0
20200620:0130,872.12,54.07,28.65,1.93,0.0
20200620:0230,909.84,66.86,29.44,2.28,0.0
20200620:0330,794.37,76.34,30.04,2.21,0.0
20200620:0430,812.74,74.3,30.37,1.93,0.0
20200620:0530,841.56,63.27,30.78,2.21,0.0
20200620:0630,739.25,50.15,30.99,2.41,0.0
20200620:0730,524.3,36.52,30.73,2.07,0.0
20200620:0830,284.22,22.76,30.38,2.0,0.0
20200620:0930,185.42,9.06,29.96,2.0,0.0
20200620:1030,0.0,-4.45,29.22,1.86,0.0
20200620:1130,0.0,0.0,28.38,1.59,0.0
20200620:1230,0.0,0.0,27.72,1.79,0.0
20200620:1330,0.0,0.0,27.04,1.79,0.0
20200620:1430,0.0,0.0,26.7,1.93,0.0
20200620:1530,0.0,0.0,26.5,2.21,0.0
20200620:1630,0.0,0.0,26.35,2.28,0.0
20200620:1730,0.0,0.0,26.35,2.62,0.0
20200620:1830,0.0,0.0,26.1,2.41,0.0
20200620:1930,0.0,0.0,26.03,2.34,0.0
20200620:2030,0.0,0.0,26.03,2.62,0.0
20200620:2130,0.0,-0.53,26.02,2.83,0.0
20200620:2230,255.16,13.06,26.01,2.83,0.0
20200620:2330,498.53,26.79,26.59,2.41,0.0
20200621:0030,773.02,40.48,27.52,2.69,0.0
20200621:0130,812.11,54.03,28.4,2.62,0.0
20200621:0230,759.46,66.82,28.88,2.41,0.0
20200621:0330,553.88,76.31,29.36,2.55,0.0
20200621:0430,590.81,74.33,29.23,2.97,0.0
20200621:0530,594.25,63.31,29.05,2.9,0.0
20200621:0630,400.65,50.2,29.18,3.17,0.0
20200621:0730,625.44,36.57,28.91,2.41,0.0
20200621:0830,409.51,22.81,29.08,2.07,0.0
20200621:0930,303.7,9.11,28.94,1.59,0.0
20200621:1030,0.0,-4.41,28.45,1.17,0.0
20200621:1130,0.0,0.0,27.62,1.52,0.0
20200621:1230,0.0,0.0,26.84,1.93,0.0
20200621:1330,0.0,0.0,26.35,2.21,0.0
20200621:1430,0.0,0.0,26.11,2.34,0.0
20200621:1530,0.0,0.0,25.89,2.07,0.0
20200621:1630,0.0,0.0,25.72,2.0,0.0
20200621:1730,0.0,0.0,25.66,2.0,0.0
20200621:1830,0.0,0.0,25.78,2.21,0.0
20200621:1930,0.0,0.0,26.1,2.48,0.0
20200621:2030,0.0,0.0,25.95,2.41,0.0
20200621:2130,0.0,-0.57,25.83,2.41,0.0
20200621:2230,538.81,13.01,25.83,2.28,0.0
20200621:2330,779.15,26.74,26.93,2.21,0.0
20200622:0030,769.57,40.44,27.88,2.28,0.0
20200622:0130,798.28,53.98,28.74,2.28,0.0
20200622:0230,831.59,66.77,29.43,2.14,0.0
20200622:0330,877.32,76.3,30.09,1.93,0.0
20200622:0430,895.08,74.36,30.55,1.59,0.0
20200622:0530,833.16,63.36,30.87,1.24,0.0
20200622:0630,678.39,50.25,30.87,0.62,0.0
20200622:0730,596.87,36.62,30.88,0.9,0.0
20200622:0830,508.45,22.86,30.46,1.31,0.0
20200622:0930,265.01,9.16,28.96,1.38,0.0
20200622:1030,0.0,-4.36,28.4,1.03,0.0
20200622:1130,0.0,0.0,28.05,1.24,0.0
20200622:1230,0.0,0.0,27.49,1.72,0.0
20200622:1330,0.0,0.0,26.87,1.24,0.0
20200622:1430,0.0,0.0,26.91,0.9,0.0
20200622:1530,0.0,0.0,26.29,0.97,0.0
20200622:1630,0.0,0.0,25.46,1.24,0.0
20200622:1730,0.0,0.0,26.09,0.07,0.0
20200622:1830,0.0,0.0,25.48,0.62,0.0
20200622:1930,0.0,0.0,25.22,1.17,0.0
20200622:2030,0.0,0.0,24.81,0.69,0.0
20200622:2130,0.0,-0.62,25.01,0.69,0.0
20200622:2230,428.95,12.96,25.01,1.52,0.0
20200622:2330,662.46,26.69,26.01,1.59,0.0
20200623:0030,841.89,40.39,26.81,1.31,0.0
20200623:0130,805.76,53.93,27.86,1.03,0.0
20200623:0230,739.42,66.74,28.82,0.9,0.0
20200623:0330,772.73,76.29,29.57,0.9,0.0
20200623:0430,864.56,74.39,30.01,0.83,0.0
20200623:0530,888.63,63.4,30.47,0.69,0.0
20200623:0630,680.0,50.3,30.75,1.31,0.0
20200623:0730,519.91,36.67,30.6,2.07,0.0
20200623:0830,409.09,22.91,29.84,1.72,0.0
20200623:0930,329.09,9.2,29.33,0.48,0.0
20200623:1030,0.0,-4.31,28.82,1.79,0.0
20200623:1130,0.0,0.0,27.79,1.93,0.0
20200623:1230,0.0,0.0,27.24,1.86,0.0
20200623:1330,0.0,0.0,26.9,1.31,0.0
20200623:1430,0.0,0.0,26.85,2.07,0.0
20200623:1530,0.0,0.0,26.34,1.79,0.0
20200623:1630,0.0,0.0,25.91,1.17,0.0
20200623:1730,0.0,0.0,25.94,0.9,0.0
20200623:1830,0.0,0.0,25.85,0.62,0.0
20200623:1930,0.0,0.0,25.96,1.86,0.0
20200623:2030,0.0,0.0,25.68,2.21,0.0
20200623:2130,0.0,-0.67,25.47,2.48,0.0
20200623:2230,282.63,12.91,25.74,2.21,0.0
20200623:2330,475.82,26.65,26.2,2.07,0.0
20200624:0030,670.98,40.34,27.01,2.07,0.0
20200624:0130,723.39,53.89,28.01,1.79,0.0
20200624:0230,738.88,66.7,28.83,1.52,0.0
20200624:0330,681.53,76.28,29.6,1.45,0.0
20200624:0430,837.64,74.43,29.94,1.03,0.0
20200624:0530,769.62,63.45,30.62,0.83,0.0
20200624:0630,764.37,50.35,30.75,0.55,0.0
20200624:0730,597.32,36.71,31.11,1.03,0.0
20200624:0830,395.19,22.96,30.9,0.34,0.0
20200624:0930,184.64,9.25,30.56,0.76,0.0
20200624:1030,0.0,-4.27,30.01,1.52,0.0
20200624:1130,0.0,0.0,29.01,1.24,0.0
20200624:1230,0.0,0.0,28.78,0.41,0.0
20200624:1330,0.0,0.0,28.13,0.62,0.0
20200624:1430,0.0,0.0,27.3,0.69,0.0
20200624:1530,0.0,0.0,26.48,1.66,0.0
20200624:1630,0.0,0.0,26.24,1.38,0.0
20200624:1730,0.0,0.0,26.18,1.79,0.0
20200624:1830,0.0,0.0,25.67,1.31,0.0
20200624:1930,0.0,0.0,25.9,1.86,0.0
20200624:2030,0.0,0.0,25.77,2.21,0.0
20200624:2130,0.0,-0.72,25.32,2.41,0.0
20200624:2230,26.84,12.86,25.06,2.48,0.0
20200624:2330,59.51,26.6,25.29,3.03,0.0
20200625:0030,159.09,40.3,25.58,3.59,0.0
20200625:0130,201.44,53.85,26.06,3.03,0.0
20200625:0230,441.24,66.67,26.77,1.86,0.0
20200625:0330,453.14,76.28,27.95,1.31,0.0
20200625:0430,570.81,74.48,28.47,0.9,0.0
20200625:0530,637.94,63.51,29.09,0.76,0.0
20200625:0630,654.12,50.4,29.28,1.03,0.0
20200625:0730,494.08,36.76,30.46,3.86,0.0
20200625:0830,346.47,23.0,28.8,4.21,0.0
20200625:0930,113.11,9.29,28.15,2.76,0.0
20200625:1030,0.0,-4.23,27.83,2.34,0.0
20200625:1130,0.0,0.0,27.46,2.97,0.0
20200625:1230,0.0,0.0,27.05,3.72,0.0
20200625:1330,0.0,0.0,26.74,3.66,0.0
20200625:1430,0.0,0.0,26.38,2.83,0.0
20200625:1530,0.0,0.0,26.22,2.28,0.0
20200625:1630,0.0,0.0,26.17,2.48,0.0
20200625:1730,0.0,0.0,25.64,2.14,0.0
20200625:1830,0.0,0.0,25.24,1.66,0.0
20200625:1930,0.0,0.0,24.84,1.72,0.0
20200625:2030,0.0,0.0,24.92,2.0,0.0
20200625:2130,0.0,-0.77,25.01,2.07,0.0
20200625:2230,180.19,12.81,25.08,2.14,0.0
20200625:2330,266.37,26.55,25.91,2.62,0.0
20200626:0030,286.56,40.25,26.63,2.97,0.0
20200626:0130,306.28,53.81,27.07,2.9,0.0
20200626:0230,335.02,66.64,27.09,2.41,0.0
20200626:0330,232.02,76.29,26.72,2.0,0.0
20200626:0430,299.76,74.53,26.56,1.72,0.0
20200626:0530,360.71,63.56,26.9,1.79,0.0
20200626:0630,250.51,50.45,27.52,1.66,0.0
20200626:0730,146.01,36.81,27.71,2.41,0.0
20200626:0830,91.6,23.05,27.39,2.14,0.0
20200626:0930,33.52,9.34,26.74,1.79,0.0
20200626:1030,0.0,-4.19,26.68,1.66,0.0
20200626:1130,0.0,0.0,26.29,2.07,0.0
20200626:1230,0.0,0.0,26.06,2.62,0.0
20200626:1330,0.0,0.0,25.82,2.62,0.0
20200626:1430,0.0,0.0,25.74,1.93,0.0
20200626:1530,0.0,0.0,25.68,1.45,0.0
20200626:1630,0.0,0.0,25.32,1.03,0.0
20200626:1730,0.0,0.0,25.24,1.31,0.0
20200626:1830,0.0,0.0,25.15,1.38,0.0
20200626:1930,0.0,0.0,25.31,1.66,0.0
20200626:2030,0.0,0.0,25.16,1.66,0.0
20200626:2130,0.0,-0.83,24.9,1.38,0.0
20200626:2230,80.93,12.76,25.09,1.03,0.0
20200626:2330,303.19,26.5,26.13,1.03,0.0
20200627:0030,375.09,40.21,26.67,1.17,0.0
20200627:0130,649.24,53.78,27.25,0.97,0.0
20200627:0230,664.08,66.62,28.17,1.03,0.0
20200627:0330,810.29,76.3,28.86,0.97,0.0
20200627:0430,666.1,74.59,29.37,0.48,0.0
20200627:0530,666.77,63.62,29.34,0.34,0.0
20200627:0630,582.69,50.5,29.64,0.9,0.0
20200627:0730,356.92,36.86,28.93,3.03,0.0
20200627:0830,116.42,23.1,28.98,2.34,0.0
20200627:0930,12.21,9.38,28.0,2.07,0.0
20200627:1030,0.0,-4.15,27.42,0.69,0.0
20200627:1130,0.0,0.0,26.77,0.69,0.0
20200627:1230,0.0,0.0,26.41,0.83,0.0
20200627:1330,0.0,0.0,26.35,1.1,0.0
20200627:1430,0.0,0.0,26.05,1.1,0.0
20200627:1530,0.0,0.0,26.11,1.52,0.0
20200627:1630,0.0,0.0,26.1,1.93,0.0
20200627:1730,0.0,0.0,26.06,2.07,0.0
20200627:1830,0.0,0.0,26.05,2.21,0.0
20200627:1930,0.0,0.0,25.94,3.24,0.0
20200627:2030,0.0,0.0,25.31,3.17,0.0
20200627:2130,0.0,-0.88,25.42,3.03,0.0
20200627:2230,81.57,12.71,25.47,2.76,0.0
20200627:2330,249.02,26.45,25.68,2.97,0.0
20200628:0030,263.31,40.17,26.12,3.24,0.0
20200628:0130,335.98,53.74,26.44,2.83,0.0
20200628:0230,416.79,66.6,26.68,2.48,0.0
20200628:0330,452.38,76.32,27.03,2.69,0.0
20200628:0430,473.38,74.65,27.15,2.97,0.0
20200628:0530,278.46,63.68,27.33,3.59,0.0
20200628:0630,172.53,50.56,27.02,4.07,0.0
20200628:0730,109.86,36.91,26.53,4.07,0.0
20200628:0830,56.03,23.14,26.32,3.86,0.0
20200628:0930,35.22,9.42,26.21,3.38,0.0
20200628:1030,0.0,-4.12,25.82,3.38,0.0
20200628:1130,0.0,0.0,25.58,2.83,0.0
20200628:1230,0.0,0.0,25.54,2.28,0.0
20200628:1330,0.0,0.0,25.47,2.48,0.0
20200628:1430,0.0,0.0,25.37,2.48,0.0
20200628:1530,0.0,0.0,25.35,2.21,0.0
20200628:1630,0.0,0.0,25.42,2.34,0.0
20200628:1730,0.0,0.0,25.43,2.48,0.0
20200628:1830,0.0,0.0,25.43,2.41,0.0
20200628:1930,0.0,0.0,25.03,1.1,0.0
20200628:2030,0.0,0.0,25.16,1.86,0.0
20200628:2130,0.0,-0.93,25.01,1.59,0.0
20200628:2230,133.54,12.66,25.13,1.1,0.0
20200628:2330,186.3,26.41,26.3,0.83,0.0
20200629:0030,167.16,40.13,26.65,1.24,0.0
20200629:0130,204.7,53.71,26.91,1.59,0.0
20200629:0230,297.46,66.58,27.1,1.72,0.0
20200629:0330,220.95,76.35,27.29,1.72,0.0
20200629:0430,225.17,74.72,27.26,1.66,0.0
20200629:0530,290.55,63.74,27.3,1.45,0.0
20200629:0630,213.27,50.61,27.59,1.17,0.0
20200629:0730,182.29,36.96,27.73,1.24,0.0
20200629:0830,162.3,23.19,27.62,1.52,0.0
20200629:0930,25.34,9.46,27.51,1.66,0.0
20200629:1030,0.0,-4.09,27.18,1.79,0.0
20200629:1130,0.0,0.0,26.73,1.66,0.0
20200629:1230,0.0,0.0,26.27,1.72,0.0
20200629:1330,0.0,0.0,26.09,1.86,0.0
20200629:1430,0.0,0.0,25.85,1.79,0.0
20200629:1530,0.0,0.0,25.59,1.59,0.0
20200629:1630,0.0,0.0,26.4,1.03,0.0
20200629:1730,0.0,0.0,27.25,0.48,0.0
20200629:1830,0.0,0.0,27.04,0.41,0.0
20200629:1930,0.0,0.0,25.2,2.0,0.0
20200629:2030,0.0,0.0,25.18,1.93,0.0
20200629:2130,0.0,-0.99,24.96,1.86,0.0
20200629:2230,114.34,12.61,25.01,1.79,0.0
20200629:2330,455.08,26.36,26.54,1.52,0.0
20200630:0030,667.07,40.09,27.38,1.93,0.0
20200630:0130,832.69,53.68,27.85,2.0,0.0
20200630:0230,799.35,66.57,28.45,1.45,0.0
20200630:0330,766.0,76.38,28.87,1.03,0.0
20200630:0430,758.78,74.79,29.2,0.76,0.0
20200630:0530,724.81,63.81,29.47,0.62,0.0
20200630:0630,685.84,50.67,29.64,0.62,0.0
20200630:0730,507.3,37.01,30.24,0.83,0.0
20200630:0830,352.45,23.23,29.15,2.07,0.0
20200630:0930,223.9,9.5,28.24,2.97,0.0
20200630:1030,0.0,-4.05,27.92,2.0,0.0
20200630:1130,0.0,0.0,27.36,1.72,0.0
20200630:1230,0.0,0.0,26.7,1.38,0.0
20200630:1330,0.0,0.0,26.27,1.45,0.0
20200630:1430,0.0,0.0,26.04,1.38,0.0
20200630:1530,0.0,0.0,25.8,1.45,0.0
20200630:1630,0.0,0.0,25.91,1.24,0.0
20200630:1730,0.0,0.0,25.49,1.45,0.0
20200630:1830,0.0,0.0,25.42,1.66,0.0
20200630:1930,0.0,0.0,25.57,2.07,0.0
20200630:2030,0.0,0.0,25.66,2.0,0.0
20200630:2130,0.0,-1.04,25.61,1.93,0.0
20200630:2230,413.41,12.56,25.22,1.59,0.0
20200630:2330,788.34,26.31,26.91,1.24,0.0
20200701:0030,914.14,40.05,27.8,1.38,0.0
20200701:0130,957.12,53.65,28.63,1.31,0.0
20200701:0230,944.85,66.56,29.42,1.17,0.0
20200701:0330,890.5,76.42,29.99,1.31,0.0
20200701:0430,812.58,74.87,30.31,1.45,0.0
20200701:0530,707.1,63.87,30.09,1.79,0.0
20200701:0630,536.63,50.72,30.35,2.14,0.0
20200701:0730,534.85,37.06,29.71,0.97,0.0
20200701:0830,386.87,23.27,29.42,1.17,0.0
20200701:0930,324.37,9.53,29.2,0.55,0.0
20200701:1030,0.0,-4.03,28.56,0.83,0.0
20200701:1130,0.0,0.0,27.72,1.45,0.0
20200701:1230,0.0,0.0,27.14,2.07,0.0
20200701:1330,0.0,0.0,26.51,2.34,0.0
20200701:1430,0.0,0.0,26.26,2.14,0.0
20200701:1530,0.0,0.0,25.84,1.72,0.0
20200701:1630,0.0,0.0,25.41,1.1,0.0
20200701:1730,0.0,0.0,25.56,0.83,0.0
20200701:1830,0.0,0.0,25.46,0.69,0.0
20200701:1930,0.0,0.0,24.99,1.52,0.0
20200701:2030,0.0,0.0,25.13,1.52,0.0
20200701:2130,0.0,-1.1,25.04,1.66,0.0
20200701:2230,464.54,12.51,25.35,2.41,0.0
20200701:2330,694.97,26.27,26.3,2.69,0.0
20200702:0030,840.93,40.01,27.23,2.55,0.0
20200702:0130,850.67,53.62,28.2,2.48,0.0
20200702:0230,762.61,66.56,28.94,2.14,0.0
20200702:0330,770.27,76.46,29.1,1.59,0.0
20200702:0430,703.17,74.95,29.42,1.52,0.0
20200702:0530,743.62,63.94,29.21,2.07,0.0
20200702:0630,616.27,50.78,28.82,2.28,0.0
20200702:0730,402.14,37.11,29.32,2.97,0.0
20200702:0830,373.98,23.31,29.2,3.1,0.0
20200702:0930,237.94,9.56,28.44,2.28,0.0
20200702:1030,0.0,-4.0,27.83,0.97,0.0
20200702:1130,0.0,0.0,27.15,0.83,0.0
20200702:1230,0.0,0.0,26.32,0.21,0.0
20200702:1330,0.0,0.0,26.0,1.1,0.0
20200702:1430,0.0,0.0,25.61,1.1,0.0
20200702:1530,0.0,0.0,25.33,1.45,0.0
20200702:1630,0.0,0.0,25.12,1.79,0.0
20200702:1730,0.0,0.0,25.2,2.07,0.0
20200702:1830,0.0,0.0,25.15,2.0,0.0
20200702:1930,0.0,0.0,25.24,1.59,0.0
20200702:2030,0.0,0.0,24.87,1.72,0.0
20200702:2130,0.0,-1.16,24.7,1.72,0.0
20200702:2230,275.35,12.46,25.31,1.66,0.0
20200702:2330,466.32,26.22,25.81,1.03,0.0
20200703:0030,489.9,39.98,26.58,0.14,0.0
20200703:0130,671.1,53.6,27.02,0.48,0.0
20200703:0230,685.84,66.56,27.69,1.17,0.0
20200703:0330,733.74,76.51,28.06,1.52,0.0
20200703:0430,703.93,75.04,28.53,1.66,0.0
20200703:0530,534.62,64.01,28.66,0.34,0.0
20200703:0630,306.18,50.84,28.45,0.76,0.0
20200703:0730,268.89,37.15,28.51,1.93,0.0
20200703:0830,139.57,23.35,27.81,2.69,0.0
20200703:0930,144.49,9.6,27.19,2.0,0.0
20200703:1030,0.0,-3.98,27.17,1.45,0.0
20200703:1130,0.0,0.0,26.52,2.14,0.0
20200703:1230,0.0,0.0,25.86,1.72,0.0
20200703:1330,0.0,0.0,25.7,1.59,0.0
20200703:1430,0.0,0.0,25.31,1.17,0.0
20200703:1530,0.0,0.0,25.88,0.21,0.0
20200703:1630,0.0,0.0,25.3,0.97,0.0
20200703:1730,0.0,0.0,25.33,1.38,0.0
20200703:1830,0.0,0.0,25.24,1.45,0.0
20200703:1930,0.0,0.0,25.07,0.83,0.0
20200703:2030,0.0,0.0,24.8,1.03,0.0
20200703:2130,0.0,-1.22,24.68,1.17,0.0
20200703:2230,32.56,12.41,24.83,1.24,0.0
20200703:2330,82.97,26.18,25.84,2.0,0.0
20200704:0030,230.46,39.94,26.07,2.14,0.0
20200704:0130,562.8,53.58,26.21,2.07,0.0
20200704:0230,694.76,66.56,26.85,2.55,0.0
20200704:0330,519.31,76.57,27.42,2.62,0.0
20200704:0430,456.16,75.13,27.6,2.14,0.0
20200704:0530,337.34,64.08,27.49,3.45,0.0
20200704:0630,198.16,50.9,26.83,4.0,0.0
20200704:0730,176.86,37.2,26.19,3.31,0.0
20200704:0830,119.01,23.39,26.27,2.69,0.0
20200704:0930,108.05,9.63,26.33,2.69,0.0
20200704:1030,0.0,-3.96,26.31,2.28,0.0
20200704:1130,0.0,0.0,26.2,2.0,0.0
20200704:1230,0.0,0.0,26.08,1.93,0.0
20200704:1330,0.0,0.0,25.99,2.14,0.0
20200704:1430,0.0,0.0,25.79,2.28,0.0
20200704:1530,0.0,0.0,25.72,2.48,0.0
20200704:1630,0.0,0.0,25.67,2.55,0.0
20200704:1730,0.0,0.0,25.65,2.14,0.0
20200704:1830,0.0,0.0,25.37,1.79,0.0
20200704:1930,0.0,0.0,25.71,0.9,0.0
20200704:2030,0.0,0.0,25.7,1.03,0.0
20200704:2130,0.0,-1.27,25.09,1.24,0.0
20200704:2230,185.63,12.35,25.22,1.17,0.0
20200704:2330,475.35,26.14,26.31,0.97,0.0
20200705:0030,600.25,39.91,27.15,0.76,0.0
20200705:0130,801.5,53.56,27.75,0.55,0.0
20200705:0230,888.64,66.56,28.54,0.76,0.0
20200705:0330,809.15,76.63,29.2,1.03,0.0
20200705:0430,776.05,75.22,29.59,0.83,0.0
20200705:0530,629.57,64.16,29.73,1.1,0.0
20200705:0630,573.12,50.95,29.51,1.72,0.0
20200705:0730,309.18,37.25,30.05,1.38,0.0
20200705:0830,117.81,23.43,29.91,1.24,0.0
20200705:0930,69.6,9.66,29.37,1.86,0.0
20200705:1030,0.0,-3.94,28.77,2.14,0.0
20200705:1130,0.0,0.0,27.96,1.86,0.0
20200705:1230,0.0,0.0,27.42,1.03,0.0
20200705:1330,0.0,0.0,26.67,1.66,0.0
20200705:1430,0.0,0.0,26.04,2.69,0.0
20200705:1530,0.0,0.0,25.67,2.41,0.0
20200705:1630,0.0,0.0,25.46,2.14,0.0
20200705:1730,0.0,0.0,25.2,1.86,0.0
20200705:1830,0.0,0.0,24.83,1.59,0.0
20200705:1930,0.0,0.0,24.91,1.79,0.0
20200705:2030,0.0,0.0,24.79,1.86,0.0
20200705:2130,0.0,-1.33,24.8,1.86,0.0
20200705:2230,491.97,12.3,24.84,1.72,0.0
20200705:2330,729.61,26.1,26.02,1.45,0.0
20200706:0030,822.32,39.88,27.34,2.21,0.0
20200706:0130,831.11,53.54,28.21,2.69,0.0
20200706:0230,743.52,66.57,28.83,2.69,0.0
20200706:0330,891.44,76.7,29.26,2.48,0.0
20200706:0430,788.85,75.32,30.07,2.28,0.0
20200706:0530,891.29,64.23,30.4,2.41,0.0
20200706:0630,839.01,51.01,30.81,2.9,0.0
20200706:0730,776.0,37.29,31.08,2.97,0.0
20200706:0830,600.48,23.46,30.95,2.76,0.0
20200706:0930,383.16,9.68,30.37,2.69,0.0
20200706:1030,0.0,-3.92,29.52,2.41,0.0
20200706:1130,0.0,0.0,28.49,2.21,0.0
20200706:1230,0.0,0.0,27.83,2.14,0.0
20200706:1330,0.0,0.0,27.26,2.34,0.0
20200706:1430,0.0,0.0,26.9,2.34,0.0
20200706:1530,0.0,0.0,26.71,2.55,0.0
20200706:1630,0.0,0.0,26.53,2.69,0.0
20200706:1730,0.0,0.0,26.41,3.03,0.0
20200706:1830,0.0,0.0,26.24,3.17,0.0
20200706:1930,0.0,0.0,26.27,3.79,0.0
20200706:2030,0.0,0.0,26.19,3.86,0.0
20200706:2130,0.0,-1.39,26.04,3.79,0.0
20200706:2230,494.0,12.25,26.0,3.79,0.0
20200706:2330,677.88,26.05,26.65,4.07,0.0
20200707:0030,779.12,39.85,27.58,4.69,0.0
20200707:0130,854.56,53.53,28.35,5.66,0.0
20200707:0230,830.05,66.59,29.01,5.79,0.0
20200707:0330,802.33,76.77,29.48,5.52,0.0
20200707:0430,878.07,75.43,29.92,4.55,0.0
20200707:0530,764.29,64.31,30.39,3.79,0.0
20200707:0630,650.93,51.07,30.41,3.72,0.0
20200707:0730,579.74,37.34,30.28,3.93,0.0
20200707:0830,373.88,23.5,30.05,3.52,0.0
20200707:0930,232.68,9.71,29.64,2.9,0.0
20200707:1030,0.0,-3.91,29.06,2.48,0.0
20200707:1130,0.0,0.0,28.35,2.76,0.0
20200707:1230,0.0,0.0,27.84,2.83,0.0
20200707:1330,0.0,0.0,27.42,2.97,0.0
20200707:1430,0.0,0.0,27.16,3.31,0.0
20200707:1530,0.0,0.0,26.94,4.0,0.0
20200707:1630,0.0,0.0,26.45,4.41,0.0
20200707:1730,0.0,0.0,26.04,4.34,0.0
20200707:1830,0.0,0.0,25.78,3.72,0.0
20200707:1930,0.0,0.0,25.76,3.52,0.0
20200707:2030,0.0,0.0,25.48,2.83,0.0
20200707:2130,0.0,-1.45,25.32,2.55,0.0
20200707:2230,257.76,12.2,25.28,2.41,0.0
20200707:2330,569.76,26.01,26.02,2.34,0.0
20200708:0030,760.31,39.82,27.13,2.55,0.0
20200708:0130,798.98,53.52,28.12,2.55,0.0
20200708:0230,823.27,66.6,28.85,2.07,0.0
20200708:0330,809.41,76.85,29.53,1.79,0.0
20200708:0430,824.76,75.54,29.89,1.72,0.0
20200708:0530,650.42,64.38,29.95,2.62,0.0
20200708:0630,319.04,51.12,29.14,2.76,0.0
20200708:0730,261.91,37.38,28.27,2.69,0.0
20200708:0830,184.35,23.53,27.73,1.79,0.0
20200708:0930,216.21,9.73,27.7,1.38,0.0
20200708:1030,0.0,-3.9,27.59,0.83,0.0
20200708:1130,0.0,0.0,26.98,1.17,0.0
20200708:1230,0.0,0.0,26.53,1.52,0.0
20200708:1330,0.0,0.0,26.11,1.38,0.0
20200708:1430,0.0,0.0,25.81,1.38,0.0
20200708:1530,0.0,0.0,26.22,1.03,0.0
20200708:1630,0.0,0.0,26.95,0.62,0.0
20200708:1730,0.0,0.0,25.51,0.97,0.0
20200708:1830,0.0,0.0,24.99,1.38,0.0
20200708:1930,0.0,0.0,24.92,1.38,0.0
20200708:2030,0.0,0.0,24.67,1.24,0.0
20200708:2130,0.0,-1.51,25.01,1.93,0.0
20200708:2230,127.22,12.15,24.91,1.31,0.0
20200708:2330,276.89,25.97,25.6,0.34,0.0
20200709:0030,511.79,39.8,26.28,1.24,0.0
20200709:0130,543.18,53.51,27.2,2.0,0.0
20200709:0230,581.82,66.62,27.94,1.52,0.0
20200709:0330,656.01,76.94,28.55,0.97,0.0
20200709:0430,660.71,75.65,29.2,0.69,0.0
20200709:0530,551.46,64.46,29.75,0.97,0.0
20200709:0630,619.46,51.18,29.64,1.03,0.0
20200709:0730,368.89,37.42,29.82,1.1,0.0
20200709:0830,97.37,23.56,29.7,0.97,0.0
20200709:0930,21.99,9.75,29.54,1.45,0.0
20200709:1030,0.0,-3.89,28.37,2.0,0.0
20200709:1130,0.0,0.0,27.51,1.93,0.0
20200709:1230,0.0,0.0,27.09,1.52,0.0
20200709:1330,0.0,0.0,26.16,1.31,0.0
20200709:1430,0.0,0.0,25.92,1.72,0.0
20200709:1530,0.0,0.0,25.61,2.34,0.0
20200709:1630,0.0,0.0,25.4,2.21,0.0
20200709:1730,0.0,0.0,25.15,1.79,0.0
20200709:1830,0.0,0.0,25.28,1.24,0.0
20200709:1930,0.0,0.0,27.31,0.34,0.0
20200709:2030,0.0,0.0,26.53,0.83,0.0
20200709:2130,0.0,-1.57,25.35,0.97,0.0
20200709:2230,92.61,12.11,25.35,0.69,0.0
20200709:2330,331.99,25.94,25.63,1.31,0.0
20200710:0030,641.58,39.77,25.91,1.52,0.0
20200710:0130,798.6,53.5,26.88,1.24,0.0
20200710:0230,695.58,66.65,28.11,1.03,0.0
20200710:0330,755.59,77.03,28.69,0.97,0.0
20200710:0430,851.7,75.77,29.22,0.9,0.0
20200710:0530,748.37,64.54,29.72,0.97,0.0
20200710:0630,552.2,51.24,29.71,1.79,0.0
20200710:0730,410.85,37.47,29.82,1.38,0.0
20200710:0830,112.8,23.59,29.45,1.79,0.0
20200710:0930,18.08,9.76,28.66,2.0,0.0
20200710:1030,0.0,-3.88,26.69,2.0,0.0
20200710:1130,0.0,0.0,26.15,1.24,0.0
20200710:1230,0.0,0.0,26.14,0.62,0.0
20200710:1330,0.0,0.0,25.75,0.97,0.0
20200710:1430,0.0,0.0,25.7,1.45,0.0
20200710:1530,0.0,0.0,25.21,1.1,0.0
20200710:1630,0.0,0.0,25.26,2.0,0.0
20200710:1730,0.0,0.0,25.04,2.41,0.0
20200710:1830,0.0,0.0,24.7,1.72,0.0
20200710:1930,0.0,0.0,25.01,1.86,0.0
20200710:2030,0.0,0.0,24.95,1.38,0.0
20200710:2130,0.0,-1.63,25.27,0.34,0.0
20200710:2230,126.14,12.06,25.32,0.41,0.0
20200710:2330,241.67,25.9,25.6,0.28,0.0
20200711:0030,436.39,39.75,26.08,0.69,0.0
20200711:0130,445.63,53.5,26.82,1.1,0.0
20200711:0230,514.5,66.67,27.41,1.52,0.0
20200711:0330,368.68,77.13,27.84,1.72,0.0
20200711:0430,537.49,75.89,27.53,1.66,0.0
20200711:0530,567.58,64.62,27.4,1.52,0.0
20200711:0630,565.21,51.29,28.0,1.1,0.0
20200711:0730,392.27,37.5,28.21,1.38,0.0
20200711:0830,118.78,23.62,28.28,1.52,0.0
20200711:0930,75.06,9.78,27.83,1.79,0.0
20200711:1030,0.0,-3.88,27.09,2.0,0.0
20200711:1130,0.0,0.0,26.86,1.52,0.0
20200711:1230,0.0,0.0,26.17,1.79,0.0
20200711:1330,0.0,0.0,25.88,1.86,0.0
20200711:1430,0.0,0.0,25.67,2.14,0.0
20200711:1530,0.0,0.0,25.51,1.79,0.0
20200711:1630,0.0,0.0,25.14,1.38,0.0
20200711:1730,0.0,0.0,24.92,1.31,0.0
20200711:1830,0.0,0.0,25.16,1.86,0.0
20200711:1930,0.0,0.0,25.07,2.0,0.0
20200711:2030,0.0,0.0,24.84,1.72,0.0
20200711:2130,0.0,-1.69,24.84,1.03,0.0
20200711:2230,375.81,12.01,25.24,0.83,0.0
20200711:2330,634.4,25.86,26.21,0.83,0.0
20200712:0030,716.52,39.73,26.9,1.24,0.0
20200712:0130,665.96,53.5,27.59,1.52,0.0
20200712:0230,881.54,66.7,28.06,1.17,0.0
20200712:0330,823.26,77.23,28.98,0.9,0.0
20200712:0430,768.21,76.02,29.35,1.1,0.0
20200712:0530,734.38,64.7,29.39,2.21,0.0
20200712:0630,701.44,51.35,28.86,1.86,0.0
20200712:0730,537.3,37.54,29.15,2.0,0.0
20200712:0830,245.42,23.64,28.92,1.72,0.0
20200712:0930,35.56,9.79,28.42,2.21,0.0
20200712:1030,0.0,-3.88,27.74,1.31,0.0
20200712:1130,0.0,0.0,27.03,1.38,0.0
20200712:1230,0.0,0.0,26.5,1.93,0.0
20200712:1330,0.0,0.0,26.05,2.41,0.0
20200712:1430,0.0,0.0,26.01,2.83,0.0
20200712:1530,0.0,0.0,26.01,2.69,0.0
20200712:1630,0.0,0.0,25.96,2.21,0.0
20200712:1730,0.0,0.0,25.84,2.07,0.0
20200712:1830,0.0,0.0,25.76,2.14,0.0
20200712:1930,0.0,0.0,25.79,1.72,0.0
20200712:2030,0.0,0.0,25.73,1.72,0.0
20200712:2130,0.0,-1.75,25.76,2.21,0.0
20200712:2230,348.28,11.96,25.8,2.48,0.0
20200712:2330,534.17,25.83,26.73,2.69,0.0
20200713:0030,518.75,39.71,27.26,2.9,0.0
20200713:0130,533.99,53.5,27.61,2.83,0.0
20200713:0230,764.78,66.74,27.9,2.41,0.0
20200713:0330,725.02,77.34,28.4,2.21,0.0
20200713:0430,539.68,76.15,28.41,2.69,0.0
20200713:0530,689.72,64.78,28.35,2.69,0.0
20200713:0630,333.05,51.4,28.81,2.9,0.0
20200713:0730,413.97,37.58,28.75,2.21,0.0
20200713:0830,378.59,23.66,28.79,2.55,0.0
20200713:0930,192.2,9.8,28.22,2.07,0.0
20200713:1030,0.0,-3.89,27.47,1.03,0.0
20200713:1130,0.0,0.0,26.96,1.03,0.0
20200713:1230,0.0,0.0,26.21,1.17,0.0
20200713:1330,0.0,0.0,26.49,0.83,0.0
20200713:1430,0.0,0.0,27.07,0.62,0.0
20200713:1530,0.0,0.0,26.84,0.76,0.0
20200713:1630,0.0,0.0,25.14,1.45,0.0
20200713:1730,0.0,0.0,25.3,2.0,0.0
20200713:1830,0.0,0.0,25.14,1.72,0.0
20200713:1930,0.0,0.0,25.08,1.59,0.0
20200713:2030,0.0,0.0,24.98,1.17,0.0
20200713:2130,0.0,-1.8,24.97,1.31,0.0
20200713:2230,238.59,11.92,25.04,1.1,0.0
20200713:2330,640.59,25.8,26.19,0.83,0.0
20200714:0030,748.85,39.69,27.07,1.1,0.0
20200714:0130,826.52,53.5,27.75,1.03,0.0
20200714:0230,797.18,66.77,28.46,0.9,0.0
20200714:0330,853.7,77.45,29.02,0.83,0.0
20200714:0430,696.66,76.28,29.54,0.76,0.0
20200714:0530,594.95,64.86,29.69,1.17,0.0
20200714:0630,525.63,51.46,29.4,1.66,0.0
20200714:0730,497.87,37.62,28.65,0.62,0.0
20200714:0830,350.45,23.68,28.63,0.48,0.0
20200714:0930,70.16,9.81,28.31,1.03,0.0
20200714:1030,0.0,-3.89,26.15,1.86,0.0
20200714:1130,0.0,0.0,25.74,0.83,0.0
20200714:1230,0.0,0.0,25.96,0.48,0.0
20200714:1330,0.0,0.0,26.01,0.48,0.0
20200714:1430,0.0,0.0,26.28,0.34,0.0
20200714:1530,0.0,0.0,26.23,0.34,0.0
20200714:1630,0.0,0.0,26.05,0.48,0.0
20200714:1730,0.0,0.0,24.94,1.17,0.0
20200714:1830,0.0,0.0,24.97,1.17,0.0
20200714:1930,0.0,0.0,25.48,2.34,0.0
20200714:2030,0.0,0.0,25.31,1.72,0.0
20200714:2130,0.0,-1.86,25.3,1.38,0.0
20200714:2230,220.85,11.87,25.42,1.66,0.0
20200714:2330,481.08,25.76,26.49,1.38,0.0
20200715:0030,633.58,39.68,27.12,1.31,0.0
20200715:0130,648.37,53.51,27.65,1.17,0.0
20200715:0230,635.85,66.81,28.11,0.83,0.0
20200715:0330,771.5,77.57,28.28,1.03,0.0
20200715:0430,687.29,76.41,28.65,2.14,0.0
20200715:0530,596.22,64.94,28.49,1.93,0.0
20200715:0630,506.98,51.51,28.55,1.45,0.0
20200715:0730,409.56,37.65,28.6,1.79,0.0
20200715:0830,243.41,23.7,28.2,2.14,0.0
20200715:0930,139.96,9.81,27.59,1.52,0.0
20200715:1030,0.0,-3.9,27.38,0.83,0.0
20200715:1130,0.0,0.0,26.39,0.9,0.0
20200715:1230,0.0,0.0,25.96,1.31,0.0
20200715:1330,0.0,0.0,25.68,1.59,0.0
20200715:1430,0.0,0.0,25.87,1.31,0.0
20200715:1530,0.0,0.0,25.53,1.31,0.0
20200715:1630,0.0,0.0,25.83,0.97,0.0
20200715:1730,0.0,0.0,26.01,0.34,0.0
20200715:1830,0.0,0.0,25.98,0.41,0.0
20200715:1930,0.0,0.0,25.12,1.72,0.0
20200715:2030,0.0,0.0,25.19,1.93,0.0
20200715:2130,0.0,-1.92,25.29,2.07,0.0
20200715:2230,53.14,11.83,25.29,2.14,0.0
20200715:2330,226.24,25.73,25.58,1.86,0.0
20200716:0030,253.82,39.67,26.3,2.0,0.0
20200716:0130,596.29,53.51,26.85,2.14,0.0
20200716:0230,675.94,66.86,27.75,2.21,0.0
20200716:0330,709.03,77.7,28.43,2.0,0.0
20200716:0430,674.74,76.55,28.93,1.45,0.0
20200716:0530,579.17,65.02,29.25,1.03,0.0
20200716:0630,609.68,51.56,29.26,0.21,0.0
20200716:0730,503.35,37.68,29.83,1.59,0.0
20200716:0830,387.38,23.72,29.37,1.31,0.0
20200716:0930,101.99,9.82,28.63,1.79,0.0
20200716:1030,0.0,-3.92,27.71,2.21,0.0
20200716:1130,0.0,0.0,26.9,1.93,0.0
20200716:1230,0.0,0.0,26.73,1.24,0.0
20200716:1330,0.0,0.0,26.22,1.1,0.0
20200716:1430,0.0,0.0,26.27,0.97,0.0
20200716:1530,0.0,0.0,26.19,0.97,0.0
20200716:1630,0.0,0.0,26.15,0.9,0.0
20200716:1730,0.0,0.0,25.72,0.9,0.0
20200716:1830,0.0,0.0,25.33,0.9,0.0
20200716:1930,0.0,0.0,26.58,0.9,0.0
20200716:2030,0.0,0.0,27.04,0.76,0.0
20200716:2130,0.0,-1.98,27.06,0.62,0.0
20200716:2230,502.84,11.79,27.18,0.0,0.0
20200716:2330,636.77,25.71,27.38,0.97,0.0
20200717:0030,591.1,39.65,27.77,1.93,0.0
20200717:0130,642.28,53.52,27.77,2.34,0.0
20200717:0230,724.59,66.9,28.19,1.79,0.0
20200717:0330,759.17,77.83,29.05,2.0,0.0
20200717:0430,738.96,76.7,29.74,1.86,0.0
20200717:0530,539.09,65.11,29.71,2.83,0.0
20200717:0630,469.92,51.61,28.71,3.24,0.0
20200717:0730,353.74,37.71,28.18,3.03,0.0
20200717:0830,160.13,23.73,28.46,2.69,0.0
20200717:0930,133.98,9.81,28.36,2.48,0.0
20200717:1030,0.0,-3.93,28.1,2.28,0.0
20200717:1130,0.0,0.0,27.56,2.9,0.0
20200717:1230,0.0,0.0,27.28,3.03,0.0
20200717:1330,0.0,0.0,27.19,3.1,0.0
20200717:1430,0.0,0.0,26.92,3.03,0.0
20200717:1530,0.0,0.0,26.78,2.83,0.0
20200717:1630,0.0,0.0,26.49,3.59,0.0
20200717:1730,0.0,0.0,26.13,4.0,0.0
20200717:1830,0.0,0.0,25.89,3.66,0.0
20200717:1930,0.0,0.0,25.55,3.52,0.0
20200717:2030,0.0,0.0,25.31,3.31,0.0
20200717:2130,0.0,-2.04,25.25,3.52,0.0
20200717:2230,423.49,11.74,25.3,3.45,0.0
20200717:2330,483.51,25.68,25.97,3.86,0.0
20200718:0030,517.34,39.64,26.72,4.62,0.0
20200718:0130,676.26,53.54,27.47,4.41,0.0
20200718:0230,697.78,66.95,28.39,4.69,0.0
20200718:0330,789.13,77.96,28.97,5.1,0.0
20200718:0430,812.92,76.84,29.45,5.38,0.0
20200718:0530,627.55,65.19,29.81,5.17,0.0
20200718:0630,661.65,51.66,29.65,5.17,0.0
20200718:0730,580.96,37.74,29.56,5.45,0.0
20200718:0830,319.36,23.75,29.17,5.24,0.0
20200718:0930,109.06,9.81,28.65,4.34,0.0
20200718:1030,0.0,-3.95,27.74,3.79,0.0
20200718:1130,0.0,0.0,27.12,3.59,0.0
20200718:1230,0.0,0.0,26.78,3.79,0.0
20200718:1330,0.0,0.0,26.65,4.14,0.0
20200718:1430,0.0,0.0,26.42,4.48,0.0
20200718:1530,0.0,0.0,26.19,4.34,0.0
20200718:1630,0.0,0.0,25.79,4.07,0.0
20200718:1730,0.0,0.0,25.52,3.93,0.0
20200718:1830,0.0,0.0,25.31,4.14,0.0
20200718:1930,0.0,0.0,25.51,3.86,0.0
20200718:2030,0.0,0.0,25.4,3.66,0.0
20200718:2130,0.0,-2.09,25.37,3.38,0.0
20200718:2230,325.23,11.7,25.4,3.31,0.0
20200718:2330,372.53,25.65,25.91,3.45,0.0
20200719:0030,635.24,39.64,26.7,3.1,0.0
20200719:0130,692.74,53.55,27.67,2.69,0.0
20200719:0230,665.55,67.01,28.28,2.28,0.0
20200719:0330,575.91,78.1,28.5,2.21,0.0
20200719:0430,388.06,76.99,28.56,1.86,0.0
20200719:0530,374.11,65.27,27.74,2.14,0.0
20200719:0630,373.57,51.7,27.3,0.9,0.0
20200719:0730,213.8,37.76,27.86,1.59,0.0
20200719:0830,117.96,23.75,26.84,2.07,0.0
20200719:0930,25.59,9.8,26.5,1.86,0.0
20200719:1030,0.0,-3.98,26.22,2.28,0.0
20200719:1130,0.0,0.0,26.0,2.69,0.0
20200719:1230,0.0,0.0,25.66,2.55,0.0
20200719:1330,0.0,0.0,25.24,1.86,0.0
20200719:1430,0.0,0.0,25.08,1.31,0.0
20200719:1530,0.0,0.0,24.97,1.1,0.0
20200719:1630,0.0,0.0,25.18,1.66,0.0
20200719:1730,0.0,0.0,25.6,0.76,0.0
20200719:1830,0.0,0.0,26.03,0.28,0.0
20200719:1930,0.0,0.0,24.63,0.83,0.0
20200719:2030,0.0,0.0,24.73,0.9,0.0
20200719:2130,0.0,-2.15,24.7,0.9,0.0
20200719:2230,223.89,11.66,24.67,1.31,0.0
20200719:2330,403.95,25.63,25.9,0.9,0.0
20200720:0030,479.11,39.63,26.55,0.69,0.0
20200720:0130,604.13,53.57,27.12,1.03,0.0
20200720:0230,812.6,67.06,27.79,1.1,0.0
20200720:0330,856.87,78.25,28.49,0.97,0.0
20200720:0430,668.64,77.14,29.09,0.9,0.0
20200720:0530,713.46,65.34,29.2,1.17,0.0
20200720:0630,495.74,51.75,29.33,0.41,0.0
20200720:0730,266.96,37.79,29.8,2.62,0.0
20200720:0830,85.85,23.76,29.17,2.76,0.0
20200720:0930,132.83,9.8,28.25,3.45,0.0
20200720:1030,0.0,-4.0,27.61,2.97,0.0
20200720:1130,0.0,0.0,27.3,2.14,0.0
20200720:1230,0.0,0.0,26.89,2.14,0.0
20200720:1330,0.0,0.0,26.51,2.0,0.0
20200720:1430,0.0,0.0,26.12,2.0,0.0
20200720:1530,0.0,0.0,25.72,1.86,0.0
20200720:1630,0.0,0.0,25.37,1.79,0.0
20200720:1730,0.0,0.0,25.01,1.59,0.0
20200720:1830,0.0,0.0,24.68,1.38,0.0
20200720:1930,0.0,0.0,25.63,3.17,0.0
20200720:2030,0.0,0.0,25.56,2.97,0.0
20200720:2130,0.0,-2.2,25.5,2.76,0.0
20200720:2230,353.65,11.62,25.54,2.55,0.0
20200720:2330,623.38,25.6,26.41,2.55,0.0
20200721:0030,762.55,39.63,27.31,2.55,0.0
20200721:0130,814.02,53.59,28.25,2.55,0.0
20200721:0230,858.0,67.12,28.75,2.55,0.0
20200721:0330,498.72,78.4,29.51,3.03,0.0
20200721:0430,254.88,77.29,28.51,4.41,0.0
20200721:0530,230.85,65.42,27.59,4.69,0.0
20200721:0630,166.69,51.79,27.81,4.21,0.0
20200721:0730,163.04,37.81,27.55,3.17,0.0
20200721:0830,84.2,23.76,27.94,2.62,0.0
20200721:0930,18.2,9.78,27.82,2.55,0.0
20200721:1030,0.0,-4.03,27.39,2.76,0.0
20200721:1130,0.0,0.0,26.93,2.76,0.0
20200721:1230,0.0,0.0,26.6,2.76,0.0
20200721:1330,0.0,0.0,26.13,3.17,0.0
20200721:1430,0.0,0.0,25.81,2.9,0.0
20200721:1530,0.0,0.0,25.5,2.55,0.0
20200721:1630,0.0,0.0,25.32,2.62,0.0
20200721:1730,0.0,0.0,25.12,2.62,0.0
20200721:1830,0.0,0.0,25.03,2.07,0.0
20200721:1930,0.0,0.0,25.05,2.55,0.0
20200721:2030,0.0,0.0,25.01,2.34,0.0
20200721:2130,0.0,-2.26,24.95,2.48,0.0
20200721:2230,131.2,11.59,24.91,2.69,0.0
20200721:2330,461.43,25.58,25.44,2.76,0.0
20200722:0030,569.53,39.63,26.58,2.55,0.0
20200722:0130,766.71,53.61,27.51,2.41,0.0
20200722:0230,766.63,67.18,28.34,2.21,0.0
20200722:0330,848.38,78.55,28.81,1.72,0.0
20200722:0430,660.33,77.44,28.95,1.59,0.0
20200722:0530,369.26,65.5,28.51,1.79,0.0
20200722:0630,660.75,51.83,27.9,0.55,0.0
20200722:0730,477.03,37.83,29.15,1.31,0.0
20200722:0830,360.49,23.77,28.74,1.66,0.0
20200722:0930,236.61,9.77,28.43,1.79,0.0
20200722:1030,0.0,-4.06,28.09,1.1,0.0
20200722:1130,0.0,0.0,27.57,0.48,0.0
20200722:1230,0.0,0.0,27.18,0.76,0.0
20200722:1330,0.0,0.0,26.15,1.52,0.0
20200722:1430,0.0,0.0,25.58,1.24,0.0
20200722:1530,0.0,0.0,25.55,1.86,0.0
20200722:1630,0.0,0.0,25.34,1.59,0.0
20200722:1730,0.0,0.0,25.23,1.72,0.0
20200722:1830,0.0,0.0,25.05,1.17,0.0
20200722:1930,0.0,0.0,25.24,1.93,0.0
20200722:2030,0.0,0.0,25.17,2.0,0.0
20200722:2130,0.0,-2.31,24.95,1.72,0.0
20200722:2230,480.03,11.55,24.86,1.52,0.0
20200722:2330,725.3,25.56,26.96,1.38,0.0
20200723:0030,881.62,39.63,27.9,1.24,0.0
20200723:0130,798.91,53.63,28.82,0.9,0.0
20200723:0230,736.28,67.25,29.24,1.38,0.0
20200723:0330,795.31,78.71,29.48,1.45,0.0
20200723:0430,705.75,77.6,29.68,1.66,0.0
20200723:0530,691.77,65.57,29.75,2.83,0.0
20200723:0630,559.95,51.87,29.88,2.69,0.0
20200723:0730,526.9,37.84,29.65,2.41,0.0
20200723:0830,407.97,23.76,28.64,1.93,0.0
20200723:0930,167.2,9.75,27.98,2.62,0.0
20200723:1030,0.0,-4.1,27.34,1.59,0.0
20200723:1130,0.0,0.0,26.98,1.45,0.0
20200723:1230,0.0,0.0,26.38,1.31,0.0
20200723:1330,0.0,0.0,25.94,1.17,0.0
20200723:1430,0.0,0.0,25.84,1.1,0.0
20200723:1530,0.0,0.0,26.18,0.97,0.0
20200723:1630,0.0,0.0,25.69,0.97,0.0
20200723:1730,0.0,0.0,25.69,0.97,0.0
20200723:1830,0.0,0.0,25.88,0.48,0.0
20200723:1930,0.0,0.0,24.85,1.93,0.0
20200723:2030,0.0,0.0,24.86,1.72,0.0
20200723:2130,0.0,-2.36,24.85,1.45,0.0
20200723:2230,180.75,11.52,24.65,1.24,0.0
20200723:2330,333.16,25.54,25.94,1.31,0.0
20200724:0030,464.91,39.63,26.34,1.79,0.0
20200724:0130,585.32,53.66,27.07,1.86,0.0
20200724:0230,546.65,67.31,27.64,1.79,0.0
20200724:0330,483.94,78.88,27.47,1.52,0.0
20200724:0430,392.96,77.75,27.6,1.45,0.0
20200724:0530,254.11,65.65,27.76,1.72,0.0
20200724:0630,173.54,51.91,27.75,1.66,0.0
20200724:0730,104.63,37.86,27.31,0.34,0.0
20200724:0830,80.08,23.76,26.95,1.59,0.0
20200724:0930,38.28,9.73,26.46,1.72,0.0
20200724:1030,0.0,-4.14,26.34,1.1,0.0
20200724:1130,0.0,0.0,26.02,1.45,0.0
20200724:1230,0.0,0.0,25.76,1.72,0.0
20200724:1330,0.0,0.0,25.5,1.45,0.0
20200724:1430,0.0,0.0,25.3,1.45,0.0
20200724:1530,0.0,0.0,25.37,1.86,0.0
20200724:1630,0.0,0.0,25.05,1.38,0.0
20200724:1730,0.0,0.0,24.93,1.31,0.0
20200724:1830,0.0,0.0,24.95,1.38,0.0
20200724:1930,0.0,0.0,25.69,0.9,0.0
20200724:2030,0.0,0.0,26.21,0.48,0.0
20200724:2130,0.0,-2.41,26.1,0.48,0.0
20200724:2230,98.43,11.48,26.16,0.28,0.0
20200724:2330,406.93,25.53,26.01,0.69,0.0
20200725:0030,567.15,39.63,27.19,1.31,0.0
20200725:0130,598.86,53.69,27.78,1.93,0.0
20200725:0230,704.7,67.38,28.23,2.34,0.0
20200725:0330,558.74,79.04,28.73,2.76,0.0
20200725:0430,563.3,77.91,28.86,2.76,0.0
20200725:0530,439.41,65.72,28.67,2.41,0.0
20200725:0630,361.25,51.94,28.35,1.86,0.0
20200725:0730,176.34,37.87,28.35,2.34,0.0
20200725:0830,100.11,23.75,27.83,2.07,0.0
20200725:0930,60.68,9.7,27.63,1.86,0.0
20200725:1030,0.0,-4.18,27.21,2.07,0.0
20200725:1130,0.0,0.0,26.44,1.79,0.0
20200725:1230,0.0,0.0,26.01,0.83,0.0
20200725:1330,0.0,0.0,26.61,0.62,0.0
20200725:1430,0.0,0.0,26.37,0.76,0.0
20200725:1530,0.0,0.0,26.17,0.83,0.0
20200725:1630,0.0,0.0,26.42,0.62,0.0
20200725:1730,0.0,0.0,26.17,0.55,0.0
20200725:1830,0.0,0.0,25.32,0.76,0.0
20200725:1930,0.0,0.0,25.66,0.55,0.0
20200725:2030,0.0,0.0,25.68,0.21,0.0
20200725:2130,0.0,-2.46,25.57,0.48,0.0
20200725:2230,190.87,11.45,25.28,0.62,0.0
20200725:2330,332.25,25.51,26.01,0.9,0.0
20200726:0030,546.59,39.64,26.68,0.76,0.0
20200726:0130,645.25,53.72,27.37,1.17,0.0
20200726:0230,779.02,67.45,28.0,1.38,0.0
20200726:0330,751.69,79.22,28.49,1.03,0.0
20200726:0430,662.14,78.07,28.78,0.62,0.0
20200726:0530,517.42,65.79,29.16,0.76,0.0
20200726:0630,518.3,51.97,29.27,0.97,0.0
20200726:0730,382.3,37.88,29.47,0.69,0.0
20200726:0830,181.34,23.74,29.26,1.52,0.0
20200726:0930,40.87,9.68,27.93,2.97,0.0
20200726:1030,0.0,-4.23,26.73,2.14,0.0
20200726:1130,0.0,0.0,26.07,2.0,0.0
20200726:1230,0.0,0.0,25.47,1.72,0.0
20200726:1330,0.0,0.0,25.24,1.17,0.0
20200726:1430,0.0,0.0,25.27,1.17,0.0
20200726:1530,0.0,0.0,25.01,1.31,0.0
20200726:1630,0.0,0.0,25.31,0.76,0.0
20200726:1730,0.0,0.0,25.53,0.34,0.0
20200726:1830,0.0,0.0,25.6,0.55,0.0
20200726:1930,0.0,0.0,24.85,1.45,0.0
20200726:2030,0.0,0.0,24.39,1.1,0.0
20200726:2130,0.0,-2.51,24.5,0.9,0.0
20200726:2230,348.02,11.42,24.48,0.97,0.0
20200726:2330,477.28,25.5,25.86,0.55,0.0
20200727:0030,679.27,39.64,26.36,0.41,0.0
20200727:0130,648.39,53.75,27.33,0.28,0.0
20200727:0230,828.22,67.53,28.09,0.14,0.0
20200727:0330,652.63,79.39,28.93,1.24,0.0
20200727:0430,639.99,78.23,28.88,1.38,0.0
20200727:0530,643.57,65.85,28.74,1.66,0.0
20200727:0630,562.03,52.0,28.41,2.0,0.0
20200727:0730,414.13,37.88,29.12,2.97,0.0
20200727:0830,306.67,23.73,28.51,3.66,0.0
20200727:0930,53.46,9.64,28.01,3.31,0.0
20200727:1030,0.0,-4.28,27.61,1.52,0.0
20200727:1130,0.0,0.0,26.52,1.72,0.0
20200727:1230,0.0,0.0,26.29,1.66,0.0
20200727:1330,0.0,0.0,25.97,2.14,0.0
20200727:1430,0.0,0.0,25.71,2.69,0.0
20200727:1530,0.0,0.0,26.02,2.76,0.0
20200727:1630,0.0,0.0,26.04,2.55,0.0
20200727:1730,0.0,0.0,25.95,2.0,0.0
20200727:1830,0.0,0.0,25.75,1.52,0.0
20200727:1930,0.0,0.0,25.11,1.1,0.0
20200727:2030,0.0,0.0,25.04,1.24,0.0
20200727:2130,0.0,-2.56,25.29,1.93,0.0
20200727:2230,73.28,11.39,25.25,1.86,0.0
20200727:2330,122.02,25.49,26.02,1.59,0.0
20200728:0030,187.11,39.65,26.56,1.45,0.0
20200728:0130,215.85,53.78,26.99,1.59,0.0
20200728:0230,423.73,67.6,27.45,1.45,0.0
20200728:0330,349.19,79.57,27.91,1.52,0.0
20200728:0430,416.33,78.39,27.9,1.79,0.0
20200728:0530,284.88,65.92,28.12,2.41,0.0
20200728:0630,199.51,52.03,27.19,2.21,0.0
20200728:0730,140.39,37.89,27.12,2.69,0.0
20200728:0830,102.23,23.71,27.06,2.97,0.0
20200728:0930,27.46,9.61,26.97,2.97,0.0
20200728:1030,0.0,-4.33,26.57,2.55,0.0
20200728:1130,0.0,0.0,26.17,2.62,0.0
20200728:1230,0.0,0.0,25.96,2.41,0.0
20200728:1330,0.0,0.0,25.91,2.21,0.0
20200728:1430,0.0,0.0,25.81,1.93,0.0
20200728:1530,0.0,0.0,25.91,2.62,0.0
20200728:1630,0.0,0.0,25.77,3.03,0.0
20200728:1730,0.0,0.0,25.74,3.17,0.0
20200728:1830,0.0,0.0,25.72,3.24,0.0
20200728:1930,0.0,0.0,25.25,3.66,0.0
20200728:2030,0.0,0.0,25.28,3.45,0.0
20200728:2130,0.0,-2.6,25.34,3.79,0.0
20200728:2230,18.12,11.36,25.18,4.34,0.0
20200728:2330,121.69,25.48,25.4,4.76,0.0
20200729:0030,251.3,39.66,25.86,4.97,0.0
20200729:0130,147.79,53.82,26.03,5.24,0.0
20200729:0230,216.85,67.68,26.1,5.24,0.0
20200729:0330,217.83,79.76,26.31,5.03,0.0
20200729:0430,148.44,78.54,26.47,5.17,0.0
20200729:0530,154.09,65.98,26.31,5.1,0.0
20200729:0630,103.37,52.05,26.17,5.45,0.0
20200729:0730,138.67,37.88,25.95,4.9,0.0
20200729:0830,67.7,23.69,26.1,4.76,0.0
20200729:0930,19.42,9.57,25.97,5.03,0.0
20200729:1030,0.0,-4.39,25.74,5.1,0.0
20200729:1130,0.0,0.0,25.56,4.9,0.0
20200729:1230,0.0,0.0,25.46,4.97,0.0
20200729:1330,0.0,0.0,25.54,5.1,0.0
20200729:1430,0.0,0.0,25.55,5.1,0.0
20200729:1530,0.0,0.0,25.42,5.31,0.0
20200729:1630,0.0,0.0,25.39,5.17,0.0
20200729:1730,0.0,0.0,25.41,5.03,0.0
20200729:1830,0.0,0.0,25.37,5.45,0.0
20200729:1930,0.0,0.0,25.35,4.76,0.0
20200729:2030,0.0,0.0,25.48,5.1,0.0
20200729:2130,0.0,-2.65,25.53,5.59,0.0
20200729:2230,266.01,11.34,25.76,5.17,0.0
20200729:2330,344.05,25.47,25.9,5.38,0.0
20200730:0030,451.36,39.68,26.45,5.24,0.0
20200730:0130,473.12,53.86,26.8,5.72,0.0
20200730:0230,426.29,67.76,27.18,6.14,0.0
20200730:0330,418.17,79.95,26.71,6.0,0.0
20200730:0430,383.93,78.7,27.18,6.28,0.0
20200730:0530,367.72,66.04,27.31,6.69,0.0
20200730:0630,507.8,52.07,26.41,6.55,0.0
20200730:0730,504.89,37.88,27.21,7.59,0.0
20200730:0830,225.15,23.67,27.25,7.38,0.0
20200730:0930,163.51,9.53,27.11,6.62,0.0
20200730:1030,0.0,-4.45,26.93,5.93,0.0
20200730:1130,0.0,0.0,26.81,5.31,0.0
20200730:1230,0.0,0.0,26.54,4.48,0.0
20200730:1330,0.0,0.0,25.84,4.14,0.0
20200730:1430,0.0,0.0,25.96,4.14,0.0
20200730:1530,0.0,0.0,25.49,4.76,0.0
20200730:1630,0.0,0.0,25.43,4.55,0.0
20200730:1730,0.0,0.0,25.52,4.48,0.0
20200730:1830,0.0,0.0,25.67,4.83,0.0
20200730:1930,0.0,0.0,25.39,4.83,0.0
20200730:2030,0.0,0.0,25.4,4.9,0.0
20200730:2130,0.0,-2.69,25.66,4.55,0.0
20200730:2230,159.18,11.31,25.79,4.34,0.0
20200730:2330,275.82,25.46,26.03,4.69,0.0
20200731:0030,400.71,39.69,26.63,4.55,0.0
20200731:0130,589.84,53.89,27.03,4.69,0.0
20200731:0230,593.02,67.84,27.66,4.83,0.0
20200731:0330,454.66,80.14,27.62,4.69,0.0
20200731:0430,512.44,78.86,27.41,4.34,0.0
20200731:0530,272.49,66.09,27.49,4.83,0.0
20200731:0630,330.34,52.09,27.14,4.76,0.0
20200731:0730,255.61,37.87,27.72,4.62,0.0
20200731:0830,183.02,23.64,27.6,4.28,0.0
20200731:0930,51.71,9.49,27.26,3.72,0.0
20200731:1030,0.0,-4.51,26.08,3.66,0.0
20200731:1130,0.0,0.0,25.54,3.45,0.0
20200731:1230,0.0,0.0,25.59,3.38,0.0
20200731:1330,0.0,0.0,25.62,3.52,0.0
20200731:1430,0.0,0.0,25.69,3.24,0.0
20200731:1530,0.0,0.0,25.68,2.9,0.0
20200731:1630,0.0,0.0,25.68,2.9,0.0
20200731:1730,0.0,0.0,25.39,3.03,0.0
20200731:1830,0.0,0.0,25.53,2.62,0.0
20200731:1930,0.0,0.0,25.27,2.69,0.0
20200731:2030,0.0,0.0,25.35,3.17,0.0
20200731:2130,0.0,-2.73,24.9,3.1,0.0
20200731:2230,43.28,11.29,25.0,2.9,0.0
20200731:2330,84.22,25.46,25.27,2.21,0.0
20200801:0030,118.2,39.71,25.75,1.93,0.0
20200801:0130,178.56,53.94,25.96,2.07,0.0
20200801:0230,280.99,67.92,26.17,2.34,0.0
20200801:0330,297.7,80.33,26.72,2.69,0.0
20200801:0430,251.27,79.01,27.16,2.83,0.0
20200801:0530,231.28,66.15,27.03,2.69,0.0
20200801:0630,139.92,52.1,27.05,2.34,0.0
20200801:0730,106.02,37.86,27.64,3.17,0.0
20200801:0830,96.45,23.61,27.43,2.76,0.0
20200801:0930,19.96,9.44,27.4,1.72,0.0
20200801:1030,0.0,-4.58,26.84,0.97,0.0
20200801:1130,0.0,0.0,26.5,0.97,0.0
20200801:1230,0.0,0.0,25.74,1.59,0.0
20200801:1330,0.0,0.0,25.65,1.38,0.0
20200801:1430,0.0,0.0,26.73,0.9,0.0
20200801:1530,0.0,0.0,27.12,0.41,0.0
20200801:1630,0.0,0.0,26.83,0.34,0.0
20200801:1730,0.0,0.0,26.29,0.76,0.0
20200801:1830,0.0,0.0,24.89,1.17,0.0
20200801:1930,0.0,0.0,24.91,1.93,0.0
20200801:2030,0.0,0.0,24.98,2.0,0.0
20200801:2130,0.0,-2.78,24.94,1.86,0.0
20200801:2230,305.96,11.27,24.82,2.07,0.0
20200801:2330,485.71,25.46,25.89,2.0,0.0
20200802:0030,553.49,39.73,26.71,2.14,0.0
20200802:0130,710.24,53.98,27.61,2.28,0.0
20200802:0230,718.59,68.01,28.43,2.48,0.0
20200802:0330,821.79,80.53,29.12,2.69,0.0
20200802:0430,827.68,79.16,29.76,2.9,0.0
20200802:0530,786.28,66.19,30.16,3.38,0.0
20200802:0630,530.12,52.11,30.24,3.59,0.0
20200802:0730,269.45,37.85,29.49,3.24,0.0
20200802:0830,180.09,23.58,28.91,3.24,0.0
20200802:0930,148.16,9.39,28.75,3.31,0.0
20200802:1030,0.0,-4.65,28.25,3.1,0.0
20200802:1130,0.0,0.0,27.77,3.17,0.0
20200802:1230,0.0,0.0,27.5,2.97,0.0
20200802:1330,0.0,0.0,27.15,2.62,0.0
20200802:1430,0.0,0.0,26.88,2.48,0.0
20200802:1530,0.0,0.0,26.67,2.55,0.0
20200802:1630,0.0,0.0,26.39,2.48,0.0
20200802:1730,0.0,0.0,25.89,2.21,0.0
20200802:1830,0.0,0.0,25.36,1.93,0.0
20200802:1930,0.0,0.0,25.45,2.14,0.0
20200802:2030,0.0,0.0,25.18,2.14,0.0
20200802:2130,0.0,-2.81,24.89,1.79,0.0
20200802:2230,474.42,11.25,25.3,1.1,0.0
20200802:2330,671.37,25.45,26.85,0.62,0.0
20200803:0030,751.93,39.75,28.01,1.17,0.0
20200803:0130,705.27,54.02,28.61,1.52,0.0
20200803:0230,667.44,68.09,29.17,1.72,0.0
20200803:0330,610.05,80.73,29.53,2.0,0.0
20200803:0430,559.95,79.31,29.27,1.93,0.0
20200803:0530,593.75,66.24,29.24,2.34,0.0
20200803:0630,116.63,52.12,29.49,2.41,0.0
20200803:0730,102.5,37.83,28.06,1.79,0.0
20200803:0830,55.81,23.54,27.91,2.14,0.0
20200803:0930,97.81,9.33,27.71,1.86,0.0
20200803:1030,0.0,-4.72,27.59,1.93,0.0
20200803:1130,0.0,0.0,27.17,1.72,0.0
20200803:1230,0.0,0.0,26.63,1.59,0.0
20200803:1330,0.0,0.0,26.39,2.21,0.0
20200803:1430,0.0,0.0,26.25,2.69,0.0
20200803:1530,0.0,0.0,26.08,2.62,0.0
20200803:1630,0.0,0.0,25.88,2.34,0.0
20200803:1730,0.0,0.0,25.7,2.48,0.0
20200803:1830,0.0,0.0,25.53,2.41,0.0
20200803:1930,0.0,0.0,25.64,2.21,0.0
20200803:2030,0.0,0.0,25.5,2.34,0.0
20200803:2130,0.0,-2.85,25.43,2.76,0.0
20200803:2230,215.08,11.23,25.41,2.83,0.0
20200803:2330,548.29,25.45,25.84,2.69,0.0
20200804:0030,682.66,39.77,26.82,3.1,0.0
20200804:0130,732.97,54.07,27.95,3.24,0.0
20200804:0230,708.8,68.18,28.65,2.97,0.0
20200804:0330,623.01,80.93,29.0,2.55,0.0
20200804:0430,538.32,79.46,28.65,3.31,0.0
20200804:0530,468.24,66.28,28.61,3.72,0.0
20200804:0630,655.27,52.12,28.64,3.93,0.0
20200804:0730,457.43,37.81,28.92,5.1,0.0
20200804:0830,120.47,23.51,28.34,5.17,0.0
20200804:0930,60.7,9.28,27.42,4.07,0.0
20200804:1030,0.0,-4.8,27.03,3.1,0.0
20200804:1130,0.0,0.0,26.76,2.9,0.0
20200804:1230,0.0,0.0,26.54,3.17,0.0
20200804:1330,0.0,0.0,26.26,3.93,0.0
20200804:1430,0.0,0.0,26.09,3.66,0.0
20200804:1530,0.0,0.0,25.95,3.24,0.0
20200804:1630,0.0,0.0,25.86,3.03,0.0
20200804:1730,0.0,0.0,25.66,3.17,0.0
20200804:1830,0.0,0.0,25.47,3.24,0.0
20200804:1930,0.0,0.0,25.03,2.97,0.0
20200804:2030,0.0,0.0,24.99,2.97,0.0
20200804:2130,0.0,-2.89,25.08,3.17,0.0
20200804:2230,48.52,11.21,25.09,3.03,0.0
20200804:2330,158.77,25.46,25.57,2.69,0.0
20200805:0030,335.06,39.79,26.22,2.76,0.0
20200805:0130,521.87,54.12,27.14,3.17,0.0
20200805:0230,587.94,68.27,28.0,3.1,0.0
20200805:0330,520.22,81.13,28.91,2.69,0.0
20200805:0430,610.76,79.6,29.05,2.07,0.0
20200805:0530,683.74,66.32,29.44,1.79,0.0
20200805:0630,346.12,52.12,29.14,1.1,0.0
20200805:0730,409.99,37.79,27.58,3.24,0.0
20200805:0830,272.65,23.46,27.65,3.1,0.0
20200805:0930,95.5,9.21,27.66,3.03,0.0
20200805:1030,0.0,-4.88,27.39,2.34,0.0
20200805:1130,0.0,0.0,26.94,1.45,0.0
20200805:1230,0.0,0.0,25.9,1.38,0.0
20200805:1330,0.0,0.0,25.56,1.59,0.0
20200805:1430,0.0,0.0,25.76,0.55,0.0
20200805:1530,0.0,0.0,25.44,0.69,0.0
20200805:1630,0.0,0.0,25.21,0.97,0.0
20200805:1730,0.0,0.0,25.13,0.9,0.0
20200805:1830,0.0,0.0,25.58,0.69,0.0
20200805:1930,0.0,0.0,25.44,0.83,0.0
20200805:2030,0.0,0.0,26.15,0.14,0.0
20200805:2130,0.0,-2.92,26.02,0.55,0.0
20200805:2230,13.63,11.2,26.07,0.62,0.0
20200805:2330,41.0,25.46,25.97,0.62,0.0
20200806:0030,179.39,39.82,26.37,0.76,0.0
20200806:0130,212.98,54.16,26.84,1.17,0.0
20200806:0230,306.26,68.36,27.12,1.66,0.0
20200806:0330,239.95,81.34,27.39,2.14,0.0
20200806:0430,295.74,79.74,27.36,2.48,0.0
20200806:0530,387.39,66.35,27.57,2.9,0.0
20200806:0630,254.61,52.11,27.85,3.38,0.0
20200806:0730,99.67,37.76,28.21,3.59,0.0
20200806:0830,68.43,23.42,27.78,3.1,0.0
20200806:0930,67.74,9.15,27.55,2.69,0.0
20200806:1030,0.0,-4.96,26.93,2.83,0.0
20200806:1130,0.0,0.0,26.41,2.41,0.0
20200806:1230,0.0,0.0,26.16,2.55,0.0
20200806:1330,0.0,0.0,25.76,2.83,0.0
20200806:1430,0.0,0.0,25.36,3.31,0.0
20200806:1530,0.0,0.0,25.27,3.1,0.0
20200806:1630,0.0,0.0,25.33,3.31,0.0
20200806:1730,0.0,0.0,25.22,3.72,0.0
20200806:1830,0.0,0.0,25.16,3.24,0.0
20200806:1930,0.0,0.0,25.61,4.34,0.0
20200806:2030,0.0,0.0,25.57,4.21,0.0
20200806:2130,0.0,-2.96,25.37,4.76,0.0
20200806:2230,10.96,11.18,25.35,5.17,0.0
20200806:2330,45.16,25.47,25.42,4.9,0.0
20200807:0030,76.42,39.84,25.77,4.76,0.0
20200807:0130,206.7,54.21,25.84,4.83,0.0
20200807:0230,219.76,68.44,26.23,5.31,0.0
20200807:0330,245.72,81.55,26.34,4.76,0.0
20200807:0430,237.44,79.87,26.62,4.83,0.0
20200807:0530,291.96,66.38,26.87,5.52,0.0
20200807:0630,206.96,52.11,27.08,5.66,0.0
20200807:0730,166.84,37.73,27.43,6.76,0.0
20200807:0830,71.49,23.37,27.47,6.14,0.0
20200807:0930,103.23,9.08,27.17,5.24,0.0
20200807:1030,0.0,-5.05,26.84,4.76,0.0
20200807:1130,0.0,0.0,26.6,4.28,0.0
20200807:1230,0.0,0.0,26.4,3.93,0.0
20200807:1330,0.0,0.0,26.41,3.45,0.0
20200807:1430,0.0,0.0,26.39,3.52,0.0
20200807:1530,0.0,0.0,26.31,3.59,0.0
20200807:1630,0.0,0.0,26.35,3.86,0.0
20200807:1730,0.0,0.0,26.43,4.07,0.0
20200807:1830,0.0,0.0,26.6,4.28,0.0
20200807:1930,0.0,0.0,26.49,4.28,0.0
20200807:2030,0.0,0.0,26.11,4.34,0.0
20200807:2130,0.0,-2.99,26.12,4.21,0.0
20200807:2230,285.82,11.17,25.89,4.62,0.0
20200807:2330,548.21,25.47,26.28,5.38,0.0
20200808:0030,610.68,39.87,26.82,5.72,0.0
20200808:0130,602.38,54.26,27.34,5.31,0.0
20200808:0230,765.19,68.53,27.81,5.03,0.0
20200808:0330,797.94,81.75,28.37,5.79,0.0
20200808:0430,616.8,79.99,28.61,5.79,0.0
20200808:0530,364.06,66.4,27.4,5.93,0.0
20200808:0630,391.23,52.09,27.19,5.93,0.0
20200808:0730,346.86,37.69,27.63,6.07,0.0
20200808:0830,146.89,23.31,27.89,6.0,0.0
20200808:0930,147.74,9.01,27.65,4.9,0.0
20200808:1030,0.0,-5.14,27.4,4.28,0.0
20200808:1130,0.0,0.0,26.96,4.9,0.0
20200808:1230,0.0,0.0,25.95,4.76,0.0
20200808:1330,0.0,0.0,25.78,5.03,0.0
20200808:1430,0.0,0.0,25.79,4.34,0.0
20200808:1530,0.0,0.0,25.97,4.14,0.0
20200808:1630,0.0,0.0,25.69,4.69,0.0
20200808:1730,0.0,0.0,25.48,4.9,0.0
20200808:1830,0.0,0.0,25.55,4.41,0.0
20200808:1930,0.0,0.0,25.33,4.48,0.0
20200808:2030,0.0,0.0,25.21,4.69,0.0
20200808:2130,0.0,-3.02,25.21,4.48,0.0
20200808:2230,215.24,11.16,25.55,4.41,0.0
20200808:2330,314.83,25.48,26.02,4.83,0.0
20200809:0030,389.66,39.9,26.49,4.97,0.0
20200809:0130,260.0,54.32,27.08,5.03,0.0
20200809:0230,328.21,68.62,27.03,5.38,0.0
20200809:0330,409.67,81.96,27.51,5.72,0.0
20200809:0430,361.66,80.11,28.07,6.07,0.0
20200809:0530,383.2,66.42,28.18,5.45,0.0
20200809:0630,710.06,52.08,28.37,5.24,0.0
20200809:0730,551.45,37.65,29.5,5.93,0.0
20200809:0830,316.83,23.25,29.25,6.0,0.0
20200809:0930,136.76,8.94,28.33,5.1,0.0
20200809:1030,0.0,-5.24,27.7,4.41,0.0
20200809:1130,0.0,0.0,27.41,4.07,0.0
20200809:1230,0.0,0.0,27.31,3.86,0.0
20200809:1330,0.0,0.0,27.04,3.86,0.0
20200809:1430,0.0,0.0,26.99,3.79,0.0
20200809:1530,0.0,0.0,26.94,3.66,0.0
20200809:1630,0.0,0.0,26.87,3.52,0.0
20200809:1730,0.0,0.0,26.65,3.31,0.0
20200809:1830,0.0,0.0,26.68,2.97,0.0
20200809:1930,0.0,0.0,26.65,2.76,0.0
20200809:2030,0.0,0.0,26.59,2.83,0.0
20200809:2130,0.0,-3.05,26.56,2.69,0.0
20200809:2230,113.3,11.16,26.47,2.55,0.0
20200809:2330,290.52,25.49,27.1,2.55,0.0
20200810:0030,442.89,39.93,28.0,2.69,0.0
20200810:0130,379.85,54.37,28.52,2.48,0.0
20200810:0230,516.32,68.71,29.03,2.14,0.0
20200810:0330,515.33,82.17,29.45,1.93,0.0
20200810:0430,575.6,80.23,29.49,1.72,0.0
20200810:0530,547.79,66.43,29.91,1.79,0.0
20200810:0630,409.15,52.05,30.08,2.0,0.0
20200810:0730,152.33,37.61,29.47,1.31,0.0
20200810:0830,110.3,23.19,29.27,1.45,0.0
20200810:0930,87.09,8.86,29.15,1.1,0.0
20200810:1030,0.0,-5.33,28.93,0.28,0.0
20200810:1130,0.0,0.0,28.86,0.34,0.0
20200810:1230,0.0,0.0,28.05,0.83,0.0
20200810:1330,0.0,0.0,27.48,1.03,0.0
20200810:1430,0.0,0.0,27.93,0.83,0.0
20200810:1530,0.0,0.0,27.9,0.62,0.0
20200810:1630,0.0,0.0,27.84,0.14,0.0
20200810:1730,0.0,0.0,26.49,0.97,0.0
20200810:1830,0.0,0.0,24.95,1.38,0.0
20200810:1930,0.0,0.0,25.01,1.38,0.0
20200810:2030,0.0,0.0,24.81,1.31,0.0
20200810:2130,0.0,-3.07,24.66,1.1,0.0
20200810:2230,459.43,11.15,24.92,0.83,0.0
20200810:2330,731.14,25.5,26.29,0.34,0.0
20200811:0030,871.05,39.96,27.77,0.55,0.0
20200811:0130,918.82,54.42,28.73,1.31,0.0
20200811:0230,914.8,68.8,29.33,1.38,0.0
20200811:0330,917.34,82.37,29.9,0.9,0.0
20200811:0430,893.26,80.33,30.46,0.9,0.0
20200811:0530,877.17,66.44,30.61,0.55,0.0
20200811:0630,850.69,52.03,30.8,0.55,0.0
20200811:0730,622.18,37.57,30.82,1.79,0.0
20200811:0830,541.08,23.13,30.43,1.59,0.0
20200811:0930,324.59,8.78,30.0,0.28,0.0
20200811:1030,0.0,-5.44,28.54,0.76,0.0
20200811:1130,0.0,0.0,27.71,1.72,0.0
20200811:1230,0.0,0.0,26.84,1.52,0.0
20200811:1330,0.0,0.0,26.72,0.76,0.0
20200811:1430,0.0,0.0,26.25,2.07,0.0
20200811:1530,0.0,0.0,25.96,2.62,0.0
20200811:1630,0.0,0.0,25.75,2.21,0.0
20200811:1730,0.0,0.0,25.66,2.07,0.0
20200811:1830,0.0,0.0,25.54,2.28,0.0
20200811:1930,0.0,0.0,25.68,2.69,0.0
20200811:2030,0.0,0.0,25.65,2.62,0.0
20200811:2130,0.0,-3.1,25.41,2.83,0.0
20200811:2230,30.01,11.14,25.29,2.48,0.0
20200811:2330,121.29,25.52,25.44,2.14,0.0
20200812:0030,304.82,39.99,25.96,1.86,0.0
20200812:0130,375.02,54.48,26.77,2.0,0.0
20200812:0230,520.15,68.89,27.55,1.86,0.0
20200812:0330,440.93,82.58,27.98,1.66,0.0
20200812:0430,501.34,80.43,28.0,1.66,0.0
20200812:0530,440.56,66.44,28.02,1.31,0.0
20200812:0630,166.15,52.0,27.7,1.52,0.0
20200812:0730,163.33,37.51,27.04,1.66,0.0
20200812:0830,90.38,23.06,26.52,1.24,0.0
20200812:0930,38.66,8.69,26.15,1.52,0.0
20200812:1030,0.0,-5.54,25.8,2.07,0.0
20200812:1130,0.0,0.0,25.53,1.79,0.0
20200812:1230,0.0,0.0,25.24,2.0,0.0
20200812:1330,0.0,0.0,24.97,2.14,0.0
20200812:1430,0.0,0.0,24.87,2.14,0.0
20200812:1530,0.0,0.0,24.66,1.72,0.0
20200812:1630,0.0,0.0,24.47,1.66,0.0
20200812:1730,0.0,0.0,24.26,1.17,0.0
20200812:1830,0.0,0.0,24.29,0.9,0.0
20200812:1930,0.0,0.0,24.61,1.17,0.0
20200812:2030,0.0,0.0,24.64,0.83,0.0
20200812:2130,0.0,-3.12,25.14,2.21,0.0
20200812:2230,3.99,11.14,25.23,2.55,0.0
20200812:2330,12.3,25.53,25.26,2.83,0.0
20200813:0030,46.03,40.03,25.53,3.1,0.0
20200813:0130,83.08,54.53,25.52,2.9,0.0
20200813:0230,193.21,68.98,25.88,3.31,0.0
20200813:0330,296.13,82.78,25.97,3.79,0.0
20200813:0430,241.29,80.51,25.99,3.79,0.0
20200813:0530,342.18,66.43,26.06,3.72,0.0
20200813:0630,183.12,51.96,26.04,4.41,0.0
20200813:0730,227.78,37.46,26.47,2.76,0.0
20200813:0830,148.68,22.99,26.56,2.69,0.0
20200813:0930,72.35,8.6,26.6,2.48,0.0
20200813:1030,0.0,-5.65,26.14,2.14,0.0
20200813:1130,0.0,0.0,25.76,2.0,0.0
20200813:1230,0.0,0.0,25.49,2.0,0.0
20200813:1330,0.0,0.0,25.33,2.28,0.0
20200813:1430,0.0,0.0,25.45,2.41,0.0
20200813:1530,0.0,0.0,25.27,2.14,0.0
20200813:1630,0.0,0.0,25.44,2.14,0.0
20200813:1730,0.0,0.0,25.42,1.93,0.0
20200813:1830,0.0,0.0,25.37,1.93,0.0
20200813:1930,0.0,0.0,25.12,3.03,0.0
20200813:2030,0.0,0.0,25.05,2.76,0.0
20200813:2130,0.0,-3.14,25.02,2.55,0.0
20200813:2230,147.78,11.14,25.1,2.62,0.0
20200813:2330,294.33,25.55,25.85,2.76,0.0
20200814:0030,556.37,40.06,26.54,2.97,0.0
20200814:0130,669.53,54.59,27.23,2.97,0.0
20200814:0230,848.89,69.06,27.92,2.69,0.0
20200814:0330,854.9,82.98,28.83,2.9,0.0
20200814:0430,856.21,80.59,29.47,3.45,0.0
20200814:0530,853.74,66.42,29.97,3.86,0.0
20200814:0630,692.01,51.93,30.0,3.86,0.0
20200814:0730,581.18,37.4,29.53,2.97,0.0
20200814:0830,551.47,22.92,29.6,2.48,0.0
20200814:0930,319.29,8.51,29.1,1.72,0.0
20200814:1030,0.0,-5.76,28.16,1.45,0.0
20200814:1130,0.0,0.0,27.31,1.38,0.0
20200814:1230,0.0,0.0,27.22,0.9,0.0
20200814:1330,0.0,0.0,27.14,0.83,0.0
20200814:1430,0.0,0.0,26.78,0.55,0.0
20200814:1530,0.0,0.0,26.75,0.41,0.0
20200814:1630,0.0,0.0,26.28,0.76,0.0
20200814:1730,0.0,0.0,24.86,1.38,0.0
20200814:1830,0.0,0.0,24.56,1.45,0.0
20200814:1930,0.0,0.0,24.53,1.52,0.0
20200814:2030,0.0,0.0,24.68,1.24,0.0
20200814:2130,0.0,-3.16,24.8,0.97,0.0
20200814:2230,432.96,11.14,24.94,0.83,0.0
20200814:2330,616.13,25.56,25.66,0.34,0.0
20200815:0030,777.24,40.1,26.72,0.48,0.0
20200815:0130,850.65,54.64,27.66,0.76,0.0
20200815:0230,791.11,69.15,28.42,0.97,0.0
20200815:0330,844.61,83.17,28.82,1.45,0.0
20200815:0430,798.78,80.66,29.43,2.14,0.0
20200815:0530,788.57,66.41,29.42,2.83,0.0
20200815:0630,474.78,51.88,29.58,2.41,0.0
20200815:0730,377.26,37.34,28.56,2.21,0.0
20200815:0830,296.26,22.84,28.52,1.45,0.0
20200815:0930,133.11,8.41,28.42,1.17,0.0
20200815:1030,0.0,-5.87,28.11,1.17,0.0
20200815:1130,0.0,0.0,27.26,1.17,0.0
20200815:1230,0.0,0.0,27.07,0.9,0.0
20200815:1330,0.0,0.0,27.06,0.9,0.0
20200815:1430,0.0,0.0,26.39,1.03,0.0
20200815:1530,0.0,0.0,25.52,1.38,0.0
20200815:1630,0.0,0.0,25.33,1.59,0.0
20200815:1730,0.0,0.0,25.23,1.72,0.0
20200815:1830,0.0,0.0,25.14,1.86,0.0
20200815:1930,0.0,0.0,25.32,1.45,0.0
20200815:2030,0.0,0.0,26.05,1.03,0.0
20200815:2130,0.0,-3.18,25.08,1.38,0.0
20200815:2230,186.22,11.14,25.1,1.86,0.0
20200815:2330,505.85,25.58,26.32,1.72,0.0
20200816:0030,652.87,40.13,27.07,2.14,0.0
20200816:0130,694.81,54.7,27.7,2.07,0.0
20200816:0230,685.6,69.24,28.22,2.21,0.0
20200816:0330,636.36,83.36,28.75,2.69,0.0
20200816:0430,485.59,80.71,27.82,3.17,0.0
20200816:0530,325.13,66.39,27.86,2.34,0.0
20200816:0630,284.94,51.83,27.38,2.48,0.0
20200816:0730,436.75,37.27,28.07,2.07,0.0
20200816:0830,327.76,22.76,28.31,2.07,0.0
20200816:0930,170.95,8.32,27.09,2.62,0.0
20200816:1030,0.0,-5.99,26.81,2.21,0.0
20200816:1130,0.0,0.0,26.3,2.0,0.0
20200816:1230,0.0,0.0,25.95,2.34,0.0
20200816:1330,0.0,0.0,25.93,2.14,0.0
20200816:1430,0.0,0.0,25.86,2.9,0.0
20200816:1530,0.0,0.0,25.85,3.24,0.0
20200816:1630,0.0,0.0,25.74,3.45,0.0
20200816:1730,0.0,0.0,25.66,3.59,0.0
20200816:1830,0.0,0.0,25.31,3.59,0.0
20200816:1930,0.0,0.0,25.43,3.59,0.0
20200816:2030,0.0,0.0,25.11,3.1,0.0
20200816:2130,0.0,-3.19,25.1,2.9,0.0
20200816:2230,82.24,11.15,25.36,3.1,0.0
20200816:2330,348.46,25.6,25.75,2.83,0.0
20200817:0030,451.16,40.17,26.2,2.76,0.0
20200817:0130,398.14,54.75,26.69,2.97,0.0
20200817:0230,634.37,69.32,27.01,3.45,0.0
20200817:0330,504.07,83.55,27.69,3.66,0.0
20200817:0430,508.03,80.76,27.36,4.0,0.0
20200817:0530,449.7,66.36,27.3,4.07,0.0
20200817:0630,172.08,51.78,27.45,3.93,0.0
20200817:0730,183.03,37.2,27.35,3.59,0.0
20200817:0830,151.62,22.67,26.75,3.31,0.0
20200817:0930,31.25,8.21,26.71,3.45,0.0
20200817:1030,0.0,-6.11,26.39,2.97,0.0
20200817:1130,0.0,0.0,26.15,2.41,0.0
20200817:1230,0.0,0.0,25.66,2.41,0.0
20200817:1330,0.0,0.0,25.35,2.83,0.0
20200817:1430,0.0,0.0,25.44,2.69,0.0
20200817:1530,0.0,0.0,25.46,2.48,0.0
20200817:1630,0.0,0.0,25.44,2.62,0.0
20200817:1730,0.0,0.0,25.24,3.31,0.0
20200817:1830,0.0,0.0,25.22,3.52,0.0
20200817:1930,0.0,0.0,25.06,2.55,0.0
20200817:2030,0.0,0.0,25.26,2.97,0.0
20200817:2130,0.0,-3.21,25.0,3.24,0.0
20200817:2230,238.2,11.15,25.33,3.24,0.0
20200817:2330,273.69,25.62,25.7,3.03,0.0
20200818:0030,506.84,40.21,26.08,2.9,0.0
20200818:0130,689.91,54.81,26.65,2.97,0.0
20200818:0230,670.44,69.4,27.35,3.03,0.0
20200818:0330,646.14,83.73,27.21,3.52,0.0
20200818:0430,543.84,80.79,27.0,3.66,0.0
20200818:0530,458.48,66.32,27.32,3.59,0.0
20200818:0630,423.2,51.72,27.64,3.24,0.0
20200818:0730,380.87,37.13,27.39,2.41,0.0
20200818:0830,200.82,22.58,27.55,2.76,0.0
20200818:0930,48.18,8.11,26.32,2.48,0.0
20200818:1030,0.0,0.0,25.67,2.14,0.0
20200818:1130,0.0,0.0,25.51,2.28,0.0
20200818:1230,0.0,0.0,25.55,2.76,0.0
20200818:1330,0.0,0.0,25.56,2.69,0.0
20200818:1430,0.0,0.0,25.32,3.31,0.0
20200818:1530,0.0,0.0,25.13,3.72,0.0
20200818:1630,0.0,0.0,25.4,3.17,0.0
20200818:1730,0.0,0.0,25.37,2.62,0.0
20200818:1830,0.0,0.0,25.42,2.41,0.0
20200818:1930,0.0,0.0,25.05,1.03,0.0
20200818:2030,0.0,0.0,24.86,1.03,0.0
20200818:2130,0.0,-3.22,24.74,1.59,0.0
20200818:2230,30.28,11.16,24.82,2.28,0.0
20200818:2330,270.0,25.65,25.25,2.48,0.0
20200819:0030,471.51,40.25,26.21,2.97,0.0
20200819:0130,667.2,54.86,27.06,3.24,0.0
20200819:0230,679.88,69.48,27.73,3.31,0.0
20200819:0330,712.62,83.89,27.91,3.79,0.0
20200819:0430,383.02,80.81,27.27,4.21,0.0
20200819:0530,210.72,66.28,26.66,4.07,0.0
20200819:0630,264.92,51.66,26.43,3.52,0.0
20200819:0730,171.0,37.05,27.31,3.31,0.0
20200819:0830,121.99,22.49,26.84,3.72,0.0
20200819:0930,55.06,8.0,26.45,3.31,0.0
20200819:1030,0.0,0.0,26.01,3.1,0.0
20200819:1130,0.0,0.0,25.68,2.69,0.0
20200819:1230,0.0,0.0,25.55,2.55,0.0
20200819:1330,0.0,0.0,25.57,2.55,0.0
20200819:1430,0.0,0.0,25.54,2.55,0.0
20200819:1530,0.0,0.0,25.53,2.9,0.0
20200819:1630,0.0,0.0,25.13,3.24,0.0
20200819:1730,0.0,0.0,25.11,3.79,0.0
20200819:1830,0.0,0.0,25.1,3.86,0.0
20200819:1930,0.0,0.0,25.4,2.9,0.0
20200819:2030,0.0,0.0,25.51,2.55,0.0
20200819:2130,0.0,-3.23,25.57,2.28,0.0
20200819:2230,14.6,11.16,25.55,2.21,0.0
20200819:2330,64.27,25.67,25.76,2.28,0.0
20200820:0030,162.3,40.29,26.21,2.48,0.0
20200820:0130,210.23,54.92,26.62,3.1,0.0
20200820:0230,343.6,69.56,27.0,3.31,0.0
20200820:0330,358.19,84.05,27.88,3.72,0.0
20200820:0430,530.85,80.81,28.21,4.14,0.0
20200820:0530,418.94,66.24,28.68,4.62,0.0
20200820:0630,563.19,51.6,28.58,4.9,0.0
20200820:0730,546.13,36.97,28.63,5.03,0.0
20200820:0830,292.57,22.39,28.33,4.83,0.0
20200820:0930,180.8,7.89,27.73,3.93,0.0
20200820:1030,0.0,0.0,27.16,3.59,0.0
20200820:1130,0.0,0.0,26.62,3.72,0.0
20200820:1230,0.0,0.0,26.24,3.52,0.0
20200820:1330,0.0,0.0,26.13,2.9,0.0
20200820:1430,0.0,0.0,26.15,2.62,0.0
20200820:1530,0.0,0.0,26.07,2.55,0.0
20200820:1630,0.0,0.0,26.01,2.48,0.0
20200820:1730,0.0,0.0,25.93,2.48,0.0
20200820:1830,0.0,0.0,25.82,2.62,0.0
20200820:1930,0.0,0.0,25.77,2.48,0.0
20200820:2030,0.0,0.0,25.76,2.48,0.0
20200820:2130,0.0,-3.24,25.71,2.55,0.0
20200820:2230,200.1,11.17,25.83,2.41,0.0
20200820:2330,534.68,25.7,26.64,2.69,0.0
20200821:0030,709.94,40.33,27.76,3.31,0.0
20200821:0130,664.27,54.97,28.54,3.72,0.0
20200821:0230,797.91,69.63,29.02,4.07,0.0
20200821:0330,773.58,84.2,29.49,4.21,0.0
20200821:0430,700.84,80.81,29.79,4.28,0.0
20200821:0530,689.65,66.18,29.59,4.21,0.0
20200821:0630,554.09,51.52,29.25,3.86,0.0
20200821:0730,554.12,36.89,29.6,3.52,0.0
20200821:0830,474.67,22.29,29.6,3.03,0.0
20200821:0930,299.57,7.78,29.26,2.83,0.0
20200821:1030,0.0,0.0,28.56,2.21,0.0
20200821:1130,0.0,0.0,27.89,2.28,0.0
20200821:1230,0.0,0.0,27.4,2.34,0.0
20200821:1330,0.0,0.0,27.06,2.14,0.0
20200821:1430,0.0,0.0,26.79,2.07,0.0
20200821:1530,0.0,0.0,26.45,2.0,0.0
20200821:1630,0.0,0.0,26.24,2.0,0.0
20200821:1730,0.0,0.0,26.13,2.0,0.0
20200821:1830,0.0,0.0,25.97,2.14,0.0
20200821:1930,0.0,0.0,25.72,1.72,0.0
20200821:2030,0.0,0.0,25.61,1.79,0.0
20200821:2130,0.0,-3.25,25.26,1.66,0.0
20200821:2230,459.91,11.18,25.31,1.66,0.0
20200821:2330,703.54,25.72,27.32,1.45,0.0
20200822:0030,788.79,40.37,28.1,1.86,0.0
20200822:0130,745.45,55.03,28.63,2.34,0.0
20200822:0230,851.78,69.7,28.94,2.62,0.0
20200822:0330,827.71,84.33,29.57,2.9,0.0
20200822:0430,768.03,80.78,29.92,3.17,0.0
20200822:0530,838.91,66.12,29.87,3.24,0.0
20200822:0630,732.91,51.45,30.04,3.17,0.0
20200822:0730,610.25,36.8,29.58,2.21,0.0
20200822:0830,405.03,22.19,29.43,2.34,0.0
20200822:0930,331.59,7.66,28.96,2.83,0.0
20200822:1030,0.0,0.0,28.3,3.17,0.0
20200822:1130,0.0,0.0,27.32,3.45,0.0
20200822:1230,0.0,0.0,27.03,3.03,0.0
20200822:1330,0.0,0.0,26.86,2.62,0.0
20200822:1430,0.0,0.0,26.66,2.21,0.0
20200822:1530,0.0,0.0,26.35,2.07,0.0
20200822:1630,0.0,0.0,25.99,1.79,0.0
20200822:1730,0.0,0.0,25.64,1.86,0.0
20200822:1830,0.0,0.0,25.75,2.55,0.0
20200822:1930,0.0,0.0,25.81,1.72,0.0
20200822:2030,0.0,0.0,25.42,1.52,0.0
20200822:2130,0.0,-3.25,25.69,1.17,0.0
20200822:2230,402.96,11.2,25.36,1.93,0.0
20200822:2330,588.36,25.75,26.79,1.79,0.0
20200823:0030,731.36,40.41,27.5,2.07,0.0
20200823:0130,876.16,55.08,28.09,1.93,0.0
20200823:0230,823.14,69.77,28.78,2.07,0.0
20200823:0330,708.89,84.45,28.96,2.07,0.0
20200823:0430,709.09,80.75,28.82,1.93,0.0
20200823:0530,450.32,66.06,28.61,1.52,0.0
20200823:0630,511.86,51.37,28.79,1.38,0.0
20200823:0730,332.59,36.7,28.77,2.07,0.0
20200823:0830,474.94,22.08,28.78,1.59,0.0
20200823:0930,130.49,7.54,28.65,1.24,0.0
20200823:1030,0.0,0.0,27.99,1.66,0.0
20200823:1130,0.0,0.0,27.33,1.93,0.0
20200823:1230,0.0,0.0,26.98,1.72,0.0
20200823:1330,0.0,0.0,26.49,1.86,0.0
20200823:1430,0.0,0.0,26.17,1.38,0.0
20200823:1530,0.0,0.0,25.8,1.38,0.0
20200823:1630,0.0,0.0,25.87,1.17,0.0
20200823:1730,0.0,0.0,26.82,0.76,0.0
20200823:1830,0.0,0.0,26.47,0.69,0.0
20200823:1930,0.0,0.0,26.75,0.62,0.0
20200823:2030,0.0,0.0,26.81,0.83,0.0
20200823:2130,0.0,-3.25,25.42,1.31,0.0
20200823:2230,427.04,11.21,25.37,1.38,0.0
20200823:2330,665.51,25.78,27.0,1.52,0.0
20200824:0030,832.38,40.45,27.67,1.79,0.0
20200824:0130,908.16,55.13,28.23,1.79,0.0
20200824:0230,803.68,69.84,29.06,1.93,0.0
20200824:0330,874.66,84.55,29.55,2.21,0.0
20200824:0430,836.59,80.7,29.97,2.55,0.0
20200824:0530,749.39,65.98,30.13,2.83,0.0
20200824:0630,808.63,51.28,29.86,2.97,0.0
20200824:0730,745.67,36.61,30.16,2.97,0.0
20200824:0830,557.63,21.98,29.96,2.97,0.0
20200824:0930,312.01,7.42,29.69,2.21,0.0
20200824:1030,0.0,0.0,28.97,2.14,0.0
20200824:1130,0.0,0.0,27.67,1.93,0.0
20200824:1230,0.0,0.0,27.36,1.86,0.0
20200824:1330,0.0,0.0,27.03,1.45,0.0
20200824:1430,0.0,0.0,26.66,1.31,0.0
20200824:1530,0.0,0.0,26.49,1.31,0.0
20200824:1630,0.0,0.0,26.1,1.38,0.0
20200824:1730,0.0,0.0,25.92,1.38,0.0
20200824:1830,0.0,0.0,25.5,1.45,0.0
20200824:1930,0.0,0.0,25.7,1.31,0.0
20200824:2030,0.0,0.0,25.31,1.31,0.0
20200824:2130,0.0,-3.26,25.04,1.38,0.0
20200824:2230,438.9,11.22,24.78,1.59,0.0
20200824:2330,698.38,25.81,26.94,1.59,0.0
20200825:0030,851.58,40.49,28.12,2.41,0.0
20200825:0130,895.9,55.18,28.99,3.1,0.0
20200825:0230,901.9,69.9,29.73,3.59,0.0
20200825:0330,918.35,84.63,30.19,3.79,0.0
20200825:0430,902.24,80.63,30.69,3.86,0.0
20200825:0530,845.68,65.9,30.85,3.86,0.0
20200825:0630,849.16,51.19,30.89,3.86,0.0
20200825:0730,785.09,36.5,30.61,3.72,0.0
20200825:0830,537.81,21.86,30.3,4.07,0.0
20200825:0930,389.67,7.29,29.7,3.72,0.0
20200825:1030,0.0,0.0,28.93,3.1,0.0
20200825:1130,0.0,0.0,28.31,2.83,0.0
20200825:1230,0.0,0.0,28.0,2.41,0.0
20200825:1330,0.0,0.0,27.62,2.0,0.0
20200825:1430,0.0,0.0,27.26,1.93,0.0
20200825:1530,0.0,0.0,27.14,2.14,0.0
20200825:1630,0.0,0.0,26.99,2.34,0.0
20200825:1730,0.0,0.0,26.8,2.41,0.0
20200825:1830,0.0,0.0,26.7,2.41,0.0
20200825:1930,0.0,0.0,26.29,1.86,0.0
20200825:2030,0.0,0.0,26.05,2.07,0.0
20200825:2130,0.0,-3.26,26.15,2.41,0.0
20200825:2230,562.41,11.24,26.13,2.62,0.0
20200825:2330,739.9,25.83,27.47,2.97,0.0
20200826:0030,652.31,40.53,28.49,3.86,0.0
20200826:0130,819.86,55.23,29.05,4.34,0.0
20200826:0230,784.58,69.96,29.6,4.62,0.0
20200826:0330,836.84,84.7,30.01,4.62,0.0
20200826:0430,732.55,80.55,30.27,4.76,0.0
20200826:0530,685.99,65.82,30.03,4.83,0.0
20200826:0630,742.15,51.09,30.03,4.9,0.0
20200826:0730,675.7,36.4,30.23,4.9,0.0
20200826:0830,489.12,21.75,30.07,4.76,0.0
20200826:0930,395.56,7.16,29.37,4.07,0.0
20200826:1030,0.0,0.0,28.48,3.86,0.0
20200826:1130,0.0,0.0,27.68,3.59,0.0
20200826:1230,0.0,0.0,27.3,3.59,0.0
20200826:1330,0.0,0.0,26.9,3.52,0.0
20200826:1430,0.0,0.0,26.58,3.24,0.0
20200826:1530,0.0,0.0,26.4,3.1,0.0
20200826:1630,0.0,0.0,26.26,2.97,0.0
20200826:1730,0.0,0.0,26.21,2.97,0.0
20200826:1830,0.0,0.0,25.97,2.76,0.0
20200826:1930,0.0,0.0,26.25,2.62,0.0
20200826:2030,0.0,0.0,26.03,2.62,0.0
20200826:2130,0.0,-3.26,25.76,2.69,0.0
20200826:2230,358.94,11.26,25.69,3.24,0.0
20200826:2330,557.57,25.86,26.35,4.14,0.0
20200827:0030,766.7,40.57,27.06,4.76,0.0
20200827:0130,853.99,55.28,27.49,5.1,0.0
20200827:0230,845.44,70.02,27.9,4.76,0.0
20200827:0330,846.9,84.74,28.6,4.55,0.0
20200827:0430,832.89,80.46,29.31,4.69,0.0
20200827:0530,785.55,65.72,29.59,4.83,0.0
20200827:0630,836.17,50.99,29.44,5.17,0.0
20200827:0730,566.79,36.29,29.44,4.69,0.0
20200827:0830,295.8,21.63,28.67,4.28,0.0
20200827:0930,85.12,7.03,27.95,3.59,0.0
20200827:1030,0.0,0.0,26.01,3.03,0.0
20200827:1130,0.0,0.0,25.9,2.14,0.0
20200827:1230,0.0,0.0,25.92,2.41,0.0
20200827:1330,0.0,0.0,25.91,3.1,0.0
20200827:1430,0.0,0.0,25.95,3.38,0.0
20200827:1530,0.0,0.0,25.95,3.38,0.0
20200827:1630,0.0,0.0,25.89,3.45,0.0
20200827:1730,0.0,0.0,25.4,3.72,0.0
20200827:1830,0.0,0.0,25.66,3.31,0.0
20200827:1930,0.0,0.0,25.8,3.38,0.0
20200827:2030,0.0,0.0,25.84,3.38,0.0
20200827:2130,0.0,-3.25,26.23,3.72,0.0
20200827:2230,250.95,11.27,26.39,3.72,0.0
20200827:2330,708.54,25.89,26.79,3.72,0.0
20200828:0030,749.99,40.61,27.57,4.34,0.0
20200828:0130,790.73,55.33,28.07,4.83,0.0
20200828:0230,724.89,70.07,28.52,4.76,0.0
20200828:0330,696.57,84.76,28.84,4.28,0.0
20200828:0430,523.87,80.35,28.77,4.14,0.0
20200828:0530,447.6,65.62,27.72,4.21,0.0
20200828:0630,356.89,50.89,27.89,4.21,0.0
20200828:0730,360.05,36.18,28.29,2.83,0.0
20200828:0830,291.65,21.51,27.97,3.1,0.0
20200828:0930,209.36,6.9,27.85,2.76,0.0
20200828:1030,0.0,0.0,27.27,2.97,0.0
20200828:1130,0.0,0.0,26.8,3.17,0.0
20200828:1230,0.0,0.0,26.69,3.24,0.0
20200828:1330,0.0,0.0,26.62,3.24,0.0
20200828:1430,0.0,0.0,26.55,3.45,0.0
20200828:1530,0.0,0.0,26.48,3.52,0.0
20200828:1630,0.0,0.0,26.45,3.17,0.0
20200828:1730,0.0,0.0,26.36,3.03,0.0
20200828:1830,0.0,0.0,26.23,3.03,0.0
20200828:1930,0.0,0.0,26.09,3.59,0.0
20200828:2030,0.0,0.0,26.14,3.31,0.0
20200828:2130,0.0,-3.25,26.14,3.24,0.0
20200828:2230,189.04,11.29,26.29,3.24,0.0
20200828:2330,520.27,25.93,26.89,3.52,0.0
20200829:0030,654.36,40.65,27.83,4.14,0.0
20200829:0130,648.93,55.38,28.52,4.83,0.0
20200829:0230,748.63,70.11,28.78,5.03,0.0
20200829:0330,708.62,84.75,29.06,4.9,0.0
20200829:0430,589.32,80.23,28.58,4.62,0.0
20200829:0530,530.46,65.52,28.31,4.0,0.0
20200829:0630,648.71,50.78,27.98,4.07,0.0
20200829:0730,455.36,36.06,28.8,4.9,0.0
20200829:0830,353.78,21.38,28.54,4.55,0.0
20200829:0930,145.85,6.76,28.44,3.72,0.0
20200829:1030,0.0,0.0,27.85,2.55,0.0
20200829:1130,0.0,0.0,27.21,2.9,0.0
20200829:1230,0.0,0.0,26.84,3.38,0.0
20200829:1330,0.0,0.0,26.69,3.52,0.0
20200829:1430,0.0,0.0,26.52,3.24,0.0
20200829:1530,0.0,0.0,26.39,3.17,0.0
20200829:1630,0.0,0.0,26.16,3.52,0.0
20200829:1730,0.0,0.0,26.03,3.79,0.0
20200829:1830,0.0,0.0,26.06,3.45,0.0
20200829:1930,0.0,0.0,26.09,3.79,0.0
20200829:2030,0.0,0.0,25.87,3.66,0.0
20200829:2130,0.0,-3.25,25.83,4.07,0.0
20200829:2230,174.13,11.31,25.79,4.28,0.0
20200829:2330,251.99,25.96,26.32,4.55,0.0
20200830:0030,282.73,40.69,27.08,5.45,0.0
20200830:0130,386.75,55.42,27.61,5.31,0.0
20200830:0230,618.82,70.15,28.17,5.72,0.0
20200830:0330,657.61,84.73,28.83,5.79,0.0
20200830:0430,730.87,80.09,28.94,5.79,0.0
20200830:0530,362.67,65.4,28.51,5.52,0.0
20200830:0630,473.71,50.67,27.98,4.9,0.0
20200830:0730,233.14,35.94,28.05,6.07,0.0
20200830:0830,164.64,21.25,27.78,5.17,0.0
20200830:0930,34.12,6.62,27.61,4.62,0.0
20200830:1030,0.0,0.0,27.27,4.14,0.0
20200830:1130,0.0,0.0,27.06,3.86,0.0
20200830:1230,0.0,0.0,26.96,3.52,0.0
20200830:1330,0.0,0.0,26.87,3.45,0.0
20200830:1430,0.0,0.0,26.65,3.38,0.0
20200830:1530,0.0,0.0,26.48,3.24,0.0
20200830:1630,0.0,0.0,26.2,3.72,0.0
20200830:1730,0.0,0.0,25.99,4.21,0.0
20200830:1830,0.0,0.0,25.87,4.34,0.0
20200830:1930,0.0,0.0,25.99,3.24,0.0
20200830:2030,0.0,0.0,25.89,3.38,0.0
20200830:2130,0.0,-3.24,25.89,3.38,0.0
20200830:2230,187.67,11.33,25.87,2.97,0.0
20200830:2330,325.82,25.99,26.34,2.76,0.0
20200831:0030,435.07,40.73,26.98,3.17,0.0
20200831:0130,553.64,55.46,27.38,3.52,0.0
20200831:0230,564.04,70.19,27.99,3.66,0.0
20200831:0330,518.03,84.67,28.43,4.0,0.0
20200831:0430,722.85,79.94,28.78,4.21,0.0
20200831:0530,794.36,65.28,29.37,4.41,0.0
20200831:0630,585.65,50.55,29.74,4.76,0.0
20200831:0730,452.59,35.82,29.05,3.66,0.0
20200831:0830,351.67,21.12,28.92,3.86,0.0
20200831:0930,255.22,6.48,28.37,3.38,0.0
20200831:1030,0.0,0.0,27.79,2.97,0.0
20200831:1130,0.0,0.0,27.33,2.9,0.0
20200831:1230,0.0,0.0,27.05,2.83,0.0
20200831:1330,0.0,0.0,26.89,2.76,0.0
20200831:1430,0.0,0.0,26.72,2.83,0.0
20200831:1530,0.0,0.0,26.49,2.97,0.0
20200831:1630,0.0,0.0,26.15,3.03,0.0
20200831:1730,0.0,0.0,25.99,3.03,0.0
20200831:1830,0.0,0.0,25.93,3.03,0.0
20200831:1930,0.0,0.0,25.98,2.41,0.0
20200831:2030,0.0,0.0,25.82,2.21,0.0
20200831:2130,0.0,-3.23,25.69,2.14,0.0
20200831:2230,337.94,11.36,25.78,2.21,0.0
20200831:2330,593.48,26.02,26.84,2.48,0.0
20200901:0030,770.68,40.77,27.8,3.17,0.0
20200901:0130,839.48,55.5,28.48,3.59,0.0
20200901:0230,876.49,70.22,29.04,3.93,0.0
20200901:0330,792.34,84.6,29.51,4.21,0.0
20200901:0430,805.35,79.78,29.64,4.28,0.0
20200901:0530,748.86,65.16,29.75,4.14,0.0
20200901:0630,772.02,50.43,29.62,4.21,0.0
20200901:0730,793.48,35.7,30.17,4.07,0.0
20200901:0830,551.38,20.99,29.99,3.79,0.0
20200901:0930,380.72,6.34,29.52,3.1,0.0
20200901:1030,0.0,0.0,28.78,2.55,0.0
20200901:1130,0.0,0.0,27.93,2.34,0.0
20200901:1230,0.0,0.0,27.42,2.28,0.0
20200901:1330,0.0,0.0,26.95,2.14,0.0
20200901:1430,0.0,0.0,26.66,2.14,0.0
20200901:1530,0.0,0.0,26.28,1.93,0.0
20200901:1630,0.0,0.0,25.88,1.79,0.0
20200901:1730,0.0,0.0,25.61,1.66,0.0
20200901:1830,0.0,0.0,25.31,1.66,0.0
20200901:1930,0.0,0.0,25.32,1.79,0.0
20200901:2030,0.0,0.0,25.17,1.86,0.0
20200901:2130,0.0,-3.22,24.98,1.79,0.0
20200901:2230,431.82,11.38,24.9,1.59,0.0
20200901:2330,702.47,26.05,27.0,1.66,0.0
20200902:0030,796.57,40.81,27.84,2.07,0.0
20200902:0130,851.65,55.54,28.6,2.0,0.0
20200902:0230,898.4,70.25,29.17,1.79,0.0
20200902:0330,920.71,84.5,29.68,1.86,0.0
20200902:0430,894.71,79.6,30.11,2.14,0.0
20200902:0530,769.14,65.02,30.2,2.14,0.0
20200902:0630,478.05,50.3,30.14,2.21,0.0
20200902:0730,402.99,35.57,29.84,2.41,0.0
20200902:0830,219.17,20.86,29.42,2.41,0.0
20200902:0930,114.09,6.19,28.96,1.38,0.0
20200902:1030,0.0,0.0,28.69,0.34,0.0
20200902:1130,0.0,0.0,27.56,0.83,0.0
20200902:1230,0.0,0.0,26.87,1.38,0.0
20200902:1330,0.0,0.0,26.56,1.72,0.0
20200902:1430,0.0,0.0,26.29,1.72,0.0
20200902:1530,0.0,0.0,25.96,1.52,0.0
20200902:1630,0.0,0.0,26.49,0.97,0.0
20200902:1730,0.0,0.0,27.04,0.48,0.0
20200902:1830,0.0,0.0,26.93,0.07,0.0
20200902:1930,0.0,0.0,27.1,0.21,0.0
20200902:2030,0.0,0.0,26.89,0.83,0.0
20200902:2130,0.0,-3.21,25.89,1.1,0.0
20200902:2230,487.25,11.4,25.2,1.38,0.0
20200902:2330,782.62,26.08,27.05,1.52,0.0
20200903:0030,848.16,40.84,27.92,1.79,0.0
20200903:0130,908.11,55.58,28.68,1.79,0.0
20200903:0230,896.63,70.27,29.35,1.79,0.0
20200903:0330,894.77,84.38,29.94,1.59,0.0
20200903:0430,852.57,79.41,30.41,1.17,0.0
20200903:0530,730.78,64.89,30.5,2.0,0.0
20200903:0630,706.85,50.17,30.2,2.14,0.0
20200903:0730,639.6,35.43,30.38,1.17,0.0
20200903:0830,241.67,20.72,29.85,1.17,0.0
20200903:0930,49.55,6.05,29.25,1.66,0.0
20200903:1030,0.0,0.0,27.92,1.79,0.0
20200903:1130,0.0,0.0,27.24,1.52,0.0
20200903:1230,0.0,0.0,26.74,0.83,0.0
20200903:1330,0.0,0.0,26.29,1.38,0.0
20200903:1430,0.0,0.0,25.96,1.24,0.0
20200903:1530,0.0,0.0,26.86,0.34,0.0
20200903:1630,0.0,0.0,26.61,0.21,0.0
20200903:1730,0.0,0.0,26.68,0.21,0.0
20200903:1830,0.0,0.0,26.43,0.28,0.0
20200903:1930,0.0,0.0,26.55,0.14,0.0
20200903:2030,0.0,0.0,26.65,0.14,0.0
20200903:2130,0.0,-3.2,26.57,0.21,0.0
20200903:2230,350.25,11.43,26.35,0.07,0.0
20200903:2330,672.71,26.12,26.83,0.34,0.0
20200904:0030,813.31,40.88,27.61,0.41,0.0
20200904:0130,888.54,55.61,28.44,0.48,0.0
20200904:0230,920.57,70.28,29.17,0.62,0.0
20200904:0330,877.32,84.23,29.79,1.03,0.0
20200904:0430,788.94,79.21,30.17,1.59,0.0
20200904:0530,684.81,64.74,30.15,1.86,0.0
20200904:0630,479.91,50.03,29.59,1.93,0.0
20200904:0730,310.46,35.3,29.21,2.07,0.0
20200904:0830,194.29,20.58,29.05,2.28,0.0
20200904:0930,198.51,5.9,28.74,1.66,0.0
20200904:1030,0.0,0.0,28.37,1.1,0.0
20200904:1130,0.0,0.0,28.19,0.41,0.0
20200904:1230,0.0,0.0,28.2,0.41,0.0
20200904:1330,0.0,0.0,27.5,0.69,0.0
20200904:1430,0.0,0.0,26.75,1.03,0.0
20200904:1530,0.0,0.0,26.22,1.24,0.0
20200904:1630,0.0,0.0,26.14,1.72,0.0
20200904:1730,0.0,0.0,25.89,1.86,0.0
20200904:1830,0.0,0.0,25.7,1.72,0.0
20200904:1930,0.0,0.0,26.15,1.1,0.0
20200904:2030,0.0,0.0,25.66,1.66,0.0
20200904:2130,0.0,-3.19,25.87,2.14,0.0
20200904:2230,434.81,11.45,25.84,2.34,0.0
20200904:2330,679.75,26.15,27.08,2.34,0.0
20200905:0030,758.71,40.91,28.1,2.41,0.0
20200905:0130,812.74,55.64,28.7,2.48,0.0
20200905:0230,534.36,70.29,28.97,3.24,0.0
20200905:0330,703.6,84.07,28.17,4.14,0.0
20200905:0430,671.05,79.0,28.58,3.52,0.0
20200905:0530,666.88,64.59,29.25,3.72,0.0
20200905:0630,567.48,49.89,29.58,4.34,0.0
20200905:0730,516.32,35.16,29.25,3.59,0.0
20200905:0830,384.54,20.43,29.25,3.45,0.0
20200905:0930,194.08,5.75,28.89,3.31,0.0
20200905:1030,0.0,0.0,27.77,2.69,0.0
20200905:1130,0.0,0.0,27.5,2.55,0.0
20200905:1230,0.0,0.0,27.11,2.55,0.0
20200905:1330,0.0,0.0,26.99,2.48,0.0
20200905:1430,0.0,0.0,26.83,2.69,0.0
20200905:1530,0.0,0.0,26.72,2.83,0.0
20200905:1630,0.0,0.0,26.51,2.83,0.0
20200905:1730,0.0,0.0,26.38,3.31,0.0
20200905:1830,0.0,0.0,26.18,3.59,0.0
20200905:1930,0.0,0.0,26.4,2.69,0.0
20200905:2030,0.0,0.0,26.35,2.48,0.0
20200905:2130,0.0,-3.17,25.94,2.9,0.0
20200905:2230,162.7,11.47,26.03,3.17,0.0
20200905:2330,521.12,26.18,26.62,3.38,0.0
20200906:0030,732.31,40.94,27.72,4.21,0.0
20200906:0130,830.14,55.67,28.52,3.93,0.0
20200906:0230,910.56,70.29,29.2,3.79,0.0
20200906:0330,898.13,83.88,29.87,4.0,0.0
20200906:0430,876.51,78.78,30.12,3.86,0.0
20200906:0530,671.92,64.43,29.87,4.14,0.0
20200906:0630,522.49,49.75,29.44,3.79,0.0
20200906:0730,361.73,35.02,29.4,3.24,0.0
20200906:0830,236.88,20.29,28.76,3.31,0.0
20200906:0930,155.54,5.59,28.0,2.55,0.0
20200906:1030,0.0,0.0,27.3,1.59,0.0
20200906:1130,0.0,0.0,26.98,1.86,0.0
20200906:1230,0.0,0.0,26.62,1.38,0.0
20200906:1330,0.0,0.0,26.17,1.59,0.0
20200906:1430,0.0,0.0,25.95,1.72,0.0
20200906:1530,0.0,0.0,25.97,2.07,0.0
20200906:1630,0.0,0.0,25.91,2.34,0.0
20200906:1730,0.0,0.0,25.81,2.07,0.0
20200906:1830,0.0,0.0,25.71,1.86,0.0
20200906:1930,0.0,0.0,25.83,1.59,0.0
20200906:2030,0.0,0.0,25.65,1.66,0.0
20200906:2130,0.0,-3.16,25.41,1.52,0.0
20200906:2230,348.2,11.5,25.3,1.03,0.0
20200906:2330,601.29,26.21,26.62,1.45,0.0
20200907:0030,747.79,40.98,27.38,2.0,0.0
20200907:0130,834.6,55.69,28.23,1.59,0.0
20200907:0230,741.05,70.28,29.02,1.24,0.0
20200907:0330,840.09,83.68,29.32,1.38,0.0
20200907:0430,671.86,78.55,29.66,1.66,0.0
20200907:0530,668.31,64.27,29.52,2.0,0.0
20200907:0630,343.0,49.6,29.01,1.31,0.0
20200907:0730,169.37,34.87,28.89,1.03,0.0
20200907:0830,156.25,20.14,28.31,1.17,0.0
20200907:0930,83.56,5.44,27.65,1.93,0.0
20200907:1030,0.0,0.0,27.19,0.76,0.0
20200907:1130,0.0,0.0,27.25,0.34,0.0
20200907:1230,0.0,0.0,26.41,0.97,0.0
20200907:1330,0.0,0.0,26.51,1.86,0.0
20200907:1430,0.0,0.0,26.39,2.34,0.0
20200907:1530,0.0,0.0,26.31,2.55,0.0
20200907:1630,0.0,0.0,26.15,2.34,0.0
20200907:1730,0.0,0.0,25.88,1.86,0.0
20200907:1830,0.0,0.0,25.41,1.03,0.0
20200907:1930,0.0,0.0,25.15,1.52,0.0
20200907:2030,0.0,0.0,25.1,1.52,0.0
20200907:2130,0.0,-3.14,25.2,1.59,0.0
20200907:2230,440.07,11.52,25.21,1.79,0.0
20200907:2330,616.5,26.24,26.52,1.79,0.0
20200908:0030,522.58,41.01,27.23,1.66,0.0
20200908:0130,851.38,55.71,27.75,0.9,0.0
20200908:0230,834.8,70.27,28.59,0.34,0.0
20200908:0330,821.55,83.46,29.12,0.48,0.0
20200908:0430,641.3,78.31,29.48,0.48,0.0
20200908:0530,678.97,64.1,29.49,1.52,0.0
20200908:0630,623.02,49.45,28.9,1.24,0.0
20200908:0730,412.47,34.73,29.25,2.55,0.0
20200908:0830,94.12,19.99,28.09,3.03,0.0
20200908:0930,12.07,5.28,27.4,2.69,0.0
20200908:1030,0.0,0.0,27.16,2.28,0.0
20200908:1130,0.0,0.0,26.84,1.79,0.0
20200908:1230,0.0,0.0,26.64,2.14,0.0
20200908:1330,0.0,0.0,26.48,2.0,0.0
20200908:1430,0.0,0.0,26.34,2.28,0.0
20200908:1530,0.0,0.0,26.21,2.0,0.0
20200908:1630,0.0,0.0,25.95,1.72,0.0
20200908:1730,0.0,0.0,25.52,1.24,0.0
20200908:1830,0.0,0.0,25.25,1.31,0.0
20200908:1930,0.0,0.0,25.56,3.38,0.0
20200908:2030,0.0,0.0,25.49,3.31,0.0
20200908:2130,0.0,-3.13,25.44,3.1,0.0
20200908:2230,290.08,11.55,25.5,2.62,0.0
20200908:2330,578.64,26.27,26.07,2.55,0.0
20200909:0030,654.68,41.03,27.07,2.83,0.0
20200909:0130,780.32,55.73,27.94,2.76,0.0
20200909:0230,820.38,70.25,28.74,2.41,0.0
20200909:0330,772.0,83.22,29.26,1.79,0.0
20200909:0430,840.33,78.06,29.59,1.17,0.0
20200909:0530,705.82,63.93,29.79,1.86,0.0
20200909:0630,662.83,49.3,28.97,1.59,0.0
20200909:0730,251.12,34.58,29.82,1.17,0.0
20200909:0830,133.16,19.84,28.64,0.69,0.0
20200909:0930,104.85,5.13,27.07,0.48,0.0
20200909:1030,0.0,0.0,26.74,0.62,0.0
20200909:1130,0.0,0.0,26.38,1.38,0.0
20200909:1230,0.0,0.0,26.05,1.79,0.0
20200909:1330,0.0,0.0,25.85,1.52,0.0
20200909:1430,0.0,0.0,25.45,1.17,0.0
20200909:1530,0.0,0.0,25.27,1.31,0.0
20200909:1630,0.0,0.0,25.16,1.31,0.0
20200909:1730,0.0,0.0,26.52,0.28,0.0
20200909:1830,0.0,0.0,25.14,1.38,0.0
20200909:1930,0.0,0.0,24.85,1.45,0.0
20200909:2030,0.0,0.0,24.85,1.38,0.0
20200909:2130,0.0,-3.11,24.88,1.86,0.0
20200909:2230,103.82,11.57,25.28,1.59,0.0
20200909:2330,306.2,26.3,25.61,0.76,0.0
20200910:0030,309.77,41.06,26.45,0.76,0.0
20200910:0130,477.34,55.75,27.11,0.97,0.0
20200910:0230,541.79,70.23,27.78,0.62,0.0
20200910:0330,509.3,82.98,28.32,0.69,0.0
20200910:0430,457.48,77.8,28.14,0.9,0.0
20200910:0530,409.66,63.75,27.83,1.24,0.0
20200910:0630,281.95,49.14,27.63,1.79,0.0
20200910:0730,89.68,34.42,27.98,0.9,0.0
20200910:0830,38.36,19.69,27.24,1.52,0.0
20200910:0930,28.84,4.97,26.45,2.41,0.0
20200910:1030,0.0,0.0,26.14,1.79,0.0
20200910:1130,0.0,0.0,25.69,1.24,0.0
20200910:1230,0.0,0.0,25.72,1.31,0.0
20200910:1330,0.0,0.0,25.45,1.31,0.0
20200910:1430,0.0,0.0,25.3,1.31,0.0
20200910:1530,0.0,0.0,24.97,1.31,0.0
20200910:1630,0.0,0.0,25.0,1.52,0.0
20200910:1730,0.0,0.0,24.85,1.24,0.0
20200910:1830,0.0,0.0,24.85,1.45,0.0
20200910:1930,0.0,0.0,25.55,0.83,0.0
20200910:2030,0.0,0.0,25.41,0.97,0.0
20200910:2130,0.0,-3.09,25.12,1.1,0.0
20200910:2230,376.52,11.6,24.79,1.24,0.0
20200910:2330,651.63,26.33,26.54,1.24,0.0
20200911:0030,844.61,41.09,27.14,1.17,0.0
20200911:0130,766.07,55.76,28.0,1.1,0.0
20200911:0230,901.22,70.19,28.52,1.03,0.0
20200911:0330,723.81,82.71,29.18,1.03,0.0
20200911:0430,759.75,77.54,29.21,1.79,0.0
20200911:0530,618.43,63.56,28.79,1.59,0.0
20200911:0630,257.06,48.98,28.73,0.83,0.0
20200911:0730,232.07,34.27,28.38,0.55,0.0
20200911:0830,181.11,19.53,28.29,0.55,0.0
20200911:0930,90.29,4.81,28.25,0.48,0.0
20200911:1030,0.0,0.0,27.82,0.69,0.0
20200911:1130,0.0,0.0,26.97,1.17,0.0
20200911:1230,0.0,0.0,26.51,1.38,0.0
20200911:1330,0.0,0.0,26.13,1.45,0.0
20200911:1430,0.0,0.0,26.14,1.03,0.0
20200911:1530,0.0,0.0,27.02,0.21,0.0
20200911:1630,0.0,0.0,26.9,0.48,0.0
20200911:1730,0.0,0.0,25.38,1.38,0.0
20200911:1830,0.0,0.0,25.3,1.66,0.0
20200911:1930,0.0,0.0,25.51,2.07,0.0
20200911:2030,0.0,0.0,25.21,1.45,0.0
20200911:2130,0.0,-3.08,25.32,1.1,0.0
20200911:2230,92.53,11.62,25.11,0.97,0.0
20200911:2330,253.86,26.36,25.89,1.24,0.0
20200912:0030,427.44,41.11,26.51,1.24,0.0
20200912:0130,596.39,55.77,27.29,1.38,0.0
20200912:0230,577.36,70.15,28.0,1.79,0.0
20200912:0330,736.56,82.44,28.63,2.34,0.0
20200912:0430,620.96,77.26,29.08,2.48,0.0
20200912:0530,518.99,63.38,29.1,2.34,0.0
20200912:0630,147.96,48.81,28.14,2.76,0.0
20200912:0730,118.78,34.11,27.79,2.97,0.0
20200912:0830,54.81,19.38,27.73,1.72,0.0
20200912:0930,22.26,4.65,27.67,1.17,0.0
20200912:1030,0.0,0.0,27.43,0.41,0.0
20200912:1130,0.0,0.0,27.37,0.62,0.0
20200912:1230,0.0,0.0,27.49,0.41,0.0
20200912:1330,0.0,0.0,26.57,1.03,0.0
20200912:1430,0.0,0.0,25.82,1.24,0.0
20200912:1530,0.0,0.0,26.35,0.97,0.0
20200912:1630,0.0,0.0,26.64,0.76,0.0
20200912:1730,0.0,0.0,26.17,0.69,0.0
20200912:1830,0.0,0.0,25.86,0.34,0.0
20200912:1930,0.0,0.0,26.42,0.9,0.0
20200912:2030,0.0,0.0,25.81,0.97,0.0
20200912:2130,0.0,-3.06,25.18,1.1,0.0
20200912:2230,409.06,11.65,24.61,1.31,0.0
20200912:2330,681.21,26.38,26.37,1.1,0.0
20200913:0030,737.35,41.13,27.43,1.38,0.0
20200913:0130,769.65,55.77,28.18,1.38,0.0
20200913:0230,846.47,70.11,28.81,1.31,0.0
20200913:0330,660.88,82.15,29.21,1.17,0.0
20200913:0430,824.05,76.98,29.45,1.31,0.0
20200913:0530,697.64,63.18,29.91,1.1,0.0
20200913:0630,745.82,48.64,29.97,1.45,0.0
20200913:0730,613.19,33.95,29.68,1.79,0.0
20200913:0830,495.09,19.22,29.58,1.59,0.0
20200913:0930,287.41,4.49,29.12,1.72,0.0
20200913:1030,0.0,0.0,28.43,1.66,0.0
20200913:1130,0.0,0.0,27.78,1.45,0.0
20200913:1230,0.0,0.0,26.99,1.45,0.0
20200913:1330,0.0,0.0,26.51,1.72,0.0
20200913:1430,0.0,0.0,26.36,2.07,0.0
20200913:1530,0.0,0.0,26.21,2.07,0.0
20200913:1630,0.0,0.0,26.19,2.41,0.0
20200913:1730,0.0,0.0,25.64,2.9,0.0
20200913:1830,0.0,0.0,25.59,2.97,0.0
20200913:1930,0.0,0.0,25.89,2.76,0.0
20200913:2030,0.0,0.0,25.72,2.28,0.0
20200913:2130,0.0,-3.04,25.55,2.07,0.0
20200913:2230,359.07,11.67,25.36,2.14,0.0
20200913:2330,592.58,26.41,26.34,2.14,0.0
20200914:0030,782.14,41.15,27.38,2.34,0.0
20200914:0130,658.13,55.77,28.15,1.79,0.0
20200914:0230,652.51,70.05,28.26,1.38,0.0
20200914:0330,599.18,81.86,28.49,0.9,0.0
20200914:0430,642.49,76.7,28.33,1.17,0.0
20200914:0530,698.04,62.98,28.91,1.93,0.0
20200914:0630,362.38,48.47,29.1,2.28,0.0
20200914:0730,152.67,33.79,28.17,4.14,0.0
20200914:0830,149.1,19.06,27.26,3.31,0.0
20200914:0930,9.01,4.33,27.22,2.41,0.0
20200914:1030,0.0,0.0,26.86,1.72,0.0
20200914:1130,0.0,0.0,26.38,2.21,0.0
20200914:1230,0.0,0.0,26.1,1.86,0.0
20200914:1330,0.0,0.0,26.03,1.93,0.0
20200914:1430,0.0,0.0,25.82,1.86,0.0
20200914:1530,0.0,0.0,25.73,1.86,0.0
20200914:1630,0.0,0.0,25.73,2.28,0.0
20200914:1730,0.0,0.0,25.42,1.79,0.0
20200914:1830,0.0,0.0,25.26,1.45,0.0
20200914:1930,0.0,0.0,25.06,1.24,0.0
20200914:2030,0.0,0.0,24.9,0.83,0.0
20200914:2130,0.0,-3.02,25.43,0.55,0.0
20200914:2230,46.84,11.7,24.88,0.97,0.0
20200914:2330,216.78,26.43,25.96,1.52,0.0
20200915:0030,461.6,41.16,26.52,2.34,0.0
20200915:0130,236.7,55.77,27.24,3.17,0.0
20200915:0230,286.17,69.99,27.04,4.07,0.0
20200915:0330,262.81,81.56,26.43,4.76,0.0
20200915:0430,169.63,76.4,26.54,4.55,0.0
20200915:0530,281.62,62.78,26.24,4.9,0.0
20200915:0630,144.52,48.3,26.45,5.38,0.0
20200915:0730,47.71,33.63,26.18,5.72,0.0
20200915:0830,39.34,18.9,25.93,5.59,0.0
20200915:0930,4.3,4.17,25.95,5.72,0.0
20200915:1030,0.0,0.0,25.86,5.59,0.0
20200915:1130,0.0,0.0,25.73,5.59,0.0
20200915:1230,0.0,0.0,25.57,5.59,0.0
20200915:1330,0.0,0.0,25.68,5.52,0.0
20200915:1430,0.0,0.0,25.68,5.52,0.0
20200915:1530,0.0,0.0,25.68,5.17,0.0
20200915:1630,0.0,0.0,25.65,5.1,0.0
20200915:1730,0.0,0.0,25.74,5.45,0.0
20200915:1830,0.0,0.0,25.55,5.93,0.0
20200915:1930,0.0,0.0,25.38,3.86,0.0
20200915:2030,0.0,0.0,25.43,3.86,0.0
20200915:2130,0.0,-3.0,25.51,4.28,0.0
20200915:2230,6.93,11.72,25.47,5.1,0.0
20200915:2330,34.15,26.46,25.42,5.45,0.0
20200916:0030,68.56,41.18,25.63,5.24,0.0
20200916:0130,50.69,55.76,25.84,5.59,0.0
20200916:0230,69.26,69.92,25.16,6.41,0.0
20200916:0330,128.25,81.24,25.29,6.55,0.0
20200916:0430,191.09,76.1,25.37,6.9,0.0
20200916:0530,188.7,62.57,25.65,6.28,0.0
20200916:0630,92.35,48.12,25.49,6.62,0.0
20200916:0730,73.0,33.46,25.82,6.9,0.0
20200916:0830,36.07,18.74,25.85,6.48,0.0
20200916:0930,7.54,4.0,25.42,6.28,0.0
20200916:1030,0.0,0.0,25.62,6.55,0.0
20200916:1130,0.0,0.0,25.77,5.79,0.0
20200916:1230,0.0,0.0,25.63,5.24,0.0
20200916:1330,0.0,0.0,25.67,4.9,0.0
20200916:1430,0.0,0.0,25.37,5.45,0.0
20200916:1530,0.0,0.0,25.48,4.9,0.0
20200916:1630,0.0,0.0,25.41,5.1,0.0
20200916:1730,0.0,0.0,25.27,5.1,0.0
20200916:1830,0.0,0.0,25.09,5.17,0.0
20200916:1930,0.0,0.0,25.3,6.28,0.0
20200916:2030,0.0,0.0,25.37,6.21,0.0
20200916:2130,0.0,-2.98,25.55,5.79,0.0
20200916:2230,11.19,11.74,25.75,5.66,0.0
20200916:2330,62.22,26.48,25.87,5.79,0.0
20200917:0030,157.69,41.19,25.52,5.17,0.0
20200917:0130,200.96,55.74,25.99,4.21,0.0
20200917:0230,234.73,69.84,26.26,4.48,0.0
20200917:0330,299.35,80.92,26.33,4.21,0.0
20200917:0430,230.46,75.8,26.53,4.34,0.0
20200917:0530,220.98,62.36,26.15,4.41,0.0
20200917:0630,75.66,47.94,26.03,4.41,0.0
20200917:0730,55.18,33.29,25.63,3.24,0.0
20200917:0830,23.92,18.57,25.72,3.52,0.0
20200917:0930,9.9,3.84,25.76,3.79,0.0
20200917:1030,0.0,0.0,25.78,3.66,0.0
20200917:1130,0.0,0.0,25.79,3.31,0.0
20200917:1230,0.0,0.0,25.9,3.03,0.0
20200917:1330,0.0,0.0,25.95,2.9,0.0
20200917:1430,0.0,0.0,25.94,2.76,0.0
20200917:1530,0.0,0.0,25.64,2.76,0.0
20200917:1630,0.0,0.0,25.5,2.69,0.0
20200917:1730,0.0,0.0,25.5,2.55,0.0
20200917:1830,0.0,0.0,25.48,2.55,0.0
20200917:1930,0.0,0.0,25.23,2.28,0.0
20200917:2030,0.0,0.0,25.28,2.76,0.0
20200917:2130,0.0,-2.96,25.14,2.41,0.0
20200917:2230,39.35,11.77,25.03,2.07,0.0
20200917:2330,212.92,26.5,25.35,2.07,0.0
20200918:0030,171.44,41.2,25.85,1.79,0.0
20200918:0130,228.26,55.73,25.91,1.79,0.0
20200918:0230,358.78,69.75,26.15,1.52,0.0
20200918:0330,521.96,80.6,26.41,1.38,0.0
20200918:0430,464.32,75.49,26.92,1.17,0.0
20200918:0530,445.1,62.14,27.18,1.1,0.0
20200918:0630,422.71,47.76,27.65,1.31,0.0
20200918:0730,328.31,33.13,26.94,1.24,0.0
20200918:0830,276.68,18.41,27.07,1.24,0.0
20200918:0930,181.37,3.68,26.93,1.59,0.0
20200918:1030,0.0,0.0,26.63,2.21,0.0
20200918:1130,0.0,0.0,26.27,2.48,0.0
20200918:1230,0.0,0.0,26.02,2.9,0.0
20200918:1330,0.0,0.0,25.88,3.24,0.0
20200918:1430,0.0,0.0,25.77,3.1,0.0
20200918:1530,0.0,0.0,25.6,3.1,0.0
20200918:1630,0.0,0.0,25.46,3.17,0.0
20200918:1730,0.0,0.0,25.31,3.24,0.0
20200918:1830,0.0,0.0,25.23,3.03,0.0
20200918:1930,0.0,0.0,25.24,2.97,0.0
20200918:2030,0.0,0.0,25.18,3.1,0.0
20200918:2130,0.0,-2.95,25.12,3.31,0.0
20200918:2230,358.25,11.79,25.2,3.24,0.0
20200918:2330,714.77,26.52,26.0,3.17,0.0
20200919:0030,819.31,41.2,27.3,4.14,0.0
20200919:0130,816.86,55.71,28.19,4.55,0.0
20200919:0230,865.25,69.66,29.03,4.83,0.0
20200919:0330,874.74,80.27,29.87,4.83,0.0
20200919:0430,867.75,75.18,30.4,4.69,0.0
20200919:0530,815.42,61.92,30.68,4.55,0.0
20200919:0630,806.26,47.57,30.66,4.55,0.0
20200919:0730,588.95,32.96,30.44,4.69,0.0
20200919:0830,435.93,18.25,29.76,4.34,0.0
20200919:0930,377.29,3.51,29.15,3.93,0.0
20200919:1030,0.0,0.0,28.33,3.59,0.0
20200919:1130,0.0,0.0,27.66,3.59,0.0
20200919:1230,0.0,0.0,27.21,3.38,0.0
20200919:1330,0.0,0.0,26.81,3.24,0.0
20200919:1430,0.0,0.0,26.44,2.97,0.0
20200919:1530,0.0,0.0,26.19,3.03,0.0
20200919:1630,0.0,0.0,25.96,3.03,0.0
20200919:1730,0.0,0.0,25.68,3.03,0.0
20200919:1830,0.0,0.0,25.47,3.1,0.0
20200919:1930,0.0,0.0,25.51,3.24,0.0
20200919:2030,0.0,0.0,25.47,3.17,0.0
20200919:2130,0.0,-2.93,25.38,3.1,0.0
20200919:2230,388.3,11.81,25.37,2.97,0.0
20200919:2330,491.06,26.53,26.06,1.93,0.0
20200920:0030,820.4,41.2,27.07,2.48,0.0
20200920:0130,720.54,55.68,28.08,2.76,0.0
20200920:0230,894.09,69.56,28.58,2.34,0.0
20200920:0330,738.04,79.93,29.42,2.28,0.0
20200920:0430,807.74,74.86,29.58,2.07,0.0
20200920:0530,652.82,61.7,30.06,2.07,0.0
20200920:0630,432.66,47.39,29.55,2.07,0.0
20200920:0730,411.52,32.78,28.68,2.34,0.0
20200920:0830,282.65,18.08,28.72,2.14,0.0
20200920:0930,148.73,3.35,28.04,2.14,0.0
20200920:1030,0.0,0.0,27.16,2.34,0.0
20200920:1130,0.0,0.0,26.72,2.07,0.0
20200920:1230,0.0,0.0,26.35,2.0,0.0
20200920:1330,0.0,0.0,26.07,1.38,0.0
20200920:1430,0.0,0.0,26.18,0.76,0.0
20200920:1530,0.0,0.0,25.19,1.24,0.0
20200920:1630,0.0,0.0,25.1,1.52,0.0
20200920:1730,0.0,0.0,25.42,2.21,0.0
20200920:1830,0.0,0.0,25.22,1.93,0.0
20200920:1930,0.0,0.0,25.01,0.9,0.0
20200920:2030,0.0,0.0,25.01,1.31,0.0
20200920:2130,0.0,-2.91,24.97,1.79,0.0
20200920:2230,44.2,11.83,24.73,1.24,0.0
20200920:2330,78.73,26.55,25.2,0.97,0.0
20200921:0030,143.41,41.2,25.55,0.48,0.0
20200921:0130,185.11,55.65,26.04,0.76,0.0
20200921:0230,212.04,69.45,26.3,1.31,0.0
20200921:0330,189.03,79.59,26.54,1.72,0.0
20200921:0430,283.23,74.54,26.57,1.66,0.0
20200921:0530,263.44,61.47,26.78,1.79,0.0
20200921:0630,111.38,47.2,27.01,2.48,0.0
20200921:0730,57.85,32.61,26.36,1.72,0.0
20200921:0830,22.66,17.92,26.19,1.59,0.0
20200921:0930,2.67,3.19,26.17,2.21,0.0
20200921:1030,0.0,0.0,26.12,2.0,0.0
20200921:1130,0.0,0.0,26.0,1.86,0.0
20200921:1230,0.0,0.0,25.76,1.52,0.0
20200921:1330,0.0,0.0,26.01,0.97,0.0
20200921:1430,0.0,0.0,26.2,0.83,0.0
20200921:1530,0.0,0.0,25.34,1.45,0.0
20200921:1630,0.0,0.0,25.33,1.59,0.0
20200921:1730,0.0,0.0,26.04,0.83,0.0
20200921:1830,0.0,0.0,25.99,0.41,0.0
20200921:1930,0.0,0.0,25.69,0.83,0.0
20200921:2030,0.0,0.0,24.8,1.31,0.0
20200921:2130,0.0,-2.89,24.66,1.72,0.0
20200921:2230,195.62,11.85,24.92,2.21,0.0
20200921:2330,507.12,26.56,26.1,2.07,0.0
20200922:0030,585.87,41.2,27.04,2.55,0.0
20200922:0130,786.32,55.62,27.63,2.41,0.0
20200922:0230,763.67,69.34,28.39,2.55,0.0
20200922:0330,812.61,79.24,28.89,2.97,0.0
20200922:0430,746.33,74.22,29.26,3.52,0.0
20200922:0530,723.54,61.25,29.58,4.21,0.0
20200922:0630,399.37,47.01,28.48,4.07,0.0
20200922:0730,162.7,32.44,28.18,4.21,0.0
20200922:0830,49.53,17.75,27.73,2.9,0.0
20200922:0930,30.71,3.02,27.49,1.66,0.0
20200922:1030,0.0,0.0,27.28,0.48,0.0
20200922:1130,0.0,0.0,26.52,1.45,0.0
20200922:1230,0.0,0.0,26.31,1.93,0.0
20200922:1330,0.0,0.0,26.0,1.72,0.0
20200922:1430,0.0,0.0,25.91,2.0,0.0
20200922:1530,0.0,0.0,25.81,2.14,0.0
20200922:1630,0.0,0.0,25.7,2.0,0.0
20200922:1730,0.0,0.0,25.49,1.79,0.0
20200922:1830,0.0,0.0,25.22,2.0,0.0
20200922:1930,0.0,0.0,24.89,1.59,0.0
20200922:2030,0.0,0.0,24.6,1.66,0.0
20200922:2130,0.0,-2.87,24.56,2.0,0.0
20200922:2230,440.53,11.86,24.76,2.0,0.0
20200922:2330,647.33,26.57,26.47,1.72,0.0
20200923:0030,753.8,41.19,27.48,2.0,0.0
20200923:0130,890.04,55.58,28.22,2.41,0.0
20200923:0230,826.73,69.21,28.8,2.9,0.0
20200923:0330,790.81,78.89,29.29,3.45,0.0
20200923:0430,776.83,73.89,28.93,4.21,0.0
20200923:0530,414.18,61.01,28.44,4.83,0.0
20200923:0630,160.61,46.81,28.24,3.66,0.0
20200923:0730,253.14,32.26,28.03,3.66,0.0
20200923:0830,257.16,17.59,27.01,3.52,0.0
20200923:0930,119.98,2.86,27.03,2.69,0.0
20200923:1030,0.0,0.0,26.86,1.93,0.0
20200923:1130,0.0,0.0,26.47,2.28,0.0
20200923:1230,0.0,0.0,26.05,2.41,0.0
20200923:1330,0.0,0.0,25.85,2.41,0.0
20200923:1430,0.0,0.0,25.78,2.69,0.0
20200923:1530,0.0,0.0,25.83,2.76,0.0
20200923:1630,0.0,0.0,25.81,2.83,0.0
20200923:1730,0.0,0.0,25.67,2.97,0.0
20200923:1830,0.0,0.0,25.31,3.72,0.0
20200923:1930,0.0,0.0,25.17,3.1,0.0
20200923:2030,0.0,0.0,25.2,2.62,0.0
20200923:2130,0.0,-2.86,25.32,2.62,0.0
20200923:2230,67.85,11.88,25.42,2.62,0.0
20200923:2330,279.13,26.58,25.79,3.17,0.0
20200924:0030,423.2,41.18,26.35,4.14,0.0
20200924:0130,640.59,55.53,27.09,4.28,0.0
20200924:0230,693.34,69.08,28.06,4.07,0.0
20200924:0330,609.9,78.53,28.71,4.48,0.0
20200924:0430,724.36,73.56,28.53,5.31,0.0
20200924:0530,501.89,60.78,27.77,5.66,0.0
20200924:0630,405.65,46.62,27.54,4.34,0.0
20200924:0730,249.36,32.09,27.46,3.86,0.0
20200924:0830,316.31,17.42,27.31,3.86,0.0
20200924:0930,96.65,2.7,27.25,3.59,0.0
20200924:1030,0.0,0.0,26.77,2.9,0.0
20200924:1130,0.0,0.0,26.42,2.9,0.0
20200924:1230,0.0,0.0,26.18,2.76,0.0
20200924:1330,0.0,0.0,26.01,2.14,0.0
20200924:1430,0.0,0.0,25.95,2.48,0.0
20200924:1530,0.0,0.0,25.8,3.17,0.0
20200924:1630,0.0,0.0,25.76,3.52,0.0
20200924:1730,0.0,0.0,25.6,3.86,0.0
20200924:1830,0.0,0.0,25.59,3.66,0.0
20200924:1930,0.0,0.0,26.18,3.1,0.0
20200924:2030,0.0,0.0,26.12,2.83,0.0
20200924:2130,0.0,-2.84,25.97,2.34,0.0
20200924:2230,157.87,11.89,25.72,2.55,0.0
20200924:2330,300.65,26.59,26.25,2.83,0.0
20200925:0030,361.74,41.17,26.82,3.45,0.0
20200925:0130,612.21,55.48,27.36,3.93,0.0
20200925:0230,538.99,68.95,27.98,4.62,0.0
20200925:0330,747.42,78.18,28.11,4.9,0.0
20200925:0430,837.9,73.23,28.58,5.24,0.0
20200925:0530,715.39,60.54,28.89,5.45,0.0
20200925:0630,378.99,46.42,28.45,5.17,0.0
20200925:0730,314.27,31.91,27.76,4.0,0.0
20200925:0830,231.57,17.26,27.64,4.0,0.0
20200925:0930,101.65,2.54,26.97,3.52,0.0
20200925:1030,0.0,0.0,26.58,2.83,0.0
20200925:1130,0.0,0.0,26.34,2.83,0.0
20200925:1230,0.0,0.0,26.19,2.9,0.0
20200925:1330,0.0,0.0,26.07,2.9,0.0
20200925:1430,0.0,0.0,26.01,2.97,0.0
20200925:1530,0.0,0.0,25.96,2.9,0.0
20200925:1630,0.0,0.0,25.78,2.76,0.0
20200925:1730,0.0,0.0,25.4,2.76,0.0
20200925:1830,0.0,0.0,25.4,3.1,0.0
20200925:1930,0.0,0.0,25.89,2.9,0.0
20200925:2030,0.0,0.0,25.72,2.97,0.0
20200925:2130,0.0,-2.82,25.68,2.62,0.0
20200925:2230,329.43,11.91,25.69,2.48,0.0
20200925:2330,590.73,26.59,26.7,2.76,0.0
20200926:0030,728.95,41.15,27.25,3.86,0.0
20200926:0130,852.1,55.43,27.58,3.79,0.0
20200926:0230,865.34,68.8,28.25,4.41,0.0
20200926:0330,736.51,77.82,28.6,5.17,0.0
20200926:0430,800.0,72.89,28.59,5.1,0.0
20200926:0530,606.94,60.3,28.74,4.0,0.0
20200926:0630,644.88,46.23,28.07,4.28,0.0
20200926:0730,284.49,31.74,28.59,3.72,0.0
20200926:0830,178.01,17.09,27.79,4.0,0.0
20200926:0930,125.83,2.38,27.19,3.66,0.0
20200926:1030,0.0,0.0,26.44,2.83,0.0
20200926:1130,0.0,0.0,26.17,1.59,0.0
20200926:1230,0.0,0.0,25.81,1.38,0.0
20200926:1330,0.0,0.0,25.69,0.97,0.0
20200926:1430,0.0,0.0,25.96,0.97,0.0
20200926:1530,0.0,0.0,25.47,1.17,0.0
20200926:1630,0.0,0.0,25.22,1.31,0.0
20200926:1730,0.0,0.0,24.86,1.52,0.0
20200926:1830,0.0,0.0,24.85,1.86,0.0
20200926:1930,0.0,0.0,25.58,1.03,0.0
20200926:2030,0.0,0.0,26.32,0.76,0.0
20200926:2130,0.0,-2.81,26.31,0.48,0.0
20200926:2230,298.6,11.92,26.17,0.76,0.0
20200926:2330,599.79,26.59,26.39,1.24,0.0
20200927:0030,800.16,41.13,27.1,1.03,0.0
20200927:0130,787.37,55.37,27.83,0.97,0.0
20200927:0230,834.97,68.65,28.3,0.9,0.0
20200927:0330,841.35,77.45,28.9,0.97,0.0
20200927:0430,723.57,72.55,29.23,1.72,0.0
20200927:0530,787.68,60.06,28.95,1.03,0.0
20200927:0630,670.55,46.03,29.46,0.97,0.0
20200927:0730,612.55,31.56,29.79,1.72,0.0
20200927:0830,460.38,16.93,29.6,2.07,0.0
20200927:0930,6.66,2.22,29.0,1.93,0.0
20200927:1030,0.0,0.0,28.37,2.48,0.0
20200927:1130,0.0,0.0,27.7,1.86,0.0
20200927:1230,0.0,0.0,27.64,0.76,0.0
20200927:1330,0.0,0.0,27.88,0.55,0.0
20200927:1430,0.0,0.0,27.79,0.55,0.0
20200927:1530,0.0,0.0,27.66,0.28,0.0
20200927:1630,0.0,0.0,27.33,0.41,0.0
20200927:1730,0.0,0.0,26.86,0.62,0.0
20200927:1830,0.0,0.0,26.61,0.28,0.0
20200927:1930,0.0,0.0,26.87,0.21,0.0
20200927:2030,0.0,0.0,26.69,0.55,0.0
20200927:2130,0.0,-2.79,26.07,0.83,0.0
20200927:2230,482.58,11.93,26.17,0.69,0.0
20200927:2330,733.23,26.59,26.57,0.14,0.0
20200928:0030,789.94,41.11,27.52,0.76,0.0
20200928:0130,791.92,55.3,28.17,1.38,0.0
20200928:0230,695.95,68.49,28.4,1.93,0.0
20200928:0330,582.21,77.09,28.0,1.93,0.0
20200928:0430,695.82,72.22,28.0,1.72,0.0
20200928:0530,635.79,59.81,28.57,1.66,0.0
20200928:0630,341.91,45.83,28.89,1.38,0.0
20200928:0730,183.61,31.39,27.86,2.0,0.0
20200928:0830,119.79,16.76,27.42,2.55,0.0
20200928:0930,7.14,2.06,27.18,2.76,0.0
20200928:1030,0.0,0.0,26.99,2.21,0.0
20200928:1130,0.0,0.0,26.72,1.72,0.0
20200928:1230,0.0,0.0,26.34,1.66,0.0
20200928:1330,0.0,0.0,25.91,1.38,0.0
20200928:1430,0.0,0.0,25.91,1.72,0.0
20200928:1530,0.0,0.0,25.67,2.14,0.0
20200928:1630,0.0,0.0,25.52,2.07,0.0
20200928:1730,0.0,0.0,24.93,1.45,0.0
20200928:1830,0.0,0.0,24.89,0.9,0.0
20200928:1930,0.0,0.0,24.86,1.1,0.0
20200928:2030,0.0,0.0,25.17,1.86,0.0
20200928:2130,0.0,-2.78,24.92,1.86,0.0
20200928:2230,327.39,11.94,25.76,0.76,0.0
20200928:2330,549.41,26.59,26.24,0.69,0.0
20200929:0030,681.13,41.08,26.92,0.55,0.0
20200929:0130,663.09,55.23,27.64,0.34,0.0
20200929:0230,653.46,68.32,28.11,1.1,0.0
20200929:0330,513.74,76.72,27.76,2.07,0.0
20200929:0430,483.15,71.88,27.4,2.14,0.0
20200929:0530,394.56,59.57,27.19,2.9,0.0
20200929:0630,325.43,45.63,27.16,2.76,0.0
20200929:0730,497.84,31.21,28.15,2.62,0.0
20200929:0830,273.89,16.6,28.45,2.48,0.0
20200929:0930,7.34,1.9,27.87,2.14,0.0
20200929:1030,0.0,0.0,27.43,2.21,0.0
20200929:1130,0.0,0.0,26.87,1.79,0.0
20200929:1230,0.0,0.0,26.61,1.17,0.0
20200929:1330,0.0,0.0,27.19,0.55,0.0
20200929:1430,0.0,0.0,27.14,0.21,0.0
20200929:1530,0.0,0.0,26.87,0.21,0.0
20200929:1630,0.0,0.0,26.64,0.28,0.0
20200929:1730,0.0,0.0,26.16,0.07,0.0
20200929:1830,0.0,0.0,25.75,0.48,0.0
20200929:1930,0.0,0.0,24.73,1.38,0.0
20200929:2030,0.0,0.0,24.8,1.31,0.0
20200929:2130,0.0,-2.77,24.83,1.24,0.0
20200929:2230,338.94,11.94,25.02,1.1,0.0
20200929:2330,684.99,26.59,26.14,0.62,0.0
20200930:0030,814.97,41.05,27.29,1.17,0.0
20200930:0130,857.29,55.16,28.18,1.52,0.0
20200930:0230,869.3,68.15,28.95,1.79,0.0
20200930:0330,851.97,76.35,29.46,2.34,0.0
20200930:0430,701.52,71.54,29.66,2.97,0.0
20200930:0530,601.66,59.32,28.94,3.38,0.0
20200930:0630,551.32,45.43,27.97,3.52,0.0
20200930:0730,416.03,31.03,27.71,2.62,0.0
20200930:0830,265.66,16.44,28.13,2.0,0.0
20200930:0930,6.78,1.75,28.11,0.97,0.0
20200930:1030,0.0,0.0,27.94,0.41,0.0
20200930:1130,0.0,0.0,26.76,1.1,0.0
20200930:1230,0.0,0.0,26.41,1.72,0.0
20200930:1330,0.0,0.0,26.1,2.0,0.0
20200930:1430,0.0,0.0,26.0,2.14,0.0
20200930:1530,0.0,0.0,25.84,2.28,0.0
20200930:1630,0.0,0.0,25.78,2.34,0.0
20200930:1730,0.0,0.0,25.76,2.48,0.0
20200930:1830,0.0,0.0,25.78,2.55,0.0
20200930:1930,0.0,0.0,25.87,2.62,0.0
20200930:2030,0.0,0.0,25.85,2.69,0.0
20200930:2130,0.0,-2.76,25.76,2.48,0.0
20200930:2230,523.46,11.95,25.63,2.55,0.0
20200930:2330,734.13,26.58,26.6,2.83,0.0
20201001:0030,839.43,41.02,27.45,3.1,0.0
20201001:0130,763.19,55.08,28.07,3.24,0.0
20201001:0230,837.71,67.97,28.55,3.45,0.0
20201001:0330,779.05,75.98,28.99,3.79,0.0
20201001:0430,856.3,71.2,29.1,4.21,0.0
20201001:0530,662.95,59.07,29.36,4.21,0.0
20201001:0630,587.83,45.23,28.84,3.86,0.0
20201001:0730,516.91,30.86,28.86,3.59,0.0
20201001:0830,439.46,16.27,28.6,3.31,0.0
20201001:0930,7.62,1.59,28.4,2.83,0.0
20201001:1030,0.0,0.0,27.59,2.28,0.0
20201001:1130,0.0,0.0,26.91,1.79,0.0
20201001:1230,0.0,0.0,26.28,1.03,0.0
20201001:1330,0.0,0.0,25.98,1.17,0.0
20201001:1430,0.0,0.0,25.77,1.52,0.0
20201001:1530,0.0,0.0,25.67,1.93,0.0
20201001:1630,0.0,0.0,25.37,1.93,0.0
20201001:1730,0.0,0.0,25.24,1.86,0.0
20201001:1830,0.0,0.0,24.96,1.93,0.0
20201001:1930,0.0,0.0,25.17,2.62,0.0
20201001:2030,0.0,0.0,25.45,2.83,0.0
20201001:2130,0.0,-2.75,25.6,2.34,0.0
20201001:2230,343.09,11.95,25.38,1.72,0.0
20201001:2330,649.89,26.57,26.26,1.93,0.0
20201002:0030,754.3,40.98,26.98,2.21,0.0
20201002:0130,768.67,54.99,27.62,2.21,0.0
20201002:0230,777.85,67.79,28.23,2.62,0.0
20201002:0330,488.57,75.61,27.81,3.03,0.0
20201002:0430,688.83,70.85,27.43,2.14,0.0
20201002:0530,578.04,58.82,28.2,2.83,0.0
20201002:0630,366.37,45.02,28.58,2.83,0.0
20201002:0730,319.85,30.68,28.41,2.97,0.0
20201002:0830,214.11,16.11,28.25,1.79,0.0
20201002:0930,6.82,1.44,27.53,0.48,0.0
20201002:1030,0.0,0.0,26.65,0.83,0.0
20201002:1130,0.0,0.0,25.99,0.9,0.0
20201002:1230,0.0,0.0,25.53,1.17,0.0
20201002:1330,0.0,0.0,26.1,0.69,0.0
20201002:1430,0.0,0.0,26.22,0.21,0.0
20201002:1530,0.0,0.0,26.27,0.62,0.0
20201002:1630,0.0,0.0,25.38,1.03,0.0
20201002:1730,0.0,0.0,24.78,1.24,0.0
20201002:1830,0.0,0.0,25.21,1.03,0.0
20201002:1930,0.0,0.0,24.43,1.59,0.0
20201002:2030,0.0,0.0,24.56,1.52,0.0
20201002:2130,0.0,-2.74,24.78,1.72,0.0
20201002:2230,344.4,11.95,25.04,1.72,0.0
20201002:2330,464.38,26.55,26.84,1.45,0.0
20201003:0030,753.72,40.94,27.45,1.59,0.0
20201003:0130,905.38,54.9,28.28,1.79,0.0
20201003:0230,795.75,67.6,29.04,1.86,0.0
20201003:0330,906.13,75.24,29.26,2.28,0.0
20201003:0430,790.38,70.51,29.72,2.83,0.0
20201003:0530,664.06,58.57,28.56,2.97,0.0
20201003:0630,399.75,44.82,28.6,2.97,0.0
20201003:0730,117.41,30.51,28.41,3.52,0.0
20201003:0830,67.14,15.95,28.19,1.86,0.0
20201003:0930,4.62,1.29,27.87,1.52,0.0
20201003:1030,0.0,0.0,27.36,1.45,0.0
20201003:1130,0.0,0.0,26.8,1.52,0.0
20201003:1230,0.0,0.0,26.62,1.93,0.0
20201003:1330,0.0,0.0,26.47,2.07,0.0
20201003:1430,0.0,0.0,26.1,1.93,0.0
20201003:1530,0.0,0.0,25.83,2.0,0.0
20201003:1630,0.0,0.0,25.58,1.59,0.0
20201003:1730,0.0,0.0,25.61,2.0,0.0
20201003:1830,0.0,0.0,25.65,2.69,0.0
20201003:1930,0.0,0.0,25.57,3.17,0.0
20201003:2030,0.0,0.0,25.54,2.41,0.0
20201003:2130,0.0,-2.74,25.89,1.66,0.0
20201003:2230,165.77,11.95,25.64,1.66,0.0
20201003:2330,473.81,26.54,26.42,1.72,0.0
20201004:0030,622.04,40.89,27.18,1.1,0.0
20201004:0130,818.58,54.81,27.98,1.66,0.0
20201004:0230,760.92,67.4,28.71,2.34,0.0
20201004:0330,372.34,74.87,28.6,2.76,0.0
20201004:0430,223.55,70.17,27.39,2.69,0.0
20201004:0530,187.3,58.32,27.12,2.07,0.0
20201004:0630,470.6,44.62,27.23,1.24,0.0
20201004:0730,331.04,30.33,28.51,1.72,0.0
20201004:0830,304.77,15.8,28.32,2.21,0.0
20201004:0930,4.64,1.14,27.11,2.14,0.0
20201004:1030,0.0,0.0,26.85,0.07,0.0
20201004:1130,0.0,0.0,26.41,0.62,0.0
20201004:1230,0.0,0.0,25.89,0.9,0.0
20201004:1330,0.0,0.0,25.92,1.38,0.0
20201004:1430,0.0,0.0,25.81,2.14,0.0
20201004:1530,0.0,0.0,25.48,1.93,0.0
20201004:1630,0.0,0.0,25.22,1.1,0.0
20201004:1730,0.0,0.0,25.86,0.48,0.0
20201004:1830,0.0,0.0,26.04,0.21,0.0
20201004:1930,0.0,0.0,25.11,0.9,0.0
20201004:2030,0.0,0.0,25.17,1.59,0.0
20201004:2130,0.0,-2.73,25.27,1.66,0.0
20201004:2230,239.75,11.94,25.31,1.66,0.0
20201004:2330,338.85,26.52,26.25,1.31,0.0
20201005:0030,662.9,40.84,26.78,1.45,0.0
20201005:0130,544.55,54.71,27.62,2.07,0.0
20201005:0230,834.56,67.2,27.82,2.28,0.0
20201005:0330,580.93,74.49,28.42,1.93,0.0
20201005:0430,475.89,69.83,28.34,2.14,0.0
20201005:0530,345.97,58.07,27.68,1.93,0.0
20201005:0630,167.97,44.42,27.89,2.21,0.0
20201005:0730,208.14,30.16,27.44,3.03,0.0
20201005:0830,63.77,15.64,27.5,3.72,0.0
20201005:0930,5.27,1.0,26.38,3.03,0.0
20201005:1030,0.0,0.0,26.37,2.55,0.0
20201005:1130,0.0,0.0,26.28,2.28,0.0
20201005:1230,0.0,0.0,26.24,2.21,0.0
20201005:1330,0.0,0.0,26.16,2.28,0.0
20201005:1430,0.0,0.0,26.13,2.62,0.0
20201005:1530,0.0,0.0,25.72,2.62,0.0
20201005:1630,0.0,0.0,25.51,2.83,0.0
20201005:1730,0.0,0.0,25.48,3.24,0.0
20201005:1830,0.0,0.0,25.69,3.38,0.0
20201005:1930,0.0,0.0,25.31,2.76,0.0
20201005:2030,0.0,0.0,25.46,2.9,0.0
20201005:2130,0.0,-2.73,25.58,2.48,0.0
20201005:2230,229.45,11.94,25.66,2.28,0.0
20201005:2330,361.4,26.49,25.98,2.41,0.0
20201006:0030,472.28,40.79,26.3,2.41,0.0
20201006:0130,546.65,54.6,26.67,2.21,0.0
20201006:0230,700.92,66.99,27.03,2.0,0.0
20201006:0330,337.99,74.12,27.77,2.28,0.0
20201006:0430,368.08,69.48,27.8,3.31,0.0
20201006:0530,408.21,57.82,26.88,3.45,0.0
20201006:0630,329.24,44.22,27.15,2.97,0.0
20201006:0730,281.0,29.98,27.62,2.9,0.0
20201006:0830,124.41,15.48,27.81,3.38,0.0
20201006:0930,2.82,0.85,26.72,2.83,0.0
20201006:1030,0.0,0.0,26.03,2.69,0.0
20201006:1130,0.0,0.0,25.97,3.1,0.0
20201006:1230,0.0,0.0,26.04,2.28,0.0
20201006:1330,0.0,0.0,26.09,2.0,0.0
20201006:1430,0.0,0.0,26.09,2.07,0.0
20201006:1530,0.0,0.0,25.98,2.28,0.0
20201006:1630,0.0,0.0,25.94,2.41,0.0
20201006:1730,0.0,0.0,25.81,2.62,0.0
20201006:1830,0.0,0.0,25.61,2.55,0.0
20201006:1930,0.0,0.0,25.68,2.41,0.0
20201006:2030,0.0,0.0,25.67,1.79,0.0
20201006:2130,0.0,-2.73,25.58,1.66,0.0
20201006:2230,62.53,11.93,25.42,1.31,0.0
20201006:2330,139.8,26.47,26.21,1.1,0.0
20201007:0030,258.55,40.73,26.75,0.76,0.0
20201007:0130,398.79,54.5,27.07,1.52,0.0
20201007:0230,556.54,66.77,27.36,1.93,0.0
20201007:0330,551.3,73.74,27.79,1.86,0.0
20201007:0430,567.67,69.14,28.12,1.59,0.0
20201007:0530,423.7,57.57,28.8,1.59,0.0
20201007:0630,86.0,44.02,27.46,1.24,0.0
20201007:0730,41.3,29.81,27.08,1.72,0.0
20201007:0830,32.87,15.33,26.88,2.34,0.0
20201007:0930,3.04,0.71,26.49,2.62,0.0
20201007:1030,0.0,0.0,26.0,2.48,0.0
20201007:1130,0.0,0.0,25.9,2.34,0.0
20201007:1230,0.0,0.0,25.72,1.52,0.0
20201007:1330,0.0,0.0,26.3,0.76,0.0
20201007:1430,0.0,0.0,25.55,1.45,0.0
20201007:1530,0.0,0.0,25.59,1.52,0.0
20201007:1630,0.0,0.0,25.62,1.86,0.0
20201007:1730,0.0,0.0,25.34,1.59,0.0
20201007:1830,0.0,0.0,25.56,2.0,0.0
20201007:1930,0.0,0.0,25.35,2.69,0.0
20201007:2030,0.0,0.0,25.42,2.55,0.0
20201007:2130,0.0,-2.73,25.44,2.55,0.0
20201007:2230,19.48,11.92,25.45,2.34,0.0
20201007:2330,120.42,26.44,25.66,2.34,0.0
20201008:0030,227.07,40.67,26.21,2.69,0.0
20201008:0130,201.76,54.38,26.66,2.69,0.0
20201008:0230,183.21,66.56,26.83,2.76,0.0
20201008:0330,354.29,73.37,27.03,3.24,0.0
20201008:0430,376.26,68.8,27.42,3.72,0.0
20201008:0530,526.83,57.32,27.51,4.21,0.0
20201008:0630,181.74,43.82,27.91,4.55,0.0
20201008:0730,45.1,29.64,26.19,4.41,0.0
20201008:0830,17.72,15.18,25.85,4.0,0.0
20201008:0930,1.26,0.57,25.56,3.86,0.0
20201008:1030,0.0,0.0,25.49,3.59,0.0
20201008:1130,0.0,0.0,25.52,3.31,0.0
20201008:1230,0.0,0.0,25.59,2.76,0.0
20201008:1330,0.0,0.0,25.63,2.83,0.0
20201008:1430,0.0,0.0,25.63,2.97,0.0
20201008:1530,0.0,0.0,25.67,2.83,0.0
20201008:1630,0.0,0.0,25.52,2.97,0.0
20201008:1730,0.0,0.0,25.25,3.59,0.0
20201008:1830,0.0,0.0,25.16,4.0,0.0
20201008:1930,0.0,0.0,25.04,2.62,0.0
20201008:2030,0.0,0.0,24.99,2.21,0.0
20201008:2130,0.0,-2.73,24.97,1.86,0.0
20201008:2230,67.68,11.9,25.06,2.21,0.0
20201008:2330,145.59,26.41,25.32,2.48,0.0
20201009:0030,174.2,40.6,25.91,2.48,0.0
20201009:0130,338.71,54.26,26.19,2.62,0.0
20201009:0230,525.66,66.33,26.59,2.9,0.0
20201009:0330,625.96,73.0,27.05,2.97,0.0
20201009:0430,597.97,68.46,27.55,2.83,0.0
20201009:0530,379.2,57.06,27.87,3.24,0.0
20201009:0630,332.79,43.62,27.54,3.59,0.0
20201009:0730,227.05,29.47,27.75,3.45,0.0
20201009:0830,79.18,15.03,27.54,3.31,0.0
20201009:0930,1.74,0.43,27.22,2.28,0.0
20201009:1030,0.0,0.0,26.91,1.72,0.0
20201009:1130,0.0,0.0,26.33,1.24,0.0
20201009:1230,0.0,0.0,26.6,0.9,0.0
20201009:1330,0.0,0.0,26.87,0.83,0.0
20201009:1430,0.0,0.0,26.95,0.41,0.0
20201009:1530,0.0,0.0,26.62,0.55,0.0
20201009:1630,0.0,0.0,26.03,0.83,0.0
20201009:1730,0.0,0.0,25.22,1.93,0.0
20201009:1830,0.0,0.0,25.38,2.28,0.0
20201009:1930,0.0,0.0,25.08,1.59,0.0
20201009:2030,0.0,0.0,24.88,1.45,0.0
20201009:2130,0.0,-2.73,25.64,0.97,0.0
20201009:2230,136.34,11.89,26.09,0.69,0.0
20201009:2330,263.03,26.37,26.23,0.83,0.0
20201010:0030,482.46,40.53,27.19,1.31,0.0
20201010:0130,555.83,54.14,27.71,1.45,0.0
20201010:0230,692.88,66.1,28.24,1.79,0.0
20201010:0330,596.96,72.63,28.8,2.34,0.0
20201010:0430,551.42,68.12,29.01,2.55,0.0
20201010:0530,534.85,56.81,29.05,2.76,0.0
20201010:0630,675.83,43.42,29.14,3.03,0.0
20201010:0730,477.27,29.3,28.84,3.1,0.0
20201010:0830,313.28,14.88,28.05,3.1,0.0
20201010:0930,3.46,0.3,27.69,1.93,0.0
20201010:1030,0.0,0.0,27.39,1.79,0.0
20201010:1130,0.0,0.0,26.83,2.14,0.0
20201010:1230,0.0,0.0,26.43,2.07,0.0
20201010:1330,0.0,0.0,26.39,2.14,0.0
20201010:1430,0.0,0.0,26.3,2.34,0.0
20201010:1530,0.0,0.0,25.96,2.69,0.0
20201010:1630,0.0,0.0,25.89,2.97,0.0
20201010:1730,0.0,0.0,25.66,3.31,0.0
20201010:1830,0.0,0.0,25.52,3.1,0.0
20201010:1930,0.0,0.0,25.45,2.83,0.0
20201010:2030,0.0,0.0,25.3,2.9,0.0
20201010:2130,0.0,-2.74,25.21,2.9,0.0
20201010:2230,209.13,11.87,25.32,2.62,0.0
20201010:2330,468.34,26.34,25.81,2.0,0.0
20201011:0030,513.38,40.46,26.63,2.14,0.0
20201011:0130,543.59,54.01,27.39,2.62,0.0
20201011:0230,667.85,65.87,28.07,2.76,0.0
20201011:0330,565.44,72.25,28.43,2.97,0.0
20201011:0430,599.02,67.78,28.45,2.9,0.0
20201011:0530,544.47,56.56,27.95,2.83,0.0
20201011:0630,323.63,43.22,27.43,3.31,0.0
20201011:0730,251.34,29.14,27.39,3.38,0.0
20201011:0830,43.42,14.73,27.03,2.76,0.0
20201011:0930,3.15,0.16,26.65,1.59,0.0
20201011:1030,0.0,0.0,26.26,1.45,0.0
20201011:1130,0.0,0.0,25.99,1.66,0.0
20201011:1230,0.0,0.0,25.92,2.0,0.0
20201011:1330,0.0,0.0,25.76,1.72,0.0
20201011:1430,0.0,0.0,25.51,1.45,0.0
20201011:1530,0.0,0.0,25.26,1.45,0.0
20201011:1630,0.0,0.0,25.19,1.66,0.0
20201011:1730,0.0,0.0,25.22,1.93,0.0
20201011:1830,0.0,0.0,25.09,1.38,0.0
20201011:1930,0.0,0.0,25.04,1.79,0.0
20201011:2030,0.0,0.0,25.05,1.52,0.0
20201011:2130,0.0,-2.75,25.31,1.03,0.0
20201011:2230,94.27,11.85,25.9,0.83,0.0
20201011:2330,507.22,26.29,26.34,1.1,0.0
20201012:0030,615.13,40.38,27.2,1.72,0.0
20201012:0130,641.69,53.88,27.47,1.31,0.0
20201012:0230,698.06,65.63,28.21,1.38,0.0
20201012:0330,814.98,71.88,28.82,1.66,0.0
20201012:0430,813.1,67.45,29.09,1.79,0.0
20201012:0530,763.18,56.31,29.16,1.38,0.0
20201012:0630,444.47,43.02,29.2,0.83,0.0
20201012:0730,224.12,28.97,29.09,2.0,0.0
20201012:0830,45.65,14.59,28.63,1.79,0.0
20201012:0930,2.51,0.03,28.18,1.45,0.0
20201012:1030,0.0,0.0,27.5,1.38,0.0
20201012:1130,0.0,0.0,27.09,0.97,0.0
20201012:1230,0.0,0.0,27.38,0.48,0.0
20201012:1330,0.0,0.0,26.88,0.14,0.0
20201012:1430,0.0,0.0,25.44,1.31,0.0
20201012:1530,0.0,0.0,26.82,0.62,0.0
20201012:1630,0.0,0.0,26.72,0.55,0.0
20201012:1730,0.0,0.0,25.41,1.03,0.0
20201012:1830,0.0,0.0,25.24,2.21,0.0
20201012:1930,0.0,0.0,25.05,1.93,0.0
20201012:2030,0.0,0.0,25.1,2.34,0.0
20201012:2130,0.0,-2.75,25.11,2.62,0.0
20201012:2230,189.23,11.82,25.46,2.62,0.0
20201012:2330,430.12,26.25,25.79,2.55,0.0
20201013:0030,587.62,40.3,26.56,2.9,0.0
20201013:0130,709.16,53.74,27.62,3.31,0.0
20201013:0230,750.58,65.39,28.62,3.59,0.0
20201013:0330,793.87,71.51,29.06,4.0,0.0
20201013:0430,581.45,67.11,29.21,4.07,0.0
20201013:0530,332.4,56.06,28.83,4.28,0.0
20201013:0630,454.26,42.83,28.44,3.24,0.0
20201013:0730,395.74,28.81,29.03,2.97,0.0
20201013:0830,307.3,14.45,29.13,1.86,0.0
20201013:0930,0.0,-0.09,28.81,0.9,0.0
20201013:1030,0.0,0.0,27.9,1.59,0.0
20201013:1130,0.0,0.0,27.56,0.21,0.0
20201013:1230,0.0,0.0,26.86,0.62,0.0
20201013:1330,0.0,0.0,25.76,1.59,0.0
20201013:1430,0.0,0.0,25.48,0.62,0.0
20201013:1530,0.0,0.0,25.05,1.45,0.0
20201013:1630,0.0,0.0,24.99,2.0,0.0
20201013:1730,0.0,0.0,24.79,1.45,0.0
20201013:1830,0.0,0.0,24.82,0.76,0.0
20201013:1930,0.0,0.0,24.85,0.83,0.0
20201013:2030,0.0,0.0,24.54,1.17,0.0
20201013:2130,0.0,-2.77,24.51,1.24,0.0
20201013:2230,73.46,11.8,25.21,0.9,0.0
20201013:2330,196.02,26.2,25.59,0.48,0.0
20201014:0030,292.8,40.22,26.42,0.41,0.0
20201014:0130,385.32,53.6,26.77,0.83,0.0
20201014:0230,472.6,65.15,27.01,1.17,0.0
20201014:0330,522.23,71.14,27.28,1.72,0.0
20201014:0430,345.49,66.78,27.12,2.14,0.0
20201014:0530,269.21,55.81,27.49,2.34,0.0
20201014:0630,434.57,42.63,27.72,2.9,0.0
20201014:0730,309.12,28.65,28.38,2.69,0.0
20201014:0830,175.54,14.31,28.17,2.9,0.0
20201014:0930,0.0,-0.22,27.8,2.62,0.0
20201014:1030,0.0,0.0,27.23,2.97,0.0
20201014:1130,0.0,0.0,26.85,3.52,0.0
20201014:1230,0.0,0.0,26.65,3.66,0.0
20201014:1330,0.0,0.0,26.46,3.79,0.0
20201014:1430,0.0,0.0,26.25,4.07,0.0
20201014:1530,0.0,0.0,26.17,4.34,0.0
20201014:1630,0.0,0.0,26.13,4.41,0.0
20201014:1730,0.0,0.0,26.1,4.41,0.0
20201014:1830,0.0,0.0,26.11,4.76,0.0
20201014:1930,0.0,0.0,25.74,4.69,0.0
20201014:2030,0.0,0.0,25.94,4.14,0.0
20201014:2130,0.0,-2.78,25.92,3.52,0.0
20201014:2230,110.84,11.77,25.73,3.38,0.0
20201014:2330,309.94,26.15,26.02,3.45,0.0
20201015:0030,308.44,40.13,26.59,3.31,0.0
20201015:0130,400.44,53.45,27.12,2.97,0.0
20201015:0230,664.65,64.9,27.53,2.41,0.0
20201015:0330,499.63,70.78,28.19,2.14,0.0
20201015:0430,458.15,66.45,27.67,2.9,0.0
20201015:0530,452.72,55.57,27.55,2.62,0.0
20201015:0630,134.06,42.44,27.38,3.79,0.0
20201015:0730,193.72,28.49,26.62,3.03,0.0
20201015:0830,16.89,14.17,26.49,2.97,0.0
20201015:0930,0.0,-0.34,25.82,2.55,0.0
20201015:1030,0.0,0.0,25.66,2.62,0.0
20201015:1130,0.0,0.0,25.62,2.9,0.0
20201015:1230,0.0,0.0,25.63,2.41,0.0
20201015:1330,0.0,0.0,25.6,2.28,0.0
20201015:1430,0.0,0.0,25.68,2.34,0.0
20201015:1530,0.0,0.0,25.59,2.28,0.0
20201015:1630,0.0,0.0,25.36,1.59,0.0
20201015:1730,0.0,0.0,25.24,1.31,0.0
20201015:1830,0.0,0.0,25.34,1.52,0.0
20201015:1930,0.0,0.0,24.82,2.21,0.0
20201015:2030,0.0,0.0,24.88,2.55,0.0
20201015:2130,0.0,-2.8,24.95,2.28,0.0
20201015:2230,38.88,11.74,25.18,2.07,0.0
20201015:2330,121.76,26.1,25.52,2.21,0.0
20201016:0030,119.4,40.04,26.19,2.48,0.0
20201016:0130,208.31,53.3,26.84,2.62,0.0
20201016:0230,344.23,64.65,27.38,2.28,0.0
20201016:0330,272.31,70.41,27.82,2.28,0.0
20201016:0430,287.58,66.12,27.72,2.28,0.0
20201016:0530,326.36,55.32,27.15,2.28,0.0
20201016:0630,238.02,42.25,27.0,2.28,0.0
20201016:0730,109.11,28.33,26.9,0.28,0.0
20201016:0830,29.01,14.04,26.86,0.41,0.0
20201016:0930,0.0,-0.46,26.28,0.83,0.0
20201016:1030,0.0,0.0,25.75,0.97,0.0
20201016:1130,0.0,0.0,25.27,1.03,0.0
20201016:1230,0.0,0.0,25.28,0.62,0.0
20201016:1330,0.0,0.0,24.89,0.9,0.0
20201016:1430,0.0,0.0,24.5,0.97,0.0
20201016:1530,0.0,0.0,24.52,0.9,0.0
20201016:1630,0.0,0.0,24.45,0.83,0.0
20201016:1730,0.0,0.0,24.78,0.48,0.0
20201016:1830,0.0,0.0,24.55,0.48,0.0
20201016:1930,0.0,0.0,23.95,1.24,0.0
20201016:2030,0.0,0.0,23.85,1.03,0.0
20201016:2130,0.0,-2.82,23.92,1.31,0.0
20201016:2230,181.58,11.7,23.88,1.31,0.0
20201016:2330,196.55,26.04,24.78,1.31,0.0
20201017:0030,314.96,39.94,25.46,1.38,0.0
20201017:0130,451.35,53.15,26.0,1.1,0.0
20201017:0230,465.34,64.4,26.93,1.03,0.0
20201017:0330,649.64,70.05,27.54,0.62,0.0
20201017:0430,585.29,65.79,28.1,0.69,0.0
20201017:0530,273.63,55.08,28.18,0.55,0.0
20201017:0630,392.09,42.06,27.65,0.9,0.0
20201017:0730,248.28,28.18,27.69,1.03,0.0
20201017:0830,139.42,13.91,27.4,2.0,0.0
20201017:0930,0.0,-0.57,26.88,1.79,0.0
20201017:1030,0.0,0.0,26.36,2.14,0.0
20201017:1130,0.0,0.0,26.0,1.86,0.0
20201017:1230,0.0,0.0,25.6,1.52,0.0
20201017:1330,0.0,0.0,25.22,1.17,0.0
20201017:1430,0.0,0.0,25.15,1.03,0.0
20201017:1530,0.0,0.0,24.54,1.17,0.0
20201017:1630,0.0,0.0,24.37,1.72,0.0
20201017:1730,0.0,0.0,24.58,1.93,0.0
20201017:1830,0.0,0.0,24.59,2.34,0.0
20201017:1930,0.0,0.0,24.49,2.07,0.0
20201017:2030,0.0,0.0,24.49,2.0,0.0
20201017:2130,0.0,-2.84,24.61,2.21,0.0
20201017:2230,104.74,11.66,24.63,2.48,0.0
20201017:2330,141.92,25.98,25.31,2.55,0.0
20201018:0030,240.47,39.84,26.04,3.03,0.0
20201018:0130,305.97,52.99,26.87,3.31,0.0
20201018:0230,387.95,64.14,27.54,3.03,0.0
20201018:0330,497.38,69.68,27.85,2.69,0.0
20201018:0430,479.05,65.46,28.12,2.55,0.0
20201018:0530,372.61,54.84,28.1,2.21,0.0
20201018:0630,335.31,41.87,27.88,2.48,0.0
20201018:0730,94.78,28.03,27.89,3.1,0.0
20201018:0830,27.82,13.78,26.96,3.86,0.0
20201018:0930,0.0,-0.68,26.49,3.03,0.0
20201018:1030,0.0,0.0,26.15,2.62,0.0
20201018:1130,0.0,0.0,25.86,3.03,0.0
20201018:1230,0.0,0.0,25.7,3.17,0.0
20201018:1330,0.0,0.0,25.58,3.31,0.0
20201018:1430,0.0,0.0,25.34,3.66,0.0
20201018:1530,0.0,0.0,25.2,3.79,0.0
20201018:1630,0.0,0.0,25.07,3.86,0.0
20201018:1730,0.0,0.0,24.99,3.52,0.0
20201018:1830,0.0,0.0,24.85,3.38,0.0
20201018:1930,0.0,0.0,25.27,3.45,0.0
20201018:2030,0.0,0.0,25.03,3.38,0.0
20201018:2130,0.0,-2.86,24.98,3.24,0.0
20201018:2230,389.16,11.62,24.99,3.1,0.0
20201018:2330,461.07,25.91,25.59,3.17,0.0
20201019:0030,493.08,39.74,26.48,4.21,0.0
20201019:0130,633.07,52.83,27.09,4.0,0.0
20201019:0230,649.51,63.88,27.97,3.59,0.0
20201019:0330,572.8,69.32,28.54,3.45,0.0
20201019:0430,383.86,65.14,29.02,3.24,0.0
20201019:0530,310.82,54.6,27.87,3.59,0.0
20201019:0630,255.19,41.69,27.71,3.38,0.0
20201019:0730,183.31,27.88,27.46,3.24,0.0
20201019:0830,54.55,13.65,27.38,2.55,0.0
20201019:0930,0.0,-0.79,27.08,2.41,0.0
20201019:1030,0.0,0.0,26.66,2.07,0.0
20201019:1130,0.0,0.0,26.15,1.79,0.0
20201019:1230,0.0,0.0,25.56,1.31,0.0
20201019:1330,0.0,0.0,25.26,0.83,0.0
20201019:1430,0.0,0.0,25.96,0.48,0.0
20201019:1530,0.0,0.0,25.53,0.76,0.0
20201019:1630,0.0,0.0,25.34,0.9,0.0
20201019:1730,0.0,0.0,24.94,1.1,0.0
20201019:1830,0.0,0.0,24.86,1.45,0.0
20201019:1930,0.0,0.0,24.92,1.66,0.0
20201019:2030,0.0,0.0,25.08,1.79,0.0
20201019:2130,0.0,-2.89,25.19,2.0,0.0
20201019:2230,42.89,11.58,25.22,1.66,0.0
20201019:2330,95.06,25.85,25.4,1.52,0.0
20201020:0030,293.03,39.63,25.76,2.14,0.0
20201020:0130,243.17,52.66,26.22,2.41,0.0
20201020:0230,310.74,63.62,26.59,2.34,0.0
20201020:0330,319.35,68.96,27.22,2.55,0.0
20201020:0430,460.65,64.82,27.59,3.17,0.0
20201020:0530,259.08,54.36,27.73,4.07,0.0
20201020:0630,101.58,41.51,27.23,4.9,0.0
20201020:0730,87.01,27.73,26.5,4.97,0.0
20201020:0830,43.13,13.53,26.19,4.9,0.0
20201020:0930,0.0,-0.9,26.12,4.14,0.0
20201020:1030,0.0,0.0,26.04,3.72,0.0
20201020:1130,0.0,0.0,25.96,3.79,0.0
20201020:1230,0.0,0.0,25.73,4.41,0.0
20201020:1330,0.0,0.0,25.52,4.76,0.0
20201020:1430,0.0,0.0,25.48,5.1,0.0
20201020:1530,0.0,0.0,25.54,4.9,0.0
20201020:1630,0.0,0.0,25.56,4.83,0.0
20201020:1730,0.0,0.0,25.26,5.03,0.0
20201020:1830,0.0,0.0,25.27,5.31,0.0
20201020:1930,0.0,0.0,25.57,5.59,0.0
20201020:2030,0.0,0.0,25.55,6.14,0.0
20201020:2130,0.0,-2.91,25.61,5.72,0.0
20201020:2230,141.1,11.53,25.79,5.66,0.0
20201020:2330,257.39,25.77,25.99,5.59,0.0
20201021:0030,301.19,39.52,26.43,5.72,0.0
20201021:0130,320.15,52.49,27.07,6.21,0.0
20201021:0230,506.41,63.36,27.25,6.34,0.0
20201021:0330,507.93,68.61,27.61,6.21,0.0
20201021:0430,446.97,64.5,27.64,6.14,0.0
20201021:0530,490.65,54.12,27.41,6.14,0.0
20201021:0630,395.99,41.33,27.82,6.41,0.0
20201021:0730,232.05,27.59,27.0,6.62,0.0
20201021:0830,91.26,13.41,26.87,5.45,0.0
20201021:0930,0.0,-1.0,25.74,5.79,0.0
20201021:1030,0.0,0.0,25.79,5.72,0.0
20201021:1130,0.0,0.0,25.83,5.38,0.0
20201021:1230,0.0,0.0,25.68,4.41,0.0
20201021:1330,0.0,0.0,25.95,4.0,0.0
20201021:1430,0.0,0.0,25.85,4.21,0.0
20201021:1530,0.0,0.0,25.44,4.62,0.0
20201021:1630,0.0,0.0,25.29,4.48,0.0
20201021:1730,0.0,0.0,25.36,4.14,0.0
20201021:1830,0.0,0.0,25.61,3.79,0.0
20201021:1930,0.0,0.0,25.87,3.24,0.0
20201021:2030,0.0,0.0,25.81,3.59,0.0
20201021:2130,0.0,-2.94,26.02,3.93,0.0
20201021:2230,396.79,11.48,26.06,4.28,0.0
20201021:2330,567.05,25.7,26.35,4.34,0.0
20201022:0030,684.45,39.4,26.75,4.69,0.0
20201022:0130,807.84,52.32,27.32,5.86,0.0
20201022:0230,849.14,63.09,28.05,6.28,0.0
20201022:0330,895.35,68.25,28.63,6.07,0.0
20201022:0430,787.89,64.19,28.92,6.48,0.0
20201022:0530,688.98,53.89,28.11,6.76,0.0
20201022:0630,554.94,41.15,28.16,6.14,0.0
20201022:0730,284.19,27.44,28.01,4.97,0.0
20201022:0830,255.32,13.29,27.33,4.41,0.0
20201022:0930,0.0,-1.09,27.23,4.14,0.0
20201022:1030,0.0,0.0,26.87,3.31,0.0
20201022:1130,0.0,0.0,26.54,3.17,0.0
20201022:1230,0.0,0.0,26.18,3.45,0.0
20201022:1330,0.0,0.0,25.85,3.52,0.0
20201022:1430,0.0,0.0,25.58,3.86,0.0
20201022:1530,0.0,0.0,25.53,4.0,0.0
20201022:1630,0.0,0.0,25.29,3.93,0.0
20201022:1730,0.0,0.0,25.37,3.38,0.0
20201022:1830,0.0,0.0,25.67,3.17,0.0
20201022:1930,0.0,0.0,25.77,3.17,0.0
20201022:2030,0.0,0.0,25.7,3.72,0.0
20201022:2130,0.0,-2.98,25.38,3.72,0.0
20201022:2230,235.7,11.43,25.64,3.52,0.0
20201022:2330,570.6,25.62,25.98,3.72,0.0
20201023:0030,682.83,39.29,26.88,4.62,0.0
20201023:0130,691.34,52.14,27.79,4.83,0.0
20201023:0230,817.16,62.82,28.12,4.97,0.0
20201023:0330,485.73,67.9,28.48,5.66,0.0
20201023:0430,555.77,63.88,26.72,5.24,0.0
20201023:0530,530.59,53.65,27.46,4.69,0.0
20201023:0630,490.69,40.97,27.85,4.14,0.0
20201023:0730,232.16,27.31,26.8,4.97,0.0
20201023:0830,23.29,13.18,26.78,3.79,0.0
20201023:0930,0.0,-1.19,26.29,2.97,0.0
20201023:1030,0.0,0.0,26.01,2.55,0.0
20201023:1130,0.0,0.0,25.92,3.17,0.0
20201023:1230,0.0,0.0,25.66,3.66,0.0
20201023:1330,0.0,0.0,25.57,3.17,0.0
20201023:1430,0.0,0.0,25.37,3.17,0.0
20201023:1530,0.0,0.0,25.31,2.21,0.0
20201023:1630,0.0,0.0,25.47,2.28,0.0
20201023:1730,0.0,0.0,25.35,2.34,0.0
20201023:1830,0.0,0.0,25.28,2.69,0.0
20201023:1930,0.0,0.0,25.25,3.86,0.0
20201023:2030,0.0,0.0,25.27,3.72,0.0
20201023:2130,0.0,-3.01,25.25,3.52,0.0
20201023:2230,42.28,11.38,25.31,2.83,0.0
20201023:2330,266.96,25.54,25.63,2.48,0.0
20201024:0030,268.17,39.16,26.51,2.55,0.0
20201024:0130,198.61,51.96,26.71,2.83,0.0
20201024:0230,219.8,62.56,26.33,3.59,0.0
20201024:0330,150.36,67.55,26.21,3.52,0.0
20201024:0430,121.38,63.57,26.18,3.24,0.0
20201024:0530,126.39,53.43,26.31,3.45,0.0
20201024:0630,102.58,40.8,26.07,3.38,0.0
20201024:0730,113.98,27.17,26.8,3.72,0.0
20201024:0830,116.27,13.07,26.96,2.97,0.0
20201024:0930,0.0,-1.28,26.84,2.41,0.0
20201024:1030,0.0,0.0,26.4,2.0,0.0
20201024:1130,0.0,0.0,25.89,1.45,0.0
20201024:1230,0.0,0.0,25.65,1.52,0.0
20201024:1330,0.0,0.0,25.56,1.79,0.0
20201024:1430,0.0,0.0,25.46,2.0,0.0
20201024:1530,0.0,0.0,25.35,1.86,0.0
20201024:1630,0.0,0.0,25.32,1.93,0.0
20201024:1730,0.0,0.0,25.14,1.59,0.0
20201024:1830,0.0,0.0,24.92,1.59,0.0
20201024:1930,0.0,0.0,24.89,1.93,0.0
20201024:2030,0.0,0.0,24.61,1.24,0.0
20201024:2130,0.0,-3.05,24.78,0.9,0.0
20201024:2230,29.62,11.32,24.51,1.1,0.0
20201024:2330,121.42,25.46,25.44,1.17,0.0
20201025:0030,230.25,39.04,26.01,1.79,0.0
20201025:0130,425.06,51.78,26.69,2.21,0.0
20201025:0230,336.61,62.29,27.27,2.76,0.0
20201025:0330,343.48,67.21,27.21,3.17,0.0
20201025:0430,213.17,63.26,26.89,3.59,0.0
20201025:0530,181.04,53.2,26.51,3.31,0.0
20201025:0630,38.16,40.63,26.1,2.83,0.0
20201025:0730,15.65,27.04,25.81,5.03,0.0
20201025:0830,9.67,12.96,25.63,5.31,0.0
20201025:0930,0.0,-1.36,25.55,5.31,0.0
20201025:1030,0.0,0.0,25.49,5.24,0.0
20201025:1130,0.0,0.0,25.55,5.24,0.0
20201025:1230,0.0,0.0,25.65,5.59,0.0
20201025:1330,0.0,0.0,25.44,6.0,0.0
20201025:1430,0.0,0.0,25.41,6.55,0.0
20201025:1530,0.0,0.0,25.38,6.69,0.0
20201025:1630,0.0,0.0,25.37,6.9,0.0
20201025:1730,0.0,0.0,25.12,7.38,0.0
20201025:1830,0.0,0.0,25.17,8.0,0.0
20201025:1930,0.0,0.0,25.24,7.93,0.0
20201025:2030,0.0,0.0,24.79,8.21,0.0
20201025:2130,0.0,-3.09,25.04,7.93,0.0
20201025:2230,12.38,11.26,24.91,8.28,0.0
20201025:2330,36.7,25.37,24.74,8.62,0.0
20201026:0030,142.12,38.91,25.27,7.86,0.0
20201026:0130,238.33,51.6,25.4,7.45,0.0
20201026:0230,95.24,62.02,25.76,7.24,0.0
20201026:0330,154.18,66.86,25.14,7.03,0.0
20201026:0430,168.17,62.96,25.54,6.69,0.0
20201026:0530,99.56,52.97,24.47,7.52,0.0
20201026:0630,70.72,40.46,25.01,6.48,0.0
20201026:0730,25.27,26.91,25.58,7.31,0.0
20201026:0830,8.35,12.86,25.23,7.72,0.0
20201026:0930,0.0,-1.45,24.94,6.83,0.0
20201026:1030,0.0,0.0,25.06,6.76,0.0
20201026:1130,0.0,0.0,25.26,6.55,0.0
20201026:1230,0.0,0.0,25.32,6.34,0.0
20201026:1330,0.0,0.0,25.07,5.86,0.0
20201026:1430,0.0,0.0,25.16,6.0,0.0
20201026:1530,0.0,0.0,25.12,5.93,0.0
20201026:1630,0.0,0.0,25.17,5.86,0.0
20201026:1730,0.0,0.0,24.97,5.86,0.0
20201026:1830,0.0,0.0,25.09,5.45,0.0
20201026:1930,0.0,0.0,25.09,3.86,0.0
20201026:2030,0.0,0.0,25.2,2.97,0.0
20201026:2130,0.0,-3.13,25.12,2.41,0.0
20201026:2230,455.44,11.2,24.86,2.28,0.0
20201026:2330,707.43,25.28,25.81,2.07,0.0
20201027:0030,751.94,38.78,26.89,2.34,0.0
20201027:0130,828.24,51.41,27.54,2.69,0.0
20201027:0230,916.39,61.75,28.09,3.31,0.0
20201027:0330,813.95,66.52,28.54,4.21,0.0
20201027:0430,831.07,62.66,28.44,4.21,0.0
20201027:0530,568.52,52.75,28.4,4.48,0.0
20201027:0630,434.48,40.3,27.78,4.62,0.0
20201027:0730,158.3,26.78,27.53,4.14,0.0
20201027:0830,76.03,12.76,27.26,3.03,0.0
20201027:0930,0.0,-1.53,26.99,2.28,0.0
20201027:1030,0.0,0.0,26.82,1.66,0.0
20201027:1130,0.0,0.0,26.23,1.45,0.0
20201027:1230,0.0,0.0,25.64,1.72,0.0
20201027:1330,0.0,0.0,25.51,2.28,0.0
20201027:1430,0.0,0.0,25.33,2.0,0.0
20201027:1530,0.0,0.0,25.22,1.72,0.0
20201027:1630,0.0,0.0,25.68,1.03,0.0
20201027:1730,0.0,0.0,26.31,0.83,0.0
20201027:1830,0.0,0.0,24.66,1.31,0.0
20201027:1930,0.0,0.0,24.87,1.17,0.0
20201027:2030,0.0,0.0,23.93,1.86,0.0
20201027:2130,0.0,-3.18,24.0,2.07,0.0
20201027:2230,531.41,11.13,23.97,1.79,0.0
20201027:2330,604.0,25.19,26.09,1.03,0.0
20201028:0030,742.44,38.65,27.15,0.55,0.0
20201028:0130,877.89,51.22,27.77,0.34,0.0
20201028:0230,853.32,61.47,28.48,0.41,0.0
20201028:0330,789.32,66.19,29.05,0.97,0.0
20201028:0430,752.63,62.37,29.34,1.45,0.0
20201028:0530,776.61,52.54,29.22,1.52,0.0
20201028:0630,568.61,40.14,29.34,2.0,0.0
20201028:0730,381.42,26.66,29.18,0.69,0.0
20201028:0830,188.86,12.67,28.04,1.93,0.0
20201028:0930,0.0,-1.6,26.73,2.69,0.0
20201028:1030,0.0,0.0,26.18,3.1,0.0
20201028:1130,0.0,0.0,25.59,3.24,0.0
20201028:1230,0.0,0.0,25.4,2.62,0.0
20201028:1330,0.0,0.0,25.33,2.34,0.0
20201028:1430,0.0,0.0,25.24,2.34,0.0
20201028:1530,0.0,0.0,25.19,2.83,0.0
20201028:1630,0.0,0.0,25.18,3.03,0.0
20201028:1730,0.0,0.0,25.16,2.97,0.0
20201028:1830,0.0,0.0,25.09,3.24,0.0
20201028:1930,0.0,0.0,25.15,2.97,0.0
20201028:2030,0.0,0.0,25.02,3.03,0.0
20201028:2130,0.0,-3.23,24.92,3.03,0.0
20201028:2230,512.82,11.06,24.93,3.03,0.0
20201028:2330,675.36,25.09,25.82,2.76,0.0
20201029:0030,802.42,38.51,27.06,3.03,0.0
20201029:0130,740.75,51.03,28.15,3.66,0.0
20201029:0230,840.35,61.2,28.76,3.72,0.0
20201029:0330,577.18,65.85,29.13,3.59,0.0
20201029:0430,513.09,62.07,28.46,3.45,0.0
20201029:0530,564.81,52.32,27.71,3.1,0.0
20201029:0630,755.5,39.98,28.05,2.69,0.0
20201029:0730,572.77,26.54,29.44,3.38,0.0
20201029:0830,392.48,12.57,28.33,3.31,0.0
20201029:0930,0.0,-1.67,27.74,2.41,0.0
20201029:1030,0.0,0.0,27.09,2.55,0.0
20201029:1130,0.0,0.0,26.65,2.76,0.0
20201029:1230,0.0,0.0,26.3,3.31,0.0
20201029:1330,0.0,0.0,26.0,3.17,0.0
20201029:1430,0.0,0.0,25.61,3.24,0.0
20201029:1530,0.0,0.0,25.29,3.59,0.0
20201029:1630,0.0,0.0,25.08,3.59,0.0
20201029:1730,0.0,0.0,24.95,3.72,0.0
20201029:1830,0.0,0.0,24.87,3.86,0.0
20201029:1930,0.0,0.0,24.82,3.24,0.0
20201029:2030,0.0,0.0,24.85,2.83,0.0
20201029:2130,0.0,-3.28,24.93,3.17,0.0
20201029:2230,42.38,10.99,25.01,3.52,0.0
20201029:2330,64.76,25.0,25.18,3.52,0.0
20201030:0030,136.38,38.38,25.61,3.86,0.0
20201030:0130,338.97,50.84,26.1,4.34,0.0
20201030:0230,390.09,60.93,26.69,5.03,0.0
20201030:0330,301.08,65.52,27.37,5.38,0.0
20201030:0430,298.16,61.79,27.29,5.45,0.0
20201030:0530,331.52,52.11,27.29,5.24,0.0
20201030:0630,233.51,39.82,27.68,5.1,0.0
20201030:0730,130.94,26.42,27.34,4.0,0.0
20201030:0830,34.58,12.48,26.47,4.07,0.0
20201030:0930,0.0,-1.74,25.99,3.93,0.0
20201030:1030,0.0,0.0,25.55,4.0,0.0
20201030:1130,0.0,0.0,25.3,4.21,0.0
20201030:1230,0.0,0.0,25.14,4.21,0.0
20201030:1330,0.0,0.0,24.98,4.34,0.0
20201030:1430,0.0,0.0,24.95,4.28,0.0
20201030:1530,0.0,0.0,24.95,4.07,0.0
20201030:1630,0.0,0.0,25.12,4.28,0.0
20201030:1730,0.0,0.0,25.18,4.48,0.0
20201030:1830,0.0,0.0,25.19,4.28,0.0
20201030:1930,0.0,0.0,25.23,4.48,0.0
20201030:2030,0.0,0.0,25.35,4.34,0.0
20201030:2130,0.0,-3.33,25.39,4.14,0.0
20201030:2230,204.31,10.92,25.51,4.14,0.0
20201030:2330,488.06,24.9,25.95,4.48,0.0
20201031:0030,517.58,38.23,26.82,5.66,0.0
20201031:0130,639.13,50.64,27.36,5.59,0.0
20201031:0230,787.43,60.66,28.29,5.38,0.0
20201031:0330,782.2,65.2,28.96,5.17,0.0
20201031:0430,809.83,61.5,29.5,5.24,0.0
20201031:0530,780.2,51.9,29.71,5.24,0.0
20201031:0630,832.69,39.67,29.71,5.03,0.0
20201031:0730,687.68,26.31,29.53,4.9,0.0
20201031:0830,415.61,12.4,29.05,3.93,0.0
20201031:0930,0.0,-1.8,28.27,3.38,0.0
20201031:1030,0.0,0.0,27.14,3.93,0.0
20201031:1130,0.0,0.0,26.4,3.86,0.0
20201031:1230,0.0,0.0,25.95,3.59,0.0
20201031:1330,0.0,0.0,25.81,3.52,0.0
20201031:1430,0.0,0.0,25.63,2.97,0.0
20201031:1530,0.0,0.0,25.53,2.55,0.0
20201031:1630,0.0,0.0,25.43,2.21,0.0
20201031:1730,0.0,0.0,25.29,2.0,0.0
20201031:1830,0.0,0.0,25.02,1.72,0.0
20201031:1930,0.0,0.0,25.21,1.86,0.0
20201031:2030,0.0,0.0,25.08,1.59,0.0
20201031:2130,0.0,-3.38,25.88,0.62,0.0
20201031:2230,26.82,10.84,26.19,0.28,0.0
20201031:2330,78.22,24.79,25.78,1.66,0.0
20201101:0030,83.61,38.09,26.31,3.03,0.0
20201101:0130,175.51,50.44,26.5,3.72,0.0
20201101:0230,264.87,60.39,26.93,4.48,0.0
20201101:0330,309.88,64.87,27.54,5.17,0.0
20201101:0430,345.44,61.22,28.0,6.0,0.0
20201101:0530,342.52,51.7,27.75,6.83,0.0
20201101:0630,193.89,39.52,27.55,7.66,0.0
20201101:0730,195.15,26.2,26.28,6.69,0.0
20201101:0830,114.73,12.32,26.27,5.93,0.0
20201101:0930,0.0,-1.86,26.01,5.66,0.0
20201101:1030,0.0,0.0,25.74,5.52,0.0
20201101:1130,0.0,0.0,25.67,5.03,0.0
20201101:1230,0.0,0.0,25.72,4.28,0.0
20201101:1330,0.0,0.0,25.33,4.69,0.0
20201101:1430,0.0,0.0,25.4,4.55,0.0
20201101:1530,0.0,0.0,25.45,4.76,0.0
20201101:1630,0.0,0.0,25.42,4.76,0.0
20201101:1730,0.0,0.0,25.3,4.83,0.0
20201101:1830,0.0,0.0,25.08,4.76,0.0
20201101:1930,0.0,0.0,25.56,4.14,0.0
20201101:2030,0.0,0.0,25.41,3.86,0.0
20201101:2130,0.0,-3.44,25.37,4.14,0.0
20201101:2230,146.46,10.76,25.19,4.62,0.0
20201101:2330,419.9,24.69,25.45,5.24,0.0
20201102:0030,524.84,37.94,25.85,5.52,0.0
20201102:0130,623.16,50.24,26.56,5.31,0.0
20201102:0230,574.98,60.12,27.16,5.38,0.0
20201102:0330,500.91,64.55,27.32,6.69,0.0
20201102:0430,500.85,60.95,26.71,7.1,0.0
20201102:0530,288.91,51.5,26.92,6.0,0.0
20201102:0630,392.3,39.38,26.02,5.31,0.0
20201102:0730,344.55,26.09,26.57,6.14,0.0
20201102:0830,128.76,12.24,26.14,6.34,0.0
20201102:0930,0.0,-1.92,25.81,5.59,0.0
20201102:1030,0.0,0.0,25.58,4.9,0.0
20201102:1130,0.0,0.0,25.48,4.28,0.0
20201102:1230,0.0,0.0,25.48,4.07,0.0
20201102:1330,0.0,0.0,25.51,3.72,0.0
20201102:1430,0.0,0.0,25.45,3.79,0.0
20201102:1530,0.0,0.0,25.29,4.0,0.0
20201102:1630,0.0,0.0,25.32,4.21,0.0
20201102:1730,0.0,0.0,25.04,4.28,0.0
20201102:1830,0.0,0.0,25.08,4.0,0.0
20201102:1930,0.0,0.0,25.58,3.03,0.0
20201102:2030,0.0,0.0,25.66,2.9,0.0
20201102:2130,0.0,-3.5,25.61,2.62,0.0
20201102:2230,469.81,10.68,25.5,2.69,0.0
20201102:2330,622.19,24.58,25.83,3.24,0.0
20201103:0030,689.82,37.8,26.48,3.93,0.0
20201103:0130,726.17,50.04,26.88,4.41,0.0
20201103:0230,612.49,59.85,27.12,4.07,0.0
20201103:0330,729.26,64.24,27.41,3.66,0.0
20201103:0430,838.34,60.68,28.15,3.72,0.0
20201103:0530,728.87,51.3,28.65,4.14,0.0
20201103:0630,763.18,39.24,28.71,4.41,0.0
20201103:0730,531.87,25.99,28.78,4.34,0.0
20201103:0830,207.86,12.17,27.67,3.66,0.0
20201103:0930,0.0,-1.97,27.29,2.9,0.0
20201103:1030,0.0,0.0,26.78,2.83,0.0
20201103:1130,0.0,0.0,26.34,2.9,0.0
20201103:1230,0.0,0.0,25.95,2.9,0.0
20201103:1330,0.0,0.0,25.7,2.83,0.0
20201103:1430,0.0,0.0,25.5,2.83,0.0
20201103:1530,0.0,0.0,25.54,2.9,0.0
20201103:1630,0.0,0.0,25.37,2.48,0.0
20201103:1730,0.0,0.0,25.17,2.28,0.0
20201103:1830,0.0,0.0,24.92,1.93,0.0
20201103:1930,0.0,0.0,24.97,1.93,0.0
20201103:2030,0.0,0.0,24.91,1.93,0.0
20201103:2130,0.0,-3.56,24.94,2.34,0.0
20201103:2230,131.9,10.6,24.77,2.21,0.0
20201103:2330,222.08,24.46,25.42,1.66,0.0
20201104:0030,434.59,37.65,26.16,1.59,0.0
20201104:0130,630.99,49.84,26.97,1.59,0.0
20201104:0230,600.43,59.58,27.79,2.07,0.0
20201104:0330,594.32,63.93,28.23,2.28,0.0
20201104:0430,440.48,60.41,28.42,2.55,0.0
20201104:0530,400.94,51.11,28.01,2.83,0.0
20201104:0630,406.7,39.1,27.66,3.03,0.0
20201104:0730,298.92,25.89,28.11,1.93,0.0
20201104:0830,38.35,12.1,27.93,1.24,0.0
20201104:0930,0.0,-2.02,26.84,0.69,0.0
20201104:1030,0.0,0.0,26.3,0.97,0.0
20201104:1130,0.0,0.0,25.74,1.24,0.0
20201104:1230,0.0,0.0,25.52,1.45,0.0
20201104:1330,0.0,0.0,25.29,1.45,0.0
20201104:1430,0.0,0.0,25.06,1.38,0.0
20201104:1530,0.0,0.0,25.2,1.03,0.0
20201104:1630,0.0,0.0,25.74,0.69,0.0
20201104:1730,0.0,0.0,25.03,0.9,0.0
20201104:1830,0.0,0.0,25.46,0.69,0.0
20201104:1930,0.0,0.0,25.29,1.03,0.0
20201104:2030,0.0,0.0,24.73,1.66,0.0
20201104:2130,0.0,-3.63,24.34,1.24,0.0
20201104:2230,89.88,10.51,24.53,1.03,0.0
20201104:2330,221.72,24.35,25.46,1.03,0.0
20201105:0030,397.99,37.49,26.05,1.1,0.0
20201105:0130,459.47,49.64,26.39,1.17,0.0
20201105:0230,532.59,59.31,26.67,1.1,0.0
20201105:0330,679.73,63.62,27.13,0.48,0.0
20201105:0430,576.83,60.15,27.59,0.9,0.0
20201105:0530,413.23,50.92,27.9,0.62,0.0
20201105:0630,240.71,38.97,27.44,0.83,0.0
20201105:0730,130.57,25.8,27.03,1.1,0.0
20201105:0830,140.35,12.03,26.34,0.62,0.0
20201105:0930,0.0,-2.06,26.09,0.62,0.0
20201105:1030,0.0,0.0,25.71,1.03,0.0
20201105:1130,0.0,0.0,25.47,1.66,0.0
20201105:1230,0.0,0.0,25.3,1.86,0.0
20201105:1330,0.0,0.0,25.2,2.07,0.0
20201105:1430,0.0,0.0,25.0,1.79,0.0
20201105:1530,0.0,0.0,24.82,1.52,0.0
20201105:1630,0.0,0.0,24.95,1.66,0.0
20201105:1730,0.0,0.0,24.58,1.72,0.0
20201105:1830,0.0,0.0,24.34,1.79,0.0
20201105:1930,0.0,0.0,24.41,1.66,0.0
20201105:2030,0.0,0.0,24.14,1.79,0.0
20201105:2130,0.0,-3.7,24.05,1.93,0.0
20201105:2230,212.07,10.42,24.11,2.07,0.0
20201105:2330,390.92,24.23,24.66,1.93,0.0
20201106:0030,493.0,37.34,25.64,2.34,0.0
20201106:0130,696.81,49.43,26.64,3.17,0.0
20201106:0230,609.67,59.04,27.47,3.72,0.0
20201106:0330,484.79,63.31,27.84,3.93,0.0
20201106:0430,238.31,59.89,27.71,4.55,0.0
20201106:0530,156.47,50.73,27.15,4.21,0.0
20201106:0630,577.38,38.84,27.11,3.79,0.0
20201106:0730,555.72,25.71,28.06,4.97,0.0
20201106:0830,220.7,11.97,27.99,4.62,0.0
20201106:0930,0.0,-2.1,27.44,4.28,0.0
20201106:1030,0.0,0.0,26.81,3.93,0.0
20201106:1130,0.0,0.0,26.52,4.07,0.0
20201106:1230,0.0,0.0,26.25,4.0,0.0
20201106:1330,0.0,0.0,26.07,3.59,0.0
20201106:1430,0.0,0.0,25.97,3.31,0.0
20201106:1530,0.0,0.0,25.8,3.38,0.0
20201106:1630,0.0,0.0,25.66,3.59,0.0
20201106:1730,0.0,0.0,25.29,3.86,0.0
20201106:1830,0.0,0.0,25.09,4.0,0.0
20201106:1930,0.0,0.0,25.31,2.9,0.0
20201106:2030,0.0,0.0,25.19,3.1,0.0
20201106:2130,0.0,-3.77,25.16,3.31,0.0
20201106:2230,66.83,10.33,25.23,3.38,0.0
20201106:2330,212.3,24.12,25.51,3.17,0.0
20201107:0030,307.76,37.18,26.35,3.03,0.0
20201107:0130,370.83,49.23,27.16,3.72,0.0
20201107:0230,443.81,58.78,27.69,4.21,0.0
20201107:0330,447.54,63.02,28.04,4.28,0.0
20201107:0430,282.2,59.64,27.57,4.83,0.0
20201107:0530,133.7,50.55,26.57,4.55,0.0
20201107:0630,87.04,38.71,25.94,3.66,0.0
20201107:0730,55.32,25.62,26.01,2.76,0.0
20201107:0830,12.29,11.91,25.9,2.21,0.0
20201107:0930,0.0,-2.13,25.69,2.41,0.0
20201107:1030,0.0,0.0,25.42,2.97,0.0
20201107:1130,0.0,0.0,25.3,2.97,0.0
20201107:1230,0.0,0.0,25.14,3.03,0.0
20201107:1330,0.0,0.0,25.11,3.1,0.0
20201107:1430,0.0,0.0,25.12,2.9,0.0
20201107:1530,0.0,0.0,25.12,2.34,0.0
20201107:1630,0.0,0.0,24.97,1.93,0.0
20201107:1730,0.0,0.0,24.75,1.59,0.0
20201107:1830,0.0,0.0,24.64,1.45,0.0
20201107:1930,0.0,0.0,24.77,3.03,0.0
20201107:2030,0.0,0.0,24.8,2.97,0.0
20201107:2130,0.0,-3.84,24.8,2.69,0.0
20201107:2230,270.29,10.24,24.73,2.76,0.0
20201107:2330,691.19,24.0,25.37,3.31,0.0
20201108:0030,824.02,37.03,26.25,3.52,0.0
20201108:0130,807.17,49.03,26.99,3.52,0.0
20201108:0230,878.59,58.51,27.62,3.79,0.0
20201108:0330,928.02,62.72,28.27,4.0,0.0
20201108:0430,747.69,59.39,28.71,3.86,0.0
20201108:0530,833.53,50.37,28.76,3.86,0.0
20201108:0630,707.82,38.59,28.87,3.72,0.0
20201108:0730,562.75,25.54,28.79,3.66,0.0
20201108:0830,284.89,11.86,28.38,3.38,0.0
20201108:0930,0.0,-2.17,27.55,2.83,0.0
20201108:1030,0.0,0.0,26.77,2.69,0.0
20201108:1130,0.0,0.0,26.35,2.55,0.0
20201108:1230,0.0,0.0,26.03,2.55,0.0
20201108:1330,0.0,0.0,25.81,2.83,0.0
20201108:1430,0.0,0.0,25.64,3.03,0.0
20201108:1530,0.0,0.0,25.5,2.69,0.0
20201108:1630,0.0,0.0,25.37,2.07,0.0
20201108:1730,0.0,0.0,24.97,1.72,0.0
20201108:1830,0.0,0.0,25.03,1.24,0.0
20201108:1930,0.0,0.0,26.09,0.69,0.0
20201108:2030,0.0,0.0,25.24,1.1,0.0
20201108:2130,0.0,-3.91,24.28,1.52,0.0
20201108:2230,430.92,10.14,25.69,0.97,0.0
20201108:2330,552.17,23.87,26.17,0.62,0.0
20201109:0030,787.96,36.87,26.9,1.03,0.0
20201109:0130,814.26,48.82,27.54,1.52,0.0
20201109:0230,819.1,58.25,28.1,1.79,0.0
20201109:0330,707.13,62.43,28.52,2.14,0.0
20201109:0430,689.35,59.14,28.71,2.0,0.0
20201109:0530,439.46,50.2,28.74,2.34,0.0
20201109:0630,514.0,38.47,28.08,2.9,0.0
20201109:0730,334.93,25.46,27.98,2.0,0.0
20201109:0830,175.94,11.81,27.87,1.93,0.0
20201109:0930,0.0,-2.19,27.67,1.17,0.0
20201109:1030,0.0,0.0,26.98,0.97,0.0
20201109:1130,0.0,0.0,26.82,0.9,0.0
20201109:1230,0.0,0.0,25.67,1.38,0.0
20201109:1330,0.0,0.0,25.28,1.31,0.0
20201109:1430,0.0,0.0,25.31,0.97,0.0
20201109:1530,0.0,0.0,26.17,0.69,0.0
20201109:1630,0.0,0.0,25.22,0.83,0.0
20201109:1730,0.0,0.0,24.45,1.59,0.0
20201109:1830,0.0,0.0,24.31,2.07,0.0
20201109:1930,0.0,0.0,25.18,1.1,0.0
20201109:2030,0.0,0.0,25.21,1.03,0.0
20201109:2130,0.0,-3.99,24.72,1.17,0.0
20201109:2230,316.92,10.04,25.64,0.69,0.0
20201109:2330,586.53,23.75,25.95,0.28,0.0
20201110:0030,632.87,36.71,26.51,0.21,0.0
20201110:0130,809.99,48.61,27.12,0.69,0.0
20201110:0230,743.6,57.99,27.93,2.21,0.0
20201110:0330,694.21,62.15,28.59,2.76,0.0
20201110:0430,661.5,58.91,27.92,2.76,0.0
20201110:0530,597.67,50.03,27.43,2.9,0.0
20201110:0630,211.31,38.36,27.86,2.69,0.0
20201110:0730,127.26,25.38,26.71,2.9,0.0
20201110:0830,85.46,11.76,26.67,1.86,0.0
20201110:0930,0.0,-2.22,26.65,1.31,0.0
20201110:1030,0.0,0.0,26.24,1.66,0.0
20201110:1130,0.0,0.0,25.77,1.17,0.0
20201110:1230,0.0,0.0,26.35,0.62,0.0
20201110:1330,0.0,0.0,26.41,0.28,0.0
20201110:1430,0.0,0.0,26.41,0.28,0.0
20201110:1530,0.0,0.0,25.55,0.9,0.0
20201110:1630,0.0,0.0,24.8,1.93,0.0
20201110:1730,0.0,0.0,24.93,2.34,0.0
20201110:1830,0.0,0.0,24.94,2.34,0.0
20201110:1930,0.0,0.0,25.16,2.69,0.0
20201110:2030,0.0,0.0,25.21,2.62,0.0
20201110:2130,0.0,-4.07,25.22,2.34,0.0
20201110:2230,28.69,9.94,25.3,2.48,0.0
20201110:2330,76.05,23.62,25.55,2.76,0.0
20201111:0030,163.53,36.55,26.09,3.66,0.0
20201111:0130,332.64,48.41,26.56,4.41,0.0
20201111:0230,407.38,57.73,27.08,4.9,0.0
20201111:0330,380.39,61.86,27.47,4.97,0.0
20201111:0430,286.4,58.67,27.27,5.1,0.0
20201111:0530,195.6,49.87,26.9,5.31,0.0
20201111:0630,147.11,38.25,26.65,5.59,0.0
20201111:0730,80.28,25.31,26.3,4.97,0.0
20201111:0830,27.09,11.72,26.09,5.03,0.0
20201111:0930,0.0,-2.23,25.96,4.69,0.0
20201111:1030,0.0,0.0,25.81,4.41,0.0
20201111:1130,0.0,0.0,25.85,4.21,0.0
20201111:1230,0.0,0.0,25.93,4.21,0.0
20201111:1330,0.0,0.0,26.04,4.41,0.0
20201111:1430,0.0,0.0,26.04,4.55,0.0
20201111:1530,0.0,0.0,26.16,4.34,0.0
20201111:1630,0.0,0.0,25.96,4.69,0.0
20201111:1730,0.0,0.0,25.76,5.45,0.0
20201111:1830,0.0,0.0,25.7,5.45,0.0
20201111:1930,0.0,0.0,25.43,5.38,0.0
20201111:2030,0.0,0.0,25.34,5.24,0.0
20201111:2130,0.0,-4.15,25.66,4.9,0.0
20201111:2230,186.17,9.84,25.81,4.62,0.0
20201111:2330,231.21,23.49,26.0,5.17,0.0
20201112:0030,478.08,36.38,26.23,5.59,0.0
20201112:0130,543.1,48.2,26.7,6.21,0.0
20201112:0230,642.53,57.48,27.08,6.69,0.0
20201112:0330,722.56,61.59,27.42,6.41,0.0
20201112:0430,663.54,58.44,27.8,5.72,0.0
20201112:0530,511.37,49.71,27.81,5.59,0.0
20201112:0630,404.21,38.14,27.74,5.17,0.0
20201112:0730,424.78,25.24,27.54,4.55,0.0
20201112:0830,109.19,11.68,26.89,4.48,0.0
20201112:0930,0.0,-2.25,26.48,3.72,0.0
20201112:1030,0.0,0.0,26.25,3.17,0.0
20201112:1130,0.0,0.0,26.21,2.83,0.0
20201112:1230,0.0,0.0,26.27,2.55,0.0
20201112:1330,0.0,0.0,26.25,2.21,0.0
20201112:1430,0.0,0.0,25.94,1.93,0.0
20201112:1530,0.0,0.0,25.68,1.86,0.0
20201112:1630,0.0,0.0,25.43,1.79,0.0
20201112:1730,0.0,0.0,25.09,1.66,0.0
20201112:1830,0.0,0.0,24.93,1.52,0.0
20201112:1930,0.0,0.0,26.28,0.41,0.0
20201112:2030,0.0,0.0,26.23,0.34,0.0
20201112:2130,0.0,-4.23,26.15,0.55,0.0
20201112:2230,332.8,9.73,25.3,0.9,0.0
20201112:2330,620.44,23.36,25.61,1.17,0.0
20201113:0030,825.07,36.22,26.65,1.38,0.0
20201113:0130,950.05,48.0,27.61,1.24,0.0
20201113:0230,898.95,57.23,28.56,1.1,0.0
20201113:0330,811.66,61.32,29.18,1.03,0.0
20201113:0430,837.68,58.22,29.48,0.97,0.0
20201113:0530,829.83,49.55,29.66,1.52,0.0
20201113:0630,673.54,38.04,29.58,1.86,0.0
20201113:0730,574.57,25.18,29.64,2.14,0.0
20201113:0830,339.73,11.64,29.34,2.28,0.0
20201113:0930,0.0,-2.26,28.66,2.41,0.0
20201113:1030,0.0,0.0,27.83,2.69,0.0
20201113:1130,0.0,0.0,27.33,2.76,0.0
20201113:1230,0.0,0.0,27.01,3.03,0.0
20201113:1330,0.0,0.0,26.78,3.24,0.0
20201113:1430,0.0,0.0,26.66,3.31,0.0
20201113:1530,0.0,0.0,26.4,3.79,0.0
20201113:1630,0.0,0.0,26.2,4.21,0.0
20201113:1730,0.0,0.0,25.95,4.41,0.0
20201113:1830,0.0,0.0,25.68,4.28,0.0
20201113:1930,0.0,0.0,25.65,4.34,0.0
20201113:2030,0.0,0.0,25.61,4.28,0.0
20201113:2130,0.0,-4.32,25.66,4.48,0.0
20201113:2230,536.46,9.63,25.59,4.97,0.0
20201113:2330,641.22,23.23,26.14,5.38,0.0
20201114:0030,745.48,36.06,27.04,6.76,0.0
20201114:0130,794.66,47.79,27.72,6.97,0.0
20201114:0230,831.35,56.98,28.48,6.69,0.0
20201114:0330,859.93,61.05,29.08,6.48,0.0
20201114:0430,745.38,58.0,29.53,6.21,0.0
20201114:0530,764.41,49.4,29.57,5.86,0.0
20201114:0630,789.68,37.94,29.55,5.72,0.0
20201114:0730,730.11,25.12,29.21,5.86,0.0
20201114:0830,512.77,11.61,28.82,5.31,0.0
20201114:0930,0.0,-2.27,28.05,4.9,0.0
20201114:1030,0.0,0.0,27.35,4.9,0.0
20201114:1130,0.0,0.0,26.97,4.76,0.0
20201114:1230,0.0,0.0,26.67,4.9,0.0
20201114:1330,0.0,0.0,26.35,5.17,0.0
20201114:1430,0.0,0.0,26.02,5.31,0.0
20201114:1530,0.0,0.0,25.81,5.03,0.0
20201114:1630,0.0,0.0,25.71,4.76,0.0
20201114:1730,0.0,0.0,25.61,4.83,0.0
20201114:1830,0.0,0.0,25.68,5.1,0.0
20201114:1930,0.0,0.0,25.47,4.97,0.0
20201114:2030,0.0,0.0,25.35,5.24,0.0
20201114:2130,0.0,-4.4,25.43,5.52,0.0
20201114:2230,275.97,9.52,25.46,5.45,0.0
20201114:2330,614.4,23.1,25.67,5.93,0.0
20201115:0030,820.49,35.89,26.37,6.34,0.0
20201115:0130,748.52,47.59,27.36,6.28,0.0
20201115:0230,822.64,56.73,27.95,6.28,0.0
20201115:0330,970.61,60.79,28.6,6.14,0.0
20201115:0430,820.77,57.79,29.27,6.14,0.0
20201115:0530,767.57,49.26,29.3,5.86,0.0
20201115:0630,889.98,37.85,29.33,5.66,0.0
20201115:0730,819.51,25.07,29.23,6.0,0.0
20201115:0830,525.67,11.59,28.73,5.79,0.0
20201115:0930,0.0,-2.27,27.82,5.52,0.0
20201115:1030,0.0,0.0,27.02,5.38,0.0
20201115:1130,0.0,0.0,26.65,5.17,0.0
20201115:1230,0.0,0.0,26.53,4.97,0.0
20201115:1330,0.0,0.0,26.32,5.03,0.0
20201115:1430,0.0,0.0,26.2,5.17,0.0
20201115:1530,0.0,0.0,25.94,5.24,0.0
20201115:1630,0.0,0.0,25.82,5.03,0.0
20201115:1730,0.0,0.0,25.53,5.03,0.0
20201115:1830,0.0,0.0,25.27,5.1,0.0
20201115:1930,0.0,0.0,25.85,5.72,0.0
20201115:2030,0.0,0.0,25.79,5.45,0.0
20201115:2130,0.0,-4.49,25.73,5.03,0.0
20201115:2230,529.11,9.41,25.68,5.03,0.0
20201115:2330,758.8,22.97,26.18,4.97,0.0
20201116:0030,825.71,35.73,27.11,5.24,0.0
20201116:0130,889.82,47.39,28.11,5.38,0.0
20201116:0230,898.44,56.49,28.95,5.45,0.0
20201116:0330,969.27,60.54,29.47,5.38,0.0
20201116:0430,920.85,57.58,29.95,5.45,0.0
20201116:0530,877.37,49.12,30.01,5.38,0.0
20201116:0630,881.76,37.76,29.8,5.59,0.0
20201116:0730,634.25,25.02,29.44,5.59,0.0
20201116:0830,278.25,11.57,28.69,5.31,0.0
20201116:0930,0.0,-2.27,27.92,4.69,0.0
20201116:1030,0.0,0.0,27.28,4.55,0.0
20201116:1130,0.0,0.0,26.85,3.93,0.0
20201116:1230,0.0,0.0,26.53,4.28,0.0
20201116:1330,0.0,0.0,26.22,4.62,0.0
20201116:1430,0.0,0.0,25.93,4.28,0.0
20201116:1530,0.0,0.0,25.67,4.21,0.0
20201116:1630,0.0,0.0,25.53,4.21,0.0
20201116:1730,0.0,0.0,25.3,4.41,0.0
20201116:1830,0.0,0.0,25.18,4.62,0.0
20201116:1930,0.0,0.0,25.48,4.83,0.0
20201116:2030,0.0,0.0,25.47,4.97,0.0
20201116:2130,0.0,-4.58,25.5,4.83,0.0
20201116:2230,438.08,9.3,25.49,4.41,0.0
20201116:2330,695.31,22.83,26.0,4.28,0.0
20201117:0030,593.96,35.56,27.05,5.31,0.0
20201117:0130,552.66,47.18,27.85,5.24,0.0
20201117:0230,396.29,56.24,28.37,5.03,0.0
20201117:0330,619.74,60.29,28.59,4.34,0.0
20201117:0430,631.34,57.38,29.03,4.07,0.0
20201117:0530,720.57,48.98,29.06,4.0,0.0
20201117:0630,587.49,37.68,28.04,4.41,0.0
20201117:0730,558.82,24.97,28.61,4.14,0.0
20201117:0830,345.67,11.55,28.32,4.69,0.0
20201117:0930,0.0,-2.27,27.46,4.48,0.0
20201117:1030,0.0,0.0,26.6,4.62,0.0
20201117:1130,0.0,0.0,26.23,4.55,0.0
20201117:1230,0.0,0.0,26.03,4.48,0.0
20201117:1330,0.0,0.0,25.83,4.21,0.0
20201117:1430,0.0,0.0,25.76,4.34,0.0
20201117:1530,0.0,0.0,25.64,4.55,0.0
20201117:1630,0.0,0.0,25.52,4.41,0.0
20201117:1730,0.0,0.0,25.36,4.41,0.0
20201117:1830,0.0,0.0,25.27,4.28,0.0
20201117:1930,0.0,0.0,25.28,3.86,0.0
20201117:2030,0.0,0.0,25.25,3.79,0.0
20201117:2130,0.0,-4.67,25.25,3.79,0.0
20201117:2230,565.18,9.19,25.46,3.79,0.0
20201117:2330,791.89,22.7,26.1,3.93,0.0
20201118:0030,806.06,35.4,27.08,4.76,0.0
20201118:0130,863.66,46.98,27.82,4.83,0.0
20201118:0230,939.25,56.01,28.59,4.83,0.0
20201118:0330,811.19,60.04,29.34,4.69,0.0
20201118:0430,748.31,57.19,29.53,4.76,0.0
20201118:0530,889.97,48.85,29.53,5.17,0.0
20201118:0630,707.19,37.6,29.54,5.38,0.0
20201118:0730,728.59,24.93,29.29,5.1,0.0
20201118:0830,496.82,11.53,28.85,4.9,0.0
20201118:0930,0.0,-2.26,28.11,4.41,0.0
20201118:1030,0.0,0.0,27.4,4.41,0.0
20201118:1130,0.0,0.0,27.03,4.48,0.0
20201118:1230,0.0,0.0,26.71,4.69,0.0
20201118:1330,0.0,0.0,26.41,4.83,0.0
20201118:1430,0.0,0.0,26.02,4.83,0.0
20201118:1530,0.0,0.0,25.8,4.76,0.0
20201118:1630,0.0,0.0,25.62,4.41,0.0
20201118:1730,0.0,0.0,25.42,4.34,0.0
20201118:1830,0.0,0.0,25.41,4.48,0.0
20201118:1930,0.0,0.0,25.66,4.21,0.0
20201118:2030,0.0,0.0,25.6,4.34,0.0
20201118:2130,0.0,-4.77,25.61,4.62,0.0
20201118:2230,440.22,9.07,25.57,4.62,0.0
20201118:2330,585.09,22.56,26.06,4.76,0.0
20201119:0030,735.91,35.23,26.9,6.0,0.0
20201119:0130,851.68,46.78,27.81,5.79,0.0
20201119:0230,789.31,55.77,28.22,6.14,0.0
20201119:0330,871.82,59.8,28.57,5.72,0.0
20201119:0430,748.07,56.99,28.96,5.38,0.0
20201119:0530,551.73,48.73,28.48,5.38,0.0
20201119:0630,557.27,37.52,28.2,4.9,0.0
20201119:0730,604.63,24.89,28.27,4.69,0.0
20201119:0830,461.25,11.52,27.69,4.9,0.0
20201119:0930,0.0,-2.25,27.01,4.55,0.0
20201119:1030,0.0,0.0,26.45,4.0,0.0
20201119:1130,0.0,0.0,26.1,4.34,0.0
20201119:1230,0.0,0.0,25.88,4.48,0.0
20201119:1330,0.0,0.0,25.78,4.62,0.0
20201119:1430,0.0,0.0,25.61,4.62,0.0
20201119:1530,0.0,0.0,25.51,4.69,0.0
20201119:1630,0.0,0.0,25.49,4.48,0.0
20201119:1730,0.0,0.0,25.42,4.07,0.0
20201119:1830,0.0,0.0,25.35,3.86,0.0
20201119:1930,0.0,0.0,25.39,4.28,0.0
20201119:2030,0.0,0.0,25.42,4.14,0.0
20201119:2130,0.0,-4.86,25.44,4.07,0.0
20201119:2230,359.02,8.96,25.35,4.07,0.0
20201119:2330,730.56,22.42,25.79,4.62,0.0
20201120:0030,642.96,35.06,26.69,5.17,0.0
20201120:0130,690.67,46.59,27.37,4.9,0.0
20201120:0230,861.54,55.54,27.95,4.62,0.0
20201120:0330,767.63,59.57,28.74,4.34,0.0
20201120:0430,808.77,56.81,29.02,4.21,0.0
20201120:0530,708.88,48.61,29.17,4.28,0.0
20201120:0630,679.92,37.46,29.33,4.48,0.0
20201120:0730,704.73,24.86,29.05,4.41,0.0
20201120:0830,488.98,11.52,28.67,4.48,0.0
20201120:0930,0.0,-2.23,27.95,3.79,0.0
20201120:1030,0.0,0.0,27.3,3.66,0.0
20201120:1130,0.0,0.0,26.93,3.59,0.0
20201120:1230,0.0,0.0,26.62,3.66,0.0
20201120:1330,0.0,0.0,26.44,3.86,0.0
20201120:1430,0.0,0.0,26.2,4.14,0.0
20201120:1530,0.0,0.0,25.9,3.93,0.0
20201120:1630,0.0,0.0,25.56,4.07,0.0
20201120:1730,0.0,0.0,25.41,4.28,0.0
20201120:1830,0.0,0.0,25.32,4.41,0.0
20201120:1930,0.0,0.0,25.42,4.55,0.0
20201120:2030,0.0,0.0,25.4,4.62,0.0
20201120:2130,0.0,-4.96,25.35,4.69,0.0
20201120:2230,409.97,8.84,25.39,4.83,0.0
20201120:2330,676.75,22.28,25.68,5.45,0.0
20201121:0030,794.18,34.9,26.54,6.28,0.0
20201121:0130,855.09,46.39,27.4,6.14,0.0
20201121:0230,901.28,55.32,28.28,6.21,0.0
20201121:0330,847.06,59.34,28.9,6.34,0.0
20201121:0430,889.99,56.63,29.23,6.21,0.0
20201121:0530,948.61,48.49,29.49,6.21,0.0
20201121:0630,906.37,37.39,29.61,6.21,0.0
20201121:0730,657.37,24.83,29.16,5.79,0.0
20201121:0830,503.51,11.51,28.55,5.17,0.0
20201121:0930,0.0,-2.21,27.69,5.24,0.0
20201121:1030,0.0,0.0,26.84,5.52,0.0
20201121:1130,0.0,0.0,26.41,5.52,0.0
20201121:1230,0.0,0.0,26.06,5.52,0.0
20201121:1330,0.0,0.0,25.92,5.52,0.0
20201121:1430,0.0,0.0,25.88,5.52,0.0
20201121:1530,0.0,0.0,25.77,5.38,0.0
20201121:1630,0.0,0.0,25.57,5.52,0.0
20201121:1730,0.0,0.0,25.37,5.79,0.0
20201121:1830,0.0,0.0,25.08,5.45,0.0
20201121:1930,0.0,0.0,25.19,5.72,0.0
20201121:2030,0.0,0.0,25.06,5.93,0.0
20201121:2130,0.0,-5.06,24.97,6.21,0.0
20201121:2230,316.6,8.72,24.9,6.28,0.0
20201121:2330,527.37,22.14,25.12,6.97,0.0
20201122:0030,628.6,34.74,25.62,7.66,0.0
20201122:0130,734.45,46.2,26.3,7.52,0.0
20201122:0230,702.23,55.09,26.84,7.38,0.0
20201122:0330,808.38,59.12,27.28,7.17,0.0
20201122:0430,675.15,56.46,27.84,6.69,0.0
20201122:0530,745.74,48.38,27.64,6.76,0.0
20201122:0630,764.14,37.33,27.81,6.83,0.0
20201122:0730,398.59,24.8,28.31,7.17,0.0
20201122:0830,310.94,11.52,27.89,6.69,0.0
20201122:0930,0.0,-2.19,27.25,5.79,0.0
20201122:1030,0.0,0.0,26.85,5.1,0.0
20201122:1130,0.0,0.0,26.61,5.31,0.0
20201122:1230,0.0,0.0,26.54,5.66,0.0
20201122:1330,0.0,0.0,26.48,5.93,0.0
20201122:1430,0.0,0.0,26.43,5.79,0.0
20201122:1530,0.0,0.0,26.29,5.52,0.0
20201122:1630,0.0,0.0,26.18,5.59,0.0
20201122:1730,0.0,0.0,26.1,5.86,0.0
20201122:1830,0.0,0.0,26.06,5.93,0.0
20201122:1930,0.0,0.0,25.81,5.79,0.0
20201122:2030,0.0,0.0,25.5,6.0,0.0
20201122:2130,0.0,-5.16,25.35,5.24,0.0
20201122:2230,328.61,8.61,25.32,4.9,0.0
20201122:2330,412.3,22.0,25.66,5.72,0.0
20201123:0030,455.93,34.57,26.22,6.55,0.0
20201123:0130,265.63,46.0,26.4,6.48,0.0
20201123:0230,332.21,54.88,26.23,7.1,0.0
20201123:0330,323.51,58.9,25.87,7.03,0.0
20201123:0430,263.65,56.29,25.96,7.79,0.0
20201123:0530,321.65,48.28,25.61,7.86,0.0
20201123:0630,226.5,37.27,25.56,8.62,0.0
20201123:0730,130.98,24.78,25.99,7.79,0.0
20201123:0830,37.9,11.52,26.16,8.07,0.0
20201123:0930,0.0,-2.16,26.01,7.93,0.0
20201123:1030,0.0,0.0,25.74,7.59,0.0
20201123:1130,0.0,0.0,25.78,7.38,0.0
20201123:1230,0.0,0.0,25.83,7.24,0.0
20201123:1330,0.0,0.0,25.91,7.03,0.0
20201123:1430,0.0,0.0,25.93,6.9,0.0
20201123:1530,0.0,0.0,25.91,6.69,0.0
20201123:1630,0.0,0.0,25.74,6.28,0.0
20201123:1730,0.0,0.0,25.48,5.86,0.0
20201123:1830,0.0,0.0,25.22,5.86,0.0
20201123:1930,0.0,0.0,25.37,5.79,0.0
20201123:2030,0.0,0.0,25.19,6.0,0.0
20201123:2130,0.0,-5.26,25.03,5.86,0.0
20201123:2230,429.32,8.49,25.05,5.79,0.0
20201123:2330,599.29,21.86,25.52,6.21,0.0
20201124:0030,533.1,34.41,26.19,7.86,0.0
20201124:0130,570.94,45.81,26.54,7.86,0.0
20201124:0230,765.51,54.66,26.98,8.07,0.0
20201124:0330,743.87,58.69,27.38,7.93,0.0
20201124:0430,606.62,56.13,27.32,7.59,0.0
20201124:0530,801.62,48.18,27.04,7.31,0.0
20201124:0630,748.89,37.22,27.41,7.31,0.0
20201124:0730,524.06,24.77,26.97,8.69,0.0
20201124:0830,458.96,11.53,26.43,8.28,0.0
20201124:0930,0.0,-2.13,25.69,7.79,0.0
20201124:1030,0.0,0.0,25.31,7.1,0.0
20201124:1130,0.0,0.0,25.38,6.9,0.0
20201124:1230,0.0,0.0,25.09,6.97,0.0
20201124:1330,0.0,0.0,25.17,6.76,0.0
20201124:1430,0.0,0.0,25.03,6.62,0.0
20201124:1530,0.0,0.0,24.98,6.76,0.0
20201124:1630,0.0,0.0,24.88,6.76,0.0
20201124:1730,0.0,0.0,24.67,6.83,0.0
20201124:1830,0.0,0.0,24.67,6.76,0.0
20201124:1930,0.0,0.0,24.8,6.97,0.0
20201124:2030,0.0,0.0,24.81,6.69,0.0
20201124:2130,0.0,-5.36,24.83,6.55,0.0
20201124:2230,432.13,8.37,24.91,6.41,0.0
20201124:2330,548.8,21.72,25.27,6.55,0.0
20201125:0030,567.26,34.25,26.01,7.45,0.0
20201125:0130,799.01,45.63,26.56,7.86,0.0
20201125:0230,771.55,54.45,27.3,8.14,0.0
20201125:0330,824.17,58.49,27.56,8.21,0.0
20201125:0430,773.34,55.98,27.8,8.34,0.0
20201125:0530,902.22,48.09,27.78,8.21,0.0
20201125:0630,598.2,37.18,27.82,7.86,0.0
20201125:0730,503.78,24.75,27.52,7.31,0.0
20201125:0830,385.52,11.54,27.09,6.62,0.0
20201125:0930,0.0,-2.1,26.37,6.14,0.0
20201125:1030,0.0,0.0,25.77,5.79,0.0
20201125:1130,0.0,0.0,25.47,6.0,0.0
20201125:1230,0.0,0.0,25.42,6.0,0.0
20201125:1330,0.0,0.0,25.3,6.07,0.0
20201125:1430,0.0,0.0,25.03,5.79,0.0
20201125:1530,0.0,0.0,24.84,5.52,0.0
20201125:1630,0.0,0.0,24.86,5.38,0.0
20201125:1730,0.0,0.0,24.85,5.38,0.0
20201125:1830,0.0,0.0,24.67,5.24,0.0
20201125:1930,0.0,0.0,24.8,5.66,0.0
20201125:2030,0.0,0.0,24.71,5.66,0.0
20201125:2130,0.0,-5.47,24.66,5.52,0.0
20201125:2230,393.14,8.25,24.75,5.24,0.0
20201125:2330,579.62,21.58,25.22,5.17,0.0
20201126:0030,732.85,34.08,26.17,6.14,0.0
20201126:0130,784.53,45.44,27.11,7.66,0.0
20201126:0230,757.12,54.25,27.62,7.1,0.0
20201126:0330,867.04,58.29,28.02,7.24,0.0
20201126:0430,712.06,55.83,28.5,7.03,0.0
20201126:0530,725.78,48.0,28.61,7.03,0.0
20201126:0630,687.43,37.14,28.43,6.83,0.0
20201126:0730,761.59,24.75,28.52,6.62,0.0
20201126:0830,388.68,11.56,28.04,5.79,0.0
20201126:0930,0.0,-2.06,27.08,5.79,0.0
20201126:1030,0.0,0.0,26.15,5.38,0.0
20201126:1130,0.0,0.0,25.74,5.17,0.0
20201126:1230,0.0,0.0,25.48,4.48,0.0
20201126:1330,0.0,0.0,25.28,4.41,0.0
20201126:1430,0.0,0.0,25.23,4.28,0.0
20201126:1530,0.0,0.0,25.26,4.55,0.0
20201126:1630,0.0,0.0,25.17,4.0,0.0
20201126:1730,0.0,0.0,25.09,4.0,0.0
20201126:1830,0.0,0.0,25.04,4.14,0.0
20201126:1930,0.0,0.0,24.93,3.59,0.0
20201126:2030,0.0,0.0,24.88,3.93,0.0
20201126:2130,0.0,-5.57,24.94,4.28,0.0
20201126:2230,416.49,8.12,25.11,4.34,0.0
20201126:2330,620.79,21.44,25.54,4.14,0.0
20201127:0030,754.99,33.92,26.57,5.38,0.0
20201127:0130,608.81,45.26,27.21,5.45,0.0
20201127:0230,838.69,54.05,27.64,4.97,0.0
20201127:0330,691.39,58.1,28.17,4.83,0.0
20201127:0430,538.62,55.69,28.15,5.45,0.0
20201127:0530,359.2,47.92,27.43,6.14,0.0
20201127:0630,192.67,37.1,27.05,5.72,0.0
20201127:0730,33.56,24.74,26.99,5.38,0.0
20201127:0830,21.25,11.58,26.38,4.83,0.0
20201127:0930,0.0,-2.02,25.92,5.31,0.0
20201127:1030,0.0,0.0,25.54,5.03,0.0
20201127:1130,0.0,0.0,25.45,5.1,0.0
20201127:1230,0.0,0.0,25.6,5.45,0.0
20201127:1330,0.0,0.0,25.61,5.52,0.0
20201127:1430,0.0,0.0,25.64,5.38,0.0
20201127:1530,0.0,0.0,25.55,5.38,0.0
20201127:1630,0.0,0.0,25.45,5.31,0.0
20201127:1730,0.0,0.0,25.24,5.24,0.0
20201127:1830,0.0,0.0,25.12,5.24,0.0
20201127:1930,0.0,0.0,25.27,5.17,0.0
20201127:2030,0.0,0.0,25.18,5.17,0.0
20201127:2130,0.0,-5.68,25.22,5.17,0.0
20201127:2230,310.48,8.0,25.25,5.38,0.0
20201127:2330,482.68,21.3,25.48,5.86,0.0
20201128:0030,630.7,33.77,25.94,6.97,0.0
20201128:0130,720.25,45.08,26.73,6.97,0.0
20201128:0230,870.88,53.85,27.59,6.83,0.0
20201128:0330,951.03,57.91,28.32,6.48,0.0
20201128:0430,928.31,55.55,28.94,6.0,0.0
20201128:0530,891.6,47.84,28.77,5.79,0.0
20201128:0630,707.59,37.07,28.74,5.52,0.0
20201128:0730,779.51,24.74,28.53,5.66,0.0
20201128:0830,496.17,11.61,28.11,5.59,0.0
20201128:0930,0.0,-1.97,27.37,4.83,0.0
20201128:1030,0.0,0.0,26.6,4.62,0.0
20201128:1130,0.0,0.0,26.0,4.97,0.0
20201128:1230,0.0,0.0,25.63,5.31,0.0
20201128:1330,0.0,0.0,25.49,5.03,0.0
20201128:1430,0.0,0.0,25.52,4.62,0.0
20201128:1530,0.0,0.0,25.4,4.69,0.0
20201128:1630,0.0,0.0,25.26,5.1,0.0
20201128:1730,0.0,0.0,25.21,5.59,0.0
20201128:1830,0.0,0.0,25.01,5.72,0.0
20201128:1930,0.0,0.0,25.3,5.17,0.0
20201128:2030,0.0,0.0,25.26,4.76,0.0
20201128:2130,0.0,-5.79,25.15,4.62,0.0
20201128:2230,347.38,7.88,25.19,4.62,0.0
20201128:2330,635.22,21.16,25.49,5.24,0.0
20201129:0030,830.57,33.61,26.19,6.21,0.0
20201129:0130,786.63,44.9,27.35,6.34,0.0
20201129:0230,901.88,53.66,28.09,6.34,0.0
20201129:0330,966.61,57.73,28.76,6.34,0.0
20201129:0430,970.09,55.42,29.14,6.34,0.0
20201129:0530,1007.53,47.77,29.26,6.41,0.0
20201129:0630,886.15,37.04,29.23,6.41,0.0
20201129:0730,568.59,24.75,28.08,6.62,0.0
20201129:0830,557.25,11.64,27.59,6.28,0.0
20201129:0930,0.0,-1.93,27.1,5.31,0.0
20201129:1030,0.0,0.0,26.34,5.24,0.0
20201129:1130,0.0,0.0,25.78,5.59,0.0
20201129:1230,0.0,0.0,25.48,5.52,0.0
20201129:1330,0.0,0.0,25.44,5.66,0.0
20201129:1430,0.0,0.0,25.2,5.66,0.0
20201129:1530,0.0,0.0,24.88,5.38,0.0
20201129:1630,0.0,0.0,24.82,5.17,0.0
20201129:1730,0.0,0.0,24.75,4.9,0.0
20201129:1830,0.0,0.0,24.68,4.9,0.0
20201129:1930,0.0,0.0,24.84,5.59,0.0
20201129:2030,0.0,0.0,24.78,5.52,0.0
20201129:2130,0.0,-5.9,24.67,5.45,0.0
20201129:2230,423.92,7.76,24.71,5.31,0.0
20201129:2330,566.12,21.02,25.13,6.0,0.0
20201130:0030,594.64,33.45,25.7,6.97,0.0
20201130:0130,745.93,44.73,26.26,7.24,0.0
20201130:0230,817.19,53.47,26.83,7.17,0.0
20201130:0330,720.53,57.56,27.27,7.52,0.0
20201130:0430,792.39,55.3,26.98,7.45,0.0
20201130:0530,691.96,47.7,27.46,6.76,0.0
20201130:0630,574.91,37.02,27.19,6.76,0.0
20201130:0730,688.03,24.76,27.24,6.62,0.0
20201130:0830,407.66,11.67,26.79,6.21,0.0
20201130:0930,0.0,-1.88,26.05,6.28,0.0
20201130:1030,0.0,0.0,25.25,5.86,0.0
20201130:1130,0.0,0.0,25.08,5.72,0.0
20201130:1230,0.0,0.0,25.04,5.59,0.0
20201130:1330,0.0,0.0,25.0,5.31,0.0
20201130:1430,0.0,0.0,24.91,5.1,0.0
20201130:1530,0.0,0.0,24.9,4.83,0.0
20201130:1630,0.0,0.0,24.85,4.41,0.0
20201130:1730,0.0,0.0,24.81,4.41,0.0
20201130:1830,0.0,0.0,24.78,4.76,0.0
20201130:1930,0.0,0.0,24.96,4.9,0.0
20201130:2030,0.0,0.0,25.06,5.03,0.0
20201130:2130,0.0,-6.01,25.09,5.1,0.0
20201130:2230,466.52,7.63,24.98,5.24,0.0
20201130:2330,672.59,20.89,25.27,5.24,0.0
20201201:0030,781.74,33.3,26.24,6.21,0.0
20201201:0130,774.65,44.55,27.32,6.76,0.0
20201201:0230,606.56,53.29,28.09,6.41,0.0
20201201:0330,830.42,57.39,28.35,5.79,0.0
20201201:0430,728.01,55.19,28.94,6.28,0.0
20201201:0530,716.65,47.64,28.81,5.79,0.0
20201201:0630,571.83,37.0,28.44,5.59,0.0
20201201:0730,349.7,24.77,28.57,5.52,0.0
20201201:0830,172.69,11.7,27.95,4.76,0.0
20201201:0930,0.0,-1.82,27.36,4.28,0.0
20201201:1030,0.0,0.0,26.84,4.28,0.0
20201201:1130,0.0,0.0,26.52,4.07,0.0
20201201:1230,0.0,0.0,26.11,3.93,0.0
20201201:1330,0.0,0.0,25.91,3.31,0.0
20201201:1430,0.0,0.0,25.83,2.55,0.0
20201201:1530,0.0,0.0,25.74,2.07,0.0
20201201:1630,0.0,0.0,25.73,2.21,0.0
20201201:1730,0.0,0.0,25.7,2.21,0.0
20201201:1830,0.0,0.0,25.75,2.21,0.0
20201201:1930,0.0,0.0,24.95,2.41,0.0
20201201:2030,0.0,0.0,25.0,2.21,0.0
20201201:2130,0.0,-6.12,25.0,2.34,0.0
20201201:2230,45.64,7.51,25.04,2.0,0.0
20201201:2330,107.81,20.75,25.3,1.52,0.0
20201202:0030,147.64,33.14,25.82,1.59,0.0
20201202:0130,420.41,44.39,26.15,2.34,0.0
20201202:0230,523.23,53.11,27.02,2.9,0.0
20201202:0330,355.78,57.23,27.6,3.1,0.0
20201202:0430,483.56,55.08,27.93,3.24,0.0
20201202:0530,342.24,47.59,28.1,3.45,0.0
20201202:0630,397.75,36.99,27.75,3.17,0.0
20201202:0730,270.36,24.79,27.21,3.1,0.0
20201202:0830,110.58,11.74,27.13,2.41,0.0
20201202:0930,0.0,-1.77,26.3,1.66,0.0
20201202:1030,0.0,0.0,25.64,1.59,0.0
20201202:1130,0.0,0.0,25.63,1.66,0.0
20201202:1230,0.0,0.0,25.35,0.97,0.0
20201202:1330,0.0,0.0,25.88,0.41,0.0
20201202:1430,0.0,0.0,25.89,0.28,0.0
20201202:1530,0.0,0.0,25.01,0.83,0.0
20201202:1630,0.0,0.0,24.49,1.17,0.0
20201202:1730,0.0,0.0,24.75,0.9,0.0
20201202:1830,0.0,0.0,25.44,0.41,0.0
20201202:1930,0.0,0.0,23.98,1.24,0.0
20201202:2030,0.0,0.0,24.07,1.17,0.0
20201202:2130,0.0,-6.23,23.92,1.31,0.0
20201202:2230,75.41,7.38,24.08,1.45,0.0
20201202:2330,268.48,20.61,25.22,0.76,0.0
20201203:0030,449.19,32.99,26.16,0.14,0.0
20201203:0130,484.36,44.22,26.89,0.21,0.0
20201203:0230,625.6,52.94,27.48,0.14,0.0
20201203:0330,532.57,57.08,28.24,0.55,0.0
20201203:0430,595.38,54.97,28.63,1.52,0.0
20201203:0530,499.81,47.54,28.75,1.79,0.0
20201203:0630,301.22,36.98,28.75,1.66,0.0
20201203:0730,231.52,24.81,27.41,1.86,0.0
20201203:0830,44.1,11.79,27.32,1.38,0.0
20201203:0930,0.0,-1.71,27.15,1.03,0.0
20201203:1030,0.0,0.0,26.58,0.97,0.0
20201203:1130,0.0,0.0,26.14,1.31,0.0
20201203:1230,0.0,0.0,25.73,1.17,0.0
20201203:1330,0.0,0.0,25.58,1.17,0.0
20201203:1430,0.0,0.0,25.23,1.24,0.0
20201203:1530,0.0,0.0,25.35,1.45,0.0
20201203:1630,0.0,0.0,25.3,1.52,0.0
20201203:1730,0.0,0.0,25.03,1.17,0.0
20201203:1830,0.0,0.0,25.12,0.97,0.0
20201203:1930,0.0,0.0,25.12,0.9,0.0
20201203:2030,0.0,0.0,24.67,1.17,0.0
20201203:2130,0.0,-6.34,24.34,1.52,0.0
20201203:2230,283.58,7.26,24.37,1.38,0.0
20201203:2330,428.27,20.47,25.24,1.24,0.0
20201204:0030,707.1,32.85,26.1,0.97,0.0
20201204:0130,846.76,44.06,26.99,0.97,0.0
20201204:0230,738.56,52.78,27.73,1.86,0.0
20201204:0330,723.31,56.94,28.13,2.34,0.0
20201204:0430,783.18,54.88,28.39,2.9,0.0
20201204:0530,672.13,47.5,28.44,2.55,0.0
20201204:0630,475.2,36.98,28.65,2.28,0.0
20201204:0730,424.01,24.84,28.39,0.97,0.0
20201204:0830,142.5,11.83,28.36,0.62,0.0
20201204:0930,0.0,-1.64,27.92,1.1,0.0
20201204:1030,0.0,0.0,26.82,1.86,0.0
20201204:1130,0.0,0.0,26.41,2.28,0.0
20201204:1230,0.0,0.0,26.31,2.0,0.0
20201204:1330,0.0,0.0,25.96,1.86,0.0
20201204:1430,0.0,0.0,25.42,1.52,0.0
20201204:1530,0.0,0.0,25.01,1.31,0.0
20201204:1630,0.0,0.0,24.98,1.59,0.0
20201204:1730,0.0,0.0,24.81,1.66,0.0
20201204:1830,0.0,0.0,24.71,1.93,0.0
20201204:1930,0.0,0.0,24.79,1.38,0.0
20201204:2030,0.0,0.0,24.56,1.38,0.0
20201204:2130,0.0,-6.45,24.73,2.21,0.0
20201204:2230,219.44,7.14,24.74,2.62,0.0
20201204:2330,536.8,20.34,25.07,2.48,0.0
20201205:0030,703.15,32.7,26.0,2.28,0.0
20201205:0130,725.72,43.9,26.95,2.21,0.0
20201205:0230,800.99,52.62,27.76,1.93,0.0
20201205:0330,698.98,56.8,28.48,1.93,0.0
20201205:0430,694.84,54.79,28.78,2.76,0.0
20201205:0530,580.76,47.46,28.66,3.1,0.0
20201205:0630,465.88,36.98,28.11,3.45,0.0
20201205:0730,342.84,24.87,28.16,3.79,0.0
20201205:0830,399.17,11.88,27.76,3.93,0.0
20201205:0930,0.0,-1.58,27.42,3.52,0.0
20201205:1030,0.0,0.0,26.94,3.24,0.0
20201205:1130,0.0,0.0,26.59,3.45,0.0
20201205:1230,0.0,0.0,26.42,3.38,0.0
20201205:1330,0.0,0.0,26.15,3.38,0.0
20201205:1430,0.0,0.0,25.81,3.59,0.0
20201205:1530,0.0,0.0,25.61,3.79,0.0
20201205:1630,0.0,0.0,25.43,4.0,0.0
20201205:1730,0.0,0.0,25.26,3.86,0.0
20201205:1830,0.0,0.0,25.15,3.72,0.0
20201205:1930,0.0,0.0,25.31,4.41,0.0
20201205:2030,0.0,0.0,25.33,4.41,0.0
20201205:2130,0.0,-6.56,25.33,4.07,0.0
20201205:2230,272.39,7.01,25.31,3.72,0.0
20201205:2330,425.15,20.2,25.59,3.59,0.0
20201206:0030,630.44,32.55,26.46,4.9,0.0
20201206:0130,646.26,43.75,27.29,5.45,0.0
20201206:0230,756.26,52.46,28.0,5.45,0.0
20201206:0330,730.92,56.66,28.6,5.38,0.0
20201206:0430,753.02,54.71,28.65,5.24,0.0
20201206:0530,663.8,47.43,28.57,4.62,0.0
20201206:0630,354.19,36.99,28.51,4.21,0.0
20201206:0730,100.43,24.9,27.67,4.0,0.0
20201206:0830,23.7,11.94,26.34,4.0,0.0
20201206:0930,0.0,-1.51,25.84,4.34,0.0
20201206:1030,0.0,0.0,25.48,4.34,0.0
20201206:1130,0.0,0.0,25.33,4.14,0.0
20201206:1230,0.0,0.0,25.31,3.86,0.0
20201206:1330,0.0,0.0,25.18,3.66,0.0
20201206:1430,0.0,0.0,25.17,3.79,0.0
20201206:1530,0.0,0.0,25.12,3.79,0.0
20201206:1630,0.0,0.0,24.91,3.79,0.0
20201206:1730,0.0,0.0,24.92,3.93,0.0
20201206:1830,0.0,0.0,24.93,4.21,0.0
20201206:1930,0.0,0.0,24.91,4.28,0.0
20201206:2030,0.0,0.0,25.12,3.86,0.0
20201206:2130,0.0,-6.67,25.22,4.07,0.0
20201206:2230,88.23,6.89,25.29,3.72,0.0
20201206:2330,225.99,20.07,25.51,3.59,0.0
20201207:0030,483.42,32.41,26.0,2.83,0.0
20201207:0130,756.02,43.6,26.87,2.34,0.0
20201207:0230,783.33,52.31,27.79,2.21,0.0
20201207:0330,724.16,56.54,28.39,1.31,0.0
20201207:0430,655.39,54.63,28.65,0.62,0.0
20201207:0530,485.07,47.41,28.63,0.0,0.0
20201207:0630,466.09,37.0,28.26,0.48,0.0
20201207:0730,274.91,24.94,27.38,1.38,0.0
20201207:0830,105.97,11.99,27.0,1.17,0.0
20201207:0930,0.0,-1.44,26.62,0.55,0.0
20201207:1030,0.0,0.0,26.42,0.28,0.0
20201207:1130,0.0,0.0,25.66,0.55,0.0
20201207:1230,0.0,0.0,25.34,0.48,0.0
20201207:1330,0.0,0.0,25.12,0.76,0.0
20201207:1430,0.0,0.0,25.07,0.83,0.0
20201207:1530,0.0,0.0,24.91,0.9,0.0
20201207:1630,0.0,0.0,24.33,1.38,0.0
20201207:1730,0.0,0.0,24.19,1.17,0.0
20201207:1830,0.0,0.0,24.32,1.66,0.0
20201207:1930,0.0,0.0,24.78,2.69,0.0
20201207:2030,0.0,0.0,24.92,2.76,0.0
20201207:2130,0.0,0.0,24.94,2.62,0.0
20201207:2230,485.2,6.77,24.81,2.21,0.0
20201207:2330,700.57,19.94,25.58,2.28,0.0
20201208:0030,691.71,32.27,26.53,3.1,0.0
20201208:0130,750.5,43.45,27.55,3.52,0.0
20201208:0230,825.56,52.17,28.44,3.38,0.0
20201208:0330,801.16,56.42,29.08,2.83,0.0
20201208:0430,850.41,54.56,29.49,2.62,0.0
20201208:0530,768.47,47.39,29.56,2.69,0.0
20201208:0630,407.33,37.02,29.11,3.38,0.0
20201208:0730,397.93,24.98,28.18,3.93,0.0
20201208:0830,176.72,12.06,27.91,3.66,0.0
20201208:0930,0.0,-1.36,27.32,2.76,0.0
20201208:1030,0.0,0.0,26.84,3.31,0.0
20201208:1130,0.0,0.0,26.42,3.03,0.0
20201208:1230,0.0,0.0,25.97,2.9,0.0
20201208:1330,0.0,0.0,25.76,3.31,0.0
20201208:1430,0.0,0.0,25.55,3.45,0.0
20201208:1530,0.0,0.0,25.45,3.52,0.0
20201208:1630,0.0,0.0,25.41,3.59,0.0
20201208:1730,0.0,0.0,25.38,3.45,0.0
20201208:1830,0.0,0.0,25.34,3.38,0.0
20201208:1930,0.0,0.0,25.22,3.45,0.0
20201208:2030,0.0,0.0,25.22,3.38,0.0
20201208:2130,0.0,0.0,25.29,3.17,0.0
20201208:2230,360.35,6.65,25.2,3.1,0.0
20201208:2330,641.7,19.81,25.6,2.97,0.0
20201209:0030,819.56,32.14,26.63,3.45,0.0
20201209:0130,900.36,43.31,27.65,3.31,0.0
20201209:0230,877.96,52.03,28.42,3.1,0.0
20201209:0330,870.51,56.31,28.94,3.17,0.0
20201209:0430,931.08,54.5,29.13,3.59,0.0
20201209:0530,694.28,47.38,28.84,3.79,0.0
20201209:0630,415.63,37.04,28.38,4.34,0.0
20201209:0730,185.91,25.03,27.39,4.07,0.0
20201209:0830,37.88,12.12,27.25,3.24,0.0
20201209:0930,0.0,-1.28,27.06,2.48,0.0
20201209:1030,0.0,0.0,26.56,3.03,0.0
20201209:1130,0.0,0.0,26.12,3.03,0.0
20201209:1230,0.0,0.0,25.85,2.69,0.0
20201209:1330,0.0,0.0,25.59,2.41,0.0
20201209:1430,0.0,0.0,25.52,2.48,0.0
20201209:1530,0.0,0.0,25.41,2.48,0.0
20201209:1630,0.0,0.0,25.23,2.34,0.0
20201209:1730,0.0,0.0,25.04,2.48,0.0
20201209:1830,0.0,0.0,24.86,2.76,0.0
20201209:1930,0.0,0.0,24.84,2.07,0.0
20201209:2030,0.0,0.0,24.62,1.86,0.0
20201209:2130,0.0,0.0,24.54,2.0,0.0
20201209:2230,473.14,6.53,24.49,2.21,0.0
20201209:2330,622.56,19.68,25.16,2.21,0.0
20201210:0030,772.01,32.0,26.56,2.48,0.0
20201210:0130,823.59,43.17,27.5,2.41,0.0
20201210:0230,906.25,51.9,28.31,2.34,0.0
20201210:0330,963.9,56.2,28.99,2.07,0.0
20201210:0430,830.37,54.45,29.5,2.07,0.0
20201210:0530,895.66,47.37,29.55,1.93,0.0
20201210:0630,872.98,37.07,29.69,2.34,0.0
20201210:0730,685.45,25.08,29.73,1.66,0.0
20201210:0830,365.64,12.19,29.06,2.0,0.0
20201210:0930,0.0,-1.2,27.83,1.86,0.0
20201210:1030,0.0,0.0,26.92,2.21,0.0
20201210:1130,0.0,0.0,26.31,1.86,0.0
20201210:1230,0.0,0.0,25.92,0.76,0.0
20201210:1330,0.0,0.0,25.65,1.59,0.0
20201210:1430,0.0,0.0,25.55,1.93,0.0
20201210:1530,0.0,0.0,25.36,2.0,0.0
20201210:1630,0.0,0.0,25.2,2.0,0.0
20201210:1730,0.0,0.0,25.03,2.07,0.0
20201210:1830,0.0,0.0,25.02,2.28,0.0
20201210:1930,0.0,0.0,25.07,2.41,0.0
20201210:2030,0.0,0.0,25.09,2.83,0.0
20201210:2130,0.0,0.0,25.12,3.1,0.0
20201210:2230,460.47,6.41,25.2,3.24,0.0
20201210:2330,705.61,19.55,25.47,3.45,0.0
20201211:0030,858.95,31.87,26.47,3.93,0.0
20201211:0130,866.3,43.04,27.58,4.07,0.0
20201211:0230,862.56,51.77,28.42,4.0,0.0
20201211:0330,798.19,56.11,29.09,3.79,0.0
20201211:0430,832.37,54.4,29.35,3.59,0.0
20201211:0530,833.64,47.37,29.67,3.66,0.0
20201211:0630,802.87,37.1,29.59,3.86,0.0
20201211:0730,485.27,25.13,29.42,4.07,0.0
20201211:0830,383.31,12.26,28.5,3.79,0.0
20201211:0930,0.0,-1.12,28.0,3.03,0.0
20201211:1030,0.0,0.0,27.33,2.48,0.0
20201211:1130,0.0,0.0,26.86,2.14,0.0
20201211:1230,0.0,0.0,26.45,2.41,0.0
20201211:1330,0.0,0.0,26.21,2.69,0.0
20201211:1430,0.0,0.0,25.97,2.69,0.0
20201211:1530,0.0,0.0,25.79,3.17,0.0
20201211:1630,0.0,0.0,25.63,3.1,0.0
20201211:1730,0.0,0.0,25.53,3.1,0.0
20201211:1830,0.0,0.0,25.39,3.17,0.0
20201211:1930,0.0,0.0,25.4,3.45,0.0
20201211:2030,0.0,0.0,25.3,3.52,0.0
20201211:2130,0.0,0.0,25.16,3.72,0.0
20201211:2230,413.59,6.29,25.07,3.66,0.0
20201211:2330,606.81,19.42,25.48,3.31,0.0
20201212:0030,829.94,31.74,26.36,3.52,0.0
20201212:0130,819.14,42.91,27.5,3.93,0.0
20201212:0230,764.75,51.65,28.16,4.0,0.0
20201212:0330,758.51,56.02,28.53,4.14,0.0
20201212:0430,669.3,54.36,28.72,3.86,0.0
20201212:0530,667.98,47.37,28.56,4.07,0.0
20201212:0630,586.93,37.14,28.37,4.07,0.0
20201212:0730,399.66,25.19,28.01,3.72,0.0
20201212:0830,275.55,12.33,27.6,3.72,0.0
20201212:0930,0.0,-1.04,27.19,3.72,0.0
20201212:1030,0.0,0.0,26.73,3.45,0.0
20201212:1130,0.0,0.0,26.39,3.45,0.0
20201212:1230,0.0,0.0,26.14,3.86,0.0
20201212:1330,0.0,0.0,25.87,3.86,0.0
20201212:1430,0.0,0.0,25.53,4.07,0.0
20201212:1530,0.0,0.0,25.43,4.21,0.0
20201212:1630,0.0,0.0,25.35,3.93,0.0
20201212:1730,0.0,0.0,25.3,3.86,0.0
20201212:1830,0.0,0.0,25.14,3.79,0.0
20201212:1930,0.0,0.0,25.42,3.59,0.0
20201212:2030,0.0,0.0,25.31,3.59,0.0
20201212:2130,0.0,0.0,25.23,3.38,0.0
20201212:2230,429.01,6.17,25.25,3.31,0.0
20201212:2330,693.91,19.3,25.53,3.59,0.0
20201213:0030,741.25,31.62,26.46,3.86,0.0
20201213:0130,722.67,42.79,27.36,3.52,0.0
20201213:0230,763.69,51.54,28.05,3.31,0.0
20201213:0330,895.91,55.93,28.46,3.38,0.0
20201213:0430,826.57,54.32,28.65,3.52,0.0
20201213:0530,730.39,47.39,28.45,3.86,0.0
20201213:0630,458.81,37.18,28.38,4.41,0.0
20201213:0730,606.68,25.25,28.03,3.59,0.0
20201213:0830,389.3,12.41,27.88,4.0,0.0
20201213:0930,0.0,-0.95,27.36,3.52,0.0
20201213:1030,0.0,0.0,26.75,3.31,0.0
20201213:1130,0.0,0.0,26.32,3.52,0.0
20201213:1230,0.0,0.0,26.15,3.59,0.0
20201213:1330,0.0,0.0,25.97,3.93,0.0
20201213:1430,0.0,0.0,25.8,3.93,0.0
20201213:1530,0.0,0.0,25.58,3.86,0.0
20201213:1630,0.0,0.0,25.45,3.72,0.0
20201213:1730,0.0,0.0,25.22,3.66,0.0
20201213:1830,0.0,0.0,25.17,3.66,0.0
20201213:1930,0.0,0.0,25.33,3.79,0.0
20201213:2030,0.0,0.0,25.22,3.86,0.0
20201213:2130,0.0,0.0,25.16,4.0,0.0
20201213:2230,350.53,6.05,25.22,4.0,0.0
20201213:2330,596.61,19.18,25.53,3.79,0.0
20201214:0030,739.69,31.49,26.56,4.76,0.0
20201214:0130,941.53,42.67,27.42,4.07,0.0
20201214:0230,899.74,51.43,28.43,3.93,0.0
20201214:0330,975.25,55.86,29.05,4.21,0.0
20201214:0430,904.03,54.3,29.75,5.03,0.0
20201214:0530,778.45,47.4,29.86,5.86,0.0
20201214:0630,661.74,37.23,28.92,6.14,0.0
20201214:0730,505.88,25.32,28.78,5.93,0.0
20201214:0830,392.66,12.49,27.8,5.59,0.0
20201214:0930,0.0,-0.86,27.12,5.72,0.0
20201214:1030,0.0,0.0,26.15,5.93,0.0
20201214:1130,0.0,0.0,25.59,5.03,0.0
20201214:1230,0.0,0.0,25.4,4.69,0.0
20201214:1330,0.0,0.0,25.37,4.62,0.0
20201214:1430,0.0,0.0,25.45,5.03,0.0
20201214:1530,0.0,0.0,25.25,5.1,0.0
20201214:1630,0.0,0.0,25.23,4.83,0.0
20201214:1730,0.0,0.0,25.23,4.76,0.0
20201214:1830,0.0,0.0,25.13,4.69,0.0
20201214:1930,0.0,0.0,25.14,4.69,0.0
20201214:2030,0.0,0.0,25.2,4.28,0.0
20201214:2130,0.0,0.0,25.29,4.14,0.0
20201214:2230,257.37,5.93,25.33,4.14,0.0
20201214:2330,545.47,19.06,25.66,3.93,0.0
20201215:0030,727.26,31.38,26.52,5.03,0.0
20201215:0130,805.66,42.55,27.35,5.79,0.0
20201215:0230,882.62,51.33,28.0,5.93,0.0
20201215:0330,751.99,55.79,28.55,5.93,0.0
20201215:0430,768.74,54.28,28.64,5.86,0.0
20201215:0530,681.51,47.43,28.39,6.07,0.0
20201215:0630,606.2,37.28,28.16,5.79,0.0
20201215:0730,426.08,25.39,27.86,5.72,0.0
20201215:0830,226.54,12.57,27.13,5.24,0.0
20201215:0930,0.0,-0.77,26.58,4.69,0.0
20201215:1030,0.0,0.0,25.96,5.1,0.0
20201215:1130,0.0,0.0,25.52,5.17,0.0
20201215:1230,0.0,0.0,25.29,5.38,0.0
20201215:1330,0.0,0.0,25.29,5.38,0.0
20201215:1430,0.0,0.0,25.13,5.52,0.0
20201215:1530,0.0,0.0,25.19,5.45,0.0
20201215:1630,0.0,0.0,25.09,5.24,0.0
20201215:1730,0.0,0.0,25.0,5.24,0.0
20201215:1830,0.0,0.0,25.05,5.17,0.0
20201215:1930,0.0,0.0,25.25,4.48,0.0
20201215:2030,0.0,0.0,25.14,4.76,0.0
20201215:2130,0.0,0.0,25.13,5.66,0.0
20201215:2230,305.43,5.82,25.2,6.76,0.0
20201215:2330,323.73,18.94,25.29,5.93,0.0
20201216:0030,666.39,31.26,25.83,5.59,0.0
20201216:0130,802.78,42.44,26.59,5.86,0.0
20201216:0230,810.55,51.23,27.39,6.69,0.0
20201216:0330,805.31,55.73,28.17,7.17,0.0
20201216:0430,734.57,54.27,28.46,7.59,0.0
20201216:0530,573.57,47.46,28.24,7.86,0.0
20201216:0630,436.74,37.34,27.38,7.45,0.0
20201216:0730,343.44,25.47,27.57,6.55,0.0
20201216:0830,176.12,12.65,27.08,6.41,0.0
20201216:0930,0.0,-0.68,26.24,6.07,0.0
20201216:1030,0.0,0.0,25.76,6.55,0.0
20201216:1130,0.0,0.0,25.46,7.17,0.0
20201216:1230,0.0,0.0,25.55,6.55,0.0
20201216:1330,0.0,0.0,25.49,6.76,0.0
20201216:1430,0.0,0.0,25.39,6.48,0.0
20201216:1530,0.0,0.0,25.3,6.41,0.0
20201216:1630,0.0,0.0,25.22,6.21,0.0
20201216:1730,0.0,0.0,25.21,6.07,0.0
20201216:1830,0.0,0.0,25.19,6.0,0.0
20201216:1930,0.0,0.0,25.27,6.34,0.0
20201216:2030,0.0,0.0,25.31,6.14,0.0
20201216:2130,0.0,0.0,25.46,6.14,0.0
20201216:2230,446.38,5.7,25.57,6.07,0.0
20201216:2330,706.78,18.82,25.85,6.14,0.0
20201217:0030,844.77,31.15,26.63,6.83,0.0
20201217:0130,972.05,42.33,27.58,7.17,0.0
20201217:0230,1018.62,51.14,28.38,7.17,0.0
20201217:0330,961.47,55.68,29.0,7.45,0.0
20201217:0430,943.07,54.26,29.3,7.66,0.0
20201217:0530,843.25,47.49,29.39,7.59,0.0
20201217:0630,908.51,37.4,29.24,7.38,0.0
20201217:0730,830.59,25.54,28.91,7.17,0.0
20201217:0830,519.26,12.74,28.45,6.55,0.0
20201217:0930,0.0,-0.58,27.69,5.79,0.0
20201217:1030,0.0,0.0,26.74,5.52,0.0
20201217:1130,0.0,0.0,26.23,5.59,0.0
20201217:1230,0.0,0.0,26.0,5.59,0.0
20201217:1330,0.0,0.0,25.63,5.79,0.0
20201217:1430,0.0,0.0,25.38,5.72,0.0
20201217:1530,0.0,0.0,25.25,5.86,0.0
20201217:1630,0.0,0.0,25.18,5.86,0.0
20201217:1730,0.0,0.0,25.08,6.21,0.0
20201217:1830,0.0,0.0,24.88,5.93,0.0
20201217:1930,0.0,0.0,25.06,7.17,0.0
20201217:2030,0.0,0.0,25.06,6.9,0.0
20201217:2130,0.0,0.0,24.96,6.83,0.0
20201217:2230,14.09,5.59,24.81,6.55,0.0
20201217:2330,69.67,18.71,24.87,6.76,0.0
20201218:0030,95.19,31.04,25.23,6.21,0.0
20201218:0130,85.12,42.23,25.64,5.93,0.0
20201218:0230,53.4,51.06,25.33,6.14,0.0
20201218:0330,70.98,55.63,25.39,5.66,0.0
20201218:0430,153.03,54.26,25.46,5.45,0.0
20201218:0530,81.72,47.53,25.68,5.86,0.0
20201218:0630,68.67,37.47,25.68,6.62,0.0
20201218:0730,54.59,25.63,24.96,6.55,0.0
20201218:0830,26.55,12.83,25.06,6.97,0.0
20201218:0930,0.0,-0.48,25.06,6.76,0.0
20201218:1030,0.0,0.0,25.02,6.55,0.0
20201218:1130,0.0,0.0,25.07,6.28,0.0
20201218:1230,0.0,0.0,25.18,6.34,0.0
20201218:1330,0.0,0.0,25.25,6.34,0.0
20201218:1430,0.0,0.0,25.26,6.34,0.0
20201218:1530,0.0,0.0,25.15,6.21,0.0
20201218:1630,0.0,0.0,25.14,6.69,0.0
20201218:1730,0.0,0.0,25.27,6.97,0.0
20201218:1830,0.0,0.0,25.28,6.76,0.0
20201218:1930,0.0,0.0,24.96,7.31,0.0
20201218:2030,0.0,0.0,24.89,7.1,0.0
20201218:2130,0.0,0.0,24.75,7.03,0.0
20201218:2230,12.32,5.48,25.12,6.0,0.0
20201218:2330,100.17,18.6,25.42,4.76,0.0
20201219:0030,205.56,30.93,25.94,4.0,0.0
20201219:0130,328.53,42.13,26.39,3.79,0.0
20201219:0230,595.48,50.98,26.87,3.52,0.0
20201219:0330,757.93,55.59,27.87,3.24,0.0
20201219:0430,512.5,54.27,28.68,3.31,0.0
20201219:0530,467.03,47.58,28.7,2.76,0.0
20201219:0630,548.44,37.54,28.56,2.14,0.0
20201219:0730,544.32,25.71,28.71,2.9,0.0
20201219:0830,342.63,12.93,28.5,2.76,0.0
20201219:0930,0.0,-0.38,27.68,2.9,0.0
20201219:1030,0.0,0.0,26.82,3.17,0.0
20201219:1130,0.0,0.0,26.33,3.17,0.0
20201219:1230,0.0,0.0,26.04,3.17,0.0
20201219:1330,0.0,0.0,25.96,3.17,0.0
20201219:1430,0.0,0.0,25.77,3.03,0.0
20201219:1530,0.0,0.0,25.65,2.97,0.0
20201219:1630,0.0,0.0,25.61,2.83,0.0
20201219:1730,0.0,0.0,25.36,2.55,0.0
20201219:1830,0.0,0.0,25.15,2.48,0.0
20201219:1930,0.0,0.0,25.04,3.38,0.0
20201219:2030,0.0,0.0,24.88,3.66,0.0
20201219:2130,0.0,0.0,24.83,3.59,0.0
20201219:2230,364.17,5.37,24.86,3.17,0.0
20201219:2330,637.62,18.49,25.3,2.83,0.0
20201220:0030,717.36,30.83,26.4,2.83,0.0
20201220:0130,907.22,42.04,27.42,2.55,0.0
20201220:0230,717.71,50.91,28.33,2.21,0.0
20201220:0330,785.32,55.56,28.8,2.07,0.0
20201220:0430,835.45,54.29,29.0,2.34,0.0
20201220:0530,859.05,47.64,28.91,2.41,0.0
20201220:0630,443.57,37.62,29.15,3.59,0.0
20201220:0730,259.29,25.8,28.41,4.48,0.0
20201220:0830,280.66,13.02,28.08,3.86,0.0
20201220:0930,0.0,-0.28,27.65,3.38,0.0
20201220:1030,0.0,0.0,27.2,3.79,0.0
20201220:1130,0.0,0.0,26.78,4.14,0.0
20201220:1230,0.0,0.0,26.4,4.34,0.0
20201220:1330,0.0,0.0,26.04,4.0,0.0
20201220:1430,0.0,0.0,25.86,3.72,0.0
20201220:1530,0.0,0.0,25.7,3.66,0.0
20201220:1630,0.0,0.0,25.66,3.59,0.0
20201220:1730,0.0,0.0,25.65,3.45,0.0
20201220:1830,0.0,0.0,25.68,3.38,0.0
20201220:1930,0.0,0.0,25.31,4.14,0.0
20201220:2030,0.0,0.0,25.24,4.21,0.0
20201220:2130,0.0,0.0,25.25,3.93,0.0
20201220:2230,9.84,5.26,25.14,3.72,0.0
20201220:2330,164.51,18.38,25.1,3.93,0.0
20201221:0030,325.92,30.73,25.42,3.66,0.0
20201221:0130,741.91,41.95,26.05,3.45,0.0
20201221:0230,846.18,50.85,27.58,3.66,0.0
20201221:0330,909.85,55.53,28.37,3.03,0.0
20201221:0430,823.6,54.31,28.91,2.83,0.0
20201221:0530,840.65,47.7,28.96,2.76,0.0
20201221:0630,773.99,37.7,29.04,2.9,0.0
20201221:0730,683.54,25.89,29.33,3.86,0.0
20201221:0830,548.39,13.12,28.95,3.52,0.0
20201221:0930,0.0,-0.18,28.27,3.1,0.0
20201221:1030,0.0,0.0,27.36,3.1,0.0
20201221:1130,0.0,0.0,26.71,3.45,0.0
20201221:1230,0.0,0.0,26.26,3.66,0.0
20201221:1330,0.0,0.0,25.88,3.79,0.0
20201221:1430,0.0,0.0,25.59,3.72,0.0
20201221:1530,0.0,0.0,25.43,3.66,0.0
20201221:1630,0.0,0.0,25.26,3.38,0.0
20201221:1730,0.0,0.0,25.05,3.1,0.0
20201221:1830,0.0,0.0,24.8,3.03,0.0
20201221:1930,0.0,0.0,24.94,3.86,0.0
20201221:2030,0.0,0.0,24.93,3.86,0.0
20201221:2130,0.0,0.0,24.91,3.93,0.0
20201221:2230,514.44,5.15,24.93,3.93,0.0
20201221:2330,750.79,18.28,25.38,3.79,0.0
20201222:0030,837.34,30.64,26.46,3.93,0.0
20201222:0130,812.47,41.87,27.42,3.79,0.0
20201222:0230,913.18,50.79,28.09,3.24,0.0
20201222:0330,773.08,55.52,28.72,2.62,0.0
20201222:0430,939.75,54.34,28.96,2.48,0.0
20201222:0530,734.05,47.76,29.37,2.97,0.0
20201222:0630,615.72,37.78,28.87,3.17,0.0
20201222:0730,708.61,25.99,28.9,3.72,0.0
20201222:0830,467.54,13.23,28.56,4.21,0.0
20201222:0930,0.0,-0.07,27.87,4.14,0.0
20201222:1030,0.0,0.0,27.11,4.07,0.0
20201222:1130,0.0,0.0,26.81,3.86,0.0
20201222:1230,0.0,0.0,26.45,3.52,0.0
20201222:1330,0.0,0.0,26.23,3.17,0.0
20201222:1430,0.0,0.0,25.91,3.1,0.0
20201222:1530,0.0,0.0,25.59,3.03,0.0
20201222:1630,0.0,0.0,25.35,2.76,0.0
20201222:1730,0.0,0.0,25.15,3.03,0.0
20201222:1830,0.0,0.0,25.06,3.17,0.0
20201222:1930,0.0,0.0,25.1,3.38,0.0
20201222:2030,0.0,0.0,25.06,3.59,0.0
20201222:2130,0.0,0.0,25.07,3.93,0.0
20201222:2230,455.41,5.05,25.15,4.14,0.0
20201222:2330,675.61,18.18,25.55,4.0,0.0
20201223:0030,877.39,30.55,26.66,4.41,0.0
20201223:0130,885.16,41.8,27.72,4.28,0.0
20201223:0230,971.7,50.74,28.55,4.0,0.0
20201223:0330,953.2,55.51,29.27,3.79,0.0
20201223:0430,919.92,54.38,29.7,3.59,0.0
20201223:0530,874.21,47.83,29.84,3.79,0.0
20201223:0630,861.01,37.87,29.76,4.28,0.0
20201223:0730,781.69,26.09,29.43,5.1,0.0
20201223:0830,623.09,13.33,28.88,4.97,0.0
20201223:0930,3.44,0.03,28.05,4.55,0.0
20201223:1030,0.0,0.0,27.11,4.55,0.0
20201223:1130,0.0,0.0,26.53,4.55,0.0
20201223:1230,0.0,0.0,26.18,4.41,0.0
20201223:1330,0.0,0.0,26.01,4.34,0.0
20201223:1430,0.0,0.0,25.88,4.28,0.0
20201223:1530,0.0,0.0,25.8,4.07,0.0
20201223:1630,0.0,0.0,25.52,4.0,0.0
20201223:1730,0.0,0.0,25.18,3.79,0.0
20201223:1830,0.0,0.0,25.15,3.59,0.0
20201223:1930,0.0,0.0,25.4,3.93,0.0
20201223:2030,0.0,0.0,25.23,4.21,0.0
20201223:2130,0.0,0.0,25.21,4.48,0.0
20201223:2230,515.68,4.94,25.14,4.55,0.0
20201223:2330,677.85,18.08,25.47,4.48,0.0
20201224:0030,813.91,30.46,26.37,5.72,0.0
20201224:0130,819.96,41.72,27.34,6.21,0.0
20201224:0230,781.36,50.69,28.01,6.0,0.0
20201224:0330,892.49,55.51,28.5,5.86,0.0
20201224:0430,854.73,54.43,29.03,5.93,0.0
20201224:0530,863.64,47.91,29.18,5.79,0.0
20201224:0630,827.3,37.97,29.23,5.72,0.0
20201224:0730,840.36,26.19,28.97,5.66,0.0
20201224:0830,608.99,13.44,28.6,5.31,0.0
20201224:0930,3.52,0.14,27.79,4.55,0.0
20201224:1030,0.0,0.0,26.87,4.55,0.0
20201224:1130,0.0,0.0,26.29,4.83,0.0
20201224:1230,0.0,0.0,26.03,4.83,0.0
20201224:1330,0.0,0.0,25.8,4.76,0.0
20201224:1430,0.0,0.0,25.55,4.62,0.0
20201224:1530,0.0,0.0,25.42,4.76,0.0
20201224:1630,0.0,0.0,25.12,4.9,0.0
20201224:1730,0.0,0.0,24.96,4.83,0.0
20201224:1830,0.0,0.0,24.89,4.62,0.0
20201224:1930,0.0,0.0,24.82,4.9,0.0
20201224:2030,0.0,0.0,24.78,4.9,0.0
20201224:2130,0.0,0.0,24.78,4.83,0.0
20201224:2230,382.33,4.84,24.72,4.69,0.0
20201224:2330,510.87,17.98,25.06,4.83,0.0
20201225:0030,552.33,30.38,25.91,5.72,0.0
20201225:0130,478.29,41.66,26.65,6.97,0.0
20201225:0230,356.48,50.65,27.12,6.76,0.0
20201225:0330,386.47,55.51,27.13,6.34,0.0
20201225:0430,308.54,54.48,27.18,6.48,0.0
20201225:0530,324.61,48.0,27.1,6.21,0.0
20201225:0630,119.13,38.07,27.05,6.34,0.0
20201225:0730,87.22,26.3,26.67,5.66,0.0
20201225:0830,42.5,13.55,26.36,5.59,0.0
20201225:0930,3.34,0.25,26.0,5.52,0.0
20201225:1030,0.0,0.0,25.73,5.1,0.0
20201225:1130,0.0,0.0,25.59,5.1,0.0
20201225:1230,0.0,0.0,25.55,5.86,0.0
20201225:1330,0.0,0.0,25.33,6.14,0.0
20201225:1430,0.0,0.0,25.19,5.86,0.0
20201225:1530,0.0,0.0,25.06,5.86,0.0
20201225:1630,0.0,0.0,25.05,6.14,0.0
20201225:1730,0.0,0.0,24.79,5.79,0.0
20201225:1830,0.0,0.0,24.78,5.66,0.0
20201225:1930,0.0,0.0,25.16,5.31,0.0
20201225:2030,0.0,0.0,25.24,5.72,0.0
20201225:2130,0.0,0.0,25.21,5.1,0.0
20201225:2230,178.38,4.74,25.15,5.31,0.0
20201225:2330,208.99,17.89,25.12,5.52,0.0
20201226:0030,262.38,30.3,25.44,4.69,0.0
20201226:0130,328.4,41.6,25.89,4.83,0.0
20201226:0230,287.98,50.62,26.3,5.1,0.0
20201226:0330,480.07,55.52,26.41,5.66,0.0
20201226:0430,265.6,54.54,26.95,5.52,0.0
20201226:0530,307.94,48.09,26.4,4.9,0.0
20201226:0630,13.33,38.17,26.29,4.76,0.0
20201226:0730,135.42,26.41,25.33,3.59,0.0
20201226:0830,77.39,13.66,24.92,3.86,0.0
20201226:0930,3.05,0.36,25.15,4.55,0.0
20201226:1030,0.0,0.0,25.24,4.34,0.0
20201226:1130,0.0,0.0,25.33,4.07,0.0
20201226:1230,0.0,0.0,25.27,3.72,0.0
20201226:1330,0.0,0.0,25.25,3.38,0.0
20201226:1430,0.0,0.0,25.14,2.76,0.0
20201226:1530,0.0,0.0,25.08,2.34,0.0
20201226:1630,0.0,0.0,24.94,2.14,0.0
20201226:1730,0.0,0.0,24.81,2.41,0.0
20201226:1830,0.0,0.0,24.75,1.86,0.0
20201226:1930,0.0,0.0,24.97,0.55,0.0
20201226:2030,0.0,0.0,25.01,0.34,0.0
20201226:2130,0.0,0.0,25.02,0.55,0.0
20201226:2230,11.28,4.65,25.0,0.62,0.0
20201226:2330,182.44,17.8,24.86,0.62,0.0
20201227:0030,466.71,30.22,25.78,0.41,0.0
20201227:0130,436.05,41.54,26.37,0.28,0.0
20201227:0230,548.92,50.6,27.03,0.9,0.0
20201227:0330,545.47,55.54,27.69,1.66,0.0
20201227:0430,438.32,54.61,28.05,2.28,0.0
20201227:0530,434.83,48.18,28.07,1.93,0.0
20201227:0630,462.25,38.28,28.14,1.79,0.0
20201227:0730,297.46,26.52,27.96,0.48,0.0
20201227:0830,100.88,13.77,27.45,1.38,0.0
20201227:0930,3.54,0.48,27.01,1.59,0.0
20201227:1030,0.0,0.0,26.51,1.66,0.0
20201227:1130,0.0,0.0,25.96,1.24,0.0
20201227:1230,0.0,0.0,25.3,1.31,0.0
20201227:1330,0.0,0.0,25.76,0.9,0.0
20201227:1430,0.0,0.0,25.91,0.9,0.0
20201227:1530,0.0,0.0,25.66,0.97,0.0
20201227:1630,0.0,0.0,25.43,1.03,0.0
20201227:1730,0.0,0.0,24.45,1.52,0.0
20201227:1830,0.0,0.0,24.29,1.52,0.0
20201227:1930,0.0,0.0,24.46,1.72,0.0
20201227:2030,0.0,0.0,24.88,1.86,0.0
20201227:2130,0.0,0.0,24.72,1.45,0.0
20201227:2230,120.06,4.55,24.59,1.31,0.0
20201227:2330,241.65,17.71,24.96,1.45,0.0
20201228:0030,443.71,30.15,26.18,1.52,0.0
20201228:0130,520.06,41.49,26.66,1.86,0.0
20201228:0230,726.72,50.58,27.06,2.14,0.0
20201228:0330,809.47,55.57,27.67,2.14,0.0
20201228:0430,811.67,54.68,28.22,1.72,0.0
20201228:0530,769.6,48.28,28.59,1.24,0.0
20201228:0630,168.68,38.39,28.64,0.83,0.0
20201228:0730,102.1,26.63,27.62,0.28,0.0
20201228:0830,39.28,13.88,27.34,0.83,0.0
20201228:0930,3.45,0.59,27.08,0.9,0.0
20201228:1030,0.0,0.0,26.67,1.59,0.0
20201228:1130,0.0,0.0,26.09,1.59,0.0
20201228:1230,0.0,0.0,25.46,1.45,0.0
20201228:1330,0.0,0.0,25.21,1.59,0.0
20201228:1430,0.0,0.0,25.04,1.59,0.0
20201228:1530,0.0,0.0,24.8,1.45,0.0
20201228:1630,0.0,0.0,24.7,1.17,0.0
20201228:1730,0.0,0.0,24.58,1.1,0.0
20201228:1830,0.0,0.0,24.35,1.03,0.0
20201228:1930,0.0,0.0,24.17,1.17,0.0
20201228:2030,0.0,0.0,24.05,1.38,0.0
20201228:2130,0.0,0.0,23.78,1.79,0.0
20201228:2230,444.0,4.46,23.81,2.14,0.0
20201228:2330,647.76,17.63,24.79,2.07,0.0
20201229:0030,825.34,30.08,26.14,2.34,0.0
20201229:0130,942.24,41.44,27.04,2.21,0.0
20201229:0230,985.79,50.56,28.01,2.14,0.0
20201229:0330,896.43,55.61,28.85,1.79,0.0
20201229:0430,934.93,54.76,29.2,1.59,0.0
20201229:0530,898.12,48.39,29.3,1.93,0.0
20201229:0630,858.4,38.51,29.35,2.48,0.0
20201229:0730,521.14,26.75,29.26,2.34,0.0
20201229:0830,559.46,14.0,28.9,1.86,0.0
20201229:0930,3.55,0.7,28.47,1.86,0.0
20201229:1030,0.0,0.0,27.6,1.72,0.0
20201229:1130,0.0,0.0,26.93,1.86,0.0
20201229:1230,0.0,0.0,26.49,2.21,0.0
20201229:1330,0.0,0.0,26.19,2.55,0.0
20201229:1430,0.0,0.0,25.98,2.55,0.0
20201229:1530,0.0,0.0,25.91,2.48,0.0
20201229:1630,0.0,0.0,25.81,2.55,0.0
20201229:1730,0.0,0.0,25.63,2.48,0.0
20201229:1830,0.0,0.0,25.46,2.62,0.0
20201229:1930,0.0,0.0,25.59,2.9,0.0
20201229:2030,0.0,0.0,25.45,2.9,0.0
20201229:2130,0.0,0.0,25.31,3.24,0.0
20201229:2230,112.29,4.37,25.07,3.38,0.0
20201229:2330,375.03,17.55,25.05,3.66,0.0
20201230:0030,611.5,30.02,25.43,4.07,0.0
20201230:0130,707.8,41.4,26.05,4.28,0.0
20201230:0230,780.04,50.56,26.97,4.76,0.0
20201230:0330,727.28,55.65,27.59,5.03,0.0
20201230:0430,562.6,54.85,27.97,4.97,0.0
20201230:0530,441.18,48.5,27.98,5.1,0.0
20201230:0630,205.99,38.63,27.47,5.03,0.0
20201230:0730,272.98,26.87,26.82,4.21,0.0
20201230:0830,201.13,14.12,26.86,3.93,0.0
20201230:0930,6.95,0.82,26.62,3.79,0.0
20201230:1030,0.0,0.0,26.04,3.79,0.0
20201230:1130,0.0,0.0,25.52,4.28,0.0
20201230:1230,0.0,0.0,25.31,4.28,0.0
20201230:1330,0.0,0.0,24.95,4.07,0.0
20201230:1430,0.0,0.0,24.64,3.93,0.0
20201230:1530,0.0,0.0,24.63,4.0,0.0
20201230:1630,0.0,0.0,24.52,4.21,0.0
20201230:1730,0.0,0.0,24.34,4.21,0.0
20201230:1830,0.0,0.0,24.19,4.55,0.0
20201230:1930,0.0,0.0,24.71,4.34,0.0
20201230:2030,0.0,0.0,24.88,4.76,0.0
20201230:2130,0.0,0.0,25.09,4.83,0.0
20201230:2230,156.36,4.28,25.16,4.9,0.0
20201230:2330,343.54,17.47,25.29,4.9,0.0
20201231:0030,638.24,29.96,25.89,6.0,0.0
20201231:0130,626.33,41.37,26.56,6.48,0.0
20201231:0230,741.91,50.56,26.91,6.55,0.0
20201231:0330,669.44,55.7,27.29,6.97,0.0
20201231:0430,673.22,54.94,27.25,7.1,0.0
20201231:0530,685.81,48.62,27.24,7.17,0.0
20201231:0630,480.13,38.75,27.59,7.17,0.0
20201231:0730,376.47,27.0,26.92,6.69,0.0
20201231:0830,181.72,14.24,26.52,5.59,0.0
20201231:0930,6.44,0.94,26.11,5.72,0.0
20201231:1030,0.0,0.0,25.62,5.45,0.0
20201231:1130,0.0,0.0,25.26,5.45,0.0
20201231:1230,0.0,0.0,25.26,5.59,0.0
20201231:1330,0.0,0.0,25.0,6.0,0.0
20201231:1430,0.0,0.0,24.93,5.93,0.0
20201231:1530,0.0,0.0,25.03,5.86,0.0
20201231:1630,0.0,0.0,25.12,5.59,0.0
20201231:1730,0.0,0.0,25.03,5.79,0.0
20201231:1830,0.0,0.0,25.02,6.07,0.0
20201231:1930,0.0,0.0,24.95,6.14,0.0
20201231:2030,0.0,0.0,24.86,5.86,0.0
20201231:2130,0.0,0.0,24.9,5.93,0.0
20201231:2230,259.62,4.19,24.92,5.93,0.0
20201231:2330,496.11,17.4,25.17,6.34,0.0

G(i): Global irradiance on the inclined plane (plane of the array) (W/m2)
H_sun: Sun height (degree)
T2m: 2-m air temperature (degree Celsius)
WS10m: 10-m total wind speed (m/s)
Int: 1 means solar radiation values are reconstructed



PVGIS (c) European Union, 2001-2026