Source,Location ID,City,State,Country,Latitude,Longitude,Time Zone,Elevation,Local Time Zone,Clearsky DHI Units,Clearsky DNI Units,Clearsky GHI Units,Dew Point Units,DHI Units,DNI Units,GHI Units,Solar Zenith Angle Units,Temperature Units,Pressure Units,Relative Humidity Units,Precipitable Water Units,Wind Direction Units,Wind Speed Units,Cloud Type -15,Cloud Type 0,Cloud Type 1,Cloud Type 2,Cloud Type 3,Cloud Type 4,Cloud Type 5,Cloud Type 6,Cloud Type 7,Cloud Type 8,Cloud Type 9,Cloud Type 10,Cloud Type 11,Cloud Type 12,Fill Flag 0,Fill Flag 1,Fill Flag 2,Fill Flag 3,Fill Flag 4,Fill Flag 5,Surface Albedo Units,Version
NSRDB,5197574,-,b'Iloilo',b'Philippines',10.74,122.53,8,12,8,w/m2,w/m2,w/m2,c,w/m2,w/m2,w/m2,Degree,c,mbar,%,cm,Degrees,m/s,N/A,Clear,Probably Clear,Fog,Water,Super-Cooled Water,Mixed,Opaque Ice,Cirrus,Overlapping,Overshooting,Unknown,Dust,Smoke,N/A,Missing Image,Low Irradiance,Exceeds Clearsky,Missing CLoud Properties,Rayleigh Violation,N/A,3.1.1
Year,Month,Day,Hour,Minute,Relative Humidity
2020,1,1,0,0,94.58
2020,1,1,1,0,94.08
2020,1,1,2,0,94.12
2020,1,1,3,0,94.12
2020,1,1,4,0,93.95
2020,1,1,5,0,94.02
2020,1,1,6,0,93.58
2020,1,1,7,0,92.24
2020,1,1,8,0,84.86
2020,1,1,9,0,79.51
2020,1,1,10,0,76.56
2020,1,1,11,0,75.47
2020,1,1,12,0,75.33
2020,1,1,13,0,75.8
2020,1,1,14,0,76.87
2020,1,1,15,0,79.7
2020,1,1,16,0,84.19
2020,1,1,17,0,88.83
2020,1,1,18,0,90.78
2020,1,1,19,0,91.93
2020,1,1,20,0,92.58
2020,1,1,21,0,93.28
2020,1,1,22,0,93.23
2020,1,1,23,0,93.41
2020,1,2,0,0,93.13
2020,1,2,1,0,93.11
2020,1,2,2,0,93.01
2020,1,2,3,0,93.19
2020,1,2,4,0,92.89
2020,1,2,5,0,92.91
2020,1,2,6,0,92.43
2020,1,2,7,0,90.96000000000001
2020,1,2,8,0,86.54
2020,1,2,9,0,81.91
2020,1,2,10,0,78.35000000000001
2020,1,2,11,0,76.2
2020,1,2,12,0,75.5
2020,1,2,13,0,75.24
2020,1,2,14,0,75.4
2020,1,2,15,0,77.55
2020,1,2,16,0,81.73
2020,1,2,17,0,86.48
2020,1,2,18,0,89.04
2020,1,2,19,0,90.01
2020,1,2,20,0,90.51
2020,1,2,21,0,91.75
2020,1,2,22,0,92.4
2020,1,2,23,0,93.07000000000001
2020,1,3,0,0,93.45
2020,1,3,1,0,93.75
2020,1,3,2,0,94.15
2020,1,3,3,0,93.9
2020,1,3,4,0,93.94
2020,1,3,5,0,93.69
2020,1,3,6,0,93.24
2020,1,3,7,0,92.13
2020,1,3,8,0,88.88
2020,1,3,9,0,83.7
2020,1,3,10,0,79.88
2020,1,3,11,0,78.15
2020,1,3,12,0,77.12
2020,1,3,13,0,77.62
2020,1,3,14,0,78.65
2020,1,3,15,0,81.08
2020,1,3,16,0,85.42
2020,1,3,17,0,88.95
2020,1,3,18,0,91.47
2020,1,3,19,0,92.19
2020,1,3,20,0,92.11
2020,1,3,21,0,92.54
2020,1,3,22,0,92.89
2020,1,3,23,0,93.29
2020,1,4,0,0,93.58
2020,1,4,1,0,93.38
2020,1,4,2,0,93.26
2020,1,4,3,0,92.76
2020,1,4,4,0,92.88
2020,1,4,5,0,92.33
2020,1,4,6,0,92.24
2020,1,4,7,0,90.08
2020,1,4,8,0,85.62
2020,1,4,9,0,80.07000000000001
2020,1,4,10,0,76.02
2020,1,4,11,0,74.10000000000001
2020,1,4,12,0,73.53
2020,1,4,13,0,73.32000000000001
2020,1,4,14,0,74.04
2020,1,4,15,0,76.27
2020,1,4,16,0,80.72
2020,1,4,17,0,86.29
2020,1,4,18,0,88.69
2020,1,4,19,0,89.63
2020,1,4,20,0,90.24
2020,1,4,21,0,91.19
2020,1,4,22,0,92.12
2020,1,4,23,0,92.77
2020,1,5,0,0,93.5
2020,1,5,1,0,93.35000000000001
2020,1,5,2,0,93.64
2020,1,5,3,0,93.34
2020,1,5,4,0,93.5
2020,1,5,5,0,93.69
2020,1,5,6,0,93.28
2020,1,5,7,0,91.14
2020,1,5,8,0,87.09
2020,1,5,9,0,81.68
2020,1,5,10,0,77.99
2020,1,5,11,0,76.11
2020,1,5,12,0,75.03
2020,1,5,13,0,74.71000000000001
2020,1,5,14,0,74.79
2020,1,5,15,0,77.09
2020,1,5,16,0,81.89
2020,1,5,17,0,87.67
2020,1,5,18,0,89.94
2020,1,5,19,0,90.83
2020,1,5,20,0,92.2
2020,1,5,21,0,93.07000000000001
2020,1,5,22,0,94.07000000000001
2020,1,5,23,0,94.26
2020,1,6,0,0,94.84
2020,1,6,1,0,94.26
2020,1,6,2,0,94.08
2020,1,6,3,0,93.97
2020,1,6,4,0,93.64
2020,1,6,5,0,93.78
2020,1,6,6,0,93.23
2020,1,6,7,0,92.14
2020,1,6,8,0,88.15
2020,1,6,9,0,82.83
2020,1,6,10,0,79.68
2020,1,6,11,0,77.36
2020,1,6,12,0,76.09
2020,1,6,13,0,75.52
2020,1,6,14,0,75.43
2020,1,6,15,0,76.4
2020,1,6,16,0,79.68
2020,1,6,17,0,84.75
2020,1,6,18,0,87.66
2020,1,6,19,0,89.26
2020,1,6,20,0,90.29
2020,1,6,21,0,90.98
2020,1,6,22,0,91.2
2020,1,6,23,0,91.49
2020,1,7,0,0,92.60000000000001
2020,1,7,1,0,94.06
2020,1,7,2,0,94.03
2020,1,7,3,0,94.37
2020,1,7,4,0,94.49
2020,1,7,5,0,93.98
2020,1,7,6,0,92.88
2020,1,7,7,0,89.60000000000001
2020,1,7,8,0,86.23
2020,1,7,9,0,81.23
2020,1,7,10,0,77.17
2020,1,7,11,0,74.2
2020,1,7,12,0,72.83
2020,1,7,13,0,71.98
2020,1,7,14,0,71.95
2020,1,7,15,0,73.55
2020,1,7,16,0,78.09
2020,1,7,17,0,84.59
2020,1,7,18,0,86.85000000000001
2020,1,7,19,0,88.02
2020,1,7,20,0,89.27
2020,1,7,21,0,89.97
2020,1,7,22,0,90.37
2020,1,7,23,0,90.49
2020,1,8,0,0,90.53
2020,1,8,1,0,90.28
2020,1,8,2,0,90.68
2020,1,8,3,0,92.13
2020,1,8,4,0,92.48
2020,1,8,5,0,92.93
2020,1,8,6,0,93.2
2020,1,8,7,0,92.14
2020,1,8,8,0,90.38
2020,1,8,9,0,85.77
2020,1,8,10,0,80.22
2020,1,8,11,0,75.99
2020,1,8,12,0,73.17
2020,1,8,13,0,71.75
2020,1,8,14,0,72.12
2020,1,8,15,0,74.12
2020,1,8,16,0,79.48
2020,1,8,17,0,85.73
2020,1,8,18,0,88.68
2020,1,8,19,0,89.92
2020,1,8,20,0,90.7
2020,1,8,21,0,90.99
2020,1,8,22,0,91.62
2020,1,8,23,0,91.74
2020,1,9,0,0,92.28
2020,1,9,1,0,92.07000000000001
2020,1,9,2,0,92.15
2020,1,9,3,0,91.93
2020,1,9,4,0,91.66
2020,1,9,5,0,91.41
2020,1,9,6,0,90.89
2020,1,9,7,0,89.64
2020,1,9,8,0,85.16
2020,1,9,9,0,79.76
2020,1,9,10,0,76.31
2020,1,9,11,0,74.44
2020,1,9,12,0,74.23
2020,1,9,13,0,73.52
2020,1,9,14,0,73.49
2020,1,9,15,0,74.61
2020,1,9,16,0,77.92
2020,1,9,17,0,83.98
2020,1,9,18,0,87.02
2020,1,9,19,0,87.56
2020,1,9,20,0,87.42
2020,1,9,21,0,87.54
2020,1,9,22,0,87.51
2020,1,9,23,0,87.62
2020,1,10,0,0,88.72
2020,1,10,1,0,89.38
2020,1,10,2,0,89.59
2020,1,10,3,0,90.04
2020,1,10,4,0,90.05
2020,1,10,5,0,90.79
2020,1,10,6,0,90.51
2020,1,10,7,0,87.05
2020,1,10,8,0,83.53
2020,1,10,9,0,79.81
2020,1,10,10,0,77.17
2020,1,10,11,0,75.66
2020,1,10,12,0,75.3
2020,1,10,13,0,75.03
2020,1,10,14,0,75.28
2020,1,10,15,0,76.75
2020,1,10,16,0,80.94
2020,1,10,17,0,86.93
2020,1,10,18,0,89.9
2020,1,10,19,0,90.79
2020,1,10,20,0,91.71000000000001
2020,1,10,21,0,91.78
2020,1,10,22,0,91.94
2020,1,10,23,0,92.49
2020,1,11,0,0,93.17
2020,1,11,1,0,93.60000000000001
2020,1,11,2,0,93.10000000000001
2020,1,11,3,0,92.29
2020,1,11,4,0,91.83
2020,1,11,5,0,91.84
2020,1,11,6,0,90.47
2020,1,11,7,0,87.10000000000001
2020,1,11,8,0,82.46000000000001
2020,1,11,9,0,79.21000000000001
2020,1,11,10,0,76.44
2020,1,11,11,0,75.02
2020,1,11,12,0,74.26
2020,1,11,13,0,74.07000000000001
2020,1,11,14,0,74.3
2020,1,11,15,0,75.88
2020,1,11,16,0,79.83
2020,1,11,17,0,86.76
2020,1,11,18,0,89.62
2020,1,11,19,0,90.75
2020,1,11,20,0,91.66
2020,1,11,21,0,92.69
2020,1,11,22,0,93.63
2020,1,11,23,0,94.10000000000001
2020,1,12,0,0,94.38
2020,1,12,1,0,94.34
2020,1,12,2,0,94.22
2020,1,12,3,0,93.5
2020,1,12,4,0,93.41
2020,1,12,5,0,93.26
2020,1,12,6,0,91.58
2020,1,12,7,0,87.83
2020,1,12,8,0,82.02
2020,1,12,9,0,77.62
2020,1,12,10,0,74.49
2020,1,12,11,0,72.46000000000001
2020,1,12,12,0,71.52
2020,1,12,13,0,71.27
2020,1,12,14,0,71.74
2020,1,12,15,0,73.41
2020,1,12,16,0,76.71000000000001
2020,1,12,17,0,83.16
2020,1,12,18,0,85.99
2020,1,12,19,0,87.24
2020,1,12,20,0,87.82000000000001
2020,1,12,21,0,88.55
2020,1,12,22,0,89.18
2020,1,12,23,0,89.66
2020,1,13,0,0,90.78
2020,1,13,1,0,92.10000000000001
2020,1,13,2,0,92.44
2020,1,13,3,0,92.87
2020,1,13,4,0,92.45
2020,1,13,5,0,91.92
2020,1,13,6,0,90.56
2020,1,13,7,0,86.58
2020,1,13,8,0,82.23
2020,1,13,9,0,79.02
2020,1,13,10,0,76.99
2020,1,13,11,0,75.94
2020,1,13,12,0,75.25
2020,1,13,13,0,74.7
2020,1,13,14,0,74.83
2020,1,13,15,0,75.87
2020,1,13,16,0,79.44
2020,1,13,17,0,85.65
2020,1,13,18,0,88.43
2020,1,13,19,0,89.71000000000001
2020,1,13,20,0,91.52
2020,1,13,21,0,92.14
2020,1,13,22,0,92.75
2020,1,13,23,0,93.33
2020,1,14,0,0,94.47
2020,1,14,1,0,94.77
2020,1,14,2,0,94.66
2020,1,14,3,0,94.52
2020,1,14,4,0,93.68
2020,1,14,5,0,93.56
2020,1,14,6,0,92.13
2020,1,14,7,0,88.52
2020,1,14,8,0,84.34
2020,1,14,9,0,79.88
2020,1,14,10,0,76.52
2020,1,14,11,0,74.76
2020,1,14,12,0,74.8
2020,1,14,13,0,74.61
2020,1,14,14,0,75.24
2020,1,14,15,0,76.34
2020,1,14,16,0,80.57000000000001
2020,1,14,17,0,86.99
2020,1,14,18,0,89.87
2020,1,14,19,0,91.89
2020,1,14,20,0,92.98
2020,1,14,21,0,93.84
2020,1,14,22,0,94.18
2020,1,14,23,0,94.46000000000001
2020,1,15,0,0,93.99
2020,1,15,1,0,94.2
2020,1,15,2,0,93.91
2020,1,15,3,0,93.81
2020,1,15,4,0,93.94
2020,1,15,5,0,94.53
2020,1,15,6,0,93.60000000000001
2020,1,15,7,0,90.54
2020,1,15,8,0,85.91
2020,1,15,9,0,81.74
2020,1,15,10,0,79.21000000000001
2020,1,15,11,0,77.59
2020,1,15,12,0,76.87
2020,1,15,13,0,76.97
2020,1,15,14,0,77.86
2020,1,15,15,0,79.83
2020,1,15,16,0,84.13
2020,1,15,17,0,89.48
2020,1,15,18,0,91.92
2020,1,15,19,0,93.06
2020,1,15,20,0,93.77
2020,1,15,21,0,94.78
2020,1,15,22,0,94.33
2020,1,15,23,0,94.31
2020,1,16,0,0,94.32000000000001
2020,1,16,1,0,94.52
2020,1,16,2,0,94.4
2020,1,16,3,0,94.57000000000001
2020,1,16,4,0,94.57000000000001
2020,1,16,5,0,95.09
2020,1,16,6,0,94.31
2020,1,16,7,0,93.22
2020,1,16,8,0,90.63
2020,1,16,9,0,86.33
2020,1,16,10,0,82.69
2020,1,16,11,0,80.58
2020,1,16,12,0,79.57000000000001
2020,1,16,13,0,79.69
2020,1,16,14,0,80.37
2020,1,16,15,0,81.73
2020,1,16,16,0,85.37
2020,1,16,17,0,90.61
2020,1,16,18,0,92.71000000000001
2020,1,16,19,0,93.51
2020,1,16,20,0,94.32000000000001
2020,1,16,21,0,95.15
2020,1,16,22,0,95.10000000000001
2020,1,16,23,0,94.54
2020,1,17,0,0,94.68
2020,1,17,1,0,94.55
2020,1,17,2,0,94.3
2020,1,17,3,0,94.15
2020,1,17,4,0,94.17
2020,1,17,5,0,94.34
2020,1,17,6,0,93.5
2020,1,17,7,0,90.69
2020,1,17,8,0,84.95
2020,1,17,9,0,79.3
2020,1,17,10,0,75.60000000000001
2020,1,17,11,0,74.27
2020,1,17,12,0,73.3
2020,1,17,13,0,73.24
2020,1,17,14,0,73.79
2020,1,17,15,0,75.01
2020,1,17,16,0,78.25
2020,1,17,17,0,85.27
2020,1,17,18,0,87.52
2020,1,17,19,0,89.53
2020,1,17,20,0,91.31
2020,1,17,21,0,92.72
2020,1,17,22,0,92.85000000000001
2020,1,17,23,0,93.9
2020,1,18,0,0,94.52
2020,1,18,1,0,94.86
2020,1,18,2,0,95.08
2020,1,18,3,0,95.56
2020,1,18,4,0,95.48
2020,1,18,5,0,95.91
2020,1,18,6,0,94.12
2020,1,18,7,0,89.56
2020,1,18,8,0,84.69
2020,1,18,9,0,80.15
2020,1,18,10,0,77.49
2020,1,18,11,0,76.51
2020,1,18,12,0,75.48
2020,1,18,13,0,75.52
2020,1,18,14,0,76.54
2020,1,18,15,0,78.39
2020,1,18,16,0,81.35000000000001
2020,1,18,17,0,86.78
2020,1,18,18,0,89.75
2020,1,18,19,0,91.60000000000001
2020,1,18,20,0,92.61
2020,1,18,21,0,93.13
2020,1,18,22,0,93.73
2020,1,18,23,0,93.99
2020,1,19,0,0,93.94
2020,1,19,1,0,93.67
2020,1,19,2,0,93.75
2020,1,19,3,0,93.21000000000001
2020,1,19,4,0,92.96000000000001
2020,1,19,5,0,92.82000000000001
2020,1,19,6,0,91.72
2020,1,19,7,0,88.38
2020,1,19,8,0,83.52
2020,1,19,9,0,78.94
2020,1,19,10,0,75.69
2020,1,19,11,0,73.65
2020,1,19,12,0,73.19
2020,1,19,13,0,72.98
2020,1,19,14,0,73.87
2020,1,19,15,0,75.7
2020,1,19,16,0,79.21000000000001
2020,1,19,17,0,86.03
2020,1,19,18,0,89.79
2020,1,19,19,0,91.63
2020,1,19,20,0,93.08
2020,1,19,21,0,93.61
2020,1,19,22,0,93.66
2020,1,19,23,0,93.52
2020,1,20,0,0,93.3
2020,1,20,1,0,93.68
2020,1,20,2,0,94.2
2020,1,20,3,0,94.06
2020,1,20,4,0,94
2020,1,20,5,0,93.91
2020,1,20,6,0,93.77
2020,1,20,7,0,92.25
2020,1,20,8,0,89.14
2020,1,20,9,0,84.78
2020,1,20,10,0,81.26
2020,1,20,11,0,78.38
2020,1,20,12,0,76.86
2020,1,20,13,0,76.17
2020,1,20,14,0,75.96000000000001
2020,1,20,15,0,77.11
2020,1,20,16,0,80.43
2020,1,20,17,0,84.98
2020,1,20,18,0,87.62
2020,1,20,19,0,88.93
2020,1,20,20,0,89.2
2020,1,20,21,0,90.13
2020,1,20,22,0,90.07000000000001
2020,1,20,23,0,90.2
2020,1,21,0,0,89.61
2020,1,21,1,0,89.21000000000001
2020,1,21,2,0,88.21000000000001
2020,1,21,3,0,87.87
2020,1,21,4,0,86.73
2020,1,21,5,0,86.32000000000001
2020,1,21,6,0,85.33
2020,1,21,7,0,80.91
2020,1,21,8,0,73.75
2020,1,21,9,0,69.3
2020,1,21,10,0,66.85
2020,1,21,11,0,65.41
2020,1,21,12,0,64.67
2020,1,21,13,0,64.62
2020,1,21,14,0,65.23
2020,1,21,15,0,66.96000000000001
2020,1,21,16,0,71.16
2020,1,21,17,0,78.56
2020,1,21,18,0,83.44
2020,1,21,19,0,85.31
2020,1,21,20,0,85.52
2020,1,21,21,0,86.5
2020,1,21,22,0,87.91
2020,1,21,23,0,89.02
2020,1,22,0,0,90.22
2020,1,22,1,0,90.43
2020,1,22,2,0,91.22
2020,1,22,3,0,91.51
2020,1,22,4,0,91.96000000000001
2020,1,22,5,0,92.23
2020,1,22,6,0,91.27
2020,1,22,7,0,87.74
2020,1,22,8,0,80.73
2020,1,22,9,0,74.73
2020,1,22,10,0,71.26
2020,1,22,11,0,69.41
2020,1,22,12,0,68.5
2020,1,22,13,0,68.53
2020,1,22,14,0,69.28
2020,1,22,15,0,70.92
2020,1,22,16,0,75.19
2020,1,22,17,0,81.34
2020,1,22,18,0,85.22
2020,1,22,19,0,86.43
2020,1,22,20,0,86.55
2020,1,22,21,0,86.82000000000001
2020,1,22,22,0,88.08
2020,1,22,23,0,89.03
2020,1,23,0,0,88.67
2020,1,23,1,0,88.9
2020,1,23,2,0,88.66
2020,1,23,3,0,88.84
2020,1,23,4,0,88.84
2020,1,23,5,0,88.57000000000001
2020,1,23,6,0,87.47
2020,1,23,7,0,83.29
2020,1,23,8,0,78.09
2020,1,23,9,0,74.95
2020,1,23,10,0,73.14
2020,1,23,11,0,71.48
2020,1,23,12,0,70.51
2020,1,23,13,0,70.24
2020,1,23,14,0,70.97
2020,1,23,15,0,72.44
2020,1,23,16,0,76.06
2020,1,23,17,0,83.16
2020,1,23,18,0,87.89
2020,1,23,19,0,89.66
2020,1,23,20,0,91.01
2020,1,23,21,0,91.55
2020,1,23,22,0,92.7
2020,1,23,23,0,93.87
2020,1,24,0,0,94.82000000000001
2020,1,24,1,0,94.91
2020,1,24,2,0,94.87
2020,1,24,3,0,95.04
2020,1,24,4,0,95.26
2020,1,24,5,0,94.87
2020,1,24,6,0,94.14
2020,1,24,7,0,90.94
2020,1,24,8,0,85.33
2020,1,24,9,0,80.13
2020,1,24,10,0,76.82000000000001
2020,1,24,11,0,74.88
2020,1,24,12,0,74.02
2020,1,24,13,0,74.04
2020,1,24,14,0,74.72
2020,1,24,15,0,77.03
2020,1,24,16,0,81.18
2020,1,24,17,0,87.59
2020,1,24,18,0,90.18
2020,1,24,19,0,92.21000000000001
2020,1,24,20,0,93.13
2020,1,24,21,0,94.08
2020,1,24,22,0,94.33
2020,1,24,23,0,94.55
2020,1,25,0,0,94.76
2020,1,25,1,0,94.81
2020,1,25,2,0,94.87
2020,1,25,3,0,94.54
2020,1,25,4,0,94.88
2020,1,25,5,0,94.78
2020,1,25,6,0,94.03
2020,1,25,7,0,91.88
2020,1,25,8,0,86.37
2020,1,25,9,0,80.16
2020,1,25,10,0,77.06
2020,1,25,11,0,75.36
2020,1,25,12,0,74.25
2020,1,25,13,0,74.10000000000001
2020,1,25,14,0,74.89
2020,1,25,15,0,76.72
2020,1,25,16,0,80.59
2020,1,25,17,0,87.16
2020,1,25,18,0,90.08
2020,1,25,19,0,91.26
2020,1,25,20,0,92.31
2020,1,25,21,0,93.52
2020,1,25,22,0,94.22
2020,1,25,23,0,95.03
2020,1,26,0,0,95.71000000000001
2020,1,26,1,0,95.56
2020,1,26,2,0,95.03
2020,1,26,3,0,94.35000000000001
2020,1,26,4,0,93.89
2020,1,26,5,0,93.69
2020,1,26,6,0,92.57000000000001
2020,1,26,7,0,89.21000000000001
2020,1,26,8,0,83.68
2020,1,26,9,0,76.56
2020,1,26,10,0,73.46000000000001
2020,1,26,11,0,70.61
2020,1,26,12,0,68.93
2020,1,26,13,0,67.87
2020,1,26,14,0,68.01
2020,1,26,15,0,69.43
2020,1,26,16,0,72.33
2020,1,26,17,0,77.2
2020,1,26,18,0,80.97
2020,1,26,19,0,83.78
2020,1,26,20,0,85.91
2020,1,26,21,0,86.14
2020,1,26,22,0,87.11
2020,1,26,23,0,88.54
2020,1,27,0,0,89.79
2020,1,27,1,0,90.9
2020,1,27,2,0,91.16
2020,1,27,3,0,90.3
2020,1,27,4,0,90.21000000000001
2020,1,27,5,0,89.69
2020,1,27,6,0,89.64
2020,1,27,7,0,83.87
2020,1,27,8,0,76.85000000000001
2020,1,27,9,0,72.3
2020,1,27,10,0,71.29
2020,1,27,11,0,69.34
2020,1,27,12,0,68.31
2020,1,27,13,0,67.71000000000001
2020,1,27,14,0,67.51
2020,1,27,15,0,68.72
2020,1,27,16,0,72.18
2020,1,27,17,0,79.51
2020,1,27,18,0,84.14
2020,1,27,19,0,84.78
2020,1,27,20,0,86.08
2020,1,27,21,0,87.94
2020,1,27,22,0,89.78
2020,1,27,23,0,91.3
2020,1,28,0,0,92.51
2020,1,28,1,0,93.45
2020,1,28,2,0,94.21000000000001
2020,1,28,3,0,94.78
2020,1,28,4,0,95.07000000000001
2020,1,28,5,0,95.09
2020,1,28,6,0,93.07000000000001
2020,1,28,7,0,86.4
2020,1,28,8,0,79.96000000000001
2020,1,28,9,0,74.55
2020,1,28,10,0,71.77
2020,1,28,11,0,70.66
2020,1,28,12,0,69.64
2020,1,28,13,0,68.31
2020,1,28,14,0,66.89
2020,1,28,15,0,67.52
2020,1,28,16,0,71.26
2020,1,28,17,0,79.66
2020,1,28,18,0,84.82000000000001
2020,1,28,19,0,85.49
2020,1,28,20,0,86.96000000000001
2020,1,28,21,0,88.72
2020,1,28,22,0,90.62
2020,1,28,23,0,92.03
2020,1,29,0,0,93.25
2020,1,29,1,0,93.88
2020,1,29,2,0,94.62
2020,1,29,3,0,95.34
2020,1,29,4,0,94.58
2020,1,29,5,0,94.75
2020,1,29,6,0,92.22
2020,1,29,7,0,85
2020,1,29,8,0,77.68
2020,1,29,9,0,71.8
2020,1,29,10,0,67.52
2020,1,29,11,0,66.93
2020,1,29,12,0,66.53
2020,1,29,13,0,66.33
2020,1,29,14,0,66.21000000000001
2020,1,29,15,0,67.21000000000001
2020,1,29,16,0,70.55
2020,1,29,17,0,77.55
2020,1,29,18,0,81.68
2020,1,29,19,0,83.3
2020,1,29,20,0,85.32000000000001
2020,1,29,21,0,87.53
2020,1,29,22,0,89.01
2020,1,29,23,0,90.38
2020,1,30,0,0,91.88
2020,1,30,1,0,93.4
2020,1,30,2,0,94.29
2020,1,30,3,0,94.22
2020,1,30,4,0,94.46000000000001
2020,1,30,5,0,94.24
2020,1,30,6,0,90.53
2020,1,30,7,0,81.94
2020,1,30,8,0,74.79
2020,1,30,9,0,68.55
2020,1,30,10,0,64.02
2020,1,30,11,0,61.42
2020,1,30,12,0,60.550000000000004
2020,1,30,13,0,62.22
2020,1,30,14,0,63.59
2020,1,30,15,0,64.76
2020,1,30,16,0,68.68
2020,1,30,17,0,76.42
2020,1,30,18,0,79.97
2020,1,30,19,0,82.17
2020,1,30,20,0,84.21000000000001
2020,1,30,21,0,85.84
2020,1,30,22,0,86.48
2020,1,30,23,0,87.44
2020,1,31,0,0,88.48
2020,1,31,1,0,89.46000000000001
2020,1,31,2,0,90.51
2020,1,31,3,0,91.06
2020,1,31,4,0,91.27
2020,1,31,5,0,91.51
2020,1,31,6,0,88.10000000000001
2020,1,31,7,0,81.14
2020,1,31,8,0,74.85000000000001
2020,1,31,9,0,70.4
2020,1,31,10,0,66.56
2020,1,31,11,0,64.2
2020,1,31,12,0,62.81
2020,1,31,13,0,62.730000000000004
2020,1,31,14,0,63.45
2020,1,31,15,0,64.99
2020,1,31,16,0,67.93
2020,1,31,17,0,75.15
2020,1,31,18,0,80.88
2020,1,31,19,0,83.62
2020,1,31,20,0,84.60000000000001
2020,1,31,21,0,85.66
2020,1,31,22,0,86.56
2020,1,31,23,0,87.55
2020,2,1,0,0,86.86
2020,2,1,1,0,86.99
2020,2,1,2,0,86.99
2020,2,1,3,0,86.59
2020,2,1,4,0,86.95
2020,2,1,5,0,86.98
2020,2,1,6,0,86.29
2020,2,1,7,0,80.39
2020,2,1,8,0,74.58
2020,2,1,9,0,70.67
2020,2,1,10,0,67.5
2020,2,1,11,0,65.28
2020,2,1,12,0,64.18
2020,2,1,13,0,63.97
2020,2,1,14,0,65.34
2020,2,1,15,0,67.22
2020,2,1,16,0,70.52
2020,2,1,17,0,76.36
2020,2,1,18,0,80.93
2020,2,1,19,0,83.71000000000001
2020,2,1,20,0,84.98
2020,2,1,21,0,85.83
2020,2,1,22,0,86.71000000000001
2020,2,1,23,0,87.13
2020,2,2,0,0,87.56
2020,2,2,1,0,87.84
2020,2,2,2,0,87.78
2020,2,2,3,0,87.86
2020,2,2,4,0,87.93
2020,2,2,5,0,87.62
2020,2,2,6,0,85.89
2020,2,2,7,0,79.18
2020,2,2,8,0,73.08
2020,2,2,9,0,68.78
2020,2,2,10,0,65.78
2020,2,2,11,0,64.38
2020,2,2,12,0,63.21
2020,2,2,13,0,63.04
2020,2,2,14,0,63.440000000000005
2020,2,2,15,0,65.43
2020,2,2,16,0,68.48
2020,2,2,17,0,74.12
2020,2,2,18,0,78.83
2020,2,2,19,0,80.5
2020,2,2,20,0,81.68
2020,2,2,21,0,82.45
2020,2,2,22,0,83.48
2020,2,2,23,0,83.77
2020,2,3,0,0,84.68
2020,2,3,1,0,84.54
2020,2,3,2,0,84.44
2020,2,3,3,0,84.4
2020,2,3,4,0,84.57000000000001
2020,2,3,5,0,84.25
2020,2,3,6,0,82.22
2020,2,3,7,0,75.23
2020,2,3,8,0,67.97
2020,2,3,9,0,63.97
2020,2,3,10,0,61.690000000000005
2020,2,3,11,0,59.94
2020,2,3,12,0,59.49
2020,2,3,13,0,59.19
2020,2,3,14,0,59.730000000000004
2020,2,3,15,0,61.160000000000004
2020,2,3,16,0,63.84
2020,2,3,17,0,70.10000000000001
2020,2,3,18,0,75.45
2020,2,3,19,0,77.39
2020,2,3,20,0,78.55
2020,2,3,21,0,79.3
2020,2,3,22,0,80.28
2020,2,3,23,0,81.18
2020,2,4,0,0,81.48
2020,2,4,1,0,82.63
2020,2,4,2,0,83.16
2020,2,4,3,0,84.45
2020,2,4,4,0,85.86
2020,2,4,5,0,86.38
2020,2,4,6,0,83.96000000000001
2020,2,4,7,0,76.06
2020,2,4,8,0,69.38
2020,2,4,9,0,64.27
2020,2,4,10,0,60.800000000000004
2020,2,4,11,0,58.09
2020,2,4,12,0,56.81
2020,2,4,13,0,56.14
2020,2,4,14,0,57.050000000000004
2020,2,4,15,0,58.67
2020,2,4,16,0,62.13
2020,2,4,17,0,70.87
2020,2,4,18,0,77.92
2020,2,4,19,0,80.4
2020,2,4,20,0,82.41
2020,2,4,21,0,83.46000000000001
2020,2,4,22,0,84.71000000000001
2020,2,4,23,0,86.19
2020,2,5,0,0,87.81
2020,2,5,1,0,89.10000000000001
2020,2,5,2,0,90.59
2020,2,5,3,0,91.15
2020,2,5,4,0,91.67
2020,2,5,5,0,91.73
2020,2,5,6,0,88.84
2020,2,5,7,0,82.09
2020,2,5,8,0,76.88
2020,2,5,9,0,73.4
2020,2,5,10,0,69.87
2020,2,5,11,0,67.85
2020,2,5,12,0,68.18
2020,2,5,13,0,69.46000000000001
2020,2,5,14,0,71.39
2020,2,5,15,0,74.74
2020,2,5,16,0,79.09
2020,2,5,17,0,86.10000000000001
2020,2,5,18,0,89.62
2020,2,5,19,0,91.59
2020,2,5,20,0,92.62
2020,2,5,21,0,93.11
2020,2,5,22,0,93.28
2020,2,5,23,0,93.27
2020,2,6,0,0,93.31
2020,2,6,1,0,94.09
2020,2,6,2,0,93.82000000000001
2020,2,6,3,0,94.04
2020,2,6,4,0,93.94
2020,2,6,5,0,93.84
2020,2,6,6,0,93.47
2020,2,6,7,0,91.36
2020,2,6,8,0,86.60000000000001
2020,2,6,9,0,80
2020,2,6,10,0,75.83
2020,2,6,11,0,73.54
2020,2,6,12,0,72.73
2020,2,6,13,0,73.5
2020,2,6,14,0,75.39
2020,2,6,15,0,78.94
2020,2,6,16,0,84.49
2020,2,6,17,0,89.95
2020,2,6,18,0,92.25
2020,2,6,19,0,93.5
2020,2,6,20,0,94.05
2020,2,6,21,0,94.46000000000001
2020,2,6,22,0,94.31
2020,2,6,23,0,94.21000000000001
2020,2,7,0,0,94.26
2020,2,7,1,0,94.21000000000001
2020,2,7,2,0,94.77
2020,2,7,3,0,94.25
2020,2,7,4,0,94.33
2020,2,7,5,0,94.47
2020,2,7,6,0,94.05
2020,2,7,7,0,93.18
2020,2,7,8,0,89.7
2020,2,7,9,0,84.03
2020,2,7,10,0,79.19
2020,2,7,11,0,76.44
2020,2,7,12,0,75.61
2020,2,7,13,0,75.48
2020,2,7,14,0,76.69
2020,2,7,15,0,79.51
2020,2,7,16,0,84.9
2020,2,7,17,0,90.44
2020,2,7,18,0,92.91
2020,2,7,19,0,94.02
2020,2,7,20,0,94.28
2020,2,7,21,0,94.37
2020,2,7,22,0,94.32000000000001
2020,2,7,23,0,94.68
2020,2,8,0,0,94.49
2020,2,8,1,0,94.12
2020,2,8,2,0,93.92
2020,2,8,3,0,93.73
2020,2,8,4,0,93.66
2020,2,8,5,0,93.69
2020,2,8,6,0,93.81
2020,2,8,7,0,90.97
2020,2,8,8,0,84.18
2020,2,8,9,0,76.64
2020,2,8,10,0,72.05
2020,2,8,11,0,69.83
2020,2,8,12,0,68.42
2020,2,8,13,0,67.4
2020,2,8,14,0,67.59
2020,2,8,15,0,67.87
2020,2,8,16,0,70.41
2020,2,8,17,0,76.53
2020,2,8,18,0,81.32000000000001
2020,2,8,19,0,84.13
2020,2,8,20,0,86.43
2020,2,8,21,0,89.09
2020,2,8,22,0,91.49
2020,2,8,23,0,93.81
2020,2,9,0,0,95.44
2020,2,9,1,0,96.39
2020,2,9,2,0,95.62
2020,2,9,3,0,94.76
2020,2,9,4,0,94.08
2020,2,9,5,0,93.44
2020,2,9,6,0,92.22
2020,2,9,7,0,89.02
2020,2,9,8,0,82.55
2020,2,9,9,0,75.38
2020,2,9,10,0,71.3
2020,2,9,11,0,69.23
2020,2,9,12,0,68.94
2020,2,9,13,0,68.83
2020,2,9,14,0,69.45
2020,2,9,15,0,71.33
2020,2,9,16,0,75.16
2020,2,9,17,0,82.01
2020,2,9,18,0,87.43
2020,2,9,19,0,89.83
2020,2,9,20,0,91.07000000000001
2020,2,9,21,0,91.89
2020,2,9,22,0,92.75
2020,2,9,23,0,93.29
2020,2,10,0,0,93.51
2020,2,10,1,0,93.43
2020,2,10,2,0,93.81
2020,2,10,3,0,93.66
2020,2,10,4,0,93.88
2020,2,10,5,0,93.78
2020,2,10,6,0,93.17
2020,2,10,7,0,90.7
2020,2,10,8,0,84.63
2020,2,10,9,0,78.13
2020,2,10,10,0,74.16
2020,2,10,11,0,71.69
2020,2,10,12,0,70.92
2020,2,10,13,0,70.52
2020,2,10,14,0,71.15
2020,2,10,15,0,72.87
2020,2,10,16,0,76.72
2020,2,10,17,0,82.86
2020,2,10,18,0,86.59
2020,2,10,19,0,88.02
2020,2,10,20,0,88.97
2020,2,10,21,0,89.8
2020,2,10,22,0,89.99
2020,2,10,23,0,90.34
2020,2,11,0,0,90.07000000000001
2020,2,11,1,0,90.44
2020,2,11,2,0,90.31
2020,2,11,3,0,90.17
2020,2,11,4,0,89.69
2020,2,11,5,0,89.89
2020,2,11,6,0,88.66
2020,2,11,7,0,83.35000000000001
2020,2,11,8,0,75.08
2020,2,11,9,0,69.86
2020,2,11,10,0,66.64
2020,2,11,11,0,65.14
2020,2,11,12,0,63.99
2020,2,11,13,0,63.940000000000005
2020,2,11,14,0,64.36
2020,2,11,15,0,65.31
2020,2,11,16,0,67.57000000000001
2020,2,11,17,0,73.49
2020,2,11,18,0,79.38
2020,2,11,19,0,81.81
2020,2,11,20,0,83.99
2020,2,11,21,0,86.19
2020,2,11,22,0,87.17
2020,2,11,23,0,87.58
2020,2,12,0,0,88.35000000000001
2020,2,12,1,0,89.83
2020,2,12,2,0,89.48
2020,2,12,3,0,89.34
2020,2,12,4,0,89.2
2020,2,12,5,0,89.10000000000001
2020,2,12,6,0,86.59
2020,2,12,7,0,79.87
2020,2,12,8,0,72.61
2020,2,12,9,0,67
2020,2,12,10,0,63.51
2020,2,12,11,0,62.17
2020,2,12,12,0,62.65
2020,2,12,13,0,64.82000000000001
2020,2,12,14,0,67.69
2020,2,12,15,0,71.61
2020,2,12,16,0,76.41
2020,2,12,17,0,83.23
2020,2,12,18,0,88.42
2020,2,12,19,0,90.88
2020,2,12,20,0,91.88
2020,2,12,21,0,92.03
2020,2,12,22,0,92.43
2020,2,12,23,0,92.65
2020,2,13,0,0,93.2
2020,2,13,1,0,93.28
2020,2,13,2,0,93.10000000000001
2020,2,13,3,0,93.29
2020,2,13,4,0,93.21000000000001
2020,2,13,5,0,93.06
2020,2,13,6,0,92.13
2020,2,13,7,0,88.87
2020,2,13,8,0,81.47
2020,2,13,9,0,73.73
2020,2,13,10,0,69.78
2020,2,13,11,0,68.14
2020,2,13,12,0,68.15
2020,2,13,13,0,69.12
2020,2,13,14,0,70.51
2020,2,13,15,0,72.63
2020,2,13,16,0,76.31
2020,2,13,17,0,82.17
2020,2,13,18,0,86.32000000000001
2020,2,13,19,0,88.59
2020,2,13,20,0,90.5
2020,2,13,21,0,91.57000000000001
2020,2,13,22,0,92.31
2020,2,13,23,0,92.43
2020,2,14,0,0,92.71000000000001
2020,2,14,1,0,92.88
2020,2,14,2,0,93.25
2020,2,14,3,0,93.11
2020,2,14,4,0,92.34
2020,2,14,5,0,92.03
2020,2,14,6,0,90.24
2020,2,14,7,0,83.98
2020,2,14,8,0,76.88
2020,2,14,9,0,71.3
2020,2,14,10,0,67.88
2020,2,14,11,0,66.14
2020,2,14,12,0,65.25
2020,2,14,13,0,65.52
2020,2,14,14,0,66.26
2020,2,14,15,0,68.38
2020,2,14,16,0,71.49
2020,2,14,17,0,78.06
2020,2,14,18,0,83.26
2020,2,14,19,0,86.69
2020,2,14,20,0,88.9
2020,2,14,21,0,90.88
2020,2,14,22,0,91.87
2020,2,14,23,0,92.76
2020,2,15,0,0,92.56
2020,2,15,1,0,93.35000000000001
2020,2,15,2,0,93.72
2020,2,15,3,0,93.77
2020,2,15,4,0,94.04
2020,2,15,5,0,94.31
2020,2,15,6,0,91.61
2020,2,15,7,0,84.28
2020,2,15,8,0,76.04
2020,2,15,9,0,69.68
2020,2,15,10,0,65.11
2020,2,15,11,0,62.24
2020,2,15,12,0,60.51
2020,2,15,13,0,59.82
2020,2,15,14,0,60.18
2020,2,15,15,0,61.43
2020,2,15,16,0,64.73
2020,2,15,17,0,72.54
2020,2,15,18,0,79.27
2020,2,15,19,0,82.9
2020,2,15,20,0,85.55
2020,2,15,21,0,87.68
2020,2,15,22,0,90
2020,2,15,23,0,92.22
2020,2,16,0,0,95.19
2020,2,16,1,0,96.42
2020,2,16,2,0,96.85000000000001
2020,2,16,3,0,96.15
2020,2,16,4,0,96.58
2020,2,16,5,0,97.06
2020,2,16,6,0,92.36
2020,2,16,7,0,83.60000000000001
2020,2,16,8,0,75.43
2020,2,16,9,0,69.34
2020,2,16,10,0,65.83
2020,2,16,11,0,64.32000000000001
2020,2,16,12,0,63.81
2020,2,16,13,0,63.21
2020,2,16,14,0,63.51
2020,2,16,15,0,64.95
2020,2,16,16,0,68.18
2020,2,16,17,0,75.41
2020,2,16,18,0,81.66
2020,2,16,19,0,84.55
2020,2,16,20,0,87.09
2020,2,16,21,0,89.25
2020,2,16,22,0,90.68
2020,2,16,23,0,91.02
2020,2,17,0,0,91.98
2020,2,17,1,0,92.89
2020,2,17,2,0,93.06
2020,2,17,3,0,93.08
2020,2,17,4,0,93.24
2020,2,17,5,0,93.15
2020,2,17,6,0,90.84
2020,2,17,7,0,84.31
2020,2,17,8,0,76.04
2020,2,17,9,0,69.88
2020,2,17,10,0,65.95
2020,2,17,11,0,63.870000000000005
2020,2,17,12,0,63
2020,2,17,13,0,62.410000000000004
2020,2,17,14,0,62.92
2020,2,17,15,0,64.14
2020,2,17,16,0,67.09
2020,2,17,17,0,73
2020,2,17,18,0,78.29
2020,2,17,19,0,80.89
2020,2,17,20,0,83.35000000000001
2020,2,17,21,0,85.29
2020,2,17,22,0,87.22
2020,2,17,23,0,88.55
2020,2,18,0,0,89.5
2020,2,18,1,0,90.08
2020,2,18,2,0,90.2
2020,2,18,3,0,90.15
2020,2,18,4,0,90.51
2020,2,18,5,0,90.74
2020,2,18,6,0,89.54
2020,2,18,7,0,85.53
2020,2,18,8,0,76.65
2020,2,18,9,0,69.71000000000001
2020,2,18,10,0,65.58
2020,2,18,11,0,62.92
2020,2,18,12,0,61.85
2020,2,18,13,0,61.38
2020,2,18,14,0,61.7
2020,2,18,15,0,62.92
2020,2,18,16,0,65.5
2020,2,18,17,0,70.8
2020,2,18,18,0,76.26
2020,2,18,19,0,80.05
2020,2,18,20,0,83.03
2020,2,18,21,0,85.29
2020,2,18,22,0,87.79
2020,2,18,23,0,89.32000000000001
2020,2,19,0,0,90.97
2020,2,19,1,0,91.87
2020,2,19,2,0,92.87
2020,2,19,3,0,93.12
2020,2,19,4,0,92.97
2020,2,19,5,0,92.64
2020,2,19,6,0,92.16
2020,2,19,7,0,88.55
2020,2,19,8,0,79.33
2020,2,19,9,0,71
2020,2,19,10,0,66.43
2020,2,19,11,0,64.85
2020,2,19,12,0,64.16
2020,2,19,13,0,65.29
2020,2,19,14,0,67.62
2020,2,19,15,0,71.44
2020,2,19,16,0,76.32000000000001
2020,2,19,17,0,82.65
2020,2,19,18,0,87.07000000000001
2020,2,19,19,0,88.74
2020,2,19,20,0,89.63
2020,2,19,21,0,90.26
2020,2,19,22,0,91.23
2020,2,19,23,0,92.3
2020,2,20,0,0,92.48
2020,2,20,1,0,93.08
2020,2,20,2,0,93.25
2020,2,20,3,0,93.54
2020,2,20,4,0,93.32000000000001
2020,2,20,5,0,92.81
2020,2,20,6,0,92.19
2020,2,20,7,0,89
2020,2,20,8,0,79.26
2020,2,20,9,0,70.13
2020,2,20,10,0,66.48
2020,2,20,11,0,66.37
2020,2,20,12,0,66.85
2020,2,20,13,0,65.81
2020,2,20,14,0,64.99
2020,2,20,15,0,65.86
2020,2,20,16,0,69.84
2020,2,20,17,0,77.10000000000001
2020,2,20,18,0,83.15
2020,2,20,19,0,85.60000000000001
2020,2,20,20,0,86.9
2020,2,20,21,0,88.17
2020,2,20,22,0,90.29
2020,2,20,23,0,91.86
2020,2,21,0,0,92.43
2020,2,21,1,0,92.86
2020,2,21,2,0,92.95
2020,2,21,3,0,92.47
2020,2,21,4,0,92.79
2020,2,21,5,0,92.93
2020,2,21,6,0,92.17
2020,2,21,7,0,88.22
2020,2,21,8,0,79.94
2020,2,21,9,0,73.60000000000001
2020,2,21,10,0,70.09
2020,2,21,11,0,66.49
2020,2,21,12,0,63.120000000000005
2020,2,21,13,0,61.17
2020,2,21,14,0,61.74
2020,2,21,15,0,64.17
2020,2,21,16,0,68.43
2020,2,21,17,0,74.56
2020,2,21,18,0,80.57000000000001
2020,2,21,19,0,83.72
2020,2,21,20,0,86.31
2020,2,21,21,0,88.03
2020,2,21,22,0,89.45
2020,2,21,23,0,90.54
2020,2,22,0,0,92.01
2020,2,22,1,0,92.42
2020,2,22,2,0,93.4
2020,2,22,3,0,93.02
2020,2,22,4,0,93.07000000000001
2020,2,22,5,0,92.79
2020,2,22,6,0,91.91
2020,2,22,7,0,88.73
2020,2,22,8,0,82.42
2020,2,22,9,0,74.52
2020,2,22,10,0,69.48
2020,2,22,11,0,65.44
2020,2,22,12,0,62.1
2020,2,22,13,0,59.99
2020,2,22,14,0,59.82
2020,2,22,15,0,60.61
2020,2,22,16,0,63.940000000000005
2020,2,22,17,0,71.59
2020,2,22,18,0,78.92
2020,2,22,19,0,82.95
2020,2,22,20,0,85.62
2020,2,22,21,0,86.77
2020,2,22,22,0,87.89
2020,2,22,23,0,88.86
2020,2,23,0,0,90.69
2020,2,23,1,0,91.07000000000001
2020,2,23,2,0,91.77
2020,2,23,3,0,91.63
2020,2,23,4,0,91.64
2020,2,23,5,0,91.81
2020,2,23,6,0,91.05
2020,2,23,7,0,87.56
2020,2,23,8,0,76.91
2020,2,23,9,0,66.8
2020,2,23,10,0,61.72
2020,2,23,11,0,60.03
2020,2,23,12,0,60.980000000000004
2020,2,23,13,0,63.07
2020,2,23,14,0,65.9
2020,2,23,15,0,69.12
2020,2,23,16,0,74.22
2020,2,23,17,0,80.99
2020,2,23,18,0,86.58
2020,2,23,19,0,88.99
2020,2,23,20,0,89.98
2020,2,23,21,0,91.31
2020,2,23,22,0,91.81
2020,2,23,23,0,92.13
2020,2,24,0,0,93.23
2020,2,24,1,0,93
2020,2,24,2,0,93.25
2020,2,24,3,0,93.38
2020,2,24,4,0,93.5
2020,2,24,5,0,93.05
2020,2,24,6,0,92.19
2020,2,24,7,0,87.68
2020,2,24,8,0,79.16
2020,2,24,9,0,71.65
2020,2,24,10,0,67.91
2020,2,24,11,0,65.76
2020,2,24,12,0,64.73
2020,2,24,13,0,64.08
2020,2,24,14,0,64.54
2020,2,24,15,0,65.59
2020,2,24,16,0,68.26
2020,2,24,17,0,74.55
2020,2,24,18,0,80.09
2020,2,24,19,0,83.41
2020,2,24,20,0,84.97
2020,2,24,21,0,86.85000000000001
2020,2,24,22,0,89.38
2020,2,24,23,0,91.33
2020,2,25,0,0,93.14
2020,2,25,1,0,93.3
2020,2,25,2,0,93.44
2020,2,25,3,0,93.66
2020,2,25,4,0,93.41
2020,2,25,5,0,93.57000000000001
2020,2,25,6,0,90.47
2020,2,25,7,0,82.55
2020,2,25,8,0,73.45
2020,2,25,9,0,68.04
2020,2,25,10,0,64.67
2020,2,25,11,0,62.47
2020,2,25,12,0,61.02
2020,2,25,13,0,60.89
2020,2,25,14,0,61.32
2020,2,25,15,0,62.72
2020,2,25,16,0,65.79
2020,2,25,17,0,72.22
2020,2,25,18,0,78.84
2020,2,25,19,0,81.83
2020,2,25,20,0,84.23
2020,2,25,21,0,86.10000000000001
2020,2,25,22,0,88.46000000000001
2020,2,25,23,0,91.10000000000001
2020,2,26,0,0,92.5
2020,2,26,1,0,93.97
2020,2,26,2,0,94.16
2020,2,26,3,0,94.29
2020,2,26,4,0,94.26
2020,2,26,5,0,94.36
2020,2,26,6,0,91.76
2020,2,26,7,0,84.27
2020,2,26,8,0,73.96000000000001
2020,2,26,9,0,67.34
2020,2,26,10,0,63.67
2020,2,26,11,0,61.67
2020,2,26,12,0,60.9
2020,2,26,13,0,60.730000000000004
2020,2,26,14,0,60.92
2020,2,26,15,0,61.95
2020,2,26,16,0,63.730000000000004
2020,2,26,17,0,69.02
2020,2,26,18,0,75.37
2020,2,26,19,0,79.2
2020,2,26,20,0,82.48
2020,2,26,21,0,84.83
2020,2,26,22,0,87.07000000000001
2020,2,26,23,0,89.49
2020,2,27,0,0,91.69
2020,2,27,1,0,92.92
2020,2,27,2,0,93.25
2020,2,27,3,0,93.16
2020,2,27,4,0,93.10000000000001
2020,2,27,5,0,93.28
2020,2,27,6,0,90.15
2020,2,27,7,0,82.29
2020,2,27,8,0,74.5
2020,2,27,9,0,68.79
2020,2,27,10,0,65.4
2020,2,27,11,0,63.67
2020,2,27,12,0,63.03
2020,2,27,13,0,63.28
2020,2,27,14,0,64.12
2020,2,27,15,0,66.14
2020,2,27,16,0,70.43
2020,2,27,17,0,77.54
2020,2,27,18,0,83.05
2020,2,27,19,0,86.8
2020,2,27,20,0,89.19
2020,2,27,21,0,91.15
2020,2,27,22,0,92.25
2020,2,27,23,0,92.91
2020,2,28,0,0,93.13
2020,2,28,1,0,93.37
2020,2,28,2,0,93.71000000000001
2020,2,28,3,0,94.10000000000001
2020,2,28,4,0,93.68
2020,2,28,5,0,93.73
2020,2,28,6,0,92.56
2020,2,28,7,0,87.49
2020,2,28,8,0,78.05
2020,2,28,9,0,71.17
2020,2,28,10,0,67.06
2020,2,28,11,0,65.43
2020,2,28,12,0,64.83
2020,2,28,13,0,64.57000000000001
2020,2,28,14,0,66.04
2020,2,28,15,0,68.24
2020,2,28,16,0,72.18
2020,2,28,17,0,78.87
2020,2,28,18,0,84.53
2020,2,28,19,0,87.68
2020,2,28,20,0,89.55
2020,2,28,21,0,90.12
2020,2,28,22,0,91.05
2020,2,28,23,0,91.22
2020,3,1,0,0,88.68
2020,3,1,1,0,89.37
2020,3,1,2,0,89.34
2020,3,1,3,0,88.67
2020,3,1,4,0,88.35000000000001
2020,3,1,5,0,88.37
2020,3,1,6,0,85.84
2020,3,1,7,0,77.45
2020,3,1,8,0,69.84
2020,3,1,9,0,64.56
2020,3,1,10,0,60.74
2020,3,1,11,0,59.04
2020,3,1,12,0,58.33
2020,3,1,13,0,57.89
2020,3,1,14,0,58.84
2020,3,1,15,0,61.02
2020,3,1,16,0,63.81
2020,3,1,17,0,69.53
2020,3,1,18,0,76.23
2020,3,1,19,0,79.58
2020,3,1,20,0,82.86
2020,3,1,21,0,85.2
2020,3,1,22,0,87.36
2020,3,1,23,0,89.39
2020,3,2,0,0,91.84
2020,3,2,1,0,93.54
2020,3,2,2,0,92.86
2020,3,2,3,0,92.25
2020,3,2,4,0,91.81
2020,3,2,5,0,91.11
2020,3,2,6,0,86.93
2020,3,2,7,0,78.29
2020,3,2,8,0,70.68
2020,3,2,9,0,64.83
2020,3,2,10,0,61.550000000000004
2020,3,2,11,0,59.88
2020,3,2,12,0,59.09
2020,3,2,13,0,58.72
2020,3,2,14,0,59.44
2020,3,2,15,0,61.24
2020,3,2,16,0,64.56
2020,3,2,17,0,70.08
2020,3,2,18,0,76.38
2020,3,2,19,0,79.45
2020,3,2,20,0,81.82000000000001
2020,3,2,21,0,84.06
2020,3,2,22,0,86.3
2020,3,2,23,0,89.36
2020,3,3,0,0,91.73
2020,3,3,1,0,91.73
2020,3,3,2,0,91.4
2020,3,3,3,0,91.48
2020,3,3,4,0,91.54
2020,3,3,5,0,92.84
2020,3,3,6,0,89.63
2020,3,3,7,0,81.38
2020,3,3,8,0,71.62
2020,3,3,9,0,65.45
2020,3,3,10,0,61.38
2020,3,3,11,0,58.61
2020,3,3,12,0,57.63
2020,3,3,13,0,57.83
2020,3,3,14,0,59.32
2020,3,3,15,0,60.96
2020,3,3,16,0,64.01
2020,3,3,17,0,70.32000000000001
2020,3,3,18,0,77.55
2020,3,3,19,0,81.49
2020,3,3,20,0,84.66
2020,3,3,21,0,85.96000000000001
2020,3,3,22,0,87.31
2020,3,3,23,0,88.49
2020,3,4,0,0,89.14
2020,3,4,1,0,89.79
2020,3,4,2,0,89.44
2020,3,4,3,0,90.02
2020,3,4,4,0,90.17
2020,3,4,5,0,90.27
2020,3,4,6,0,86.73
2020,3,4,7,0,79.27
2020,3,4,8,0,70.41
2020,3,4,9,0,64.63
2020,3,4,10,0,60.65
2020,3,4,11,0,58.34
2020,3,4,12,0,56.980000000000004
2020,3,4,13,0,56.31
2020,3,4,14,0,56.78
2020,3,4,15,0,58.27
2020,3,4,16,0,61.410000000000004
2020,3,4,17,0,67.82000000000001
2020,3,4,18,0,74.71000000000001
2020,3,4,19,0,78.72
2020,3,4,20,0,82.19
2020,3,4,21,0,84.76
2020,3,4,22,0,86.54
2020,3,4,23,0,88.96000000000001
2020,3,5,0,0,92.25
2020,3,5,1,0,94.43
2020,3,5,2,0,95.54
2020,3,5,3,0,96.31
2020,3,5,4,0,95.8
2020,3,5,5,0,95.5
2020,3,5,6,0,90.67
2020,3,5,7,0,81.55
2020,3,5,8,0,74.15
2020,3,5,9,0,69.82000000000001
2020,3,5,10,0,66.28
2020,3,5,11,0,63.53
2020,3,5,12,0,61.79
2020,3,5,13,0,61.6
2020,3,5,14,0,62.940000000000005
2020,3,5,15,0,65.15
2020,3,5,16,0,69.34
2020,3,5,17,0,75.89
2020,3,5,18,0,81.85000000000001
2020,3,5,19,0,85.06
2020,3,5,20,0,87.33
2020,3,5,21,0,89.63
2020,3,5,22,0,90.8
2020,3,5,23,0,92.26
2020,3,6,0,0,92.86
2020,3,6,1,0,93.71000000000001
2020,3,6,2,0,93.60000000000001
2020,3,6,3,0,93.61
2020,3,6,4,0,93.81
2020,3,6,5,0,94.18
2020,3,6,6,0,93.07000000000001
2020,3,6,7,0,90.07000000000001
2020,3,6,8,0,82.56
2020,3,6,9,0,75.61
2020,3,6,10,0,72.46000000000001
2020,3,6,11,0,72.25
2020,3,6,12,0,73.17
2020,3,6,13,0,76.24
2020,3,6,14,0,80.09
2020,3,6,15,0,84.13
2020,3,6,16,0,87.85000000000001
2020,3,6,17,0,91.52
2020,3,6,18,0,93.4
2020,3,6,19,0,93.49
2020,3,6,20,0,94.02
2020,3,6,21,0,93.73
2020,3,6,22,0,93.95
2020,3,6,23,0,94.03
2020,3,7,0,0,94.78
2020,3,7,1,0,94.91
2020,3,7,2,0,94.56
2020,3,7,3,0,94.77
2020,3,7,4,0,94.49
2020,3,7,5,0,94.89
2020,3,7,6,0,94
2020,3,7,7,0,92.05
2020,3,7,8,0,88.47
2020,3,7,9,0,83.43
2020,3,7,10,0,80
2020,3,7,11,0,78.88
2020,3,7,12,0,78.86
2020,3,7,13,0,78.64
2020,3,7,14,0,78.94
2020,3,7,15,0,79.57000000000001
2020,3,7,16,0,81.72
2020,3,7,17,0,86.79
2020,3,7,18,0,91.27
2020,3,7,19,0,92.98
2020,3,7,20,0,93.88
2020,3,7,21,0,94.56
2020,3,7,22,0,94.73
2020,3,7,23,0,95.28
2020,3,8,0,0,95.03
2020,3,8,1,0,95.11
2020,3,8,2,0,94.97
2020,3,8,3,0,94.83
2020,3,8,4,0,94.81
2020,3,8,5,0,94.73
2020,3,8,6,0,92.96000000000001
2020,3,8,7,0,88.61
2020,3,8,8,0,79.95
2020,3,8,9,0,72.11
2020,3,8,10,0,69.17
2020,3,8,11,0,67.38
2020,3,8,12,0,66.86
2020,3,8,13,0,66.57000000000001
2020,3,8,14,0,68.03
2020,3,8,15,0,69.97
2020,3,8,16,0,72.7
2020,3,8,17,0,79
2020,3,8,18,0,84.8
2020,3,8,19,0,86.7
2020,3,8,20,0,87.60000000000001
2020,3,8,21,0,87.74
2020,3,8,22,0,88.37
2020,3,8,23,0,90.24
2020,3,9,0,0,92.27
2020,3,9,1,0,93.48
2020,3,9,2,0,94.22
2020,3,9,3,0,94.02
2020,3,9,4,0,93.45
2020,3,9,5,0,92.79
2020,3,9,6,0,88
2020,3,9,7,0,80.2
2020,3,9,8,0,70.81
2020,3,9,9,0,63.79
2020,3,9,10,0,59.21
2020,3,9,11,0,55.47
2020,3,9,12,0,53.01
2020,3,9,13,0,51.01
2020,3,9,14,0,50.410000000000004
2020,3,9,15,0,51.39
2020,3,9,16,0,54.4
2020,3,9,17,0,62.76
2020,3,9,18,0,73.62
2020,3,9,19,0,77.15
2020,3,9,20,0,79.99
2020,3,9,21,0,82.07000000000001
2020,3,9,22,0,83.55
2020,3,9,23,0,85.19
2020,3,10,0,0,86.08
2020,3,10,1,0,87.81
2020,3,10,2,0,89.53
2020,3,10,3,0,90.87
2020,3,10,4,0,91.43
2020,3,10,5,0,91.83
2020,3,10,6,0,87.26
2020,3,10,7,0,78.03
2020,3,10,8,0,69.07000000000001
2020,3,10,9,0,61.690000000000005
2020,3,10,10,0,57.68
2020,3,10,11,0,56.46
2020,3,10,12,0,54.54
2020,3,10,13,0,53.61
2020,3,10,14,0,53.980000000000004
2020,3,10,15,0,55.13
2020,3,10,16,0,57.7
2020,3,10,17,0,65.25
2020,3,10,18,0,74.14
2020,3,10,19,0,78.09
2020,3,10,20,0,80.76
2020,3,10,21,0,82.96000000000001
2020,3,10,22,0,85.83
2020,3,10,23,0,88.22
2020,3,11,0,0,89.67
2020,3,11,1,0,91.49
2020,3,11,2,0,92.84
2020,3,11,3,0,94.02
2020,3,11,4,0,94.37
2020,3,11,5,0,93.86
2020,3,11,6,0,87.36
2020,3,11,7,0,78.41
2020,3,11,8,0,69.81
2020,3,11,9,0,62.43
2020,3,11,10,0,57.79
2020,3,11,11,0,55.26
2020,3,11,12,0,53.4
2020,3,11,13,0,52.620000000000005
2020,3,11,14,0,52.2
2020,3,11,15,0,53.45
2020,3,11,16,0,56.51
2020,3,11,17,0,63.43
2020,3,11,18,0,72.72
2020,3,11,19,0,78.07000000000001
2020,3,11,20,0,82.10000000000001
2020,3,11,21,0,84.35000000000001
2020,3,11,22,0,85.68
2020,3,11,23,0,86.83
2020,3,12,0,0,86.85000000000001
2020,3,12,1,0,85.26
2020,3,12,2,0,84.3
2020,3,12,3,0,83.99
2020,3,12,4,0,83.48
2020,3,12,5,0,83.8
2020,3,12,6,0,80.51
2020,3,12,7,0,71.21000000000001
2020,3,12,8,0,63.57
2020,3,12,9,0,58.51
2020,3,12,10,0,54.95
2020,3,12,11,0,53.14
2020,3,12,12,0,53.01
2020,3,12,13,0,53.2
2020,3,12,14,0,54.11
2020,3,12,15,0,56.06
2020,3,12,16,0,58.97
2020,3,12,17,0,64.68
2020,3,12,18,0,72
2020,3,12,19,0,76.31
2020,3,12,20,0,79.45
2020,3,12,21,0,82.33
2020,3,12,22,0,84.12
2020,3,12,23,0,86.13
2020,3,13,0,0,86.67
2020,3,13,1,0,87.02
2020,3,13,2,0,87.06
2020,3,13,3,0,88.3
2020,3,13,4,0,89.62
2020,3,13,5,0,91.16
2020,3,13,6,0,85.25
2020,3,13,7,0,75.63
2020,3,13,8,0,67.48
2020,3,13,9,0,61.96
2020,3,13,10,0,58.72
2020,3,13,11,0,56.22
2020,3,13,12,0,54.96
2020,3,13,13,0,54.33
2020,3,13,14,0,54.03
2020,3,13,15,0,54.99
2020,3,13,16,0,57.38
2020,3,13,17,0,63.04
2020,3,13,18,0,71.19
2020,3,13,19,0,76.24
2020,3,13,20,0,80.38
2020,3,13,21,0,84.09
2020,3,13,22,0,87.03
2020,3,13,23,0,90.28
2020,3,14,0,0,93.09
2020,3,14,1,0,94.56
2020,3,14,2,0,94.7
2020,3,14,3,0,94.06
2020,3,14,4,0,93.17
2020,3,14,5,0,92.37
2020,3,14,6,0,86.36
2020,3,14,7,0,76.25
2020,3,14,8,0,67.09
2020,3,14,9,0,60.63
2020,3,14,10,0,56.69
2020,3,14,11,0,55.660000000000004
2020,3,14,12,0,55
2020,3,14,13,0,54.67
2020,3,14,14,0,55.75
2020,3,14,15,0,57.21
2020,3,14,16,0,60.08
2020,3,14,17,0,66.64
2020,3,14,18,0,75.8
2020,3,14,19,0,79.26
2020,3,14,20,0,82.46000000000001
2020,3,14,21,0,84.13
2020,3,14,22,0,86.3
2020,3,14,23,0,88.39
2020,3,15,0,0,90.48
2020,3,15,1,0,92.33
2020,3,15,2,0,93.33
2020,3,15,3,0,93.83
2020,3,15,4,0,94.08
2020,3,15,5,0,93.42
2020,3,15,6,0,86.19
2020,3,15,7,0,75.42
2020,3,15,8,0,66.31
2020,3,15,9,0,58.51
2020,3,15,10,0,53.36
2020,3,15,11,0,50.870000000000005
2020,3,15,12,0,48.67
2020,3,15,13,0,47.18
2020,3,15,14,0,46.77
2020,3,15,15,0,47.62
2020,3,15,16,0,50.38
2020,3,15,17,0,58.120000000000005
2020,3,15,18,0,68.74
2020,3,15,19,0,74.72
2020,3,15,20,0,79.29
2020,3,15,21,0,82.24
2020,3,15,22,0,85.15
2020,3,15,23,0,88.01
2020,3,16,0,0,89.42
2020,3,16,1,0,91.8
2020,3,16,2,0,92
2020,3,16,3,0,91.52
2020,3,16,4,0,90.91
2020,3,16,5,0,90.59
2020,3,16,6,0,84.22
2020,3,16,7,0,74.84
2020,3,16,8,0,65.45
2020,3,16,9,0,57.14
2020,3,16,10,0,51.1
2020,3,16,11,0,47.81
2020,3,16,12,0,46.910000000000004
2020,3,16,13,0,46.19
2020,3,16,14,0,46.63
2020,3,16,15,0,48.43
2020,3,16,16,0,51.96
2020,3,16,17,0,59.050000000000004
2020,3,16,18,0,69.28
2020,3,16,19,0,74.81
2020,3,16,20,0,78.75
2020,3,16,21,0,82.65
2020,3,16,22,0,85.38
2020,3,16,23,0,88.97
2020,3,17,0,0,90.44
2020,3,17,1,0,90.17
2020,3,17,2,0,89.05
2020,3,17,3,0,88.38
2020,3,17,4,0,87.73
2020,3,17,5,0,87.11
2020,3,17,6,0,81.9
2020,3,17,7,0,72.21000000000001
2020,3,17,8,0,63.93
2020,3,17,9,0,56.86
2020,3,17,10,0,51.800000000000004
2020,3,17,11,0,49.42
2020,3,17,12,0,48.89
2020,3,17,13,0,49.550000000000004
2020,3,17,14,0,50.93
2020,3,17,15,0,53.19
2020,3,17,16,0,56.72
2020,3,17,17,0,62.79
2020,3,17,18,0,70.64
2020,3,17,19,0,75.74
2020,3,17,20,0,79.9
2020,3,17,21,0,83.81
2020,3,17,22,0,86.82000000000001
2020,3,17,23,0,89.27
2020,3,18,0,0,90.51
2020,3,18,1,0,90.45
2020,3,18,2,0,90.24
2020,3,18,3,0,89.55
2020,3,18,4,0,89.58
2020,3,18,5,0,89.53
2020,3,18,6,0,85.21000000000001
2020,3,18,7,0,75.69
2020,3,18,8,0,66.97
2020,3,18,9,0,60.57
2020,3,18,10,0,56.46
2020,3,18,11,0,54.45
2020,3,18,12,0,53.44
2020,3,18,13,0,53.74
2020,3,18,14,0,55.17
2020,3,18,15,0,57.52
2020,3,18,16,0,60.910000000000004
2020,3,18,17,0,66.3
2020,3,18,18,0,74.29
2020,3,18,19,0,79.11
2020,3,18,20,0,82.57000000000001
2020,3,18,21,0,84.62
2020,3,18,22,0,85.97
2020,3,18,23,0,87.59
2020,3,19,0,0,88.23
2020,3,19,1,0,89.53
2020,3,19,2,0,90.4
2020,3,19,3,0,91.14
2020,3,19,4,0,91.2
2020,3,19,5,0,91.36
2020,3,19,6,0,87.44
2020,3,19,7,0,78.51
2020,3,19,8,0,68.74
2020,3,19,9,0,61.35
2020,3,19,10,0,56.83
2020,3,19,11,0,54.24
2020,3,19,12,0,52.96
2020,3,19,13,0,52.5
2020,3,19,14,0,52.49
2020,3,19,15,0,53.82
2020,3,19,16,0,56.84
2020,3,19,17,0,63.190000000000005
2020,3,19,18,0,71.54
2020,3,19,19,0,75.43
2020,3,19,20,0,78.24
2020,3,19,21,0,81.35000000000001
2020,3,19,22,0,84.21000000000001
2020,3,19,23,0,86.63
2020,3,20,0,0,89.04
2020,3,20,1,0,91.16
2020,3,20,2,0,92.33
2020,3,20,3,0,92.26
2020,3,20,4,0,92.55
2020,3,20,5,0,92.19
2020,3,20,6,0,85.63
2020,3,20,7,0,75.81
2020,3,20,8,0,65.6
2020,3,20,9,0,56.72
2020,3,20,10,0,52.18
2020,3,20,11,0,49.21
2020,3,20,12,0,47.43
2020,3,20,13,0,46.62
2020,3,20,14,0,46.76
2020,3,20,15,0,48.15
2020,3,20,16,0,51.15
2020,3,20,17,0,57.99
2020,3,20,18,0,67.34
2020,3,20,19,0,72.9
2020,3,20,20,0,78.35000000000001
2020,3,20,21,0,81.83
2020,3,20,22,0,85.11
2020,3,20,23,0,87.25
2020,3,21,0,0,89.44
2020,3,21,1,0,91.04
2020,3,21,2,0,91.42
2020,3,21,3,0,91.81
2020,3,21,4,0,91.55
2020,3,21,5,0,92.05
2020,3,21,6,0,86.54
2020,3,21,7,0,75.96000000000001
2020,3,21,8,0,67.14
2020,3,21,9,0,60.660000000000004
2020,3,21,10,0,57.29
2020,3,21,11,0,55.94
2020,3,21,12,0,55.550000000000004
2020,3,21,13,0,55.77
2020,3,21,14,0,56.72
2020,3,21,15,0,58.730000000000004
2020,3,21,16,0,61.95
2020,3,21,17,0,67.53
2020,3,21,18,0,73.84
2020,3,21,19,0,78.4
2020,3,21,20,0,81.63
2020,3,21,21,0,83.89
2020,3,21,22,0,85.64
2020,3,21,23,0,86.97
2020,3,22,0,0,87.66
2020,3,22,1,0,88.26
2020,3,22,2,0,88.69
2020,3,22,3,0,89.01
2020,3,22,4,0,89.01
2020,3,22,5,0,89.68
2020,3,22,6,0,85.42
2020,3,22,7,0,76.07000000000001
2020,3,22,8,0,66.98
2020,3,22,9,0,59.57
2020,3,22,10,0,55.17
2020,3,22,11,0,53.370000000000005
2020,3,22,12,0,52.050000000000004
2020,3,22,13,0,51.410000000000004
2020,3,22,14,0,51.870000000000005
2020,3,22,15,0,53.160000000000004
2020,3,22,16,0,55.800000000000004
2020,3,22,17,0,60.86
2020,3,22,18,0,67.95
2020,3,22,19,0,72.53
2020,3,22,20,0,76.58
2020,3,22,21,0,80.11
2020,3,22,22,0,83.67
2020,3,22,23,0,86
2020,3,23,0,0,88.52
2020,3,23,1,0,89.7
2020,3,23,2,0,90.37
2020,3,23,3,0,89.71000000000001
2020,3,23,4,0,88.84
2020,3,23,5,0,88.42
2020,3,23,6,0,84.03
2020,3,23,7,0,73.71000000000001
2020,3,23,8,0,64.52
2020,3,23,9,0,57.42
2020,3,23,10,0,52.96
2020,3,23,11,0,51.26
2020,3,23,12,0,50.910000000000004
2020,3,23,13,0,51.620000000000005
2020,3,23,14,0,53.21
2020,3,23,15,0,55.07
2020,3,23,16,0,57.9
2020,3,23,17,0,62.300000000000004
2020,3,23,18,0,69.58
2020,3,23,19,0,73.87
2020,3,23,20,0,78.02
2020,3,23,21,0,80.63
2020,3,23,22,0,83.17
2020,3,23,23,0,85.32000000000001
2020,3,24,0,0,87.42
2020,3,24,1,0,88.23
2020,3,24,2,0,87.54
2020,3,24,3,0,87.01
2020,3,24,4,0,86.67
2020,3,24,5,0,86.16
2020,3,24,6,0,80.55
2020,3,24,7,0,70.45
2020,3,24,8,0,62.28
2020,3,24,9,0,55.2
2020,3,24,10,0,51.17
2020,3,24,11,0,49.43
2020,3,24,12,0,48.94
2020,3,24,13,0,48.61
2020,3,24,14,0,48.89
2020,3,24,15,0,50.1
2020,3,24,16,0,52.42
2020,3,24,17,0,57.24
2020,3,24,18,0,64.91
2020,3,24,19,0,70.68
2020,3,24,20,0,74.42
2020,3,24,21,0,77.66
2020,3,24,22,0,80.63
2020,3,24,23,0,83.92
2020,3,25,0,0,85.81
2020,3,25,1,0,86.06
2020,3,25,2,0,85.74
2020,3,25,3,0,85.25
2020,3,25,4,0,85.60000000000001
2020,3,25,5,0,86.11
2020,3,25,6,0,82.23
2020,3,25,7,0,73.25
2020,3,25,8,0,64.54
2020,3,25,9,0,58.03
2020,3,25,10,0,54.08
2020,3,25,11,0,51.7
2020,3,25,12,0,50.77
2020,3,25,13,0,50.85
2020,3,25,14,0,52.32
2020,3,25,15,0,55.160000000000004
2020,3,25,16,0,58.800000000000004
2020,3,25,17,0,63.95
2020,3,25,18,0,70.39
2020,3,25,19,0,74.74
2020,3,25,20,0,77.17
2020,3,25,21,0,80.08
2020,3,25,22,0,81.82000000000001
2020,3,25,23,0,83.28
2020,3,26,0,0,84.52
2020,3,26,1,0,85.76
2020,3,26,2,0,86.01
2020,3,26,3,0,86.85000000000001
2020,3,26,4,0,87.34
2020,3,26,5,0,87.77
2020,3,26,6,0,84.14
2020,3,26,7,0,75.58
2020,3,26,8,0,67.02
2020,3,26,9,0,60.68
2020,3,26,10,0,56.7
2020,3,26,11,0,55.050000000000004
2020,3,26,12,0,55.21
2020,3,26,13,0,55.980000000000004
2020,3,26,14,0,57.1
2020,3,26,15,0,59.09
2020,3,26,16,0,62.050000000000004
2020,3,26,17,0,66.25
2020,3,26,18,0,71.97
2020,3,26,19,0,75.82000000000001
2020,3,26,20,0,79.34
2020,3,26,21,0,82.51
2020,3,26,22,0,85.69
2020,3,26,23,0,88.3
2020,3,27,0,0,89.56
2020,3,27,1,0,90.02
2020,3,27,2,0,90.69
2020,3,27,3,0,90.89
2020,3,27,4,0,90.86
2020,3,27,5,0,91.34
2020,3,27,6,0,88.74
2020,3,27,7,0,80.96000000000001
2020,3,27,8,0,70.13
2020,3,27,9,0,62.46
2020,3,27,10,0,58.1
2020,3,27,11,0,55.27
2020,3,27,12,0,53.49
2020,3,27,13,0,52.67
2020,3,27,14,0,52.77
2020,3,27,15,0,53.92
2020,3,27,16,0,56.6
2020,3,27,17,0,61
2020,3,27,18,0,66.72
2020,3,27,19,0,70.33
2020,3,27,20,0,73.96000000000001
2020,3,27,21,0,77.22
2020,3,27,22,0,80.46000000000001
2020,3,27,23,0,83.87
2020,3,28,0,0,85.63
2020,3,28,1,0,87.25
2020,3,28,2,0,88.11
2020,3,28,3,0,88.2
2020,3,28,4,0,88.44
2020,3,28,5,0,88.95
2020,3,28,6,0,84.88
2020,3,28,7,0,75.59
2020,3,28,8,0,67.27
2020,3,28,9,0,61.47
2020,3,28,10,0,57.13
2020,3,28,11,0,54.84
2020,3,28,12,0,52.67
2020,3,28,13,0,51.54
2020,3,28,14,0,51.33
2020,3,28,15,0,52.44
2020,3,28,16,0,54.92
2020,3,28,17,0,59.22
2020,3,28,18,0,64.42
2020,3,28,19,0,68.49
2020,3,28,20,0,72.62
2020,3,28,21,0,76.69
2020,3,28,22,0,80.16
2020,3,28,23,0,82.89
2020,3,29,0,0,84.75
2020,3,29,1,0,85.5
2020,3,29,2,0,86.03
2020,3,29,3,0,85.67
2020,3,29,4,0,85.34
2020,3,29,5,0,85.36
2020,3,29,6,0,79.52
2020,3,29,7,0,69.78
2020,3,29,8,0,61.27
2020,3,29,9,0,55.04
2020,3,29,10,0,51.61
2020,3,29,11,0,50.28
2020,3,29,12,0,49.86
2020,3,29,13,0,49.74
2020,3,29,14,0,50.370000000000005
2020,3,29,15,0,52.13
2020,3,29,16,0,55.17
2020,3,29,17,0,59.79
2020,3,29,18,0,65.58
2020,3,29,19,0,69.57000000000001
2020,3,29,20,0,73.3
2020,3,29,21,0,76.75
2020,3,29,22,0,79.46000000000001
2020,3,29,23,0,82.3
2020,3,30,0,0,85.13
2020,3,30,1,0,86.56
2020,3,30,2,0,86.98
2020,3,30,3,0,87.12
2020,3,30,4,0,85.98
2020,3,30,5,0,86.15
2020,3,30,6,0,81.24
2020,3,30,7,0,71.57000000000001
2020,3,30,8,0,61.88
2020,3,30,9,0,55.67
2020,3,30,10,0,52.480000000000004
2020,3,30,11,0,51.35
2020,3,30,12,0,50.97
2020,3,30,13,0,50.06
2020,3,30,14,0,50.31
2020,3,30,15,0,51.980000000000004
2020,3,30,16,0,54.9
2020,3,30,17,0,60.18
2020,3,30,18,0,66.78
2020,3,30,19,0,70.65
2020,3,30,20,0,73.22
2020,3,30,21,0,75.23
2020,3,30,22,0,77.3
2020,3,30,23,0,79.63
2020,3,31,0,0,81.43
2020,3,31,1,0,82.28
2020,3,31,2,0,83.63
2020,3,31,3,0,84.41
2020,3,31,4,0,84.4
2020,3,31,5,0,84.82000000000001
2020,3,31,6,0,80.89
2020,3,31,7,0,71.7
2020,3,31,8,0,62.21
2020,3,31,9,0,53.7
2020,3,31,10,0,48.050000000000004
2020,3,31,11,0,45.15
2020,3,31,12,0,43.2
2020,3,31,13,0,42.27
2020,3,31,14,0,42.71
2020,3,31,15,0,44.61
2020,3,31,16,0,47.92
2020,3,31,17,0,53.7
2020,3,31,18,0,62.07
2020,3,31,19,0,66.86
2020,3,31,20,0,71.25
2020,3,31,21,0,75.34
2020,3,31,22,0,79.52
2020,3,31,23,0,82.60000000000001
2020,4,1,0,0,85.55
2020,4,1,1,0,86.99
2020,4,1,2,0,88.31
2020,4,1,3,0,88.4
2020,4,1,4,0,87.98
2020,4,1,5,0,87.78
2020,4,1,6,0,83.74
2020,4,1,7,0,74.29
2020,4,1,8,0,61.64
2020,4,1,9,0,50.06
2020,4,1,10,0,43.76
2020,4,1,11,0,41.93
2020,4,1,12,0,41.5
2020,4,1,13,0,42.86
2020,4,1,14,0,45.31
2020,4,1,15,0,49.01
2020,4,1,16,0,53.86
2020,4,1,17,0,60.27
2020,4,1,18,0,67.29
2020,4,1,19,0,72.33
2020,4,1,20,0,76.8
2020,4,1,21,0,80.83
2020,4,1,22,0,85.26
2020,4,1,23,0,87.76
2020,4,2,0,0,89.99
2020,4,2,1,0,90.65
2020,4,2,2,0,91.67
2020,4,2,3,0,91.68
2020,4,2,4,0,90.36
2020,4,2,5,0,89.23
2020,4,2,6,0,84.3
2020,4,2,7,0,72.74
2020,4,2,8,0,61.35
2020,4,2,9,0,52.83
2020,4,2,10,0,47.19
2020,4,2,11,0,44.32
2020,4,2,12,0,43.32
2020,4,2,13,0,43.17
2020,4,2,14,0,44.27
2020,4,2,15,0,46.82
2020,4,2,16,0,51.43
2020,4,2,17,0,57.36
2020,4,2,18,0,64.35
2020,4,2,19,0,69.48
2020,4,2,20,0,73.68
2020,4,2,21,0,77
2020,4,2,22,0,80.25
2020,4,2,23,0,83.09
2020,4,3,0,0,85.35000000000001
2020,4,3,1,0,85.99
2020,4,3,2,0,85.79
2020,4,3,3,0,86.38
2020,4,3,4,0,86.73
2020,4,3,5,0,87.45
2020,4,3,6,0,83.17
2020,4,3,7,0,74.12
2020,4,3,8,0,65.67
2020,4,3,9,0,59.620000000000005
2020,4,3,10,0,56.910000000000004
2020,4,3,11,0,55.43
2020,4,3,12,0,54.64
2020,4,3,13,0,54.9
2020,4,3,14,0,56.300000000000004
2020,4,3,15,0,58.69
2020,4,3,16,0,63.480000000000004
2020,4,3,17,0,69.85000000000001
2020,4,3,18,0,76.22
2020,4,3,19,0,80.23
2020,4,3,20,0,83.39
2020,4,3,21,0,86.43
2020,4,3,22,0,88.53
2020,4,3,23,0,90.64
2020,4,4,0,0,91.18
2020,4,4,1,0,91.76
2020,4,4,2,0,92.15
2020,4,4,3,0,92.10000000000001
2020,4,4,4,0,92.08
2020,4,4,5,0,92.04
2020,4,4,6,0,90.27
2020,4,4,7,0,84
2020,4,4,8,0,71.98
2020,4,4,9,0,62.17
2020,4,4,10,0,55.15
2020,4,4,11,0,49.83
2020,4,4,12,0,46.82
2020,4,4,13,0,45.92
2020,4,4,14,0,46.37
2020,4,4,15,0,48.57
2020,4,4,16,0,51.82
2020,4,4,17,0,57.04
2020,4,4,18,0,65.67
2020,4,4,19,0,70.51
2020,4,4,20,0,74.44
2020,4,4,21,0,77.97
2020,4,4,22,0,81.78
2020,4,4,23,0,84.64
2020,4,5,0,0,87.42
2020,4,5,1,0,88.54
2020,4,5,2,0,88.51
2020,4,5,3,0,87.76
2020,4,5,4,0,86.79
2020,4,5,5,0,84.82000000000001
2020,4,5,6,0,76.93
2020,4,5,7,0,65.96000000000001
2020,4,5,8,0,57.74
2020,4,5,9,0,51.7
2020,4,5,10,0,47.7
2020,4,5,11,0,45.85
2020,4,5,12,0,45.74
2020,4,5,13,0,45.9
2020,4,5,14,0,46.4
2020,4,5,15,0,47.86
2020,4,5,16,0,50.61
2020,4,5,17,0,54.96
2020,4,5,18,0,62.2
2020,4,5,19,0,67.97
2020,4,5,20,0,72.01
2020,4,5,21,0,75.03
2020,4,5,22,0,77.36
2020,4,5,23,0,79.49
2020,4,6,0,0,82.28
2020,4,6,1,0,84.14
2020,4,6,2,0,83.93
2020,4,6,3,0,84.10000000000001
2020,4,6,4,0,85.23
2020,4,6,5,0,86.76
2020,4,6,6,0,79.95
2020,4,6,7,0,70.5
2020,4,6,8,0,60.58
2020,4,6,9,0,52.17
2020,4,6,10,0,46.84
2020,4,6,11,0,43.81
2020,4,6,12,0,41.83
2020,4,6,13,0,41.61
2020,4,6,14,0,41.550000000000004
2020,4,6,15,0,42
2020,4,6,16,0,43.15
2020,4,6,17,0,47.730000000000004
2020,4,6,18,0,59.160000000000004
2020,4,6,19,0,64.56
2020,4,6,20,0,68.8
2020,4,6,21,0,73.8
2020,4,6,22,0,78.92
2020,4,6,23,0,83.58
2020,4,7,0,0,87.27
2020,4,7,1,0,90.56
2020,4,7,2,0,91.26
2020,4,7,3,0,91.66
2020,4,7,4,0,91.61
2020,4,7,5,0,91.4
2020,4,7,6,0,82.31
2020,4,7,7,0,70.92
2020,4,7,8,0,60.34
2020,4,7,9,0,51.67
2020,4,7,10,0,46.89
2020,4,7,11,0,41.6
2020,4,7,12,0,37.94
2020,4,7,13,0,37.050000000000004
2020,4,7,14,0,38.11
2020,4,7,15,0,40.32
2020,4,7,16,0,44.01
2020,4,7,17,0,50.97
2020,4,7,18,0,62.02
2020,4,7,19,0,66.23
2020,4,7,20,0,69.7
2020,4,7,21,0,72.69
2020,4,7,22,0,75.8
2020,4,7,23,0,79.57000000000001
2020,4,8,0,0,82.52
2020,4,8,1,0,84.77
2020,4,8,2,0,87.04
2020,4,8,3,0,88.82000000000001
2020,4,8,4,0,89.8
2020,4,8,5,0,90.57000000000001
2020,4,8,6,0,82.82000000000001
2020,4,8,7,0,72.85000000000001
2020,4,8,8,0,62.58
2020,4,8,9,0,55.43
2020,4,8,10,0,51.25
2020,4,8,11,0,48.52
2020,4,8,12,0,46.410000000000004
2020,4,8,13,0,45.14
2020,4,8,14,0,44.660000000000004
2020,4,8,15,0,45.95
2020,4,8,16,0,48.4
2020,4,8,17,0,52.9
2020,4,8,18,0,61.03
2020,4,8,19,0,65.58
2020,4,8,20,0,67.87
2020,4,8,21,0,70.95
2020,4,8,22,0,74.38
2020,4,8,23,0,77.88
2020,4,9,0,0,81.43
2020,4,9,1,0,84.67
2020,4,9,2,0,86.51
2020,4,9,3,0,88.31
2020,4,9,4,0,89.60000000000001
2020,4,9,5,0,89.99
2020,4,9,6,0,82.33
2020,4,9,7,0,72.06
2020,4,9,8,0,61.230000000000004
2020,4,9,9,0,53.56
2020,4,9,10,0,49.78
2020,4,9,11,0,48.46
2020,4,9,12,0,46.42
2020,4,9,13,0,45.31
2020,4,9,14,0,45.72
2020,4,9,15,0,47.33
2020,4,9,16,0,50.32
2020,4,9,17,0,55.52
2020,4,9,18,0,61.97
2020,4,9,19,0,66.56
2020,4,9,20,0,70.05
2020,4,9,21,0,72.74
2020,4,9,22,0,75.42
2020,4,9,23,0,79.23
2020,4,10,0,0,82.41
2020,4,10,1,0,84.21000000000001
2020,4,10,2,0,85.97
2020,4,10,3,0,86.01
2020,4,10,4,0,85.94
2020,4,10,5,0,85.77
2020,4,10,6,0,80.13
2020,4,10,7,0,70.86
2020,4,10,8,0,62.63
2020,4,10,9,0,56.33
2020,4,10,10,0,52.800000000000004
2020,4,10,11,0,50.64
2020,4,10,12,0,49.63
2020,4,10,13,0,48.93
2020,4,10,14,0,49.72
2020,4,10,15,0,51.39
2020,4,10,16,0,53.910000000000004
2020,4,10,17,0,57.4
2020,4,10,18,0,61.52
2020,4,10,19,0,65.29
2020,4,10,20,0,68.79
2020,4,10,21,0,72.38
2020,4,10,22,0,75.95
2020,4,10,23,0,78.69
2020,4,11,0,0,80.85000000000001
2020,4,11,1,0,82.11
2020,4,11,2,0,82.69
2020,4,11,3,0,82.55
2020,4,11,4,0,82.33
2020,4,11,5,0,81.88
2020,4,11,6,0,78.14
2020,4,11,7,0,68.85000000000001
2020,4,11,8,0,58.14
2020,4,11,9,0,49.71
2020,4,11,10,0,45.12
2020,4,11,11,0,43.52
2020,4,11,12,0,42.94
2020,4,11,13,0,42.54
2020,4,11,14,0,42.660000000000004
2020,4,11,15,0,43.61
2020,4,11,16,0,45.44
2020,4,11,17,0,49.120000000000005
2020,4,11,18,0,56.49
2020,4,11,19,0,62.65
2020,4,11,20,0,67.05
2020,4,11,21,0,70.15
2020,4,11,22,0,73.02
2020,4,11,23,0,76.26
2020,4,12,0,0,79
2020,4,12,1,0,81.48
2020,4,12,2,0,83.63
2020,4,12,3,0,84.57000000000001
2020,4,12,4,0,85.18
2020,4,12,5,0,85.61
2020,4,12,6,0,77.54
2020,4,12,7,0,67.45
2020,4,12,8,0,57.7
2020,4,12,9,0,50.69
2020,4,12,10,0,47.25
2020,4,12,11,0,42.5
2020,4,12,12,0,40.550000000000004
2020,4,12,13,0,41.12
2020,4,12,14,0,42.71
2020,4,12,15,0,45.86
2020,4,12,16,0,50.77
2020,4,12,17,0,56.1
2020,4,12,18,0,61.92
2020,4,12,19,0,64.61
2020,4,12,20,0,66.1
2020,4,12,21,0,68.04
2020,4,12,22,0,69.71000000000001
2020,4,12,23,0,71.55
2020,4,13,0,0,73.23
2020,4,13,1,0,75.01
2020,4,13,2,0,76.92
2020,4,13,3,0,78.5
2020,4,13,4,0,80.03
2020,4,13,5,0,82.01
2020,4,13,6,0,75.82000000000001
2020,4,13,7,0,65.53
2020,4,13,8,0,56.63
2020,4,13,9,0,50.9
2020,4,13,10,0,47.63
2020,4,13,11,0,43.19
2020,4,13,12,0,40.79
2020,4,13,13,0,40.27
2020,4,13,14,0,41.11
2020,4,13,15,0,43.33
2020,4,13,16,0,47.44
2020,4,13,17,0,53.02
2020,4,13,18,0,59.69
2020,4,13,19,0,63.36
2020,4,13,20,0,65.64
2020,4,13,21,0,67.94
2020,4,13,22,0,70.9
2020,4,13,23,0,73.9
2020,4,14,0,0,76.92
2020,4,14,1,0,79.14
2020,4,14,2,0,81.44
2020,4,14,3,0,82.89
2020,4,14,4,0,83.88
2020,4,14,5,0,84.5
2020,4,14,6,0,77.78
2020,4,14,7,0,68.31
2020,4,14,8,0,59.120000000000005
2020,4,14,9,0,53.03
2020,4,14,10,0,48.67
2020,4,14,11,0,43.96
2020,4,14,12,0,41.77
2020,4,14,13,0,40.24
2020,4,14,14,0,40.35
2020,4,14,15,0,42.04
2020,4,14,16,0,46
2020,4,14,17,0,51.69
2020,4,14,18,0,57.99
2020,4,14,19,0,61.29
2020,4,14,20,0,63.9
2020,4,14,21,0,66.46000000000001
2020,4,14,22,0,69.28
2020,4,14,23,0,73.16
2020,4,15,0,0,76.4
2020,4,15,1,0,79.04
2020,4,15,2,0,81.19
2020,4,15,3,0,82.26
2020,4,15,4,0,82.92
2020,4,15,5,0,83.52
2020,4,15,6,0,78.85000000000001
2020,4,15,7,0,70.15
2020,4,15,8,0,60.77
2020,4,15,9,0,54.13
2020,4,15,10,0,49.410000000000004
2020,4,15,11,0,47.46
2020,4,15,12,0,42.660000000000004
2020,4,15,13,0,40.410000000000004
2020,4,15,14,0,40.67
2020,4,15,15,0,42.82
2020,4,15,16,0,46.07
2020,4,15,17,0,51.06
2020,4,15,18,0,57.79
2020,4,15,19,0,62.36
2020,4,15,20,0,64.58
2020,4,15,21,0,67.88
2020,4,15,22,0,70.45
2020,4,15,23,0,72.59
2020,4,16,0,0,74.24
2020,4,16,1,0,75.85000000000001
2020,4,16,2,0,78.15
2020,4,16,3,0,80.88
2020,4,16,4,0,83.08
2020,4,16,5,0,85.10000000000001
2020,4,16,6,0,80.31
2020,4,16,7,0,71.7
2020,4,16,8,0,61.57
2020,4,16,9,0,53.9
2020,4,16,10,0,49.64
2020,4,16,11,0,44.27
2020,4,16,12,0,41.480000000000004
2020,4,16,13,0,40.26
2020,4,16,14,0,40.88
2020,4,16,15,0,43.730000000000004
2020,4,16,16,0,48.28
2020,4,16,17,0,53.29
2020,4,16,18,0,58.4
2020,4,16,19,0,60.99
2020,4,16,20,0,62.71
2020,4,16,21,0,65.15
2020,4,16,22,0,68.92
2020,4,16,23,0,73.02
2020,4,17,0,0,76.32000000000001
2020,4,17,1,0,79.72
2020,4,17,2,0,82.02
2020,4,17,3,0,83.99
2020,4,17,4,0,85.54
2020,4,17,5,0,86.02
2020,4,17,6,0,80.83
2020,4,17,7,0,70.66
2020,4,17,8,0,61.11
2020,4,17,9,0,54.7
2020,4,17,10,0,51.57
2020,4,17,11,0,50.58
2020,4,17,12,0,49.32
2020,4,17,13,0,49.32
2020,4,17,14,0,49.76
2020,4,17,15,0,51.370000000000005
2020,4,17,16,0,54.15
2020,4,17,17,0,58.050000000000004
2020,4,17,18,0,62.54
2020,4,17,19,0,66.66
2020,4,17,20,0,70.33
2020,4,17,21,0,74.07000000000001
2020,4,17,22,0,77.43
2020,4,17,23,0,79.09
2020,4,18,0,0,80.47
2020,4,18,1,0,81.64
2020,4,18,2,0,81.83
2020,4,18,3,0,82.02
2020,4,18,4,0,82.62
2020,4,18,5,0,82.84
2020,4,18,6,0,79.60000000000001
2020,4,18,7,0,72.09
2020,4,18,8,0,63.75
2020,4,18,9,0,57.65
2020,4,18,10,0,54.84
2020,4,18,11,0,54.25
2020,4,18,12,0,53.88
2020,4,18,13,0,54.84
2020,4,18,14,0,56.17
2020,4,18,15,0,57.21
2020,4,18,16,0,58.46
2020,4,18,17,0,60.04
2020,4,18,18,0,62.050000000000004
2020,4,18,19,0,63.92
2020,4,18,20,0,66.66
2020,4,18,21,0,70.19
2020,4,18,22,0,73.8
2020,4,18,23,0,77.04
2020,4,19,0,0,80
2020,4,19,1,0,82.22
2020,4,19,2,0,83.09
2020,4,19,3,0,83.62
2020,4,19,4,0,84.12
2020,4,19,5,0,84.5
2020,4,19,6,0,79.57000000000001
2020,4,19,7,0,70.88
2020,4,19,8,0,62.870000000000005
2020,4,19,9,0,55.96
2020,4,19,10,0,51.45
2020,4,19,11,0,48.83
2020,4,19,12,0,47.5
2020,4,19,13,0,47.02
2020,4,19,14,0,47.72
2020,4,19,15,0,49.72
2020,4,19,16,0,52.910000000000004
2020,4,19,17,0,57.34
2020,4,19,18,0,61.81
2020,4,19,19,0,65.55
2020,4,19,20,0,68.84
2020,4,19,21,0,71.35000000000001
2020,4,19,22,0,73.75
2020,4,19,23,0,76.34
2020,4,20,0,0,78.44
2020,4,20,1,0,80.75
2020,4,20,2,0,81.8
2020,4,20,3,0,82.78
2020,4,20,4,0,83.13
2020,4,20,5,0,83.06
2020,4,20,6,0,80.35000000000001
2020,4,20,7,0,74
2020,4,20,8,0,66.91
2020,4,20,9,0,61.15
2020,4,20,10,0,57.36
2020,4,20,11,0,55.63
2020,4,20,12,0,55.07
2020,4,20,13,0,54.660000000000004
2020,4,20,14,0,54.660000000000004
2020,4,20,15,0,55.22
2020,4,20,16,0,56.72
2020,4,20,17,0,59.39
2020,4,20,18,0,64.14
2020,4,20,19,0,67.51
2020,4,20,20,0,70.8
2020,4,20,21,0,73.73
2020,4,20,22,0,76.95
2020,4,20,23,0,79.86
2020,4,21,0,0,82.81
2020,4,21,1,0,84.98
2020,4,21,2,0,85.48
2020,4,21,3,0,85.73
2020,4,21,4,0,85.78
2020,4,21,5,0,86.11
2020,4,21,6,0,85.2
2020,4,21,7,0,81.06
2020,4,21,8,0,75.04
2020,4,21,9,0,69.26
2020,4,21,10,0,65.03
2020,4,21,11,0,62.22
2020,4,21,12,0,60.93
2020,4,21,13,0,59.86
2020,4,21,14,0,60.03
2020,4,21,15,0,61.13
2020,4,21,16,0,62.64
2020,4,21,17,0,64.97
2020,4,21,18,0,68.05
2020,4,21,19,0,70.24
2020,4,21,20,0,72.59
2020,4,21,21,0,75.2
2020,4,21,22,0,77.71000000000001
2020,4,21,23,0,80.53
2020,4,22,0,0,83.2
2020,4,22,1,0,84.86
2020,4,22,2,0,85.10000000000001
2020,4,22,3,0,85.77
2020,4,22,4,0,85.58
2020,4,22,5,0,85.99
2020,4,22,6,0,81.11
2020,4,22,7,0,71.49
2020,4,22,8,0,59.660000000000004
2020,4,22,9,0,50.58
2020,4,22,10,0,46.43
2020,4,22,11,0,45.81
2020,4,22,12,0,45.9
2020,4,22,13,0,46.81
2020,4,22,14,0,48.620000000000005
2020,4,22,15,0,51.49
2020,4,22,16,0,55
2020,4,22,17,0,59.730000000000004
2020,4,22,18,0,64.64
2020,4,22,19,0,67.94
2020,4,22,20,0,70.99
2020,4,22,21,0,73.51
2020,4,22,22,0,76.01
2020,4,22,23,0,78.64
2020,4,23,0,0,81.46000000000001
2020,4,23,1,0,83.03
2020,4,23,2,0,84.29
2020,4,23,3,0,84.98
2020,4,23,4,0,85.69
2020,4,23,5,0,86.25
2020,4,23,6,0,81.51
2020,4,23,7,0,72.58
2020,4,23,8,0,63.85
2020,4,23,9,0,57.43
2020,4,23,10,0,53.17
2020,4,23,11,0,50.11
2020,4,23,12,0,47.96
2020,4,23,13,0,46.62
2020,4,23,14,0,46.550000000000004
2020,4,23,15,0,48.01
2020,4,23,16,0,51.050000000000004
2020,4,23,17,0,55.75
2020,4,23,18,0,61.300000000000004
2020,4,23,19,0,65.7
2020,4,23,20,0,69.53
2020,4,23,21,0,73.41
2020,4,23,22,0,76.87
2020,4,23,23,0,79.63
2020,4,24,0,0,82.34
2020,4,24,1,0,83.39
2020,4,24,2,0,83.97
2020,4,24,3,0,83.95
2020,4,24,4,0,84.18
2020,4,24,5,0,84.97
2020,4,24,6,0,81.74
2020,4,24,7,0,74.32000000000001
2020,4,24,8,0,67.25
2020,4,24,9,0,62.77
2020,4,24,10,0,60.22
2020,4,24,11,0,58.34
2020,4,24,12,0,57.06
2020,4,24,13,0,56.38
2020,4,24,14,0,56.230000000000004
2020,4,24,15,0,57.11
2020,4,24,16,0,58.77
2020,4,24,17,0,61.35
2020,4,24,18,0,64.96000000000001
2020,4,24,19,0,68.16
2020,4,24,20,0,71.5
2020,4,24,21,0,74.73
2020,4,24,22,0,78.42
2020,4,24,23,0,82.28
2020,4,25,0,0,85.92
2020,4,25,1,0,88.25
2020,4,25,2,0,90.39
2020,4,25,3,0,91.15
2020,4,25,4,0,91.69
2020,4,25,5,0,91.68
2020,4,25,6,0,90.36
2020,4,25,7,0,85.25
2020,4,25,8,0,74
2020,4,25,9,0,64.97
2020,4,25,10,0,59.18
2020,4,25,11,0,55.67
2020,4,25,12,0,54.14
2020,4,25,13,0,53.33
2020,4,25,14,0,53.27
2020,4,25,15,0,54.63
2020,4,25,16,0,57.39
2020,4,25,17,0,61.620000000000005
2020,4,25,18,0,66.76
2020,4,25,19,0,71.17
2020,4,25,20,0,74.93
2020,4,25,21,0,77.36
2020,4,25,22,0,79.83
2020,4,25,23,0,81.58
2020,4,26,0,0,82.94
2020,4,26,1,0,84
2020,4,26,2,0,85.10000000000001
2020,4,26,3,0,85.5
2020,4,26,4,0,85.63
2020,4,26,5,0,86.04
2020,4,26,6,0,81.01
2020,4,26,7,0,71.81
2020,4,26,8,0,63.97
2020,4,26,9,0,57.84
2020,4,26,10,0,53.89
2020,4,26,11,0,51.38
2020,4,26,12,0,49.980000000000004
2020,4,26,13,0,49.57
2020,4,26,14,0,50.43
2020,4,26,15,0,52.07
2020,4,26,16,0,55.02
2020,4,26,17,0,59.18
2020,4,26,18,0,63.5
2020,4,26,19,0,67.09
2020,4,26,20,0,70.46000000000001
2020,4,26,21,0,73.48
2020,4,26,22,0,76.96000000000001
2020,4,26,23,0,80.37
2020,4,27,0,0,82.62
2020,4,27,1,0,84.24
2020,4,27,2,0,85.60000000000001
2020,4,27,3,0,85.73
2020,4,27,4,0,84.96000000000001
2020,4,27,5,0,84.06
2020,4,27,6,0,79.37
2020,4,27,7,0,70.33
2020,4,27,8,0,61.57
2020,4,27,9,0,54.910000000000004
2020,4,27,10,0,50.94
2020,4,27,11,0,49.01
2020,4,27,12,0,49.17
2020,4,27,13,0,50.65
2020,4,27,14,0,53.43
2020,4,27,15,0,56.81
2020,4,27,16,0,61.690000000000005
2020,4,27,17,0,67.1
2020,4,27,18,0,70.65
2020,4,27,19,0,72.51
2020,4,27,20,0,73.98
2020,4,27,21,0,75.02
2020,4,27,22,0,76.69
2020,4,27,23,0,78.78
2020,4,28,0,0,80.78
2020,4,28,1,0,83.56
2020,4,28,2,0,85.4
2020,4,28,3,0,86.11
2020,4,28,4,0,86.32000000000001
2020,4,28,5,0,87.05
2020,4,28,6,0,82.55
2020,4,28,7,0,73.59
2020,4,28,8,0,65.02
2020,4,28,9,0,58.25
2020,4,28,10,0,53.36
2020,4,28,11,0,50.34
2020,4,28,12,0,48.45
2020,4,28,13,0,47.46
2020,4,28,14,0,47.95
2020,4,28,15,0,49.1
2020,4,28,16,0,51.800000000000004
2020,4,28,17,0,55.6
2020,4,28,18,0,60.6
2020,4,28,19,0,64.83
2020,4,28,20,0,68.48
2020,4,28,21,0,71.44
2020,4,28,22,0,74.69
2020,4,28,23,0,78
2020,4,29,0,0,81.73
2020,4,29,1,0,84.55
2020,4,29,2,0,86.3
2020,4,29,3,0,87.75
2020,4,29,4,0,88.05
2020,4,29,5,0,88.87
2020,4,29,6,0,86.09
2020,4,29,7,0,77.32000000000001
2020,4,29,8,0,67.7
2020,4,29,9,0,60.550000000000004
2020,4,29,10,0,55.160000000000004
2020,4,29,11,0,51.35
2020,4,29,12,0,49.51
2020,4,29,13,0,48.96
2020,4,29,14,0,48.9
2020,4,29,15,0,49.77
2020,4,29,16,0,51.1
2020,4,29,17,0,54.22
2020,4,29,18,0,59.9
2020,4,29,19,0,64.76
2020,4,29,20,0,69.72
2020,4,29,21,0,74.19
2020,4,29,22,0,77.53
2020,4,29,23,0,79.91
2020,4,30,0,0,81.87
2020,4,30,1,0,84.19
2020,4,30,2,0,85.5
2020,4,30,3,0,85.94
2020,4,30,4,0,86.08
2020,4,30,5,0,86.13
2020,4,30,6,0,80.68
2020,4,30,7,0,73.73
2020,4,30,8,0,66.15
2020,4,30,9,0,60.31
2020,4,30,10,0,56.410000000000004
2020,4,30,11,0,54.28
2020,4,30,12,0,52.86
2020,4,30,13,0,52.13
2020,4,30,14,0,52.230000000000004
2020,4,30,15,0,52.82
2020,4,30,16,0,54.88
2020,4,30,17,0,58.31
2020,4,30,18,0,62.43
2020,4,30,19,0,65.72
2020,4,30,20,0,68.12
2020,4,30,21,0,70.55
2020,4,30,22,0,72.65
2020,4,30,23,0,75.21000000000001
2020,5,1,0,0,77.97
2020,5,1,1,0,79.5
2020,5,1,2,0,80.67
2020,5,1,3,0,81.17
2020,5,1,4,0,81.28
2020,5,1,5,0,81.22
2020,5,1,6,0,77.58
2020,5,1,7,0,68.59
2020,5,1,8,0,60.1
2020,5,1,9,0,53.300000000000004
2020,5,1,10,0,48.76
2020,5,1,11,0,46.53
2020,5,1,12,0,45.02
2020,5,1,13,0,44.47
2020,5,1,14,0,44.76
2020,5,1,15,0,46.22
2020,5,1,16,0,48.230000000000004
2020,5,1,17,0,51.43
2020,5,1,18,0,56.75
2020,5,1,19,0,60.33
2020,5,1,20,0,64.47
2020,5,1,21,0,68.9
2020,5,1,22,0,73.3
2020,5,1,23,0,77.03
2020,5,2,0,0,80.69
2020,5,2,1,0,84.05
2020,5,2,2,0,87.29
2020,5,2,3,0,88.55
2020,5,2,4,0,89.66
2020,5,2,5,0,89.55
2020,5,2,6,0,85.94
2020,5,2,7,0,78.59
2020,5,2,8,0,67.1
2020,5,2,9,0,59.88
2020,5,2,10,0,57.43
2020,5,2,11,0,58.11
2020,5,2,12,0,58.97
2020,5,2,13,0,59.730000000000004
2020,5,2,14,0,61.15
2020,5,2,15,0,62.96
2020,5,2,16,0,65.22
2020,5,2,17,0,68.89
2020,5,2,18,0,73.09
2020,5,2,19,0,75.62
2020,5,2,20,0,77.13
2020,5,2,21,0,79.77
2020,5,2,22,0,81.96000000000001
2020,5,2,23,0,84.49
2020,5,3,0,0,86.34
2020,5,3,1,0,88.22
2020,5,3,2,0,89.75
2020,5,3,3,0,90.8
2020,5,3,4,0,91.36
2020,5,3,5,0,92.07000000000001
2020,5,3,6,0,90
2020,5,3,7,0,86.02
2020,5,3,8,0,79.77
2020,5,3,9,0,74.24
2020,5,3,10,0,71.32000000000001
2020,5,3,11,0,69.99
2020,5,3,12,0,69.51
2020,5,3,13,0,69.56
2020,5,3,14,0,69.84
2020,5,3,15,0,71
2020,5,3,16,0,73.8
2020,5,3,17,0,79.24
2020,5,3,18,0,84.26
2020,5,3,19,0,86.55
2020,5,3,20,0,87.97
2020,5,3,21,0,90.07000000000001
2020,5,3,22,0,90.82000000000001
2020,5,3,23,0,91.78
2020,5,4,0,0,92.72
2020,5,4,1,0,93.33
2020,5,4,2,0,93.51
2020,5,4,3,0,93.76
2020,5,4,4,0,93.99
2020,5,4,5,0,93.86
2020,5,4,6,0,92.39
2020,5,4,7,0,88.45
2020,5,4,8,0,81.91
2020,5,4,9,0,75.4
2020,5,4,10,0,71.61
2020,5,4,11,0,69.4
2020,5,4,12,0,68.44
2020,5,4,13,0,68.91
2020,5,4,14,0,69.35000000000001
2020,5,4,15,0,69.28
2020,5,4,16,0,70.52
2020,5,4,17,0,74.71000000000001
2020,5,4,18,0,80.02
2020,5,4,19,0,82.53
2020,5,4,20,0,85.22
2020,5,4,21,0,87.26
2020,5,4,22,0,89.16
2020,5,4,23,0,90.84
2020,5,5,0,0,91.33
2020,5,5,1,0,92.09
2020,5,5,2,0,91.92
2020,5,5,3,0,91.95
2020,5,5,4,0,92.04
2020,5,5,5,0,91.87
2020,5,5,6,0,87.03
2020,5,5,7,0,80.21000000000001
2020,5,5,8,0,72.48
2020,5,5,9,0,66.38
2020,5,5,10,0,62.71
2020,5,5,11,0,59.78
2020,5,5,12,0,57.57
2020,5,5,13,0,56.39
2020,5,5,14,0,56.57
2020,5,5,15,0,58.01
2020,5,5,16,0,61.21
2020,5,5,17,0,66.09
2020,5,5,18,0,75.09
2020,5,5,19,0,77.61
2020,5,5,20,0,79.85000000000001
2020,5,5,21,0,81.51
2020,5,5,22,0,82.78
2020,5,5,23,0,84.4
2020,5,6,0,0,84.97
2020,5,6,1,0,85.43
2020,5,6,2,0,86.11
2020,5,6,3,0,86.94
2020,5,6,4,0,87.67
2020,5,6,5,0,88.32000000000001
2020,5,6,6,0,83.82000000000001
2020,5,6,7,0,76.16
2020,5,6,8,0,66.57000000000001
2020,5,6,9,0,60.71
2020,5,6,10,0,53.9
2020,5,6,11,0,49.52
2020,5,6,12,0,47.54
2020,5,6,13,0,47.6
2020,5,6,14,0,49.08
2020,5,6,15,0,53.07
2020,5,6,16,0,58.2
2020,5,6,17,0,63.46
2020,5,6,18,0,70.64
2020,5,6,19,0,75.31
2020,5,6,20,0,77.48
2020,5,6,21,0,78.35000000000001
2020,5,6,22,0,80.33
2020,5,6,23,0,82.66
2020,5,7,0,0,84.16
2020,5,7,1,0,85.33
2020,5,7,2,0,86.5
2020,5,7,3,0,87.04
2020,5,7,4,0,86.95
2020,5,7,5,0,86.48
2020,5,7,6,0,81.17
2020,5,7,7,0,72.42
2020,5,7,8,0,62.800000000000004
2020,5,7,9,0,58.300000000000004
2020,5,7,10,0,54.65
2020,5,7,11,0,51.86
2020,5,7,12,0,51.27
2020,5,7,13,0,51.94
2020,5,7,14,0,53.2
2020,5,7,15,0,55.84
2020,5,7,16,0,59.28
2020,5,7,17,0,62.89
2020,5,7,18,0,67.49
2020,5,7,19,0,71.07000000000001
2020,5,7,20,0,73.46000000000001
2020,5,7,21,0,74.94
2020,5,7,22,0,76.94
2020,5,7,23,0,79.54
2020,5,8,0,0,81.69
2020,5,8,1,0,84.56
2020,5,8,2,0,87.08
2020,5,8,3,0,88.62
2020,5,8,4,0,89.8
2020,5,8,5,0,90.65
2020,5,8,6,0,87.58
2020,5,8,7,0,81.62
2020,5,8,8,0,74.01
2020,5,8,9,0,67.77
2020,5,8,10,0,63.730000000000004
2020,5,8,11,0,61.59
2020,5,8,12,0,58.86
2020,5,8,13,0,57.230000000000004
2020,5,8,14,0,55.42
2020,5,8,15,0,55.49
2020,5,8,16,0,56.88
2020,5,8,17,0,60.11
2020,5,8,18,0,66.58
2020,5,8,19,0,69.22
2020,5,8,20,0,71.61
2020,5,8,21,0,74.11
2020,5,8,22,0,77.05
2020,5,8,23,0,80.14
2020,5,9,0,0,82.45
2020,5,9,1,0,84.72
2020,5,9,2,0,86.41
2020,5,9,3,0,86.68
2020,5,9,4,0,87.27
2020,5,9,5,0,87.72
2020,5,9,6,0,81.07000000000001
2020,5,9,7,0,72.35000000000001
2020,5,9,8,0,63.49
2020,5,9,9,0,56.34
2020,5,9,10,0,51.85
2020,5,9,11,0,50.230000000000004
2020,5,9,12,0,47.11
2020,5,9,13,0,42.96
2020,5,9,14,0,41.28
2020,5,9,15,0,41.47
2020,5,9,16,0,43.06
2020,5,9,17,0,47.64
2020,5,9,18,0,57.71
2020,5,9,19,0,62.72
2020,5,9,20,0,64.99
2020,5,9,21,0,67.37
2020,5,9,22,0,70.76
2020,5,9,23,0,74.43
2020,5,10,0,0,78.51
2020,5,10,1,0,81.62
2020,5,10,2,0,83.57000000000001
2020,5,10,3,0,84.9
2020,5,10,4,0,86.24
2020,5,10,5,0,86.58
2020,5,10,6,0,80.67
2020,5,10,7,0,71.07000000000001
2020,5,10,8,0,60.1
2020,5,10,9,0,51.68
2020,5,10,10,0,48.13
2020,5,10,11,0,45.99
2020,5,10,12,0,42.94
2020,5,10,13,0,42
2020,5,10,14,0,42.61
2020,5,10,15,0,44.480000000000004
2020,5,10,16,0,48.1
2020,5,10,17,0,52.49
2020,5,10,18,0,57.89
2020,5,10,19,0,62.13
2020,5,10,20,0,65.2
2020,5,10,21,0,66.85
2020,5,10,22,0,68.4
2020,5,10,23,0,71.18
2020,5,11,0,0,74.43
2020,5,11,1,0,77.81
2020,5,11,2,0,80.22
2020,5,11,3,0,82.02
2020,5,11,4,0,84.05
2020,5,11,5,0,84.74
2020,5,11,6,0,80.72
2020,5,11,7,0,70.44
2020,5,11,8,0,59.42
2020,5,11,9,0,52.370000000000005
2020,5,11,10,0,49.36
2020,5,11,11,0,47.72
2020,5,11,12,0,46.34
2020,5,11,13,0,45.64
2020,5,11,14,0,46.6
2020,5,11,15,0,48.63
2020,5,11,16,0,51.56
2020,5,11,17,0,56.03
2020,5,11,18,0,60.86
2020,5,11,19,0,63
2020,5,11,20,0,65.46000000000001
2020,5,11,21,0,69.22
2020,5,11,22,0,72.32000000000001
2020,5,11,23,0,73.4
2020,5,12,0,0,75.51
2020,5,12,1,0,77.62
2020,5,12,2,0,78.89
2020,5,12,3,0,80.81
2020,5,12,4,0,82.06
2020,5,12,5,0,83.02
2020,5,12,6,0,78.96000000000001
2020,5,12,7,0,71.95
2020,5,12,8,0,64.26
2020,5,12,9,0,57.9
2020,5,12,10,0,53.97
2020,5,12,11,0,51.25
2020,5,12,12,0,50.07
2020,5,12,13,0,50.26
2020,5,12,14,0,51.35
2020,5,12,15,0,53.21
2020,5,12,16,0,56.620000000000005
2020,5,12,17,0,60.93
2020,5,12,18,0,67.18
2020,5,12,19,0,71.13
2020,5,12,20,0,73.54
2020,5,12,21,0,74.79
2020,5,12,22,0,77.14
2020,5,12,23,0,79.29
2020,5,13,0,0,80.94
2020,5,13,1,0,82.26
2020,5,13,2,0,82.73
2020,5,13,3,0,82.84
2020,5,13,4,0,83.82000000000001
2020,5,13,5,0,84.84
2020,5,13,6,0,82.53
2020,5,13,7,0,76.91
2020,5,13,8,0,67.88
2020,5,13,9,0,60.47
2020,5,13,10,0,56.02
2020,5,13,11,0,55.49
2020,5,13,12,0,54.86
2020,5,13,13,0,54.9
2020,5,13,14,0,55.94
2020,5,13,15,0,57.35
2020,5,13,16,0,59.36
2020,5,13,17,0,62.61
2020,5,13,18,0,67.98
2020,5,13,19,0,70.19
2020,5,13,20,0,72.73
2020,5,13,21,0,75.45
2020,5,13,22,0,77.63
2020,5,13,23,0,79.34
2020,5,14,0,0,81.53
2020,5,14,1,0,83.08
2020,5,14,2,0,84.91
2020,5,14,3,0,86.06
2020,5,14,4,0,86.43
2020,5,14,5,0,86.81
2020,5,14,6,0,82.9
2020,5,14,7,0,74.74
2020,5,14,8,0,67.11
2020,5,14,9,0,61.46
2020,5,14,10,0,58.29
2020,5,14,11,0,58.7
2020,5,14,12,0,59.300000000000004
2020,5,14,13,0,58.38
2020,5,14,14,0,58.07
2020,5,14,15,0,60.54
2020,5,14,16,0,65.26
2020,5,14,17,0,71.26
2020,5,14,18,0,75.22
2020,5,14,19,0,78.60000000000001
2020,5,14,20,0,81.04
2020,5,14,21,0,83.04
2020,5,14,22,0,84.54
2020,5,14,23,0,85.36
2020,5,15,0,0,85.98
2020,5,15,1,0,86.88
2020,5,15,2,0,87.28
2020,5,15,3,0,87.77
2020,5,15,4,0,88.29
2020,5,15,5,0,88.58
2020,5,15,6,0,86.75
2020,5,15,7,0,82.85000000000001
2020,5,15,8,0,75.71000000000001
2020,5,15,9,0,70.28
2020,5,15,10,0,67.53
2020,5,15,11,0,65.88
2020,5,15,12,0,65.32000000000001
2020,5,15,13,0,66.67
2020,5,15,14,0,69.66
2020,5,15,15,0,72.89
2020,5,15,16,0,75.77
2020,5,15,17,0,80.38
2020,5,15,18,0,85
2020,5,15,19,0,86.71000000000001
2020,5,15,20,0,87.72
2020,5,15,21,0,88.4
2020,5,15,22,0,88.86
2020,5,15,23,0,88.88
2020,5,16,0,0,89.33
2020,5,16,1,0,88.41
2020,5,16,2,0,88.74
2020,5,16,3,0,89.4
2020,5,16,4,0,90.57000000000001
2020,5,16,5,0,91.10000000000001
2020,5,16,6,0,90.09
2020,5,16,7,0,87.81
2020,5,16,8,0,83.39
2020,5,16,9,0,77.59
2020,5,16,10,0,71.34
2020,5,16,11,0,66.37
2020,5,16,12,0,64.68
2020,5,16,13,0,65.67
2020,5,16,14,0,66.51
2020,5,16,15,0,68.1
2020,5,16,16,0,71.87
2020,5,16,17,0,75.72
2020,5,16,18,0,81.39
2020,5,16,19,0,83.38
2020,5,16,20,0,84.69
2020,5,16,21,0,87.51
2020,5,16,22,0,89.05
2020,5,16,23,0,90.36
2020,5,17,0,0,90.75
2020,5,17,1,0,90.5
2020,5,17,2,0,90.95
2020,5,17,3,0,91.35000000000001
2020,5,17,4,0,91.09
2020,5,17,5,0,91.28
2020,5,17,6,0,90.33
2020,5,17,7,0,88.37
2020,5,17,8,0,83.22
2020,5,17,9,0,75.41
2020,5,17,10,0,67.95
2020,5,17,11,0,62.440000000000005
2020,5,17,12,0,60.15
2020,5,17,13,0,58.39
2020,5,17,14,0,56.49
2020,5,17,15,0,55.79
2020,5,17,16,0,56.49
2020,5,17,17,0,61.160000000000004
2020,5,17,18,0,70.34
2020,5,17,19,0,74
2020,5,17,20,0,76.12
2020,5,17,21,0,78.26
2020,5,17,22,0,81.35000000000001
2020,5,17,23,0,84.42
2020,5,18,0,0,86.09
2020,5,18,1,0,86.98
2020,5,18,2,0,87.3
2020,5,18,3,0,88.2
2020,5,18,4,0,88.66
2020,5,18,5,0,88.7
2020,5,18,6,0,86.15
2020,5,18,7,0,81.53
2020,5,18,8,0,76.66
2020,5,18,9,0,70.98
2020,5,18,10,0,65.88
2020,5,18,11,0,61.03
2020,5,18,12,0,59.03
2020,5,18,13,0,57.94
2020,5,18,14,0,56.050000000000004
2020,5,18,15,0,54.88
2020,5,18,16,0,55.58
2020,5,18,17,0,63.690000000000005
2020,5,18,18,0,71.75
2020,5,18,19,0,74.17
2020,5,18,20,0,75.9
2020,5,18,21,0,78.82000000000001
2020,5,18,22,0,81.33
2020,5,18,23,0,83.37
2020,5,19,0,0,84.3
2020,5,19,1,0,85.7
2020,5,19,2,0,86.42
2020,5,19,3,0,86.99
2020,5,19,4,0,87.65
2020,5,19,5,0,87.96000000000001
2020,5,19,6,0,84.94
2020,5,19,7,0,79.15
2020,5,19,8,0,71.73
2020,5,19,9,0,64.06
2020,5,19,10,0,58.83
2020,5,19,11,0,56.49
2020,5,19,12,0,54.35
2020,5,19,13,0,52.84
2020,5,19,14,0,52.9
2020,5,19,15,0,54.25
2020,5,19,16,0,56.43
2020,5,19,17,0,61.86
2020,5,19,18,0,72.39
2020,5,19,19,0,77.83
2020,5,19,20,0,78.74
2020,5,19,21,0,80.56
2020,5,19,22,0,81.93
2020,5,19,23,0,82.99
2020,5,20,0,0,83.61
2020,5,20,1,0,84.43
2020,5,20,2,0,85.27
2020,5,20,3,0,86.15
2020,5,20,4,0,87.02
2020,5,20,5,0,88.05
2020,5,20,6,0,83.2
2020,5,20,7,0,76.15
2020,5,20,8,0,68.49
2020,5,20,9,0,63.27
2020,5,20,10,0,59.63
2020,5,20,11,0,59.620000000000005
2020,5,20,12,0,59.75
2020,5,20,13,0,59.31
2020,5,20,14,0,61.08
2020,5,20,15,0,64.06
2020,5,20,16,0,67.8
2020,5,20,17,0,72.28
2020,5,20,18,0,78.53
2020,5,20,19,0,81.12
2020,5,20,20,0,83.58
2020,5,20,21,0,84.22
2020,5,20,22,0,85.28
2020,5,20,23,0,86.06
2020,5,21,0,0,86.75
2020,5,21,1,0,87.73
2020,5,21,2,0,88.72
2020,5,21,3,0,89.45
2020,5,21,4,0,89.71000000000001
2020,5,21,5,0,90
2020,5,21,6,0,88.31
2020,5,21,7,0,84.79
2020,5,21,8,0,78.49
2020,5,21,9,0,70.75
2020,5,21,10,0,64.09
2020,5,21,11,0,59.52
2020,5,21,12,0,56.76
2020,5,21,13,0,55.43
2020,5,21,14,0,56.78
2020,5,21,15,0,58.51
2020,5,21,16,0,61.82
2020,5,21,17,0,67.25
2020,5,21,18,0,73.87
2020,5,21,19,0,78.05
2020,5,21,20,0,81.09
2020,5,21,21,0,84.61
2020,5,21,22,0,87.02
2020,5,21,23,0,87.82000000000001
2020,5,22,0,0,88.13
2020,5,22,1,0,88.21000000000001
2020,5,22,2,0,88.8
2020,5,22,3,0,89.53
2020,5,22,4,0,90.14
2020,5,22,5,0,90.53
2020,5,22,6,0,88.69
2020,5,22,7,0,84.35000000000001
2020,5,22,8,0,76.93
2020,5,22,9,0,69.9
2020,5,22,10,0,64.17
2020,5,22,11,0,60.6
2020,5,22,12,0,59.79
2020,5,22,13,0,61.9
2020,5,22,14,0,63.7
2020,5,22,15,0,65.65
2020,5,22,16,0,68.94
2020,5,22,17,0,75
2020,5,22,18,0,83.87
2020,5,22,19,0,86.93
2020,5,22,20,0,88.66
2020,5,22,21,0,89.87
2020,5,22,22,0,90.47
2020,5,22,23,0,91.39
2020,5,23,0,0,91.81
2020,5,23,1,0,92.22
2020,5,23,2,0,92.48
2020,5,23,3,0,92.25
2020,5,23,4,0,92.51
2020,5,23,5,0,91.92
2020,5,23,6,0,89.91
2020,5,23,7,0,86.22
2020,5,23,8,0,79.48
2020,5,23,9,0,73.37
2020,5,23,10,0,69
2020,5,23,11,0,65.86
2020,5,23,12,0,64.05
2020,5,23,13,0,63.46
2020,5,23,14,0,64.55
2020,5,23,15,0,66.13
2020,5,23,16,0,69.25
2020,5,23,17,0,74.28
2020,5,23,18,0,81.3
2020,5,23,19,0,84.03
2020,5,23,20,0,86
2020,5,23,21,0,86.57000000000001
2020,5,23,22,0,86.18
2020,5,23,23,0,86.32000000000001
2020,5,24,0,0,84.93
2020,5,24,1,0,83.68
2020,5,24,2,0,84.78
2020,5,24,3,0,84.77
2020,5,24,4,0,86.59
2020,5,24,5,0,87.36
2020,5,24,6,0,85.37
2020,5,24,7,0,80.59
2020,5,24,8,0,75.76
2020,5,24,9,0,71.07000000000001
2020,5,24,10,0,67.71000000000001
2020,5,24,11,0,64.86
2020,5,24,12,0,62.370000000000005
2020,5,24,13,0,61.14
2020,5,24,14,0,60.38
2020,5,24,15,0,61.21
2020,5,24,16,0,62.910000000000004
2020,5,24,17,0,68.42
2020,5,24,18,0,75.72
2020,5,24,19,0,78.07000000000001
2020,5,24,20,0,80.19
2020,5,24,21,0,81.88
2020,5,24,22,0,83.02
2020,5,24,23,0,84.41
2020,5,25,0,0,85.68
2020,5,25,1,0,86.38
2020,5,25,2,0,87.71000000000001
2020,5,25,3,0,88.54
2020,5,25,4,0,89.36
2020,5,25,5,0,89.73
2020,5,25,6,0,87.69
2020,5,25,7,0,83.14
2020,5,25,8,0,74.55
2020,5,25,9,0,65.62
2020,5,25,10,0,58.78
2020,5,25,11,0,54.88
2020,5,25,12,0,52.08
2020,5,25,13,0,50.13
2020,5,25,14,0,50.29
2020,5,25,15,0,52.730000000000004
2020,5,25,16,0,56.7
2020,5,25,17,0,62.99
2020,5,25,18,0,71.89
2020,5,25,19,0,74.51
2020,5,25,20,0,77.48
2020,5,25,21,0,79.64
2020,5,25,22,0,81.28
2020,5,25,23,0,82.31
2020,5,26,0,0,83.34
2020,5,26,1,0,84.15
2020,5,26,2,0,84.47
2020,5,26,3,0,84.93
2020,5,26,4,0,85.49
2020,5,26,5,0,86.07000000000001
2020,5,26,6,0,79.83
2020,5,26,7,0,72.24
2020,5,26,8,0,65.38
2020,5,26,9,0,59.19
2020,5,26,10,0,54.620000000000005
2020,5,26,11,0,52.550000000000004
2020,5,26,12,0,50.52
2020,5,26,13,0,48.24
2020,5,26,14,0,47.52
2020,5,26,15,0,48.71
2020,5,26,16,0,52.07
2020,5,26,17,0,59.22
2020,5,26,18,0,70.04
2020,5,26,19,0,73.54
2020,5,26,20,0,77.53
2020,5,26,21,0,79.05
2020,5,26,22,0,80.27
2020,5,26,23,0,80.78
2020,5,27,0,0,81.43
2020,5,27,1,0,81.67
2020,5,27,2,0,82.03
2020,5,27,3,0,82.82000000000001
2020,5,27,4,0,84.15
2020,5,27,5,0,85.12
2020,5,27,6,0,81.88
2020,5,27,7,0,74.07000000000001
2020,5,27,8,0,63.47
2020,5,27,9,0,55.27
2020,5,27,10,0,49.980000000000004
2020,5,27,11,0,48.06
2020,5,27,12,0,49.69
2020,5,27,13,0,50.160000000000004
2020,5,27,14,0,51.07
2020,5,27,15,0,52.96
2020,5,27,16,0,56.46
2020,5,27,17,0,63.17
2020,5,27,18,0,71.47
2020,5,27,19,0,75.7
2020,5,27,20,0,80.14
2020,5,27,21,0,82.13
2020,5,27,22,0,82.44
2020,5,27,23,0,82.93
2020,5,28,0,0,83.22
2020,5,28,1,0,84.02
2020,5,28,2,0,84.36
2020,5,28,3,0,84.75
2020,5,28,4,0,85.36
2020,5,28,5,0,86.34
2020,5,28,6,0,83.26
2020,5,28,7,0,78.68
2020,5,28,8,0,75.2
2020,5,28,9,0,71.77
2020,5,28,10,0,69.42
2020,5,28,11,0,67.28
2020,5,28,12,0,65.76
2020,5,28,13,0,64.8
2020,5,28,14,0,66.4
2020,5,28,15,0,69.65
2020,5,28,16,0,73.81
2020,5,28,17,0,79.29
2020,5,28,18,0,85.10000000000001
2020,5,28,19,0,86.55
2020,5,28,20,0,87.71000000000001
2020,5,28,21,0,88
2020,5,28,22,0,88.66
2020,5,28,23,0,88.59
2020,5,29,0,0,88.67
2020,5,29,1,0,89.10000000000001
2020,5,29,2,0,89.09
2020,5,29,3,0,89.31
2020,5,29,4,0,89.32000000000001
2020,5,29,5,0,89.84
2020,5,29,6,0,88.60000000000001
2020,5,29,7,0,85.07000000000001
2020,5,29,8,0,79.43
2020,5,29,9,0,74.37
2020,5,29,10,0,71.29
2020,5,29,11,0,69.83
2020,5,29,12,0,68.47
2020,5,29,13,0,68.07000000000001
2020,5,29,14,0,67.86
2020,5,29,15,0,68.63
2020,5,29,16,0,70.79
2020,5,29,17,0,72.16
2020,5,29,18,0,78.43
2020,5,29,19,0,79.66
2020,5,29,20,0,80.77
2020,5,29,21,0,81.59
2020,5,29,22,0,82.96000000000001
2020,5,29,23,0,84.19
2020,5,30,0,0,84.51
2020,5,30,1,0,84.38
2020,5,30,2,0,84.61
2020,5,30,3,0,84.46000000000001
2020,5,30,4,0,83.79
2020,5,30,5,0,83.04
2020,5,30,6,0,83.45
2020,5,30,7,0,79.9
2020,5,30,8,0,75.2
2020,5,30,9,0,73.09
2020,5,30,10,0,71.14
2020,5,30,11,0,70.17
2020,5,30,12,0,69.07000000000001
2020,5,30,13,0,68.95
2020,5,30,14,0,69.3
2020,5,30,15,0,70.3
2020,5,30,16,0,72.77
2020,5,30,17,0,75.23
2020,5,30,18,0,80.69
2020,5,30,19,0,81.33
2020,5,30,20,0,81.79
2020,5,30,21,0,82.56
2020,5,30,22,0,83.4
2020,5,30,23,0,84.27
2020,5,31,0,0,85.2
2020,5,31,1,0,85.8
2020,5,31,2,0,86.12
2020,5,31,3,0,87.11
2020,5,31,4,0,87.61
2020,5,31,5,0,88.5
2020,5,31,6,0,86.94
2020,5,31,7,0,84.78
2020,5,31,8,0,81.66
2020,5,31,9,0,78.94
2020,5,31,10,0,76.94
2020,5,31,11,0,75.42
2020,5,31,12,0,74.34
2020,5,31,13,0,73.45
2020,5,31,14,0,73.56
2020,5,31,15,0,74.66
2020,5,31,16,0,76.29
2020,5,31,17,0,79.84
2020,5,31,18,0,82.31
2020,5,31,19,0,82.56
2020,5,31,20,0,82.34
2020,5,31,21,0,82.67
2020,5,31,22,0,83.14
2020,5,31,23,0,83.47
2020,6,1,0,0,84.71000000000001
2020,6,1,1,0,85.34
2020,6,1,2,0,86.67
2020,6,1,3,0,87.59
2020,6,1,4,0,88.48
2020,6,1,5,0,89.43
2020,6,1,6,0,87.22
2020,6,1,7,0,83.35000000000001
2020,6,1,8,0,79.4
2020,6,1,9,0,75.52
2020,6,1,10,0,72.48
2020,6,1,11,0,70.21000000000001
2020,6,1,12,0,68.2
2020,6,1,13,0,67.01
2020,6,1,14,0,66.52
2020,6,1,15,0,66.91
2020,6,1,16,0,68.94
2020,6,1,17,0,72.83
2020,6,1,18,0,79.17
2020,6,1,19,0,79.83
2020,6,1,20,0,80.15
2020,6,1,21,0,80.31
2020,6,1,22,0,81.06
2020,6,1,23,0,81.54
2020,6,2,0,0,82.65
2020,6,2,1,0,83.48
2020,6,2,2,0,84.53
2020,6,2,3,0,86.14
2020,6,2,4,0,87.31
2020,6,2,5,0,87.69
2020,6,2,6,0,85.18
2020,6,2,7,0,80.79
2020,6,2,8,0,76.7
2020,6,2,9,0,73.27
2020,6,2,10,0,69.76
2020,6,2,11,0,66.57000000000001
2020,6,2,12,0,63.57
2020,6,2,13,0,61.15
2020,6,2,14,0,59.74
2020,6,2,15,0,59.38
2020,6,2,16,0,60.910000000000004
2020,6,2,17,0,62.32
2020,6,2,18,0,67.37
2020,6,2,19,0,68.15
2020,6,2,20,0,69.27
2020,6,2,21,0,70.99
2020,6,2,22,0,70.84
2020,6,2,23,0,72.52
2020,6,3,0,0,75.87
2020,6,3,1,0,77.66
2020,6,3,2,0,78.56
2020,6,3,3,0,78.73
2020,6,3,4,0,78.52
2020,6,3,5,0,78.63
2020,6,3,6,0,79.08
2020,6,3,7,0,72.81
2020,6,3,8,0,69.42
2020,6,3,9,0,67.12
2020,6,3,10,0,64.91
2020,6,3,11,0,63.24
2020,6,3,12,0,61.68
2020,6,3,13,0,61.59
2020,6,3,14,0,61.980000000000004
2020,6,3,15,0,63.57
2020,6,3,16,0,67.28
2020,6,3,17,0,72.25
2020,6,3,18,0,78.66
2020,6,3,19,0,80.71000000000001
2020,6,3,20,0,81.47
2020,6,3,21,0,81.92
2020,6,3,22,0,82.05
2020,6,3,23,0,82.41
2020,6,4,0,0,82.52
2020,6,4,1,0,82.60000000000001
2020,6,4,2,0,83
2020,6,4,3,0,82.86
2020,6,4,4,0,83.06
2020,6,4,5,0,83.57000000000001
2020,6,4,6,0,82.61
2020,6,4,7,0,78.11
2020,6,4,8,0,75.23
2020,6,4,9,0,72.99
2020,6,4,10,0,70.88
2020,6,4,11,0,69.29
2020,6,4,12,0,68.05
2020,6,4,13,0,67.14
2020,6,4,14,0,66.62
2020,6,4,15,0,66.97
2020,6,4,16,0,69.49
2020,6,4,17,0,72.95
2020,6,4,18,0,78.16
2020,6,4,19,0,79.41
2020,6,4,20,0,79.07000000000001
2020,6,4,21,0,79.93
2020,6,4,22,0,80.96000000000001
2020,6,4,23,0,82.18
2020,6,5,0,0,82.92
2020,6,5,1,0,84.45
2020,6,5,2,0,85.62
2020,6,5,3,0,86.95
2020,6,5,4,0,87.78
2020,6,5,5,0,88.26
2020,6,5,6,0,87.59
2020,6,5,7,0,85
2020,6,5,8,0,81.31
2020,6,5,9,0,77.91
2020,6,5,10,0,75.38
2020,6,5,11,0,72.82000000000001
2020,6,5,12,0,71.05
2020,6,5,13,0,69.2
2020,6,5,14,0,68.26
2020,6,5,15,0,68.53
2020,6,5,16,0,70.21000000000001
2020,6,5,17,0,72.64
2020,6,5,18,0,75.66
2020,6,5,19,0,74.5
2020,6,5,20,0,74.26
2020,6,5,21,0,75.05
2020,6,5,22,0,76.68
2020,6,5,23,0,78.53
2020,6,6,0,0,80.27
2020,6,6,1,0,81.9
2020,6,6,2,0,83.25
2020,6,6,3,0,84.74
2020,6,6,4,0,85.85000000000001
2020,6,6,5,0,87.25
2020,6,6,6,0,87.04
2020,6,6,7,0,84.75
2020,6,6,8,0,81.3
2020,6,6,9,0,77.62
2020,6,6,10,0,73.4
2020,6,6,11,0,70.28
2020,6,6,12,0,67.76
2020,6,6,13,0,66.42
2020,6,6,14,0,65.54
2020,6,6,15,0,66.36
2020,6,6,16,0,68.07000000000001
2020,6,6,17,0,69.87
2020,6,6,18,0,73.09
2020,6,6,19,0,71.95
2020,6,6,20,0,72.97
2020,6,6,21,0,74.46000000000001
2020,6,6,22,0,76.47
2020,6,6,23,0,78.35000000000001
2020,6,7,0,0,79.48
2020,6,7,1,0,80.73
2020,6,7,2,0,81.45
2020,6,7,3,0,81.77
2020,6,7,4,0,82.06
2020,6,7,5,0,82.21000000000001
2020,6,7,6,0,83.58
2020,6,7,7,0,80.09
2020,6,7,8,0,76.5
2020,6,7,9,0,73.18
2020,6,7,10,0,72.62
2020,6,7,11,0,72.24
2020,6,7,12,0,71.79
2020,6,7,13,0,71.95
2020,6,7,14,0,72.45
2020,6,7,15,0,73.45
2020,6,7,16,0,75.77
2020,6,7,17,0,79.17
2020,6,7,18,0,84.05
2020,6,7,19,0,85.94
2020,6,7,20,0,86.99
2020,6,7,21,0,87.82000000000001
2020,6,7,22,0,88.05
2020,6,7,23,0,87.23
2020,6,8,0,0,86.03
2020,6,8,1,0,84.84
2020,6,8,2,0,84.7
2020,6,8,3,0,84.47
2020,6,8,4,0,84.52
2020,6,8,5,0,84.77
2020,6,8,6,0,85.99
2020,6,8,7,0,83.14
2020,6,8,8,0,79.35000000000001
2020,6,8,9,0,75.73
2020,6,8,10,0,74.04
2020,6,8,11,0,73.46000000000001
2020,6,8,12,0,72.60000000000001
2020,6,8,13,0,72.32000000000001
2020,6,8,14,0,72.01
2020,6,8,15,0,73.17
2020,6,8,16,0,76.02
2020,6,8,17,0,78.13
2020,6,8,18,0,82.59
2020,6,8,19,0,82.8
2020,6,8,20,0,82.54
2020,6,8,21,0,82.34
2020,6,8,22,0,82.21000000000001
2020,6,8,23,0,82.16
2020,6,9,0,0,82.31
2020,6,9,1,0,83.77
2020,6,9,2,0,84.61
2020,6,9,3,0,84.05
2020,6,9,4,0,83.82000000000001
2020,6,9,5,0,84.06
2020,6,9,6,0,83.5
2020,6,9,7,0,79.82000000000001
2020,6,9,8,0,75.37
2020,6,9,9,0,72.78
2020,6,9,10,0,71.92
2020,6,9,11,0,72.26
2020,6,9,12,0,73.29
2020,6,9,13,0,74.54
2020,6,9,14,0,76.37
2020,6,9,15,0,77.96000000000001
2020,6,9,16,0,79.48
2020,6,9,17,0,80.55
2020,6,9,18,0,84.14
2020,6,9,19,0,83.87
2020,6,9,20,0,83.88
2020,6,9,21,0,84.01
2020,6,9,22,0,84.82000000000001
2020,6,9,23,0,86.46000000000001
2020,6,10,0,0,87.76
2020,6,10,1,0,88.48
2020,6,10,2,0,89.51
2020,6,10,3,0,90
2020,6,10,4,0,90.4
2020,6,10,5,0,90.78
2020,6,10,6,0,89.83
2020,6,10,7,0,87.75
2020,6,10,8,0,86.8
2020,6,10,9,0,85.25
2020,6,10,10,0,84.2
2020,6,10,11,0,84.29
2020,6,10,12,0,84.67
2020,6,10,13,0,86.24
2020,6,10,14,0,87.86
2020,6,10,15,0,89.46000000000001
2020,6,10,16,0,91.24
2020,6,10,17,0,92.54
2020,6,10,18,0,93.4
2020,6,10,19,0,93.63
2020,6,10,20,0,93.26
2020,6,10,21,0,93.69
2020,6,10,22,0,93.53
2020,6,10,23,0,93.82000000000001
2020,6,11,0,0,94.01
2020,6,11,1,0,94.09
2020,6,11,2,0,93.62
2020,6,11,3,0,93.61
2020,6,11,4,0,93.75
2020,6,11,5,0,93.65
2020,6,11,6,0,93.55
2020,6,11,7,0,93.12
2020,6,11,8,0,92.22
2020,6,11,9,0,91.12
2020,6,11,10,0,89.34
2020,6,11,11,0,88.51
2020,6,11,12,0,87.55
2020,6,11,13,0,86.79
2020,6,11,14,0,86.73
2020,6,11,15,0,87.36
2020,6,11,16,0,88.32000000000001
2020,6,11,17,0,90.15
2020,6,11,18,0,91.57000000000001
2020,6,11,19,0,92.11
2020,6,11,20,0,91.89
2020,6,11,21,0,92.14
2020,6,11,22,0,91.77
2020,6,11,23,0,91.34
2020,6,12,0,0,91.01
2020,6,12,1,0,90.95
2020,6,12,2,0,90.83
2020,6,12,3,0,90.91
2020,6,12,4,0,91.25
2020,6,12,5,0,90.94
2020,6,12,6,0,90
2020,6,12,7,0,88.47
2020,6,12,8,0,87.08
2020,6,12,9,0,84.86
2020,6,12,10,0,82.88
2020,6,12,11,0,81.8
2020,6,12,12,0,81.02
2020,6,12,13,0,81.47
2020,6,12,14,0,83.19
2020,6,12,15,0,84.92
2020,6,12,16,0,87.89
2020,6,12,17,0,90.61
2020,6,12,18,0,92.34
2020,6,12,19,0,92.5
2020,6,12,20,0,91.93
2020,6,12,21,0,91.37
2020,6,12,22,0,90.54
2020,6,12,23,0,90.22
2020,6,13,0,0,89.23
2020,6,13,1,0,88.53
2020,6,13,2,0,88.28
2020,6,13,3,0,87.78
2020,6,13,4,0,87.45
2020,6,13,5,0,87.46000000000001
2020,6,13,6,0,86.91
2020,6,13,7,0,84.12
2020,6,13,8,0,81.23
2020,6,13,9,0,77.92
2020,6,13,10,0,74.91
2020,6,13,11,0,73.29
2020,6,13,12,0,72.19
2020,6,13,13,0,72.4
2020,6,13,14,0,73.33
2020,6,13,15,0,75.29
2020,6,13,16,0,76.82000000000001
2020,6,13,17,0,80.62
2020,6,13,18,0,83.9
2020,6,13,19,0,85.41
2020,6,13,20,0,86.7
2020,6,13,21,0,87.65
2020,6,13,22,0,88.06
2020,6,13,23,0,88.46000000000001
2020,6,14,0,0,88.75
2020,6,14,1,0,88.95
2020,6,14,2,0,88.92
2020,6,14,3,0,89.60000000000001
2020,6,14,4,0,89.46000000000001
2020,6,14,5,0,89.8
2020,6,14,6,0,88.23
2020,6,14,7,0,85.61
2020,6,14,8,0,82.23
2020,6,14,9,0,79.57000000000001
2020,6,14,10,0,77.27
2020,6,14,11,0,75.5
2020,6,14,12,0,74.85000000000001
2020,6,14,13,0,75.52
2020,6,14,14,0,76.65
2020,6,14,15,0,77.72
2020,6,14,16,0,80.06
2020,6,14,17,0,83.18
2020,6,14,18,0,85.19
2020,6,14,19,0,85.46000000000001
2020,6,14,20,0,85.94
2020,6,14,21,0,86.29
2020,6,14,22,0,87.31
2020,6,14,23,0,88.23
2020,6,15,0,0,88.94
2020,6,15,1,0,89.2
2020,6,15,2,0,89.78
2020,6,15,3,0,89.58
2020,6,15,4,0,89.62
2020,6,15,5,0,89.25
2020,6,15,6,0,87.25
2020,6,15,7,0,83.64
2020,6,15,8,0,80.99
2020,6,15,9,0,78.48
2020,6,15,10,0,76.74
2020,6,15,11,0,75.35000000000001
2020,6,15,12,0,74.17
2020,6,15,13,0,73.59
2020,6,15,14,0,73.45
2020,6,15,15,0,74.87
2020,6,15,16,0,77.35000000000001
2020,6,15,17,0,81.57000000000001
2020,6,15,18,0,85.71000000000001
2020,6,15,19,0,86.84
2020,6,15,20,0,88.02
2020,6,15,21,0,88.81
2020,6,15,22,0,89.15
2020,6,15,23,0,89.41
2020,6,16,0,0,89.5
2020,6,16,1,0,89.51
2020,6,16,2,0,89.63
2020,6,16,3,0,89.74
2020,6,16,4,0,89.43
2020,6,16,5,0,89.63
2020,6,16,6,0,87.73
2020,6,16,7,0,84.51
2020,6,16,8,0,80.54
2020,6,16,9,0,77.88
2020,6,16,10,0,75.14
2020,6,16,11,0,72.27
2020,6,16,12,0,70.18
2020,6,16,13,0,68.53
2020,6,16,14,0,68.07000000000001
2020,6,16,15,0,68.60000000000001
2020,6,16,16,0,70.77
2020,6,16,17,0,74.67
2020,6,16,18,0,80.99
2020,6,16,19,0,82.21000000000001
2020,6,16,20,0,83.2
2020,6,16,21,0,84.21000000000001
2020,6,16,22,0,84.96000000000001
2020,6,16,23,0,85.71000000000001
2020,6,17,0,0,86.46000000000001
2020,6,17,1,0,87.28
2020,6,17,2,0,87.61
2020,6,17,3,0,88.07000000000001
2020,6,17,4,0,89.14
2020,6,17,5,0,89.14
2020,6,17,6,0,87.34
2020,6,17,7,0,84.11
2020,6,17,8,0,79.60000000000001
2020,6,17,9,0,75.12
2020,6,17,10,0,71.25
2020,6,17,11,0,68.94
2020,6,17,12,0,67.75
2020,6,17,13,0,67.12
2020,6,17,14,0,66.76
2020,6,17,15,0,68.39
2020,6,17,16,0,71.38
2020,6,17,17,0,73.68
2020,6,17,18,0,79.67
2020,6,17,19,0,80.87
2020,6,17,20,0,81.3
2020,6,17,21,0,81.65
2020,6,17,22,0,82.41
2020,6,17,23,0,84.13
2020,6,18,0,0,85.46000000000001
2020,6,18,1,0,87.16
2020,6,18,2,0,88.47
2020,6,18,3,0,89.44
2020,6,18,4,0,90.5
2020,6,18,5,0,91.14
2020,6,18,6,0,91.41
2020,6,18,7,0,91.47
2020,6,18,8,0,90.42
2020,6,18,9,0,88.46000000000001
2020,6,18,10,0,85.10000000000001
2020,6,18,11,0,81.99
2020,6,18,12,0,80.87
2020,6,18,13,0,81.3
2020,6,18,14,0,83.26
2020,6,18,15,0,86.10000000000001
2020,6,18,16,0,88.28
2020,6,18,17,0,90.62
2020,6,18,18,0,92.46000000000001
2020,6,18,19,0,92.59
2020,6,18,20,0,92.18
2020,6,18,21,0,91.79
2020,6,18,22,0,91.59
2020,6,18,23,0,91.69
2020,6,19,0,0,91.3
2020,6,19,1,0,90.87
2020,6,19,2,0,90.99
2020,6,19,3,0,90.5
2020,6,19,4,0,90.58
2020,6,19,5,0,90.31
2020,6,19,6,0,89.5
2020,6,19,7,0,88.15
2020,6,19,8,0,86.33
2020,6,19,9,0,85.13
2020,6,19,10,0,84.10000000000001
2020,6,19,11,0,82.95
2020,6,19,12,0,81.92
2020,6,19,13,0,81.24
2020,6,19,14,0,81.25
2020,6,19,15,0,81.35000000000001
2020,6,19,16,0,82.34
2020,6,19,17,0,83.69
2020,6,19,18,0,86.05
2020,6,19,19,0,85.3
2020,6,19,20,0,84.79
2020,6,19,21,0,83.94
2020,6,19,22,0,83.35000000000001
2020,6,19,23,0,82.9
2020,6,20,0,0,83.07000000000001
2020,6,20,1,0,83.5
2020,6,20,2,0,83.66
2020,6,20,3,0,85.21000000000001
2020,6,20,4,0,86.56
2020,6,20,5,0,87.81
2020,6,20,6,0,87.88
2020,6,20,7,0,84.83
2020,6,20,8,0,81.75
2020,6,20,9,0,79.46000000000001
2020,6,20,10,0,76.96000000000001
2020,6,20,11,0,75.48
2020,6,20,12,0,74.32000000000001
2020,6,20,13,0,73.45
2020,6,20,14,0,73.13
2020,6,20,15,0,73.9
2020,6,20,16,0,76.47
2020,6,20,17,0,79.39
2020,6,20,18,0,83.65
2020,6,20,19,0,84.25
2020,6,20,20,0,84.77
2020,6,20,21,0,85.27
2020,6,20,22,0,85.37
2020,6,20,23,0,85.94
2020,6,21,0,0,86.66
2020,6,21,1,0,87.5
2020,6,21,2,0,88.36
2020,6,21,3,0,88.9
2020,6,21,4,0,89.47
2020,6,21,5,0,89.78
2020,6,21,6,0,88.78
2020,6,21,7,0,85.95
2020,6,21,8,0,81.81
2020,6,21,9,0,79.24
2020,6,21,10,0,77.22
2020,6,21,11,0,75.61
2020,6,21,12,0,74
2020,6,21,13,0,73.13
2020,6,21,14,0,72.26
2020,6,21,15,0,72.22
2020,6,21,16,0,74.39
2020,6,21,17,0,76.75
2020,6,21,18,0,81.93
2020,6,21,19,0,83.52
2020,6,21,20,0,84.59
2020,6,21,21,0,85.81
2020,6,21,22,0,87.17
2020,6,21,23,0,88.48
2020,6,22,0,0,89.15
2020,6,22,1,0,89.95
2020,6,22,2,0,90.11
2020,6,22,3,0,90.28
2020,6,22,4,0,89.86
2020,6,22,5,0,89.79
2020,6,22,6,0,88.58
2020,6,22,7,0,85.07000000000001
2020,6,22,8,0,81
2020,6,22,9,0,78.01
2020,6,22,10,0,75.2
2020,6,22,11,0,73.45
2020,6,22,12,0,72.48
2020,6,22,13,0,71.26
2020,6,22,14,0,71.27
2020,6,22,15,0,71.69
2020,6,22,16,0,74.4
2020,6,22,17,0,76.72
2020,6,22,18,0,81.84
2020,6,22,19,0,82.02
2020,6,22,20,0,81.43
2020,6,22,21,0,81.23
2020,6,22,22,0,82.46000000000001
2020,6,22,23,0,83.87
2020,6,23,0,0,85.45
2020,6,23,1,0,86.32000000000001
2020,6,23,2,0,87.17
2020,6,23,3,0,88.01
2020,6,23,4,0,88.26
2020,6,23,5,0,88.27
2020,6,23,6,0,87.33
2020,6,23,7,0,83.28
2020,6,23,8,0,79.15
2020,6,23,9,0,76.01
2020,6,23,10,0,73.57000000000001
2020,6,23,11,0,72.02
2020,6,23,12,0,71.03
2020,6,23,13,0,70.65
2020,6,23,14,0,70.93
2020,6,23,15,0,71.64
2020,6,23,16,0,74.62
2020,6,23,17,0,76.04
2020,6,23,18,0,80.64
2020,6,23,19,0,80.15
2020,6,23,20,0,79.43
2020,6,23,21,0,80.33
2020,6,23,22,0,80.62
2020,6,23,23,0,82.62
2020,6,24,0,0,84.46000000000001
2020,6,24,1,0,86.41
2020,6,24,2,0,87.58
2020,6,24,3,0,88.12
2020,6,24,4,0,88.62
2020,6,24,5,0,88.59
2020,6,24,6,0,87.8
2020,6,24,7,0,84.72
2020,6,24,8,0,80.51
2020,6,24,9,0,77.06
2020,6,24,10,0,74.81
2020,6,24,11,0,73.5
2020,6,24,12,0,72.28
2020,6,24,13,0,71.85000000000001
2020,6,24,14,0,71.74
2020,6,24,15,0,72.66
2020,6,24,16,0,74.52
2020,6,24,17,0,77.39
2020,6,24,18,0,81.59
2020,6,24,19,0,81.67
2020,6,24,20,0,82.15
2020,6,24,21,0,82.26
2020,6,24,22,0,82.74
2020,6,24,23,0,83.23
2020,6,25,0,0,84.46000000000001
2020,6,25,1,0,85.4
2020,6,25,2,0,86.91
2020,6,25,3,0,88.03
2020,6,25,4,0,89.04
2020,6,25,5,0,89.28
2020,6,25,6,0,89.07000000000001
2020,6,25,7,0,87.16
2020,6,25,8,0,84.26
2020,6,25,9,0,81.62
2020,6,25,10,0,79.65
2020,6,25,11,0,77.93
2020,6,25,12,0,76.96000000000001
2020,6,25,13,0,76.38
2020,6,25,14,0,76.41
2020,6,25,15,0,77.61
2020,6,25,16,0,79.81
2020,6,25,17,0,83.33
2020,6,25,18,0,86.86
2020,6,25,19,0,88.63
2020,6,25,20,0,89.29
2020,6,25,21,0,89.25
2020,6,25,22,0,89.78
2020,6,25,23,0,90.3
2020,6,26,0,0,90.45
2020,6,26,1,0,90.81
2020,6,26,2,0,90.77
2020,6,26,3,0,91.22
2020,6,26,4,0,91.26
2020,6,26,5,0,91.25
2020,6,26,6,0,90.71000000000001
2020,6,26,7,0,87.89
2020,6,26,8,0,84.94
2020,6,26,9,0,81.61
2020,6,26,10,0,78.92
2020,6,26,11,0,77.44
2020,6,26,12,0,76.57000000000001
2020,6,26,13,0,76.23
2020,6,26,14,0,76.72
2020,6,26,15,0,78.23
2020,6,26,16,0,81.32000000000001
2020,6,26,17,0,83.3
2020,6,26,18,0,86.37
2020,6,26,19,0,87.03
2020,6,26,20,0,87.45
2020,6,26,21,0,88.26
2020,6,26,22,0,88.67
2020,6,26,23,0,89.26
2020,6,27,0,0,90.43
2020,6,27,1,0,91.06
2020,6,27,2,0,91.18
2020,6,27,3,0,91.28
2020,6,27,4,0,91.74
2020,6,27,5,0,91.16
2020,6,27,6,0,90.64
2020,6,27,7,0,88.83
2020,6,27,8,0,87.07000000000001
2020,6,27,9,0,84.3
2020,6,27,10,0,82.53
2020,6,27,11,0,80.83
2020,6,27,12,0,79.09
2020,6,27,13,0,78.64
2020,6,27,14,0,78.24
2020,6,27,15,0,78.76
2020,6,27,16,0,81.32000000000001
2020,6,27,17,0,83.91
2020,6,27,18,0,87.78
2020,6,27,19,0,88.74
2020,6,27,20,0,89.67
2020,6,27,21,0,90.15
2020,6,27,22,0,90.54
2020,6,27,23,0,91.35000000000001
2020,6,28,0,0,91.83
2020,6,28,1,0,92.52
2020,6,28,2,0,92.65
2020,6,28,3,0,92.41
2020,6,28,4,0,92.03
2020,6,28,5,0,91.82000000000001
2020,6,28,6,0,90.55
2020,6,28,7,0,89.18
2020,6,28,8,0,87.33
2020,6,28,9,0,85.25
2020,6,28,10,0,83.86
2020,6,28,11,0,82.47
2020,6,28,12,0,81.93
2020,6,28,13,0,81.7
2020,6,28,14,0,82.23
2020,6,28,15,0,84.11
2020,6,28,16,0,85.57000000000001
2020,6,28,17,0,87.46000000000001
2020,6,28,18,0,88.31
2020,6,28,19,0,88.74
2020,6,28,20,0,88.72
2020,6,28,21,0,88.79
2020,6,28,22,0,88.4
2020,6,28,23,0,89.33
2020,6,29,0,0,89.55
2020,6,29,1,0,89.76
2020,6,29,2,0,89.81
2020,6,29,3,0,89.69
2020,6,29,4,0,89.51
2020,6,29,5,0,89.10000000000001
2020,6,29,6,0,89.18
2020,6,29,7,0,86.45
2020,6,29,8,0,83.3
2020,6,29,9,0,78.8
2020,6,29,10,0,75.92
2020,6,29,11,0,74.36
2020,6,29,12,0,73.53
2020,6,29,13,0,73.8
2020,6,29,14,0,74.28
2020,6,29,15,0,76.09
2020,6,29,16,0,78.37
2020,6,29,17,0,81.88
2020,6,29,18,0,84.15
2020,6,29,19,0,84.65
2020,6,29,20,0,84.48
2020,6,29,21,0,84.37
2020,6,29,22,0,84.31
2020,6,29,23,0,84.15
2020,6,30,0,0,84.38
2020,6,30,1,0,84.34
2020,6,30,2,0,84.25
2020,6,30,3,0,84.32000000000001
2020,6,30,4,0,84.56
2020,6,30,5,0,84.69
2020,6,30,6,0,84.83
2020,6,30,7,0,79.78
2020,6,30,8,0,75
2020,6,30,9,0,72.31
2020,6,30,10,0,71.17
2020,6,30,11,0,69.88
2020,6,30,12,0,69.32000000000001
2020,6,30,13,0,69.25
2020,6,30,14,0,69.45
2020,6,30,15,0,70.38
2020,6,30,16,0,72.4
2020,6,30,17,0,76.21000000000001
2020,6,30,18,0,80.4
2020,6,30,19,0,80.39
2020,6,30,20,0,80.23
2020,6,30,21,0,80.2
2020,6,30,22,0,81.67
2020,6,30,23,0,83.11
2020,7,1,0,0,83.87
2020,7,1,1,0,84.57000000000001
2020,7,1,2,0,85.53
2020,7,1,3,0,86.03
2020,7,1,4,0,86.43
2020,7,1,5,0,87.10000000000001
2020,7,1,6,0,85.35000000000001
2020,7,1,7,0,80.16
2020,7,1,8,0,76.56
2020,7,1,9,0,73.52
2020,7,1,10,0,70.73
2020,7,1,11,0,68.22
2020,7,1,12,0,66.21000000000001
2020,7,1,13,0,65.65
2020,7,1,14,0,65.49
2020,7,1,15,0,66.8
2020,7,1,16,0,70.28
2020,7,1,17,0,72.12
2020,7,1,18,0,79.16
2020,7,1,19,0,81.05
2020,7,1,20,0,81.36
2020,7,1,21,0,82.12
2020,7,1,22,0,82.53
2020,7,1,23,0,82.97
2020,7,2,0,0,83.98
2020,7,2,1,0,84.62
2020,7,2,2,0,85.26
2020,7,2,3,0,86.01
2020,7,2,4,0,86.65
2020,7,2,5,0,86.62
2020,7,2,6,0,86.4
2020,7,2,7,0,83.44
2020,7,2,8,0,79.62
2020,7,2,9,0,77.66
2020,7,2,10,0,76.62
2020,7,2,11,0,75.34
2020,7,2,12,0,74.13
2020,7,2,13,0,73.56
2020,7,2,14,0,73.45
2020,7,2,15,0,74.79
2020,7,2,16,0,75.91
2020,7,2,17,0,77.45
2020,7,2,18,0,81.39
2020,7,2,19,0,81.33
2020,7,2,20,0,81.22
2020,7,2,21,0,81.89
2020,7,2,22,0,82.83
2020,7,2,23,0,83.84
2020,7,3,0,0,84.9
2020,7,3,1,0,86.34
2020,7,3,2,0,87.37
2020,7,3,3,0,88.47
2020,7,3,4,0,88.83
2020,7,3,5,0,89.25
2020,7,3,6,0,87.83
2020,7,3,7,0,85.26
2020,7,3,8,0,82.18
2020,7,3,9,0,79.46000000000001
2020,7,3,10,0,77.57000000000001
2020,7,3,11,0,76.9
2020,7,3,12,0,77.23
2020,7,3,13,0,77.91
2020,7,3,14,0,79.07000000000001
2020,7,3,15,0,81.9
2020,7,3,16,0,84.45
2020,7,3,17,0,86.60000000000001
2020,7,3,18,0,89.33
2020,7,3,19,0,90.35000000000001
2020,7,3,20,0,90.23
2020,7,3,21,0,90.45
2020,7,3,22,0,90.10000000000001
2020,7,3,23,0,90.21000000000001
2020,7,4,0,0,90.35000000000001
2020,7,4,1,0,89.77
2020,7,4,2,0,89.36
2020,7,4,3,0,88.7
2020,7,4,4,0,87.56
2020,7,4,5,0,87.13
2020,7,4,6,0,87.62
2020,7,4,7,0,84.85000000000001
2020,7,4,8,0,81.58
2020,7,4,9,0,80.07000000000001
2020,7,4,10,0,79.08
2020,7,4,11,0,78.4
2020,7,4,12,0,77.58
2020,7,4,13,0,77.39
2020,7,4,14,0,78.01
2020,7,4,15,0,80.2
2020,7,4,16,0,82.97
2020,7,4,17,0,85.61
2020,7,4,18,0,88.03
2020,7,4,19,0,87.04
2020,7,4,20,0,86.31
2020,7,4,21,0,85.21000000000001
2020,7,4,22,0,84.89
2020,7,4,23,0,84.8
2020,7,5,0,0,84.78
2020,7,5,1,0,85.43
2020,7,5,2,0,85.78
2020,7,5,3,0,86.2
2020,7,5,4,0,86.21000000000001
2020,7,5,5,0,86.7
2020,7,5,6,0,87.74
2020,7,5,7,0,86.13
2020,7,5,8,0,83.5
2020,7,5,9,0,78.71000000000001
2020,7,5,10,0,74
2020,7,5,11,0,71.57000000000001
2020,7,5,12,0,70.47
2020,7,5,13,0,70.10000000000001
2020,7,5,14,0,70.99
2020,7,5,15,0,73.56
2020,7,5,16,0,74.53
2020,7,5,17,0,75.27
2020,7,5,18,0,76.33
2020,7,5,19,0,73.99
2020,7,5,20,0,73.67
2020,7,5,21,0,75.68
2020,7,5,22,0,77.98
2020,7,5,23,0,79.65
2020,7,6,0,0,80.78
2020,7,6,1,0,81.54
2020,7,6,2,0,82.73
2020,7,6,3,0,83.79
2020,7,6,4,0,84.69
2020,7,6,5,0,85.57000000000001
2020,7,6,6,0,85.22
2020,7,6,7,0,81.18
2020,7,6,8,0,77.15
2020,7,6,9,0,74.5
2020,7,6,10,0,72.34
2020,7,6,11,0,70.16
2020,7,6,12,0,68.41
2020,7,6,13,0,67.54
2020,7,6,14,0,66.95
2020,7,6,15,0,67.96000000000001
2020,7,6,16,0,71.01
2020,7,6,17,0,74.8
2020,7,6,18,0,80.32000000000001
2020,7,6,19,0,81.62
2020,7,6,20,0,83.07000000000001
2020,7,6,21,0,83.99
2020,7,6,22,0,84.9
2020,7,6,23,0,85.86
2020,7,7,0,0,86.83
2020,7,7,1,0,87.91
2020,7,7,2,0,88.9
2020,7,7,3,0,89.23
2020,7,7,4,0,90.11
2020,7,7,5,0,90.23
2020,7,7,6,0,89.04
2020,7,7,7,0,86.27
2020,7,7,8,0,83.17
2020,7,7,9,0,80.68
2020,7,7,10,0,78.43
2020,7,7,11,0,76.82000000000001
2020,7,7,12,0,76.23
2020,7,7,13,0,76.64
2020,7,7,14,0,77.63
2020,7,7,15,0,79.26
2020,7,7,16,0,82.29
2020,7,7,17,0,86.06
2020,7,7,18,0,88.56
2020,7,7,19,0,89.96000000000001
2020,7,7,20,0,90.16
2020,7,7,21,0,90.8
2020,7,7,22,0,91.02
2020,7,7,23,0,91.25
2020,7,8,0,0,90.95
2020,7,8,1,0,91.45
2020,7,8,2,0,91.46000000000001
2020,7,8,3,0,91.57000000000001
2020,7,8,4,0,92.14
2020,7,8,5,0,92.16
2020,7,8,6,0,91.19
2020,7,8,7,0,89.36
2020,7,8,8,0,86.74
2020,7,8,9,0,83.99
2020,7,8,10,0,81.74
2020,7,8,11,0,80.10000000000001
2020,7,8,12,0,78.97
2020,7,8,13,0,78.31
2020,7,8,14,0,78.16
2020,7,8,15,0,78.92
2020,7,8,16,0,81.22
2020,7,8,17,0,83.16
2020,7,8,18,0,84.91
2020,7,8,19,0,84.03
2020,7,8,20,0,83.44
2020,7,8,21,0,82.85000000000001
2020,7,8,22,0,83.47
2020,7,8,23,0,84.3
2020,7,9,0,0,83.75
2020,7,9,1,0,84.2
2020,7,9,2,0,85.91
2020,7,9,3,0,86.88
2020,7,9,4,0,87.15
2020,7,9,5,0,87.71000000000001
2020,7,9,6,0,89.51
2020,7,9,7,0,86.72
2020,7,9,8,0,83.68
2020,7,9,9,0,80.55
2020,7,9,10,0,78.74
2020,7,9,11,0,77.88
2020,7,9,12,0,76.92
2020,7,9,13,0,76.96000000000001
2020,7,9,14,0,77.46000000000001
2020,7,9,15,0,79.07000000000001
2020,7,9,16,0,81
2020,7,9,17,0,83.59
2020,7,9,18,0,85.74
2020,7,9,19,0,85.03
2020,7,9,20,0,84.56
2020,7,9,21,0,83.78
2020,7,9,22,0,83.78
2020,7,9,23,0,84.57000000000001
2020,7,10,0,0,85.42
2020,7,10,1,0,86.25
2020,7,10,2,0,87.10000000000001
2020,7,10,3,0,87.37
2020,7,10,4,0,87.55
2020,7,10,5,0,87.55
2020,7,10,6,0,87.73
2020,7,10,7,0,83.56
2020,7,10,8,0,79.29
2020,7,10,9,0,77.13
2020,7,10,10,0,75.84
2020,7,10,11,0,75.27
2020,7,10,12,0,75.03
2020,7,10,13,0,75.01
2020,7,10,14,0,75.99
2020,7,10,15,0,77.76
2020,7,10,16,0,80.83
2020,7,10,17,0,83.75
2020,7,10,18,0,87.62
2020,7,10,19,0,87.94
2020,7,10,20,0,88.39
2020,7,10,21,0,88.34
2020,7,10,22,0,88.41
2020,7,10,23,0,89.10000000000001
2020,7,11,0,0,89.14
2020,7,11,1,0,89.71000000000001
2020,7,11,2,0,89.53
2020,7,11,3,0,88.9
2020,7,11,4,0,88.49
2020,7,11,5,0,88.55
2020,7,11,6,0,88.76
2020,7,11,7,0,85.94
2020,7,11,8,0,82.57000000000001
2020,7,11,9,0,80.34
2020,7,11,10,0,78.83
2020,7,11,11,0,78.12
2020,7,11,12,0,77.81
2020,7,11,13,0,78.19
2020,7,11,14,0,79.88
2020,7,11,15,0,82.4
2020,7,11,16,0,84.5
2020,7,11,17,0,87.06
2020,7,11,18,0,90.05
2020,7,11,19,0,90.44
2020,7,11,20,0,91.05
2020,7,11,21,0,91.3
2020,7,11,22,0,92.18
2020,7,11,23,0,92.33
2020,7,12,0,0,93.36
2020,7,12,1,0,93.35000000000001
2020,7,12,2,0,93.93
2020,7,12,3,0,94.01
2020,7,12,4,0,93.93
2020,7,12,5,0,93.71000000000001
2020,7,12,6,0,92.84
2020,7,12,7,0,89.82000000000001
2020,7,12,8,0,86.68
2020,7,12,9,0,84.73
2020,7,12,10,0,82.81
2020,7,12,11,0,81.59
2020,7,12,12,0,81.22
2020,7,12,13,0,81.41
2020,7,12,14,0,81.53
2020,7,12,15,0,83.04
2020,7,12,16,0,84.57000000000001
2020,7,12,17,0,86.88
2020,7,12,18,0,88.57000000000001
2020,7,12,19,0,88.68
2020,7,12,20,0,88.41
2020,7,12,21,0,88.47
2020,7,12,22,0,88.41
2020,7,12,23,0,87.88
2020,7,13,0,0,88.02
2020,7,13,1,0,88.15
2020,7,13,2,0,88.48
2020,7,13,3,0,88.81
2020,7,13,4,0,89.11
2020,7,13,5,0,89.24
2020,7,13,6,0,88.86
2020,7,13,7,0,86.86
2020,7,13,8,0,83.8
2020,7,13,9,0,81.93
2020,7,13,10,0,79.89
2020,7,13,11,0,78.96000000000001
2020,7,13,12,0,78.44
2020,7,13,13,0,78.35000000000001
2020,7,13,14,0,78.83
2020,7,13,15,0,79.32000000000001
2020,7,13,16,0,80.67
2020,7,13,17,0,83.54
2020,7,13,18,0,86.02
2020,7,13,19,0,85.65
2020,7,13,20,0,85.29
2020,7,13,21,0,84.54
2020,7,13,22,0,84.34
2020,7,13,23,0,84.25
2020,7,14,0,0,84.04
2020,7,14,1,0,83.37
2020,7,14,2,0,82.36
2020,7,14,3,0,82.59
2020,7,14,4,0,82.87
2020,7,14,5,0,83.27
2020,7,14,6,0,84.37
2020,7,14,7,0,80.45
2020,7,14,8,0,75.21000000000001
2020,7,14,9,0,72.74
2020,7,14,10,0,71.37
2020,7,14,11,0,70.91
2020,7,14,12,0,70.55
2020,7,14,13,0,70.91
2020,7,14,14,0,71.77
2020,7,14,15,0,73.54
2020,7,14,16,0,76.13
2020,7,14,17,0,78
2020,7,14,18,0,80.64
2020,7,14,19,0,80.4
2020,7,14,20,0,79.96000000000001
2020,7,14,21,0,79.53
2020,7,14,22,0,79.75
2020,7,14,23,0,80.3
2020,7,15,0,0,81.5
2020,7,15,1,0,82.47
2020,7,15,2,0,84.14
2020,7,15,3,0,86.02
2020,7,15,4,0,87.35000000000001
2020,7,15,5,0,87.77
2020,7,15,6,0,86.73
2020,7,15,7,0,83.47
2020,7,15,8,0,80.03
2020,7,15,9,0,76.68
2020,7,15,10,0,74.75
2020,7,15,11,0,72.73
2020,7,15,12,0,71.22
2020,7,15,13,0,70.19
2020,7,15,14,0,69.5
2020,7,15,15,0,69.84
2020,7,15,16,0,72.19
2020,7,15,17,0,75.06
2020,7,15,18,0,80.82000000000001
2020,7,15,19,0,81.91
2020,7,15,20,0,83.31
2020,7,15,21,0,84.57000000000001
2020,7,15,22,0,85.54
2020,7,15,23,0,86.7
2020,7,16,0,0,87.25
2020,7,16,1,0,87.9
2020,7,16,2,0,88.47
2020,7,16,3,0,89.03
2020,7,16,4,0,89.45
2020,7,16,5,0,89.53
2020,7,16,6,0,88.74
2020,7,16,7,0,86.4
2020,7,16,8,0,83.51
2020,7,16,9,0,80.89
2020,7,16,10,0,79.64
2020,7,16,11,0,78.64
2020,7,16,12,0,78.36
2020,7,16,13,0,78.61
2020,7,16,14,0,79.21000000000001
2020,7,16,15,0,80.37
2020,7,16,16,0,82.02
2020,7,16,17,0,85
2020,7,16,18,0,86.18
2020,7,16,19,0,85.48
2020,7,16,20,0,84.4
2020,7,16,21,0,83.77
2020,7,16,22,0,83.38
2020,7,16,23,0,83.67
2020,7,17,0,0,83.53
2020,7,17,1,0,84.05
2020,7,17,2,0,84.14
2020,7,17,3,0,84.62
2020,7,17,4,0,84.52
2020,7,17,5,0,84.63
2020,7,17,6,0,85.73
2020,7,17,7,0,81.36
2020,7,17,8,0,78.85000000000001
2020,7,17,9,0,77.84
2020,7,17,10,0,76.51
2020,7,17,11,0,75.06
2020,7,17,12,0,73.3
2020,7,17,13,0,72.16
2020,7,17,14,0,71.68
2020,7,17,15,0,71.62
2020,7,17,16,0,74.24
2020,7,17,17,0,77.04
2020,7,17,18,0,82.16
2020,7,17,19,0,83.22
2020,7,17,20,0,83.63
2020,7,17,21,0,84.83
2020,7,17,22,0,85.09
2020,7,17,23,0,85.94
2020,7,18,0,0,86.68
2020,7,18,1,0,87.25
2020,7,18,2,0,88.03
2020,7,18,3,0,88.46000000000001
2020,7,18,4,0,89.35000000000001
2020,7,18,5,0,89.58
2020,7,18,6,0,88.4
2020,7,18,7,0,86.66
2020,7,18,8,0,83.02
2020,7,18,9,0,79.83
2020,7,18,10,0,77.13
2020,7,18,11,0,75.45
2020,7,18,12,0,74.16
2020,7,18,13,0,72.92
2020,7,18,14,0,73.07000000000001
2020,7,18,15,0,74.33
2020,7,18,16,0,77.03
2020,7,18,17,0,81.82000000000001
2020,7,18,18,0,84.51
2020,7,18,19,0,85.24
2020,7,18,20,0,85.62
2020,7,18,21,0,86.29
2020,7,18,22,0,86.64
2020,7,18,23,0,87.59
2020,7,19,0,0,87.85000000000001
2020,7,19,1,0,88.01
2020,7,19,2,0,88.57000000000001
2020,7,19,3,0,88.78
2020,7,19,4,0,89.05
2020,7,19,5,0,89.78
2020,7,19,6,0,88.22
2020,7,19,7,0,86.18
2020,7,19,8,0,82.91
2020,7,19,9,0,80.44
2020,7,19,10,0,78.16
2020,7,19,11,0,76.32000000000001
2020,7,19,12,0,75.56
2020,7,19,13,0,75.67
2020,7,19,14,0,77.52
2020,7,19,15,0,79.97
2020,7,19,16,0,82.22
2020,7,19,17,0,85.06
2020,7,19,18,0,86.92
2020,7,19,19,0,86.84
2020,7,19,20,0,86.5
2020,7,19,21,0,86.14
2020,7,19,22,0,85.78
2020,7,19,23,0,84.75
2020,7,20,0,0,84.39
2020,7,20,1,0,83.54
2020,7,20,2,0,84.49
2020,7,20,3,0,85.53
2020,7,20,4,0,86.54
2020,7,20,5,0,88.24
2020,7,20,6,0,88.51
2020,7,20,7,0,86.5
2020,7,20,8,0,84
2020,7,20,9,0,82.13
2020,7,20,10,0,80.74
2020,7,20,11,0,79.14
2020,7,20,12,0,78.13
2020,7,20,13,0,77.35000000000001
2020,7,20,14,0,77.3
2020,7,20,15,0,78.42
2020,7,20,16,0,80.41
2020,7,20,17,0,83.75
2020,7,20,18,0,86.96000000000001
2020,7,20,19,0,87.47
2020,7,20,20,0,87.27
2020,7,20,21,0,86.42
2020,7,20,22,0,85.11
2020,7,20,23,0,84.29
2020,7,21,0,0,84.01
2020,7,21,1,0,83.51
2020,7,21,2,0,83.17
2020,7,21,3,0,82.97
2020,7,21,4,0,83.2
2020,7,21,5,0,84.55
2020,7,21,6,0,85.47
2020,7,21,7,0,83.2
2020,7,21,8,0,80.71000000000001
2020,7,21,9,0,78.93
2020,7,21,10,0,78.27
2020,7,21,11,0,77.66
2020,7,21,12,0,77.93
2020,7,21,13,0,78.36
2020,7,21,14,0,78.94
2020,7,21,15,0,80.7
2020,7,21,16,0,83.79
2020,7,21,17,0,87.06
2020,7,21,18,0,89.64
2020,7,21,19,0,90.10000000000001
2020,7,21,20,0,91.08
2020,7,21,21,0,91.52
2020,7,21,22,0,91.17
2020,7,21,23,0,91.29
2020,7,22,0,0,91.16
2020,7,22,1,0,91.10000000000001
2020,7,22,2,0,91.24
2020,7,22,3,0,90.99
2020,7,22,4,0,91.22
2020,7,22,5,0,90.75
2020,7,22,6,0,90.18
2020,7,22,7,0,87.86
2020,7,22,8,0,84.89
2020,7,22,9,0,81.72
2020,7,22,10,0,79.35000000000001
2020,7,22,11,0,77.96000000000001
2020,7,22,12,0,76.18
2020,7,22,13,0,75.31
2020,7,22,14,0,75.26
2020,7,22,15,0,76.2
2020,7,22,16,0,79.03
2020,7,22,17,0,82.67
2020,7,22,18,0,85.57000000000001
2020,7,22,19,0,86.73
2020,7,22,20,0,87.36
2020,7,22,21,0,87.42
2020,7,22,22,0,87.69
2020,7,22,23,0,87.84
2020,7,23,0,0,87.63
2020,7,23,1,0,87.96000000000001
2020,7,23,2,0,87.9
2020,7,23,3,0,87.81
2020,7,23,4,0,88.37
2020,7,23,5,0,88.35000000000001
2020,7,23,6,0,87.77
2020,7,23,7,0,84.15
2020,7,23,8,0,81.31
2020,7,23,9,0,79.13
2020,7,23,10,0,78.08
2020,7,23,11,0,77.10000000000001
2020,7,23,12,0,76.21000000000001
2020,7,23,13,0,75.61
2020,7,23,14,0,75
2020,7,23,15,0,75.53
2020,7,23,16,0,76.94
2020,7,23,17,0,78.79
2020,7,23,18,0,80.21000000000001
2020,7,23,19,0,79.95
2020,7,23,20,0,79.97
2020,7,23,21,0,80.84
2020,7,23,22,0,82.32000000000001
2020,7,23,23,0,83.22
2020,7,24,0,0,84.85000000000001
2020,7,24,1,0,86.51
2020,7,24,2,0,88.18
2020,7,24,3,0,89.13
2020,7,24,4,0,88.94
2020,7,24,5,0,89
2020,7,24,6,0,88.78
2020,7,24,7,0,85.88
2020,7,24,8,0,82.43
2020,7,24,9,0,79.82000000000001
2020,7,24,10,0,77.92
2020,7,24,11,0,76.69
2020,7,24,12,0,76.94
2020,7,24,13,0,78.53
2020,7,24,14,0,81.65
2020,7,24,15,0,86.01
2020,7,24,16,0,89.26
2020,7,24,17,0,91.39
2020,7,24,18,0,91.51
2020,7,24,19,0,91.03
2020,7,24,20,0,90.07000000000001
2020,7,24,21,0,90.17
2020,7,24,22,0,90.05
2020,7,24,23,0,89.71000000000001
2020,7,25,0,0,88.52
2020,7,25,1,0,87.37
2020,7,25,2,0,86.07000000000001
2020,7,25,3,0,84.79
2020,7,25,4,0,83.55
2020,7,25,5,0,82.60000000000001
2020,7,25,6,0,82.60000000000001
2020,7,25,7,0,80.14
2020,7,25,8,0,73.31
2020,7,25,9,0,69.60000000000001
2020,7,25,10,0,69.19
2020,7,25,11,0,69.44
2020,7,25,12,0,69.94
2020,7,25,13,0,70.79
2020,7,25,14,0,72.05
2020,7,25,15,0,73.82000000000001
2020,7,25,16,0,76.56
2020,7,25,17,0,79.34
2020,7,25,18,0,83.51
2020,7,25,19,0,83.54
2020,7,25,20,0,82.91
2020,7,25,21,0,82.46000000000001
2020,7,25,22,0,82.22
2020,7,25,23,0,82.81
2020,7,26,0,0,83.45
2020,7,26,1,0,83.69
2020,7,26,2,0,84.41
2020,7,26,3,0,84.12
2020,7,26,4,0,83.76
2020,7,26,5,0,83.13
2020,7,26,6,0,83.71000000000001
2020,7,26,7,0,78.15
2020,7,26,8,0,73.42
2020,7,26,9,0,71.3
2020,7,26,10,0,70.4
2020,7,26,11,0,70.25
2020,7,26,12,0,70.45
2020,7,26,13,0,71.52
2020,7,26,14,0,73.06
2020,7,26,15,0,76.02
2020,7,26,16,0,79.15
2020,7,26,17,0,80.49
2020,7,26,18,0,84.47
2020,7,26,19,0,84.66
2020,7,26,20,0,84.35000000000001
2020,7,26,21,0,84.46000000000001
2020,7,26,22,0,84.53
2020,7,26,23,0,85.19
2020,7,27,0,0,85.28
2020,7,27,1,0,85.98
2020,7,27,2,0,86.13
2020,7,27,3,0,86.24
2020,7,27,4,0,86.45
2020,7,27,5,0,86.37
2020,7,27,6,0,87.22
2020,7,27,7,0,82.39
2020,7,27,8,0,76.9
2020,7,27,9,0,73.79
2020,7,27,10,0,72.23
2020,7,27,11,0,71.41
2020,7,27,12,0,71.81
2020,7,27,13,0,72.46000000000001
2020,7,27,14,0,74.08
2020,7,27,15,0,77.09
2020,7,27,16,0,81.06
2020,7,27,17,0,84.27
2020,7,27,18,0,87.39
2020,7,27,19,0,88.2
2020,7,27,20,0,89.14
2020,7,27,21,0,89.71000000000001
2020,7,27,22,0,89.7
2020,7,27,23,0,90.64
2020,7,28,0,0,90.4
2020,7,28,1,0,90.81
2020,7,28,2,0,91.25
2020,7,28,3,0,91.77
2020,7,28,4,0,92.31
2020,7,28,5,0,92.99
2020,7,28,6,0,92.53
2020,7,28,7,0,91.49
2020,7,28,8,0,90.08
2020,7,28,9,0,88.85000000000001
2020,7,28,10,0,88.35000000000001
2020,7,28,11,0,87.92
2020,7,28,12,0,87.86
2020,7,28,13,0,87.88
2020,7,28,14,0,87.88
2020,7,28,15,0,88.12
2020,7,28,16,0,89.63
2020,7,28,17,0,91.21000000000001
2020,7,28,18,0,92.07000000000001
2020,7,28,19,0,91.58
2020,7,28,20,0,91.83
2020,7,28,21,0,91.61
2020,7,28,22,0,91.59
2020,7,28,23,0,91.66
2020,7,29,0,0,91.72
2020,7,29,1,0,91.74
2020,7,29,2,0,91.75
2020,7,29,3,0,91.85000000000001
2020,7,29,4,0,91.48
2020,7,29,5,0,91.73
2020,7,29,6,0,91.21000000000001
2020,7,29,7,0,91.35000000000001
2020,7,29,8,0,90.83
2020,7,29,9,0,90
2020,7,29,10,0,88.99
2020,7,29,11,0,87.69
2020,7,29,12,0,87.11
2020,7,29,13,0,86.7
2020,7,29,14,0,86.92
2020,7,29,15,0,87.63
2020,7,29,16,0,88.55
2020,7,29,17,0,89.76
2020,7,29,18,0,90.09
2020,7,29,19,0,90.24
2020,7,29,20,0,90.10000000000001
2020,7,29,21,0,90.61
2020,7,29,22,0,90.87
2020,7,29,23,0,91.48
2020,7,30,0,0,91.89
2020,7,30,1,0,91.63
2020,7,30,2,0,91.72
2020,7,30,3,0,91.84
2020,7,30,4,0,91.69
2020,7,30,5,0,92.26
2020,7,30,6,0,91.54
2020,7,30,7,0,90.58
2020,7,30,8,0,88.78
2020,7,30,9,0,87.43
2020,7,30,10,0,86.82000000000001
2020,7,30,11,0,86.52
2020,7,30,12,0,86.60000000000001
2020,7,30,13,0,86.95
2020,7,30,14,0,87.69
2020,7,30,15,0,88.84
2020,7,30,16,0,90.68
2020,7,30,17,0,91.69
2020,7,30,18,0,92.02
2020,7,30,19,0,92.02
2020,7,30,20,0,91.49
2020,7,30,21,0,91.62
2020,7,30,22,0,91.51
2020,7,30,23,0,91.47
2020,7,31,0,0,91.27
2020,7,31,1,0,91.17
2020,7,31,2,0,91.15
2020,7,31,3,0,91.16
2020,7,31,4,0,91.76
2020,7,31,5,0,91.43
2020,7,31,6,0,90.92
2020,7,31,7,0,89.86
2020,7,31,8,0,88.68
2020,7,31,9,0,87.35000000000001
2020,7,31,10,0,85.91
2020,7,31,11,0,85.38
2020,7,31,12,0,84.89
2020,7,31,13,0,85.09
2020,7,31,14,0,85.9
2020,7,31,15,0,87.63
2020,7,31,16,0,89.33
2020,7,31,17,0,90.89
2020,7,31,18,0,91.24
2020,7,31,19,0,91.75
2020,7,31,20,0,91.67
2020,7,31,21,0,91.65
2020,7,31,22,0,92.04
2020,7,31,23,0,91.66
2020,8,1,0,0,91.47
2020,8,1,1,0,91.34
2020,8,1,2,0,91.45
2020,8,1,3,0,91.67
2020,8,1,4,0,91.35000000000001
2020,8,1,5,0,91.33
2020,8,1,6,0,90.91
2020,8,1,7,0,89
2020,8,1,8,0,87.64
2020,8,1,9,0,86.02
2020,8,1,10,0,84.4
2020,8,1,11,0,83.52
2020,8,1,12,0,82.81
2020,8,1,13,0,82.55
2020,8,1,14,0,83.2
2020,8,1,15,0,84.24
2020,8,1,16,0,85.47
2020,8,1,17,0,86.99
2020,8,1,18,0,88.11
2020,8,1,19,0,87.19
2020,8,1,20,0,85.96000000000001
2020,8,1,21,0,85.68
2020,8,1,22,0,85.03
2020,8,1,23,0,83.84
2020,8,2,0,0,82.39
2020,8,2,1,0,82.22
2020,8,2,2,0,83.53
2020,8,2,3,0,84.48
2020,8,2,4,0,85.56
2020,8,2,5,0,86.35000000000001
2020,8,2,6,0,86.99
2020,8,2,7,0,83.58
2020,8,2,8,0,80.21000000000001
2020,8,2,9,0,78.22
2020,8,2,10,0,76.66
2020,8,2,11,0,75.57000000000001
2020,8,2,12,0,75.09
2020,8,2,13,0,75.44
2020,8,2,14,0,75.64
2020,8,2,15,0,77.01
2020,8,2,16,0,79.5
2020,8,2,17,0,83.03
2020,8,2,18,0,86.8
2020,8,2,19,0,87.65
2020,8,2,20,0,88.46000000000001
2020,8,2,21,0,88.72
2020,8,2,22,0,88.89
2020,8,2,23,0,88.77
2020,8,3,0,0,88.66
2020,8,3,1,0,89.18
2020,8,3,2,0,89.26
2020,8,3,3,0,89.54
2020,8,3,4,0,89.36
2020,8,3,5,0,89.56
2020,8,3,6,0,88.45
2020,8,3,7,0,84.27
2020,8,3,8,0,81.02
2020,8,3,9,0,79.13
2020,8,3,10,0,77.63
2020,8,3,11,0,76.17
2020,8,3,12,0,74.93
2020,8,3,13,0,74.88
2020,8,3,14,0,75
2020,8,3,15,0,76.83
2020,8,3,16,0,78.79
2020,8,3,17,0,81.56
2020,8,3,18,0,86.02
2020,8,3,19,0,86.97
2020,8,3,20,0,88.09
2020,8,3,21,0,88.82000000000001
2020,8,3,22,0,89.72
2020,8,3,23,0,90.52
2020,8,4,0,0,91.15
2020,8,4,1,0,91.28
2020,8,4,2,0,91.51
2020,8,4,3,0,91.78
2020,8,4,4,0,91.68
2020,8,4,5,0,91.83
2020,8,4,6,0,91.44
2020,8,4,7,0,88.84
2020,8,4,8,0,85.51
2020,8,4,9,0,83.16
2020,8,4,10,0,81.19
2020,8,4,11,0,79.38
2020,8,4,12,0,78.43
2020,8,4,13,0,78.58
2020,8,4,14,0,79.55
2020,8,4,15,0,82.16
2020,8,4,16,0,85.13
2020,8,4,17,0,88.84
2020,8,4,18,0,91.10000000000001
2020,8,4,19,0,91.56
2020,8,4,20,0,91.96000000000001
2020,8,4,21,0,92.58
2020,8,4,22,0,92.72
2020,8,4,23,0,93.3
2020,8,5,0,0,93.18
2020,8,5,1,0,93.41
2020,8,5,2,0,93.07000000000001
2020,8,5,3,0,92.58
2020,8,5,4,0,92.59
2020,8,5,5,0,91.69
2020,8,5,6,0,91.29
2020,8,5,7,0,88.93
2020,8,5,8,0,85.82000000000001
2020,8,5,9,0,83.35000000000001
2020,8,5,10,0,81.67
2020,8,5,11,0,80.76
2020,8,5,12,0,80.21000000000001
2020,8,5,13,0,80.41
2020,8,5,14,0,81.41
2020,8,5,15,0,84.01
2020,8,5,16,0,87.18
2020,8,5,17,0,89.58
2020,8,5,18,0,91.45
2020,8,5,19,0,92.73
2020,8,5,20,0,93.01
2020,8,5,21,0,93.61
2020,8,5,22,0,94.09
2020,8,5,23,0,93.98
2020,8,6,0,0,94.04
2020,8,6,1,0,93.43
2020,8,6,2,0,92.83
2020,8,6,3,0,92.99
2020,8,6,4,0,92.71000000000001
2020,8,6,5,0,92.85000000000001
2020,8,6,6,0,92.87
2020,8,6,7,0,92.03
2020,8,6,8,0,90.51
2020,8,6,9,0,87.71000000000001
2020,8,6,10,0,84.92
2020,8,6,11,0,82.96000000000001
2020,8,6,12,0,81.27
2020,8,6,13,0,80.56
2020,8,6,14,0,79.8
2020,8,6,15,0,80.33
2020,8,6,16,0,82.34
2020,8,6,17,0,84.82000000000001
2020,8,6,18,0,87.93
2020,8,6,19,0,88.03
2020,8,6,20,0,87.79
2020,8,6,21,0,87.49
2020,8,6,22,0,87.74
2020,8,6,23,0,88.86
2020,8,7,0,0,90.02
2020,8,7,1,0,90.69
2020,8,7,2,0,91.41
2020,8,7,3,0,91.91
2020,8,7,4,0,91.77
2020,8,7,5,0,91.86
2020,8,7,6,0,90.60000000000001
2020,8,7,7,0,88.22
2020,8,7,8,0,86.39
2020,8,7,9,0,84.41
2020,8,7,10,0,82.93
2020,8,7,11,0,82.54
2020,8,7,12,0,82.66
2020,8,7,13,0,83.35000000000001
2020,8,7,14,0,85.24
2020,8,7,15,0,88.66
2020,8,7,16,0,90.02
2020,8,7,17,0,90.07000000000001
2020,8,7,18,0,90.24
2020,8,7,19,0,89.95
2020,8,7,20,0,90.11
2020,8,7,21,0,89.61
2020,8,7,22,0,89.64
2020,8,7,23,0,89.01
2020,8,8,0,0,89.13
2020,8,8,1,0,88.68
2020,8,8,2,0,89.01
2020,8,8,3,0,88.99
2020,8,8,4,0,88.92
2020,8,8,5,0,89.49
2020,8,8,6,0,88.37
2020,8,8,7,0,87.74
2020,8,8,8,0,86.79
2020,8,8,9,0,85.18
2020,8,8,10,0,84.53
2020,8,8,11,0,83.67
2020,8,8,12,0,83.27
2020,8,8,13,0,83.21000000000001
2020,8,8,14,0,83.72
2020,8,8,15,0,84.88
2020,8,8,16,0,86.56
2020,8,8,17,0,88.13
2020,8,8,18,0,89.14
2020,8,8,19,0,89.46000000000001
2020,8,8,20,0,89.38
2020,8,8,21,0,89.48
2020,8,8,22,0,90.06
2020,8,8,23,0,90.16
2020,8,9,0,0,90.92
2020,8,9,1,0,91.36
2020,8,9,2,0,91.08
2020,8,9,3,0,91.15
2020,8,9,4,0,90.51
2020,8,9,5,0,90.58
2020,8,9,6,0,89.62
2020,8,9,7,0,88.5
2020,8,9,8,0,86.35000000000001
2020,8,9,9,0,84.51
2020,8,9,10,0,83.39
2020,8,9,11,0,82.81
2020,8,9,12,0,82.73
2020,8,9,13,0,82.79
2020,8,9,14,0,83.09
2020,8,9,15,0,83.62
2020,8,9,16,0,85.17
2020,8,9,17,0,86.72
2020,8,9,18,0,87.58
2020,8,9,19,0,87.79
2020,8,9,20,0,88.08
2020,8,9,21,0,87.98
2020,8,9,22,0,88.19
2020,8,9,23,0,87.86
2020,8,10,0,0,88.02
2020,8,10,1,0,87.72
2020,8,10,2,0,87.85000000000001
2020,8,10,3,0,87.57000000000001
2020,8,10,4,0,87.94
2020,8,10,5,0,88.04
2020,8,10,6,0,87.8
2020,8,10,7,0,85.87
2020,8,10,8,0,83.69
2020,8,10,9,0,81.15
2020,8,10,10,0,79.38
2020,8,10,11,0,77.56
2020,8,10,12,0,76.58
2020,8,10,13,0,76.3
2020,8,10,14,0,76.21000000000001
2020,8,10,15,0,78.03
2020,8,10,16,0,80.71000000000001
2020,8,10,17,0,83.26
2020,8,10,18,0,86.92
2020,8,10,19,0,86.88
2020,8,10,20,0,86.98
2020,8,10,21,0,86.91
2020,8,10,22,0,86.35000000000001
2020,8,10,23,0,85.37
2020,8,11,0,0,83.67
2020,8,11,1,0,82.73
2020,8,11,2,0,80.93
2020,8,11,3,0,80.46000000000001
2020,8,11,4,0,80.84
2020,8,11,5,0,81.82000000000001
2020,8,11,6,0,83.62
2020,8,11,7,0,78.88
2020,8,11,8,0,72.92
2020,8,11,9,0,70.78
2020,8,11,10,0,69.38
2020,8,11,11,0,68.51
2020,8,11,12,0,68.18
2020,8,11,13,0,68.36
2020,8,11,14,0,69.78
2020,8,11,15,0,72.48
2020,8,11,16,0,75.56
2020,8,11,17,0,78.7
2020,8,11,18,0,83.24
2020,8,11,19,0,83.54
2020,8,11,20,0,84.72
2020,8,11,21,0,85.57000000000001
2020,8,11,22,0,86.57000000000001
2020,8,11,23,0,87.95
2020,8,12,0,0,88.73
2020,8,12,1,0,89.23
2020,8,12,2,0,89.83
2020,8,12,3,0,90.01
2020,8,12,4,0,89.81
2020,8,12,5,0,89.87
2020,8,12,6,0,90.60000000000001
2020,8,12,7,0,89.36
2020,8,12,8,0,87.49
2020,8,12,9,0,85.94
2020,8,12,10,0,83.53
2020,8,12,11,0,82.32000000000001
2020,8,12,12,0,81
2020,8,12,13,0,80.3
2020,8,12,14,0,80.22
2020,8,12,15,0,80.69
2020,8,12,16,0,83.12
2020,8,12,17,0,85.82000000000001
2020,8,12,18,0,88.71000000000001
2020,8,12,19,0,89.48
2020,8,12,20,0,90.26
2020,8,12,21,0,90.53
2020,8,12,22,0,91.28
2020,8,12,23,0,91.52
2020,8,13,0,0,91.66
2020,8,13,1,0,91.45
2020,8,13,2,0,91.74
2020,8,13,3,0,91.65
2020,8,13,4,0,91.32000000000001
2020,8,13,5,0,90.27
2020,8,13,6,0,89.46000000000001
2020,8,13,7,0,85.59
2020,8,13,8,0,80.2
2020,8,13,9,0,76.27
2020,8,13,10,0,73.7
2020,8,13,11,0,72.21000000000001
2020,8,13,12,0,71.37
2020,8,13,13,0,70.98
2020,8,13,14,0,71.5
2020,8,13,15,0,72.37
2020,8,13,16,0,75.29
2020,8,13,17,0,77.78
2020,8,13,18,0,83.2
2020,8,13,19,0,84.12
2020,8,13,20,0,83.88
2020,8,13,21,0,83.43
2020,8,13,22,0,83.91
2020,8,13,23,0,84.81
2020,8,14,0,0,85.73
2020,8,14,1,0,86.82000000000001
2020,8,14,2,0,87.38
2020,8,14,3,0,87.89
2020,8,14,4,0,88.4
2020,8,14,5,0,88.47
2020,8,14,6,0,88.51
2020,8,14,7,0,85.37
2020,8,14,8,0,81.72
2020,8,14,9,0,79.83
2020,8,14,10,0,77.76
2020,8,14,11,0,76.42
2020,8,14,12,0,75.49
2020,8,14,13,0,75.13
2020,8,14,14,0,75.27
2020,8,14,15,0,76.74
2020,8,14,16,0,79.43
2020,8,14,17,0,82.43
2020,8,14,18,0,86.2
2020,8,14,19,0,86.72
2020,8,14,20,0,86.51
2020,8,14,21,0,86.57000000000001
2020,8,14,22,0,86.58
2020,8,14,23,0,86.99
2020,8,15,0,0,87.16
2020,8,15,1,0,87.78
2020,8,15,2,0,87.8
2020,8,15,3,0,87.85000000000001
2020,8,15,4,0,88.02
2020,8,15,5,0,87.63
2020,8,15,6,0,87.55
2020,8,15,7,0,84.57000000000001
2020,8,15,8,0,80.79
2020,8,15,9,0,78.83
2020,8,15,10,0,77.68
2020,8,15,11,0,77.48
2020,8,15,12,0,77.52
2020,8,15,13,0,77.83
2020,8,15,14,0,78.78
2020,8,15,15,0,80.56
2020,8,15,16,0,82.91
2020,8,15,17,0,85.52
2020,8,15,18,0,88.68
2020,8,15,19,0,88.52
2020,8,15,20,0,89.22
2020,8,15,21,0,89.29
2020,8,15,22,0,89.45
2020,8,15,23,0,89.56
2020,8,16,0,0,90.07000000000001
2020,8,16,1,0,90.17
2020,8,16,2,0,90.37
2020,8,16,3,0,90.60000000000001
2020,8,16,4,0,90.91
2020,8,16,5,0,90.74
2020,8,16,6,0,89.97
2020,8,16,7,0,86.82000000000001
2020,8,16,8,0,83.47
2020,8,16,9,0,81.86
2020,8,16,10,0,80.55
2020,8,16,11,0,79.92
2020,8,16,12,0,79.55
2020,8,16,13,0,80.14
2020,8,16,14,0,81.22
2020,8,16,15,0,83.13
2020,8,16,16,0,85.56
2020,8,16,17,0,88.17
2020,8,16,18,0,89.77
2020,8,16,19,0,90.23
2020,8,16,20,0,90.2
2020,8,16,21,0,90.24
2020,8,16,22,0,89.88
2020,8,16,23,0,90.01
2020,8,17,0,0,90.03
2020,8,17,1,0,90.11
2020,8,17,2,0,90.03
2020,8,17,3,0,89.98
2020,8,17,4,0,89.48
2020,8,17,5,0,89.17
2020,8,17,6,0,88.92
2020,8,17,7,0,86
2020,8,17,8,0,83.2
2020,8,17,9,0,80.62
2020,8,17,10,0,79.21000000000001
2020,8,17,11,0,78.82000000000001
2020,8,17,12,0,79.05
2020,8,17,13,0,79.74
2020,8,17,14,0,81.25
2020,8,17,15,0,83.27
2020,8,17,16,0,85.25
2020,8,17,17,0,88.45
2020,8,17,18,0,89.44
2020,8,17,19,0,89.87
2020,8,17,20,0,90.33
2020,8,17,21,0,90.36
2020,8,17,22,0,90.47
2020,8,17,23,0,90.66
2020,8,18,0,0,90.75
2020,8,18,1,0,90.41
2020,8,18,2,0,90.46000000000001
2020,8,18,3,0,90.68
2020,8,18,4,0,90.51
2020,8,18,5,0,91.02
2020,8,18,6,0,90.55
2020,8,18,7,0,89.38
2020,8,18,8,0,87.53
2020,8,18,9,0,85.77
2020,8,18,10,0,84.27
2020,8,18,11,0,83.33
2020,8,18,12,0,82.7
2020,8,18,13,0,82.79
2020,8,18,14,0,82.79
2020,8,18,15,0,84.03
2020,8,18,16,0,86.41
2020,8,18,17,0,88.7
2020,8,18,18,0,90.41
2020,8,18,19,0,90.67
2020,8,18,20,0,91.07000000000001
2020,8,18,21,0,91.64
2020,8,18,22,0,91.85000000000001
2020,8,18,23,0,92.57000000000001
2020,8,19,0,0,93.08
2020,8,19,1,0,92.85000000000001
2020,8,19,2,0,93.16
2020,8,19,3,0,92.84
2020,8,19,4,0,92.71000000000001
2020,8,19,5,0,91.92
2020,8,19,6,0,90.51
2020,8,19,7,0,89.23
2020,8,19,8,0,87.09
2020,8,19,9,0,85.45
2020,8,19,10,0,84.42
2020,8,19,11,0,83.97
2020,8,19,12,0,83.77
2020,8,19,13,0,84.39
2020,8,19,14,0,85.34
2020,8,19,15,0,86.89
2020,8,19,16,0,88.41
2020,8,19,17,0,90.62
2020,8,19,18,0,91.09
2020,8,19,19,0,90.97
2020,8,19,20,0,90.74
2020,8,19,21,0,90.60000000000001
2020,8,19,22,0,90.56
2020,8,19,23,0,90.66
2020,8,20,0,0,91.38
2020,8,20,1,0,91.3
2020,8,20,2,0,91.05
2020,8,20,3,0,90.61
2020,8,20,4,0,90.43
2020,8,20,5,0,90.14
2020,8,20,6,0,89.52
2020,8,20,7,0,87.48
2020,8,20,8,0,85.85000000000001
2020,8,20,9,0,83.95
2020,8,20,10,0,83.04
2020,8,20,11,0,82.25
2020,8,20,12,0,81.84
2020,8,20,13,0,81.9
2020,8,20,14,0,82.14
2020,8,20,15,0,82.87
2020,8,20,16,0,84.71000000000001
2020,8,20,17,0,87.17
2020,8,20,18,0,88.27
2020,8,20,19,0,88.59
2020,8,20,20,0,88.72
2020,8,20,21,0,88.28
2020,8,20,22,0,88.67
2020,8,20,23,0,89.10000000000001
2020,8,21,0,0,89.54
2020,8,21,1,0,89.67
2020,8,21,2,0,89.18
2020,8,21,3,0,89.43
2020,8,21,4,0,89.27
2020,8,21,5,0,90.01
2020,8,21,6,0,89.3
2020,8,21,7,0,86.08
2020,8,21,8,0,83.34
2020,8,21,9,0,80.9
2020,8,21,10,0,78.83
2020,8,21,11,0,77.91
2020,8,21,12,0,77.68
2020,8,21,13,0,78.19
2020,8,21,14,0,78.82000000000001
2020,8,21,15,0,79.68
2020,8,21,16,0,82.17
2020,8,21,17,0,85.61
2020,8,21,18,0,88.34
2020,8,21,19,0,88.57000000000001
2020,8,21,20,0,88.66
2020,8,21,21,0,88.35000000000001
2020,8,21,22,0,88.12
2020,8,21,23,0,88.39
2020,8,22,0,0,88.61
2020,8,22,1,0,88.56
2020,8,22,2,0,88.49
2020,8,22,3,0,88.04
2020,8,22,4,0,88.14
2020,8,22,5,0,87.94
2020,8,22,6,0,87.98
2020,8,22,7,0,85.13
2020,8,22,8,0,82.42
2020,8,22,9,0,80.47
2020,8,22,10,0,78.99
2020,8,22,11,0,78.44
2020,8,22,12,0,78.27
2020,8,22,13,0,78.25
2020,8,22,14,0,79.79
2020,8,22,15,0,81.56
2020,8,22,16,0,83.5
2020,8,22,17,0,87.35000000000001
2020,8,22,18,0,89.4
2020,8,22,19,0,89.69
2020,8,22,20,0,90.2
2020,8,22,21,0,90.78
2020,8,22,22,0,90.74
2020,8,22,23,0,90.73
2020,8,23,0,0,91.33
2020,8,23,1,0,90.81
2020,8,23,2,0,90.66
2020,8,23,3,0,90.09
2020,8,23,4,0,89.56
2020,8,23,5,0,89.15
2020,8,23,6,0,89.17
2020,8,23,7,0,85.04
2020,8,23,8,0,77.88
2020,8,23,9,0,73.73
2020,8,23,10,0,71.2
2020,8,23,11,0,70.21000000000001
2020,8,23,12,0,69.67
2020,8,23,13,0,69.98
2020,8,23,14,0,70.63
2020,8,23,15,0,72.75
2020,8,23,16,0,74.91
2020,8,23,17,0,77.64
2020,8,23,18,0,81.9
2020,8,23,19,0,82.46000000000001
2020,8,23,20,0,83.14
2020,8,23,21,0,83.21000000000001
2020,8,23,22,0,84.58
2020,8,23,23,0,85.64
2020,8,24,0,0,86.89
2020,8,24,1,0,87.76
2020,8,24,2,0,88.4
2020,8,24,3,0,88.58
2020,8,24,4,0,88.76
2020,8,24,5,0,89.05
2020,8,24,6,0,89.16
2020,8,24,7,0,85.55
2020,8,24,8,0,80.44
2020,8,24,9,0,77.75
2020,8,24,10,0,75.76
2020,8,24,11,0,74.54
2020,8,24,12,0,73.79
2020,8,24,13,0,73.65
2020,8,24,14,0,74.23
2020,8,24,15,0,75.04
2020,8,24,16,0,77.60000000000001
2020,8,24,17,0,81.55
2020,8,24,18,0,85.91
2020,8,24,19,0,86.63
2020,8,24,20,0,86.76
2020,8,24,21,0,87.05
2020,8,24,22,0,87.51
2020,8,24,23,0,87.89
2020,8,25,0,0,88.26
2020,8,25,1,0,88.64
2020,8,25,2,0,89.15
2020,8,25,3,0,89.09
2020,8,25,4,0,88.8
2020,8,25,5,0,88.11
2020,8,25,6,0,86.93
2020,8,25,7,0,82.47
2020,8,25,8,0,79.08
2020,8,25,9,0,76.46000000000001
2020,8,25,10,0,74.45
2020,8,25,11,0,73.47
2020,8,25,12,0,73.16
2020,8,25,13,0,73.31
2020,8,25,14,0,74.07000000000001
2020,8,25,15,0,75.58
2020,8,25,16,0,78.79
2020,8,25,17,0,82.87
2020,8,25,18,0,86.86
2020,8,25,19,0,87.53
2020,8,25,20,0,87.83
2020,8,25,21,0,88.02
2020,8,25,22,0,87.84
2020,8,25,23,0,88.12
2020,8,26,0,0,87.96000000000001
2020,8,26,1,0,88.38
2020,8,26,2,0,88.12
2020,8,26,3,0,88.32000000000001
2020,8,26,4,0,88.5
2020,8,26,5,0,88.27
2020,8,26,6,0,87.34
2020,8,26,7,0,83.73
2020,8,26,8,0,81.25
2020,8,26,9,0,78.7
2020,8,26,10,0,77.68
2020,8,26,11,0,76.82000000000001
2020,8,26,12,0,76.92
2020,8,26,13,0,77.11
2020,8,26,14,0,77.52
2020,8,26,15,0,78.98
2020,8,26,16,0,81.81
2020,8,26,17,0,85.85000000000001
2020,8,26,18,0,88.7
2020,8,26,19,0,88.8
2020,8,26,20,0,89
2020,8,26,21,0,89.03
2020,8,26,22,0,89.19
2020,8,26,23,0,89.39
2020,8,27,0,0,90.19
2020,8,27,1,0,90.37
2020,8,27,2,0,90.2
2020,8,27,3,0,90.48
2020,8,27,4,0,90.13
2020,8,27,5,0,89.97
2020,8,27,6,0,88.57000000000001
2020,8,27,7,0,85.64
2020,8,27,8,0,83.25
2020,8,27,9,0,81.29
2020,8,27,10,0,80.22
2020,8,27,11,0,80.18
2020,8,27,12,0,80.02
2020,8,27,13,0,80.63
2020,8,27,14,0,81.61
2020,8,27,15,0,83.16
2020,8,27,16,0,85.82000000000001
2020,8,27,17,0,88.14
2020,8,27,18,0,89.4
2020,8,27,19,0,89.55
2020,8,27,20,0,89.59
2020,8,27,21,0,89.67
2020,8,27,22,0,89.38
2020,8,27,23,0,89.46000000000001
2020,8,28,0,0,88.97
2020,8,28,1,0,88.82000000000001
2020,8,28,2,0,88.24
2020,8,28,3,0,87.72
2020,8,28,4,0,87.21000000000001
2020,8,28,5,0,87.08
2020,8,28,6,0,86.66
2020,8,28,7,0,82.93
2020,8,28,8,0,80.06
2020,8,28,9,0,77.67
2020,8,28,10,0,76.24
2020,8,28,11,0,76.34
2020,8,28,12,0,76.29
2020,8,28,13,0,76.91
2020,8,28,14,0,77.8
2020,8,28,15,0,78.92
2020,8,28,16,0,80.74
2020,8,28,17,0,84.2
2020,8,28,18,0,86.2
2020,8,28,19,0,86.53
2020,8,28,20,0,87.08
2020,8,28,21,0,87.18
2020,8,28,22,0,87.69
2020,8,28,23,0,88.26
2020,8,29,0,0,88.93
2020,8,29,1,0,89.69
2020,8,29,2,0,89.93
2020,8,29,3,0,90.28
2020,8,29,4,0,90.52
2020,8,29,5,0,91.06
2020,8,29,6,0,89.14
2020,8,29,7,0,85.97
2020,8,29,8,0,83.32000000000001
2020,8,29,9,0,81.65
2020,8,29,10,0,80.08
2020,8,29,11,0,79.41
2020,8,29,12,0,79.37
2020,8,29,13,0,79.48
2020,8,29,14,0,80.63
2020,8,29,15,0,82.57000000000001
2020,8,29,16,0,85.5
2020,8,29,17,0,88.89
2020,8,29,18,0,90.10000000000001
2020,8,29,19,0,90.77
2020,8,29,20,0,90.98
2020,8,29,21,0,91.15
2020,8,29,22,0,91.3
2020,8,29,23,0,91.28
2020,8,30,0,0,91.3
2020,8,30,1,0,91.52
2020,8,30,2,0,91.23
2020,8,30,3,0,90.87
2020,8,30,4,0,90.75
2020,8,30,5,0,90.49
2020,8,30,6,0,89.65
2020,8,30,7,0,87.49
2020,8,30,8,0,84.75
2020,8,30,9,0,81.73
2020,8,30,10,0,79.16
2020,8,30,11,0,77.9
2020,8,30,12,0,77.45
2020,8,30,13,0,77.43
2020,8,30,14,0,78.53
2020,8,30,15,0,80.06
2020,8,30,16,0,82.87
2020,8,30,17,0,86.76
2020,8,30,18,0,88.81
2020,8,30,19,0,89.05
2020,8,30,20,0,89.26
2020,8,30,21,0,89.2
2020,8,30,22,0,89.73
2020,8,30,23,0,89.75
2020,8,31,0,0,90.43
2020,8,31,1,0,90.8
2020,8,31,2,0,91.06
2020,8,31,3,0,91.02
2020,8,31,4,0,90.66
2020,8,31,5,0,90.41
2020,8,31,6,0,89.45
2020,8,31,7,0,85.84
2020,8,31,8,0,83.10000000000001
2020,8,31,9,0,80.93
2020,8,31,10,0,78.24
2020,8,31,11,0,76.45
2020,8,31,12,0,75.35000000000001
2020,8,31,13,0,75.44
2020,8,31,14,0,76.22
2020,8,31,15,0,77.82000000000001
2020,8,31,16,0,80.62
2020,8,31,17,0,84.44
2020,8,31,18,0,86.19
2020,8,31,19,0,86.05
2020,8,31,20,0,85.81
2020,8,31,21,0,85.64
2020,8,31,22,0,85.62
2020,8,31,23,0,85.98
2020,9,1,0,0,86.4
2020,9,1,1,0,86.2
2020,9,1,2,0,86.07000000000001
2020,9,1,3,0,85.94
2020,9,1,4,0,85.94
2020,9,1,5,0,85.63
2020,9,1,6,0,86.15
2020,9,1,7,0,81.27
2020,9,1,8,0,76.13
2020,9,1,9,0,74.11
2020,9,1,10,0,73.57000000000001
2020,9,1,11,0,73.93
2020,9,1,12,0,75.16
2020,9,1,13,0,75.99
2020,9,1,14,0,76.99
2020,9,1,15,0,78.7
2020,9,1,16,0,80.78
2020,9,1,17,0,85.34
2020,9,1,18,0,88.29
2020,9,1,19,0,88.4
2020,9,1,20,0,87.75
2020,9,1,21,0,87.87
2020,9,1,22,0,86.92
2020,9,1,23,0,86.08
2020,9,2,0,0,86.37
2020,9,2,1,0,86.11
2020,9,2,2,0,85.89
2020,9,2,3,0,85.2
2020,9,2,4,0,85.12
2020,9,2,5,0,85.32000000000001
2020,9,2,6,0,86.25
2020,9,2,7,0,82.34
2020,9,2,8,0,77.39
2020,9,2,9,0,74.8
2020,9,2,10,0,72.75
2020,9,2,11,0,71.72
2020,9,2,12,0,71.38
2020,9,2,13,0,71.23
2020,9,2,14,0,72.31
2020,9,2,15,0,74.27
2020,9,2,16,0,77.2
2020,9,2,17,0,80.46000000000001
2020,9,2,18,0,84.14
2020,9,2,19,0,84.88
2020,9,2,20,0,85.76
2020,9,2,21,0,85.62
2020,9,2,22,0,85.31
2020,9,2,23,0,85.03
2020,9,3,0,0,84.93
2020,9,3,1,0,85.58
2020,9,3,2,0,84.82000000000001
2020,9,3,3,0,84.85000000000001
2020,9,3,4,0,84.61
2020,9,3,5,0,84.60000000000001
2020,9,3,6,0,85.51
2020,9,3,7,0,78.73
2020,9,3,8,0,73.85000000000001
2020,9,3,9,0,72.19
2020,9,3,10,0,70.7
2020,9,3,11,0,69.55
2020,9,3,12,0,69.09
2020,9,3,13,0,69.02
2020,9,3,14,0,69.87
2020,9,3,15,0,72.63
2020,9,3,16,0,76.07000000000001
2020,9,3,17,0,78.69
2020,9,3,18,0,82.32000000000001
2020,9,3,19,0,82.2
2020,9,3,20,0,82.97
2020,9,3,21,0,83.85000000000001
2020,9,3,22,0,85.25
2020,9,3,23,0,85.93
2020,9,4,0,0,86.59
2020,9,4,1,0,87.23
2020,9,4,2,0,87.19
2020,9,4,3,0,86.71000000000001
2020,9,4,4,0,86.34
2020,9,4,5,0,86.65
2020,9,4,6,0,87.7
2020,9,4,7,0,84.13
2020,9,4,8,0,79.43
2020,9,4,9,0,76.91
2020,9,4,10,0,75.16
2020,9,4,11,0,74.01
2020,9,4,12,0,73.08
2020,9,4,13,0,72.96000000000001
2020,9,4,14,0,73.72
2020,9,4,15,0,75.18
2020,9,4,16,0,78.23
2020,9,4,17,0,81.41
2020,9,4,18,0,84.66
2020,9,4,19,0,85.43
2020,9,4,20,0,86.34
2020,9,4,21,0,87.22
2020,9,4,22,0,88.68
2020,9,4,23,0,89.60000000000001
2020,9,5,0,0,89.71000000000001
2020,9,5,1,0,87.76
2020,9,5,2,0,87.35000000000001
2020,9,5,3,0,88.45
2020,9,5,4,0,89.73
2020,9,5,5,0,90.10000000000001
2020,9,5,6,0,90.52
2020,9,5,7,0,87.58
2020,9,5,8,0,84.46000000000001
2020,9,5,9,0,81.52
2020,9,5,10,0,78.83
2020,9,5,11,0,77.22
2020,9,5,12,0,76.43
2020,9,5,13,0,76.62
2020,9,5,14,0,78.54
2020,9,5,15,0,80.51
2020,9,5,16,0,83.68
2020,9,5,17,0,87.73
2020,9,5,18,0,89.56
2020,9,5,19,0,89.63
2020,9,5,20,0,89.55
2020,9,5,21,0,89.8
2020,9,5,22,0,89.96000000000001
2020,9,5,23,0,90.16
2020,9,6,0,0,90.2
2020,9,6,1,0,90.35000000000001
2020,9,6,2,0,90.68
2020,9,6,3,0,90.5
2020,9,6,4,0,90.9
2020,9,6,5,0,90.71000000000001
2020,9,6,6,0,89.9
2020,9,6,7,0,87.98
2020,9,6,8,0,85.39
2020,9,6,9,0,83.31
2020,9,6,10,0,82.08
2020,9,6,11,0,80.97
2020,9,6,12,0,80.43
2020,9,6,13,0,80.73
2020,9,6,14,0,81.13
2020,9,6,15,0,82.78
2020,9,6,16,0,85.08
2020,9,6,17,0,88.60000000000001
2020,9,6,18,0,89.44
2020,9,6,19,0,89.16
2020,9,6,20,0,89.12
2020,9,6,21,0,89.28
2020,9,6,22,0,89.66
2020,9,6,23,0,90.02
2020,9,7,0,0,90.13
2020,9,7,1,0,89.87
2020,9,7,2,0,89.74
2020,9,7,3,0,89.34
2020,9,7,4,0,88.48
2020,9,7,5,0,87.39
2020,9,7,6,0,87.41
2020,9,7,7,0,82.28
2020,9,7,8,0,75.67
2020,9,7,9,0,71.61
2020,9,7,10,0,70.26
2020,9,7,11,0,69.97
2020,9,7,12,0,69.98
2020,9,7,13,0,70.22
2020,9,7,14,0,70.77
2020,9,7,15,0,72.43
2020,9,7,16,0,75.74
2020,9,7,17,0,79.98
2020,9,7,18,0,83.73
2020,9,7,19,0,85.05
2020,9,7,20,0,85.68
2020,9,7,21,0,86.35000000000001
2020,9,7,22,0,87.04
2020,9,7,23,0,87.73
2020,9,8,0,0,88.27
2020,9,8,1,0,89.10000000000001
2020,9,8,2,0,89.33
2020,9,8,3,0,89.89
2020,9,8,4,0,89.88
2020,9,8,5,0,89.17
2020,9,8,6,0,89.04
2020,9,8,7,0,85.17
2020,9,8,8,0,77.79
2020,9,8,9,0,74.2
2020,9,8,10,0,72.17
2020,9,8,11,0,70.59
2020,9,8,12,0,69.76
2020,9,8,13,0,69.82000000000001
2020,9,8,14,0,70.42
2020,9,8,15,0,73.02
2020,9,8,16,0,75.62
2020,9,8,17,0,78.51
2020,9,8,18,0,82.64
2020,9,8,19,0,82.94
2020,9,8,20,0,84.24
2020,9,8,21,0,84.99
2020,9,8,22,0,86.04
2020,9,8,23,0,86.95
2020,9,9,0,0,87.83
2020,9,9,1,0,88.82000000000001
2020,9,9,2,0,89.83
2020,9,9,3,0,90.39
2020,9,9,4,0,90.83
2020,9,9,5,0,90.87
2020,9,9,6,0,90.47
2020,9,9,7,0,88.31
2020,9,9,8,0,84.27
2020,9,9,9,0,80.7
2020,9,9,10,0,77.57000000000001
2020,9,9,11,0,76.22
2020,9,9,12,0,74.67
2020,9,9,13,0,73.62
2020,9,9,14,0,73.66
2020,9,9,15,0,74.78
2020,9,9,16,0,78.29
2020,9,9,17,0,81.12
2020,9,9,18,0,84.44
2020,9,9,19,0,85.02
2020,9,9,20,0,85.83
2020,9,9,21,0,85.93
2020,9,9,22,0,86.08
2020,9,9,23,0,86.46000000000001
2020,9,10,0,0,87.93
2020,9,10,1,0,88.82000000000001
2020,9,10,2,0,89.14
2020,9,10,3,0,89.33
2020,9,10,4,0,89.48
2020,9,10,5,0,89.21000000000001
2020,9,10,6,0,89.81
2020,9,10,7,0,86.46000000000001
2020,9,10,8,0,81.18
2020,9,10,9,0,77.45
2020,9,10,10,0,76.08
2020,9,10,11,0,74.73
2020,9,10,12,0,74.29
2020,9,10,13,0,74.17
2020,9,10,14,0,75.13
2020,9,10,15,0,77.18
2020,9,10,16,0,79.51
2020,9,10,17,0,82.38
2020,9,10,18,0,84.08
2020,9,10,19,0,83.4
2020,9,10,20,0,83.12
2020,9,10,21,0,83.4
2020,9,10,22,0,83.75
2020,9,10,23,0,83.99
2020,9,11,0,0,84.17
2020,9,11,1,0,84.05
2020,9,11,2,0,84.36
2020,9,11,3,0,84.7
2020,9,11,4,0,84.81
2020,9,11,5,0,84.32000000000001
2020,9,11,6,0,85.27
2020,9,11,7,0,81.5
2020,9,11,8,0,74.39
2020,9,11,9,0,71.03
2020,9,11,10,0,69.2
2020,9,11,11,0,67.63
2020,9,11,12,0,67.04
2020,9,11,13,0,66.78
2020,9,11,14,0,67.85
2020,9,11,15,0,69.60000000000001
2020,9,11,16,0,73.74
2020,9,11,17,0,77.33
2020,9,11,18,0,83.26
2020,9,11,19,0,84.2
2020,9,11,20,0,85.14
2020,9,11,21,0,84.82000000000001
2020,9,11,22,0,84.97
2020,9,11,23,0,85.46000000000001
2020,9,12,0,0,86.15
2020,9,12,1,0,86.97
2020,9,12,2,0,87.02
2020,9,12,3,0,86.23
2020,9,12,4,0,84.85000000000001
2020,9,12,5,0,83.83
2020,9,12,6,0,84.85000000000001
2020,9,12,7,0,81.73
2020,9,12,8,0,77.57000000000001
2020,9,12,9,0,76.49
2020,9,12,10,0,75.9
2020,9,12,11,0,75.33
2020,9,12,12,0,75.2
2020,9,12,13,0,75.04
2020,9,12,14,0,75.68
2020,9,12,15,0,77.61
2020,9,12,16,0,80.68
2020,9,12,17,0,83.69
2020,9,12,18,0,87.04
2020,9,12,19,0,87.48
2020,9,12,20,0,87.22
2020,9,12,21,0,87.07000000000001
2020,9,12,22,0,86.74
2020,9,12,23,0,86.06
2020,9,13,0,0,86.63
2020,9,13,1,0,87.01
2020,9,13,2,0,87.98
2020,9,13,3,0,88.61
2020,9,13,4,0,89.31
2020,9,13,5,0,89.31
2020,9,13,6,0,89.12
2020,9,13,7,0,85.97
2020,9,13,8,0,82.57000000000001
2020,9,13,9,0,80.17
2020,9,13,10,0,77.97
2020,9,13,11,0,76.78
2020,9,13,12,0,75.83
2020,9,13,13,0,75.7
2020,9,13,14,0,76.46000000000001
2020,9,13,15,0,78.78
2020,9,13,16,0,80.31
2020,9,13,17,0,84.3
2020,9,13,18,0,87.07000000000001
2020,9,13,19,0,88
2020,9,13,20,0,88.95
2020,9,13,21,0,89.13
2020,9,13,22,0,89.77
2020,9,13,23,0,90.3
2020,9,14,0,0,90.85000000000001
2020,9,14,1,0,91.44
2020,9,14,2,0,91.51
2020,9,14,3,0,91.53
2020,9,14,4,0,90.97
2020,9,14,5,0,90.63
2020,9,14,6,0,90.42
2020,9,14,7,0,87.25
2020,9,14,8,0,83.34
2020,9,14,9,0,79.21000000000001
2020,9,14,10,0,76.09
2020,9,14,11,0,73.7
2020,9,14,12,0,71.94
2020,9,14,13,0,70.97
2020,9,14,14,0,71.49
2020,9,14,15,0,73.34
2020,9,14,16,0,77.7
2020,9,14,17,0,81.34
2020,9,14,18,0,86.01
2020,9,14,19,0,86.71000000000001
2020,9,14,20,0,86.86
2020,9,14,21,0,86.60000000000001
2020,9,14,22,0,86.59
2020,9,14,23,0,86.62
2020,9,15,0,0,87.16
2020,9,15,1,0,88.43
2020,9,15,2,0,89.84
2020,9,15,3,0,90.86
2020,9,15,4,0,91.74
2020,9,15,5,0,92.14
2020,9,15,6,0,92.18
2020,9,15,7,0,91.03
2020,9,15,8,0,89.3
2020,9,15,9,0,87.57000000000001
2020,9,15,10,0,86.44
2020,9,15,11,0,85.34
2020,9,15,12,0,85.37
2020,9,15,13,0,85.29
2020,9,15,14,0,85.61
2020,9,15,15,0,86.54
2020,9,15,16,0,87.71000000000001
2020,9,15,17,0,88.87
2020,9,15,18,0,89.78
2020,9,15,19,0,89.65
2020,9,15,20,0,89.91
2020,9,15,21,0,90.31
2020,9,15,22,0,91.02
2020,9,15,23,0,91.7
2020,9,16,0,0,92.84
2020,9,16,1,0,93.33
2020,9,16,2,0,93.38
2020,9,16,3,0,92.63
2020,9,16,4,0,92.38
2020,9,16,5,0,92.58
2020,9,16,6,0,91.93
2020,9,16,7,0,90.78
2020,9,16,8,0,88.83
2020,9,16,9,0,86.76
2020,9,16,10,0,85.01
2020,9,16,11,0,83.99
2020,9,16,12,0,84.01
2020,9,16,13,0,84.06
2020,9,16,14,0,85.17
2020,9,16,15,0,87
2020,9,16,16,0,88.47
2020,9,16,17,0,90.06
2020,9,16,18,0,90.4
2020,9,16,19,0,90.68
2020,9,16,20,0,90.71000000000001
2020,9,16,21,0,91.10000000000001
2020,9,16,22,0,91.26
2020,9,16,23,0,91.15
2020,9,17,0,0,91.17
2020,9,17,1,0,91.29
2020,9,17,2,0,91.33
2020,9,17,3,0,91.51
2020,9,17,4,0,91.98
2020,9,17,5,0,92.49
2020,9,17,6,0,92.2
2020,9,17,7,0,91.31
2020,9,17,8,0,90.17
2020,9,17,9,0,88.04
2020,9,17,10,0,86.19
2020,9,17,11,0,85.61
2020,9,17,12,0,85.01
2020,9,17,13,0,84.5
2020,9,17,14,0,85.02
2020,9,17,15,0,85.7
2020,9,17,16,0,87.39
2020,9,17,17,0,89.03
2020,9,17,18,0,89.68
2020,9,17,19,0,90.03
2020,9,17,20,0,90.27
2020,9,17,21,0,90.13
2020,9,17,22,0,90.45
2020,9,17,23,0,90.85000000000001
2020,9,18,0,0,91.4
2020,9,18,1,0,91.82000000000001
2020,9,18,2,0,91.96000000000001
2020,9,18,3,0,91.37
2020,9,18,4,0,91.26
2020,9,18,5,0,90.73
2020,9,18,6,0,90.19
2020,9,18,7,0,86.75
2020,9,18,8,0,82.18
2020,9,18,9,0,77.2
2020,9,18,10,0,73.45
2020,9,18,11,0,71.04
2020,9,18,12,0,69.3
2020,9,18,13,0,68.88
2020,9,18,14,0,68.67
2020,9,18,15,0,69.73
2020,9,18,16,0,72.47
2020,9,18,17,0,77.02
2020,9,18,18,0,81.62
2020,9,18,19,0,83.66
2020,9,18,20,0,85.79
2020,9,18,21,0,87.76
2020,9,18,22,0,89.61
2020,9,18,23,0,91.11
2020,9,19,0,0,91.79
2020,9,19,1,0,92.4
2020,9,19,2,0,92.26
2020,9,19,3,0,92.04
2020,9,19,4,0,91.79
2020,9,19,5,0,91.47
2020,9,19,6,0,90.14
2020,9,19,7,0,86.84
2020,9,19,8,0,83.43
2020,9,19,9,0,79.83
2020,9,19,10,0,77.26
2020,9,19,11,0,74.87
2020,9,19,12,0,73.45
2020,9,19,13,0,72.74
2020,9,19,14,0,73.16
2020,9,19,15,0,74.03
2020,9,19,16,0,76.72
2020,9,19,17,0,81.79
2020,9,19,18,0,86.08
2020,9,19,19,0,87.68
2020,9,19,20,0,89.28
2020,9,19,21,0,89.96000000000001
2020,9,19,22,0,90.84
2020,9,19,23,0,91.16
2020,9,20,0,0,91.5
2020,9,20,1,0,92.06
2020,9,20,2,0,92.14
2020,9,20,3,0,92.25
2020,9,20,4,0,92.71000000000001
2020,9,20,5,0,92.60000000000001
2020,9,20,6,0,91.45
2020,9,20,7,0,88.37
2020,9,20,8,0,83.85000000000001
2020,9,20,9,0,80.29
2020,9,20,10,0,77.35000000000001
2020,9,20,11,0,75.26
2020,9,20,12,0,73.44
2020,9,20,13,0,72.22
2020,9,20,14,0,72.26
2020,9,20,15,0,73
2020,9,20,16,0,76.10000000000001
2020,9,20,17,0,80.91
2020,9,20,18,0,85.22
2020,9,20,19,0,87.37
2020,9,20,20,0,89.45
2020,9,20,21,0,90.44
2020,9,20,22,0,91.5
2020,9,20,23,0,91.63
2020,9,21,0,0,92.07000000000001
2020,9,21,1,0,92.2
2020,9,21,2,0,91.47
2020,9,21,3,0,89.68
2020,9,21,4,0,88.79
2020,9,21,5,0,88.56
2020,9,21,6,0,89.24
2020,9,21,7,0,86.98
2020,9,21,8,0,82.08
2020,9,21,9,0,78.11
2020,9,21,10,0,76.63
2020,9,21,11,0,75.61
2020,9,21,12,0,75.8
2020,9,21,13,0,76.81
2020,9,21,14,0,78.48
2020,9,21,15,0,80.95
2020,9,21,16,0,83.02
2020,9,21,17,0,86.04
2020,9,21,18,0,87.12
2020,9,21,19,0,86.60000000000001
2020,9,21,20,0,86.35000000000001
2020,9,21,21,0,86.83
2020,9,21,22,0,87.66
2020,9,21,23,0,88.61
2020,9,22,0,0,88.93
2020,9,22,1,0,89.11
2020,9,22,2,0,89.08
2020,9,22,3,0,88.54
2020,9,22,4,0,87.51
2020,9,22,5,0,87.44
2020,9,22,6,0,89.2
2020,9,22,7,0,87.87
2020,9,22,8,0,86.03
2020,9,22,9,0,83.3
2020,9,22,10,0,82.38
2020,9,22,11,0,81.76
2020,9,22,12,0,81.9
2020,9,22,13,0,82.52
2020,9,22,14,0,83.59
2020,9,22,15,0,85.10000000000001
2020,9,22,16,0,86.71000000000001
2020,9,22,17,0,89.15
2020,9,22,18,0,89.9
2020,9,22,19,0,90.10000000000001
2020,9,22,20,0,89.81
2020,9,22,21,0,89.5
2020,9,22,22,0,88.8
2020,9,22,23,0,88.73
2020,9,23,0,0,88.53
2020,9,23,1,0,89.06
2020,9,23,2,0,89.13
2020,9,23,3,0,89.02
2020,9,23,4,0,89.51
2020,9,23,5,0,89.29
2020,9,23,6,0,89.15
2020,9,23,7,0,86.21000000000001
2020,9,23,8,0,83.07000000000001
2020,9,23,9,0,79.11
2020,9,23,10,0,78.19
2020,9,23,11,0,78.28
2020,9,23,12,0,79.29
2020,9,23,13,0,79.82000000000001
2020,9,23,14,0,80.95
2020,9,23,15,0,82.39
2020,9,23,16,0,84.91
2020,9,23,17,0,88.2
2020,9,23,18,0,89.36
2020,9,23,19,0,89.4
2020,9,23,20,0,89.69
2020,9,23,21,0,89.98
2020,9,23,22,0,90.3
2020,9,23,23,0,90.53
2020,9,24,0,0,90.36
2020,9,24,1,0,90.5
2020,9,24,2,0,90.21000000000001
2020,9,24,3,0,90
2020,9,24,4,0,90.42
2020,9,24,5,0,90.37
2020,9,24,6,0,89.93
2020,9,24,7,0,88.3
2020,9,24,8,0,86.43
2020,9,24,9,0,84
2020,9,24,10,0,81.94
2020,9,24,11,0,81.37
2020,9,24,12,0,80.66
2020,9,24,13,0,80.82000000000001
2020,9,24,14,0,82.21000000000001
2020,9,24,15,0,84.14
2020,9,24,16,0,86.66
2020,9,24,17,0,89.59
2020,9,24,18,0,90.75
2020,9,24,19,0,90.74
2020,9,24,20,0,90.9
2020,9,24,21,0,90.53
2020,9,24,22,0,90.76
2020,9,24,23,0,90.41
2020,9,25,0,0,90.61
2020,9,25,1,0,90.73
2020,9,25,2,0,90.55
2020,9,25,3,0,90.36
2020,9,25,4,0,90.59
2020,9,25,5,0,90.15
2020,9,25,6,0,89.86
2020,9,25,7,0,87.36
2020,9,25,8,0,84.68
2020,9,25,9,0,82.22
2020,9,25,10,0,80.74
2020,9,25,11,0,80.15
2020,9,25,12,0,80.23
2020,9,25,13,0,81.19
2020,9,25,14,0,81.83
2020,9,25,15,0,82.94
2020,9,25,16,0,85.27
2020,9,25,17,0,88.7
2020,9,25,18,0,90.29
2020,9,25,19,0,90.01
2020,9,25,20,0,89.76
2020,9,25,21,0,89.62
2020,9,25,22,0,89.64
2020,9,25,23,0,89.79
2020,9,26,0,0,89.8
2020,9,26,1,0,89.85000000000001
2020,9,26,2,0,89.99
2020,9,26,3,0,90.14
2020,9,26,4,0,90.34
2020,9,26,5,0,90.22
2020,9,26,6,0,89.14
2020,9,26,7,0,86.57000000000001
2020,9,26,8,0,83.7
2020,9,26,9,0,81.12
2020,9,26,10,0,79.04
2020,9,26,11,0,78.22
2020,9,26,12,0,78.2
2020,9,26,13,0,79.23
2020,9,26,14,0,80.96000000000001
2020,9,26,15,0,83.12
2020,9,26,16,0,86.07000000000001
2020,9,26,17,0,88.93
2020,9,26,18,0,89.56
2020,9,26,19,0,89.7
2020,9,26,20,0,89.27
2020,9,26,21,0,88.99
2020,9,26,22,0,89.48
2020,9,26,23,0,90.12
2020,9,27,0,0,90.24
2020,9,27,1,0,90.27
2020,9,27,2,0,90.17
2020,9,27,3,0,89.69
2020,9,27,4,0,89.24
2020,9,27,5,0,88.87
2020,9,27,6,0,88.94
2020,9,27,7,0,86.07000000000001
2020,9,27,8,0,82.15
2020,9,27,9,0,79.04
2020,9,27,10,0,76.63
2020,9,27,11,0,75.09
2020,9,27,12,0,73.63
2020,9,27,13,0,73
2020,9,27,14,0,73.44
2020,9,27,15,0,75.45
2020,9,27,16,0,77.59
2020,9,27,17,0,80.61
2020,9,27,18,0,83.10000000000001
2020,9,27,19,0,81.98
2020,9,27,20,0,81.33
2020,9,27,21,0,80.99
2020,9,27,22,0,81.52
2020,9,27,23,0,82.22
2020,9,28,0,0,82.35000000000001
2020,9,28,1,0,82.91
2020,9,28,2,0,83.55
2020,9,28,3,0,84.82000000000001
2020,9,28,4,0,84.99
2020,9,28,5,0,85.25
2020,9,28,6,0,86.27
2020,9,28,7,0,83.44
2020,9,28,8,0,78.44
2020,9,28,9,0,75.09
2020,9,28,10,0,73.41
2020,9,28,11,0,72.49
2020,9,28,12,0,72.33
2020,9,28,13,0,73.01
2020,9,28,14,0,74.4
2020,9,28,15,0,77.45
2020,9,28,16,0,80.54
2020,9,28,17,0,83.83
2020,9,28,18,0,86.21000000000001
2020,9,28,19,0,86.64
2020,9,28,20,0,87.39
2020,9,28,21,0,87.74
2020,9,28,22,0,88.7
2020,9,28,23,0,89.73
2020,9,29,0,0,90.55
2020,9,29,1,0,90.65
2020,9,29,2,0,90.11
2020,9,29,3,0,90.25
2020,9,29,4,0,89.8
2020,9,29,5,0,89.45
2020,9,29,6,0,89.55
2020,9,29,7,0,86.97
2020,9,29,8,0,83.10000000000001
2020,9,29,9,0,79.63
2020,9,29,10,0,78.59
2020,9,29,11,0,77.98
2020,9,29,12,0,77.45
2020,9,29,13,0,77.92
2020,9,29,14,0,79.43
2020,9,29,15,0,81.46000000000001
2020,9,29,16,0,83.8
2020,9,29,17,0,86.75
2020,9,29,18,0,88.5
2020,9,29,19,0,88.88
2020,9,29,20,0,89.05
2020,9,29,21,0,88.73
2020,9,29,22,0,88.29
2020,9,29,23,0,88.74
2020,9,30,0,0,89.63
2020,9,30,1,0,89.85000000000001
2020,9,30,2,0,89.91
2020,9,30,3,0,89.51
2020,9,30,4,0,89.16
2020,9,30,5,0,88.88
2020,9,30,6,0,88.27
2020,9,30,7,0,84.18
2020,9,30,8,0,80.14
2020,9,30,9,0,77.8
2020,9,30,10,0,75.48
2020,9,30,11,0,73.87
2020,9,30,12,0,73.47
2020,9,30,13,0,73.18
2020,9,30,14,0,73.82000000000001
2020,9,30,15,0,75.85000000000001
2020,9,30,16,0,79.76
2020,9,30,17,0,83.59
2020,9,30,18,0,86.93
2020,9,30,19,0,87.87
2020,9,30,20,0,88.34
2020,9,30,21,0,88.89
2020,9,30,22,0,89.56
2020,9,30,23,0,89.7
2020,10,1,0,0,90.59
2020,10,1,1,0,90.99
2020,10,1,2,0,91.10000000000001
2020,10,1,3,0,91.11
2020,10,1,4,0,90.98
2020,10,1,5,0,90.36
2020,10,1,6,0,89.17
2020,10,1,7,0,85.10000000000001
2020,10,1,8,0,81.84
2020,10,1,9,0,79.34
2020,10,1,10,0,77.76
2020,10,1,11,0,76.87
2020,10,1,12,0,76.7
2020,10,1,13,0,76.53
2020,10,1,14,0,77.02
2020,10,1,15,0,78.13
2020,10,1,16,0,80.98
2020,10,1,17,0,85.19
2020,10,1,18,0,87.31
2020,10,1,19,0,87.64
2020,10,1,20,0,87.12
2020,10,1,21,0,87.04
2020,10,1,22,0,86.56
2020,10,1,23,0,86.87
2020,10,2,0,0,87.28
2020,10,2,1,0,87.81
2020,10,2,2,0,87.77
2020,10,2,3,0,87.92
2020,10,2,4,0,87.88
2020,10,2,5,0,88.31
2020,10,2,6,0,88.83
2020,10,2,7,0,85.98
2020,10,2,8,0,82.57000000000001
2020,10,2,9,0,78.72
2020,10,2,10,0,77.29
2020,10,2,11,0,76.46000000000001
2020,10,2,12,0,76.17
2020,10,2,13,0,76.57000000000001
2020,10,2,14,0,76.71000000000001
2020,10,2,15,0,77.42
2020,10,2,16,0,79.74
2020,10,2,17,0,82.78
2020,10,2,18,0,84.58
2020,10,2,19,0,84.95
2020,10,2,20,0,85.46000000000001
2020,10,2,21,0,86.31
2020,10,2,22,0,87.17
2020,10,2,23,0,88.02
2020,10,3,0,0,88.5
2020,10,3,1,0,88.69
2020,10,3,2,0,88.97
2020,10,3,3,0,88.63
2020,10,3,4,0,88.67
2020,10,3,5,0,88.34
2020,10,3,6,0,88.26
2020,10,3,7,0,84.57000000000001
2020,10,3,8,0,81.34
2020,10,3,9,0,78.81
2020,10,3,10,0,77.31
2020,10,3,11,0,76.55
2020,10,3,12,0,76.42
2020,10,3,13,0,76.19
2020,10,3,14,0,77.39
2020,10,3,15,0,79.85000000000001
2020,10,3,16,0,83.39
2020,10,3,17,0,88.02
2020,10,3,18,0,90.19
2020,10,3,19,0,90.71000000000001
2020,10,3,20,0,91.62
2020,10,3,21,0,91.61
2020,10,3,22,0,91.85000000000001
2020,10,3,23,0,92.15
2020,10,4,0,0,92.38
2020,10,4,1,0,92.60000000000001
2020,10,4,2,0,92
2020,10,4,3,0,92.05
2020,10,4,4,0,91.71000000000001
2020,10,4,5,0,91.95
2020,10,4,6,0,91.16
2020,10,4,7,0,89.63
2020,10,4,8,0,86.77
2020,10,4,9,0,84.54
2020,10,4,10,0,83.26
2020,10,4,11,0,82.81
2020,10,4,12,0,82.56
2020,10,4,13,0,83.24
2020,10,4,14,0,84.4
2020,10,4,15,0,85.74
2020,10,4,16,0,86.99
2020,10,4,17,0,89.34
2020,10,4,18,0,89.69
2020,10,4,19,0,89.85000000000001
2020,10,4,20,0,88.2
2020,10,4,21,0,88.08
2020,10,4,22,0,85.84
2020,10,4,23,0,86.21000000000001
2020,10,5,0,0,88.04
2020,10,5,1,0,89.01
2020,10,5,2,0,89.26
2020,10,5,3,0,88.77
2020,10,5,4,0,89
2020,10,5,5,0,89.21000000000001
2020,10,5,6,0,88.75
2020,10,5,7,0,85.14
2020,10,5,8,0,80.25
2020,10,5,9,0,77.18
2020,10,5,10,0,75.33
2020,10,5,11,0,75.09
2020,10,5,12,0,74.93
2020,10,5,13,0,75.01
2020,10,5,14,0,76.74
2020,10,5,15,0,80.22
2020,10,5,16,0,83.71000000000001
2020,10,5,17,0,88.19
2020,10,5,18,0,90.63
2020,10,5,19,0,91.4
2020,10,5,20,0,92.05
2020,10,5,21,0,92.36
2020,10,5,22,0,91.73
2020,10,5,23,0,91.16
2020,10,6,0,0,90.96000000000001
2020,10,6,1,0,90.64
2020,10,6,2,0,90.34
2020,10,6,3,0,90.65
2020,10,6,4,0,90.53
2020,10,6,5,0,90.59
2020,10,6,6,0,90.19
2020,10,6,7,0,87.87
2020,10,6,8,0,85.03
2020,10,6,9,0,82.59
2020,10,6,10,0,81.03
2020,10,6,11,0,79.91
2020,10,6,12,0,79.27
2020,10,6,13,0,78.83
2020,10,6,14,0,79.92
2020,10,6,15,0,82.02
2020,10,6,16,0,84.31
2020,10,6,17,0,88.02
2020,10,6,18,0,89.99
2020,10,6,19,0,90.59
2020,10,6,20,0,90.83
2020,10,6,21,0,91.25
2020,10,6,22,0,91.72
2020,10,6,23,0,92.10000000000001
2020,10,7,0,0,92.47
2020,10,7,1,0,92.43
2020,10,7,2,0,92.9
2020,10,7,3,0,93.04
2020,10,7,4,0,93.27
2020,10,7,5,0,93.5
2020,10,7,6,0,92.98
2020,10,7,7,0,92.33
2020,10,7,8,0,91.42
2020,10,7,9,0,90.87
2020,10,7,10,0,90.41
2020,10,7,11,0,90.45
2020,10,7,12,0,90.97
2020,10,7,13,0,91.56
2020,10,7,14,0,92
2020,10,7,15,0,92.87
2020,10,7,16,0,93.18
2020,10,7,17,0,94.02
2020,10,7,18,0,93.79
2020,10,7,19,0,93.45
2020,10,7,20,0,93.26
2020,10,7,21,0,93.57000000000001
2020,10,7,22,0,93.25
2020,10,7,23,0,92.73
2020,10,8,0,0,92.56
2020,10,8,1,0,92.33
2020,10,8,2,0,91.79
2020,10,8,3,0,91.46000000000001
2020,10,8,4,0,90.72
2020,10,8,5,0,90.4
2020,10,8,6,0,89.82000000000001
2020,10,8,7,0,89
2020,10,8,8,0,88.47
2020,10,8,9,0,87.63
2020,10,8,10,0,87.67
2020,10,8,11,0,87.5
2020,10,8,12,0,87.60000000000001
2020,10,8,13,0,88.43
2020,10,8,14,0,89.13
2020,10,8,15,0,89.74
2020,10,8,16,0,90.23
2020,10,8,17,0,91.17
2020,10,8,18,0,91.15
2020,10,8,19,0,91.78
2020,10,8,20,0,91.93
2020,10,8,21,0,92.28
2020,10,8,22,0,92.97
2020,10,8,23,0,93.13
2020,10,9,0,0,93.11
2020,10,9,1,0,93.13
2020,10,9,2,0,93.32000000000001
2020,10,9,3,0,92.79
2020,10,9,4,0,92.62
2020,10,9,5,0,92.29
2020,10,9,6,0,91.56
2020,10,9,7,0,89.58
2020,10,9,8,0,87.06
2020,10,9,9,0,83.63
2020,10,9,10,0,81.32000000000001
2020,10,9,11,0,79.53
2020,10,9,12,0,79.31
2020,10,9,13,0,79.66
2020,10,9,14,0,79.92
2020,10,9,15,0,82.12
2020,10,9,16,0,83.65
2020,10,9,17,0,87.12
2020,10,9,18,0,88.76
2020,10,9,19,0,89.14
2020,10,9,20,0,89.45
2020,10,9,21,0,89.29
2020,10,9,22,0,89.11
2020,10,9,23,0,89.42
2020,10,10,0,0,89.12
2020,10,10,1,0,88.9
2020,10,10,2,0,88.51
2020,10,10,3,0,87.26
2020,10,10,4,0,86.18
2020,10,10,5,0,85.26
2020,10,10,6,0,87.18
2020,10,10,7,0,82.34
2020,10,10,8,0,73.65
2020,10,10,9,0,71.57000000000001
2020,10,10,10,0,71.36
2020,10,10,11,0,72.27
2020,10,10,12,0,73.37
2020,10,10,13,0,74.91
2020,10,10,14,0,77.25
2020,10,10,15,0,79.74
2020,10,10,16,0,83.08
2020,10,10,17,0,87.14
2020,10,10,18,0,89.28
2020,10,10,19,0,90.14
2020,10,10,20,0,89.98
2020,10,10,21,0,90.31
2020,10,10,22,0,90.26
2020,10,10,23,0,90.7
2020,10,11,0,0,90.65
2020,10,11,1,0,90.15
2020,10,11,2,0,90.31
2020,10,11,3,0,90.54
2020,10,11,4,0,90.33
2020,10,11,5,0,90.18
2020,10,11,6,0,90.23
2020,10,11,7,0,88.65
2020,10,11,8,0,87.23
2020,10,11,9,0,84.72
2020,10,11,10,0,83.66
2020,10,11,11,0,83.7
2020,10,11,12,0,83.43
2020,10,11,13,0,83.84
2020,10,11,14,0,84.65
2020,10,11,15,0,85.93
2020,10,11,16,0,87.59
2020,10,11,17,0,89.9
2020,10,11,18,0,90.35000000000001
2020,10,11,19,0,90.8
2020,10,11,20,0,91.02
2020,10,11,21,0,91.4
2020,10,11,22,0,91.98
2020,10,11,23,0,92.03
2020,10,12,0,0,92.21000000000001
2020,10,12,1,0,92.28
2020,10,12,2,0,91.88
2020,10,12,3,0,92.08
2020,10,12,4,0,91.62
2020,10,12,5,0,91.01
2020,10,12,6,0,90.31
2020,10,12,7,0,87.60000000000001
2020,10,12,8,0,82.86
2020,10,12,9,0,78.95
2020,10,12,10,0,77.01
2020,10,12,11,0,76.3
2020,10,12,12,0,75.99
2020,10,12,13,0,76.86
2020,10,12,14,0,77.71000000000001
2020,10,12,15,0,79.51
2020,10,12,16,0,81.04
2020,10,12,17,0,84.49
2020,10,12,18,0,85.32000000000001
2020,10,12,19,0,85.62
2020,10,12,20,0,85.95
2020,10,12,21,0,85.9
2020,10,12,22,0,86
2020,10,12,23,0,86.73
2020,10,13,0,0,87.52
2020,10,13,1,0,88.29
2020,10,13,2,0,89.02
2020,10,13,3,0,89.86
2020,10,13,4,0,90.16
2020,10,13,5,0,90.18
2020,10,13,6,0,89.31
2020,10,13,7,0,86.86
2020,10,13,8,0,83.62
2020,10,13,9,0,80.28
2020,10,13,10,0,78.35000000000001
2020,10,13,11,0,77.31
2020,10,13,12,0,76.71000000000001
2020,10,13,13,0,76.19
2020,10,13,14,0,76.14
2020,10,13,15,0,77.96000000000001
2020,10,13,16,0,81.27
2020,10,13,17,0,84.41
2020,10,13,18,0,86.4
2020,10,13,19,0,87.02
2020,10,13,20,0,88.11
2020,10,13,21,0,89.35000000000001
2020,10,13,22,0,90.03
2020,10,13,23,0,90.51
2020,10,14,0,0,91.42
2020,10,14,1,0,91.52
2020,10,14,2,0,91.72
2020,10,14,3,0,91.15
2020,10,14,4,0,91.24
2020,10,14,5,0,91.12
2020,10,14,6,0,90.23
2020,10,14,7,0,87.2
2020,10,14,8,0,81.74
2020,10,14,9,0,76.24
2020,10,14,10,0,71.63
2020,10,14,11,0,69.36
2020,10,14,12,0,68.28
2020,10,14,13,0,67.49
2020,10,14,14,0,68.18
2020,10,14,15,0,70.87
2020,10,14,16,0,74.9
2020,10,14,17,0,79.84
2020,10,14,18,0,84.65
2020,10,14,19,0,86.31
2020,10,14,20,0,87.82000000000001
2020,10,14,21,0,88.86
2020,10,14,22,0,89.37
2020,10,14,23,0,89.7
2020,10,15,0,0,90.3
2020,10,15,1,0,90.31
2020,10,15,2,0,90.58
2020,10,15,3,0,91.09
2020,10,15,4,0,91.48
2020,10,15,5,0,91.99
2020,10,15,6,0,91.57000000000001
2020,10,15,7,0,90.13
2020,10,15,8,0,88.3
2020,10,15,9,0,85.95
2020,10,15,10,0,83.67
2020,10,15,11,0,81.62
2020,10,15,12,0,80.64
2020,10,15,13,0,80.27
2020,10,15,14,0,82.19
2020,10,15,15,0,85.22
2020,10,15,16,0,87.84
2020,10,15,17,0,90.22
2020,10,15,18,0,92.14
2020,10,15,19,0,92.4
2020,10,15,20,0,92.54
2020,10,15,21,0,92.52
2020,10,15,22,0,92.27
2020,10,15,23,0,91.76
2020,10,16,0,0,91.31
2020,10,16,1,0,91.68
2020,10,16,2,0,91.99
2020,10,16,3,0,91.78
2020,10,16,4,0,91.72
2020,10,16,5,0,91.05
2020,10,16,6,0,90.34
2020,10,16,7,0,87.29
2020,10,16,8,0,80.91
2020,10,16,9,0,74.49
2020,10,16,10,0,72.95
2020,10,16,11,0,72.97
2020,10,16,12,0,73.11
2020,10,16,13,0,73.34
2020,10,16,14,0,74.5
2020,10,16,15,0,77.59
2020,10,16,16,0,80.83
2020,10,16,17,0,83.9
2020,10,16,18,0,87.42
2020,10,16,19,0,87.63
2020,10,16,20,0,87.77
2020,10,16,21,0,88.62
2020,10,16,22,0,89.03
2020,10,16,23,0,89.77
2020,10,17,0,0,90.12
2020,10,17,1,0,90.64
2020,10,17,2,0,90.09
2020,10,17,3,0,90.22
2020,10,17,4,0,90.26
2020,10,17,5,0,89.82000000000001
2020,10,17,6,0,89.96000000000001
2020,10,17,7,0,88.24
2020,10,17,8,0,84.61
2020,10,17,9,0,80.11
2020,10,17,10,0,77.38
2020,10,17,11,0,75.73
2020,10,17,12,0,75.09
2020,10,17,13,0,74.9
2020,10,17,14,0,75.33
2020,10,17,15,0,77.36
2020,10,17,16,0,81.63
2020,10,17,17,0,85.18
2020,10,17,18,0,88.35000000000001
2020,10,17,19,0,89.01
2020,10,17,20,0,89.57000000000001
2020,10,17,21,0,90.71000000000001
2020,10,17,22,0,91.28
2020,10,17,23,0,91.61
2020,10,18,0,0,91.96000000000001
2020,10,18,1,0,92.12
2020,10,18,2,0,91.79
2020,10,18,3,0,91.74
2020,10,18,4,0,91.87
2020,10,18,5,0,91.67
2020,10,18,6,0,91.63
2020,10,18,7,0,90.43
2020,10,18,8,0,88.60000000000001
2020,10,18,9,0,86.32000000000001
2020,10,18,10,0,83.83
2020,10,18,11,0,82.57000000000001
2020,10,18,12,0,81.55
2020,10,18,13,0,81.18
2020,10,18,14,0,81.86
2020,10,18,15,0,82.82000000000001
2020,10,18,16,0,84.29
2020,10,18,17,0,87.77
2020,10,18,18,0,89.23
2020,10,18,19,0,89.88
2020,10,18,20,0,90.4
2020,10,18,21,0,90.88
2020,10,18,22,0,91.25
2020,10,18,23,0,91.44
2020,10,19,0,0,91.52
2020,10,19,1,0,91.72
2020,10,19,2,0,91.92
2020,10,19,3,0,91.62
2020,10,19,4,0,91.4
2020,10,19,5,0,91.68
2020,10,19,6,0,91.48
2020,10,19,7,0,89.54
2020,10,19,8,0,86.9
2020,10,19,9,0,83.79
2020,10,19,10,0,82.18
2020,10,19,11,0,81.02
2020,10,19,12,0,80.48
2020,10,19,13,0,80.46000000000001
2020,10,19,14,0,81.22
2020,10,19,15,0,83.11
2020,10,19,16,0,85.16
2020,10,19,17,0,88.06
2020,10,19,18,0,87.24
2020,10,19,19,0,86.04
2020,10,19,20,0,87.51
2020,10,19,21,0,89.28
2020,10,19,22,0,90.74
2020,10,19,23,0,92
2020,10,20,0,0,92.46000000000001
2020,10,20,1,0,92.75
2020,10,20,2,0,92.94
2020,10,20,3,0,92.7
2020,10,20,4,0,92.12
2020,10,20,5,0,91.79
2020,10,20,6,0,92.02
2020,10,20,7,0,91.67
2020,10,20,8,0,90.79
2020,10,20,9,0,90.24
2020,10,20,10,0,89.93
2020,10,20,11,0,89.64
2020,10,20,12,0,89.2
2020,10,20,13,0,88.62
2020,10,20,14,0,88.27
2020,10,20,15,0,89.13
2020,10,20,16,0,90.33
2020,10,20,17,0,91.47
2020,10,20,18,0,91.74
2020,10,20,19,0,91.25
2020,10,20,20,0,91.21000000000001
2020,10,20,21,0,90.91
2020,10,20,22,0,91.38
2020,10,20,23,0,91.29
2020,10,21,0,0,91.7
2020,10,21,1,0,91.48
2020,10,21,2,0,91.66
2020,10,21,3,0,91.33
2020,10,21,4,0,91.22
2020,10,21,5,0,91.43
2020,10,21,6,0,90.97
2020,10,21,7,0,90.21000000000001
2020,10,21,8,0,89.06
2020,10,21,9,0,88.46000000000001
2020,10,21,10,0,87.64
2020,10,21,11,0,87.8
2020,10,21,12,0,88
2020,10,21,13,0,88.06
2020,10,21,14,0,88.81
2020,10,21,15,0,89.88
2020,10,21,16,0,91.35000000000001
2020,10,21,17,0,92.3
2020,10,21,18,0,92.84
2020,10,21,19,0,92.75
2020,10,21,20,0,92.77
2020,10,21,21,0,92.51
2020,10,21,22,0,92.02
2020,10,21,23,0,91.44
2020,10,22,0,0,91.65
2020,10,22,1,0,91.47
2020,10,22,2,0,91.27
2020,10,22,3,0,91.33
2020,10,22,4,0,91.71000000000001
2020,10,22,5,0,91.49
2020,10,22,6,0,91.24
2020,10,22,7,0,90.23
2020,10,22,8,0,88.79
2020,10,22,9,0,86.99
2020,10,22,10,0,84.87
2020,10,22,11,0,84.41
2020,10,22,12,0,84.08
2020,10,22,13,0,84.68
2020,10,22,14,0,85.13
2020,10,22,15,0,86.51
2020,10,22,16,0,88.95
2020,10,22,17,0,90.65
2020,10,22,18,0,91.27
2020,10,22,19,0,91.08
2020,10,22,20,0,91.57000000000001
2020,10,22,21,0,92.11
2020,10,22,22,0,92.13
2020,10,22,23,0,92.59
2020,10,23,0,0,92.66
2020,10,23,1,0,93.10000000000001
2020,10,23,2,0,93.02
2020,10,23,3,0,92.63
2020,10,23,4,0,92.52
2020,10,23,5,0,92.13
2020,10,23,6,0,92
2020,10,23,7,0,90.84
2020,10,23,8,0,89.63
2020,10,23,9,0,88.76
2020,10,23,10,0,87.59
2020,10,23,11,0,87.16
2020,10,23,12,0,86.72
2020,10,23,13,0,86.64
2020,10,23,14,0,86.8
2020,10,23,15,0,87.88
2020,10,23,16,0,89.49
2020,10,23,17,0,91.72
2020,10,23,18,0,91.98
2020,10,23,19,0,92.10000000000001
2020,10,23,20,0,92.35000000000001
2020,10,23,21,0,92.22
2020,10,23,22,0,92.82000000000001
2020,10,23,23,0,93.06
2020,10,24,0,0,93.35000000000001
2020,10,24,1,0,93.37
2020,10,24,2,0,93.21000000000001
2020,10,24,3,0,93.05
2020,10,24,4,0,92.4
2020,10,24,5,0,92.46000000000001
2020,10,24,6,0,91.89
2020,10,24,7,0,91.02
2020,10,24,8,0,89.84
2020,10,24,9,0,88.35000000000001
2020,10,24,10,0,86.26
2020,10,24,11,0,85.09
2020,10,24,12,0,84.29
2020,10,24,13,0,83.95
2020,10,24,14,0,84.58
2020,10,24,15,0,85.43
2020,10,24,16,0,87.14
2020,10,24,17,0,89.27
2020,10,24,18,0,89.92
2020,10,24,19,0,89.54
2020,10,24,20,0,89.99
2020,10,24,21,0,89.99
2020,10,24,22,0,90.26
2020,10,24,23,0,90.65
2020,10,25,0,0,90.81
2020,10,25,1,0,91.17
2020,10,25,2,0,91.42
2020,10,25,3,0,91.67
2020,10,25,4,0,92.09
2020,10,25,5,0,92.87
2020,10,25,6,0,92.67
2020,10,25,7,0,92.54
2020,10,25,8,0,91.43
2020,10,25,9,0,90.11
2020,10,25,10,0,88.87
2020,10,25,11,0,88.37
2020,10,25,12,0,88.44
2020,10,25,13,0,88.59
2020,10,25,14,0,89.56
2020,10,25,15,0,90.4
2020,10,25,16,0,91.37
2020,10,25,17,0,92.43
2020,10,25,18,0,92.51
2020,10,25,19,0,92.62
2020,10,25,20,0,92.95
2020,10,25,21,0,92.91
2020,10,25,22,0,92.85000000000001
2020,10,25,23,0,93.04
2020,10,26,0,0,92.91
2020,10,26,1,0,92.67
2020,10,26,2,0,92.04
2020,10,26,3,0,92.08
2020,10,26,4,0,91.9
2020,10,26,5,0,91.93
2020,10,26,6,0,92.35000000000001
2020,10,26,7,0,92.25
2020,10,26,8,0,91.60000000000001
2020,10,26,9,0,91.05
2020,10,26,10,0,90.63
2020,10,26,11,0,90.82000000000001
2020,10,26,12,0,91.19
2020,10,26,13,0,91.34
2020,10,26,14,0,90.99
2020,10,26,15,0,90.52
2020,10,26,16,0,90.13
2020,10,26,17,0,89.83
2020,10,26,18,0,89.96000000000001
2020,10,26,19,0,89.55
2020,10,26,20,0,89.72
2020,10,26,21,0,89.82000000000001
2020,10,26,22,0,90.05
2020,10,26,23,0,90.44
2020,10,27,0,0,90.45
2020,10,27,1,0,91.09
2020,10,27,2,0,91.92
2020,10,27,3,0,92.19
2020,10,27,4,0,91.61
2020,10,27,5,0,91.2
2020,10,27,6,0,90.55
2020,10,27,7,0,89.14
2020,10,27,8,0,87.99
2020,10,27,9,0,86.51
2020,10,27,10,0,85.71000000000001
2020,10,27,11,0,85.49
2020,10,27,12,0,85.9
2020,10,27,13,0,85.98
2020,10,27,14,0,86.79
2020,10,27,15,0,87.52
2020,10,27,16,0,88.37
2020,10,27,17,0,89.98
2020,10,27,18,0,90.2
2020,10,27,19,0,90.34
2020,10,27,20,0,90.60000000000001
2020,10,27,21,0,91.10000000000001
2020,10,27,22,0,91.91
2020,10,27,23,0,92.05
2020,10,28,0,0,91.98
2020,10,28,1,0,91.57000000000001
2020,10,28,2,0,91.49
2020,10,28,3,0,90.83
2020,10,28,4,0,90.8
2020,10,28,5,0,90.57000000000001
2020,10,28,6,0,89.94
2020,10,28,7,0,87.62
2020,10,28,8,0,85.09
2020,10,28,9,0,81.42
2020,10,28,10,0,78.26
2020,10,28,11,0,77.35000000000001
2020,10,28,12,0,76.57000000000001
2020,10,28,13,0,76.92
2020,10,28,14,0,77.97
2020,10,28,15,0,80.45
2020,10,28,16,0,82.41
2020,10,28,17,0,85.74
2020,10,28,18,0,85.18
2020,10,28,19,0,83.15
2020,10,28,20,0,83.05
2020,10,28,21,0,83.8
2020,10,28,22,0,84.7
2020,10,28,23,0,85.76
2020,10,29,0,0,86.17
2020,10,29,1,0,86.22
2020,10,29,2,0,86.71000000000001
2020,10,29,3,0,87.15
2020,10,29,4,0,87.59
2020,10,29,5,0,87.63
2020,10,29,6,0,88.87
2020,10,29,7,0,86.95
2020,10,29,8,0,84.81
2020,10,29,9,0,82.03
2020,10,29,10,0,80
2020,10,29,11,0,79.2
2020,10,29,12,0,78.47
2020,10,29,13,0,78.51
2020,10,29,14,0,79.4
2020,10,29,15,0,81.61
2020,10,29,16,0,83.86
2020,10,29,17,0,87.99
2020,10,29,18,0,89.52
2020,10,29,19,0,90.07000000000001
2020,10,29,20,0,90.59
2020,10,29,21,0,90.68
2020,10,29,22,0,91.05
2020,10,29,23,0,91.45
2020,10,30,0,0,91.73
2020,10,30,1,0,91.78
2020,10,30,2,0,91.98
2020,10,30,3,0,92.61
2020,10,30,4,0,92.63
2020,10,30,5,0,92.61
2020,10,30,6,0,92.64
2020,10,30,7,0,91.52
2020,10,30,8,0,90.42
2020,10,30,9,0,88.75
2020,10,30,10,0,87
2020,10,30,11,0,84.69
2020,10,30,12,0,83.52
2020,10,30,13,0,83.44
2020,10,30,14,0,84.60000000000001
2020,10,30,15,0,86.13
2020,10,30,16,0,88.8
2020,10,30,17,0,91.36
2020,10,30,18,0,92.4
2020,10,30,19,0,92.67
2020,10,30,20,0,92.66
2020,10,30,21,0,92.96000000000001
2020,10,30,22,0,93.59
2020,10,30,23,0,93.34
2020,10,31,0,0,93.47
2020,10,31,1,0,93.66
2020,10,31,2,0,93.33
2020,10,31,3,0,92.95
2020,10,31,4,0,92.88
2020,10,31,5,0,92.93
2020,10,31,6,0,92.51
2020,10,31,7,0,91.22
2020,10,31,8,0,87.85000000000001
2020,10,31,9,0,83.14
2020,10,31,10,0,79.61
2020,10,31,11,0,77.31
2020,10,31,12,0,75.85000000000001
2020,10,31,13,0,75.5
2020,10,31,14,0,75.8
2020,10,31,15,0,78.04
2020,10,31,16,0,81.43
2020,10,31,17,0,85.45
2020,10,31,18,0,87.12
2020,10,31,19,0,86.91
2020,10,31,20,0,87.55
2020,10,31,21,0,89.03
2020,10,31,22,0,91.31
2020,10,31,23,0,92.89
2020,11,1,0,0,93.60000000000001
2020,11,1,1,0,94.4
2020,11,1,2,0,94.25
2020,11,1,3,0,93.67
2020,11,1,4,0,92.96000000000001
2020,11,1,5,0,92.01
2020,11,1,6,0,90.97
2020,11,1,7,0,89.22
2020,11,1,8,0,87.77
2020,11,1,9,0,86.35000000000001
2020,11,1,10,0,85.92
2020,11,1,11,0,85.15
2020,11,1,12,0,84.88
2020,11,1,13,0,85.03
2020,11,1,14,0,86.25
2020,11,1,15,0,88.01
2020,11,1,16,0,89.42
2020,11,1,17,0,90.44
2020,11,1,18,0,91.24
2020,11,1,19,0,91.18
2020,11,1,20,0,91.56
2020,11,1,21,0,91.93
2020,11,1,22,0,92.44
2020,11,1,23,0,92.38
2020,11,2,0,0,92.64
2020,11,2,1,0,92.3
2020,11,2,2,0,91.94
2020,11,2,3,0,91.51
2020,11,2,4,0,90.7
2020,11,2,5,0,90.63
2020,11,2,6,0,90
2020,11,2,7,0,89.11
2020,11,2,8,0,87.64
2020,11,2,9,0,86.41
2020,11,2,10,0,85.12
2020,11,2,11,0,83.99
2020,11,2,12,0,83.44
2020,11,2,13,0,83.93
2020,11,2,14,0,85.24
2020,11,2,15,0,87.26
2020,11,2,16,0,89.37
2020,11,2,17,0,90.82000000000001
2020,11,2,18,0,91.66
2020,11,2,19,0,91.82000000000001
2020,11,2,20,0,91.62
2020,11,2,21,0,91.59
2020,11,2,22,0,91.32000000000001
2020,11,2,23,0,91.17
2020,11,3,0,0,91.16
2020,11,3,1,0,90.73
2020,11,3,2,0,90.98
2020,11,3,3,0,90.75
2020,11,3,4,0,90.58
2020,11,3,5,0,90.49
2020,11,3,6,0,90.67
2020,11,3,7,0,88.98
2020,11,3,8,0,87.25
2020,11,3,9,0,85.18
2020,11,3,10,0,83.52
2020,11,3,11,0,82.5
2020,11,3,12,0,82.08
2020,11,3,13,0,82.14
2020,11,3,14,0,82.62
2020,11,3,15,0,83.78
2020,11,3,16,0,85.76
2020,11,3,17,0,88.96000000000001
2020,11,3,18,0,89.78
2020,11,3,19,0,89.58
2020,11,3,20,0,89.66
2020,11,3,21,0,89.69
2020,11,3,22,0,89.81
2020,11,3,23,0,89.9
2020,11,4,0,0,89.91
2020,11,4,1,0,90.05
2020,11,4,2,0,90.02
2020,11,4,3,0,89.51
2020,11,4,4,0,89.13
2020,11,4,5,0,89.47
2020,11,4,6,0,89.7
2020,11,4,7,0,88.11
2020,11,4,8,0,85.13
2020,11,4,9,0,82.28
2020,11,4,10,0,80.35000000000001
2020,11,4,11,0,79.29
2020,11,4,12,0,79.03
2020,11,4,13,0,79.34
2020,11,4,14,0,80.41
2020,11,4,15,0,81.81
2020,11,4,16,0,83.51
2020,11,4,17,0,86.34
2020,11,4,18,0,85.37
2020,11,4,19,0,84.52
2020,11,4,20,0,83.58
2020,11,4,21,0,83.18
2020,11,4,22,0,82.85000000000001
2020,11,4,23,0,83.4
2020,11,5,0,0,84.26
2020,11,5,1,0,85.11
2020,11,5,2,0,86.10000000000001
2020,11,5,3,0,86.44
2020,11,5,4,0,86.36
2020,11,5,5,0,86.79
2020,11,5,6,0,87.91
2020,11,5,7,0,86.21000000000001
2020,11,5,8,0,82.14
2020,11,5,9,0,78.61
2020,11,5,10,0,76.65
2020,11,5,11,0,75.37
2020,11,5,12,0,73.84
2020,11,5,13,0,72.99
2020,11,5,14,0,72.9
2020,11,5,15,0,74.79
2020,11,5,16,0,78.13
2020,11,5,17,0,81.67
2020,11,5,18,0,83.96000000000001
2020,11,5,19,0,85.02
2020,11,5,20,0,85.69
2020,11,5,21,0,86.28
2020,11,5,22,0,86.95
2020,11,5,23,0,87.63
2020,11,6,0,0,87.69
2020,11,6,1,0,88.24
2020,11,6,2,0,88.61
2020,11,6,3,0,89.76
2020,11,6,4,0,90.37
2020,11,6,5,0,91.08
2020,11,6,6,0,90.97
2020,11,6,7,0,90.15
2020,11,6,8,0,89.04
2020,11,6,9,0,87.7
2020,11,6,10,0,85.42
2020,11,6,11,0,84.08
2020,11,6,12,0,82.72
2020,11,6,13,0,81.39
2020,11,6,14,0,81.35000000000001
2020,11,6,15,0,83.3
2020,11,6,16,0,86.18
2020,11,6,17,0,90
2020,11,6,18,0,91.56
2020,11,6,19,0,91.61
2020,11,6,20,0,91.32000000000001
2020,11,6,21,0,91.07000000000001
2020,11,6,22,0,91.45
2020,11,6,23,0,91.63
2020,11,7,0,0,92.04
2020,11,7,1,0,92.75
2020,11,7,2,0,92.92
2020,11,7,3,0,92.84
2020,11,7,4,0,92.64
2020,11,7,5,0,92.44
2020,11,7,6,0,92.41
2020,11,7,7,0,92.04
2020,11,7,8,0,91.85000000000001
2020,11,7,9,0,90.62
2020,11,7,10,0,88.73
2020,11,7,11,0,85.86
2020,11,7,12,0,83.34
2020,11,7,13,0,82.98
2020,11,7,14,0,82.81
2020,11,7,15,0,84.4
2020,11,7,16,0,86.05
2020,11,7,17,0,88.94
2020,11,7,18,0,89.21000000000001
2020,11,7,19,0,89.34
2020,11,7,20,0,89.77
2020,11,7,21,0,89.8
2020,11,7,22,0,89.03
2020,11,7,23,0,88.79
2020,11,8,0,0,88.66
2020,11,8,1,0,88.28
2020,11,8,2,0,87.37
2020,11,8,3,0,86.18
2020,11,8,4,0,85.03
2020,11,8,5,0,86.4
2020,11,8,6,0,87.98
2020,11,8,7,0,87.17
2020,11,8,8,0,85.11
2020,11,8,9,0,83.06
2020,11,8,10,0,81.84
2020,11,8,11,0,81.18
2020,11,8,12,0,80.33
2020,11,8,13,0,79.86
2020,11,8,14,0,80.5
2020,11,8,15,0,82.10000000000001
2020,11,8,16,0,84.89
2020,11,8,17,0,88.65
2020,11,8,18,0,89.75
2020,11,8,19,0,89.96000000000001
2020,11,8,20,0,90.28
2020,11,8,21,0,90.35000000000001
2020,11,8,22,0,90.41
2020,11,8,23,0,90.59
2020,11,9,0,0,90.24
2020,11,9,1,0,90.83
2020,11,9,2,0,90.81
2020,11,9,3,0,90.77
2020,11,9,4,0,90.32000000000001
2020,11,9,5,0,89.71000000000001
2020,11,9,6,0,89.27
2020,11,9,7,0,85.91
2020,11,9,8,0,82.07000000000001
2020,11,9,9,0,79.24
2020,11,9,10,0,77.14
2020,11,9,11,0,75.8
2020,11,9,12,0,74.35000000000001
2020,11,9,13,0,74.07000000000001
2020,11,9,14,0,73.59
2020,11,9,15,0,74.71000000000001
2020,11,9,16,0,77.87
2020,11,9,17,0,81.57000000000001
2020,11,9,18,0,84.59
2020,11,9,19,0,85.96000000000001
2020,11,9,20,0,87.03
2020,11,9,21,0,87.82000000000001
2020,11,9,22,0,88.62
2020,11,9,23,0,89.03
2020,11,10,0,0,89.57000000000001
2020,11,10,1,0,90.24
2020,11,10,2,0,90.65
2020,11,10,3,0,90.55
2020,11,10,4,0,90.87
2020,11,10,5,0,90.45
2020,11,10,6,0,90.34
2020,11,10,7,0,88.74
2020,11,10,8,0,86.36
2020,11,10,9,0,83.76
2020,11,10,10,0,81.60000000000001
2020,11,10,11,0,80.7
2020,11,10,12,0,81.3
2020,11,10,13,0,82.41
2020,11,10,14,0,83.87
2020,11,10,15,0,85.7
2020,11,10,16,0,88.10000000000001
2020,11,10,17,0,90.95
2020,11,10,18,0,91.04
2020,11,10,19,0,91.09
2020,11,10,20,0,91.16
2020,11,10,21,0,91.43
2020,11,10,22,0,91.60000000000001
2020,11,10,23,0,91.93
2020,11,11,0,0,92.2
2020,11,11,1,0,91.86
2020,11,11,2,0,92.07000000000001
2020,11,11,3,0,91.85000000000001
2020,11,11,4,0,91.85000000000001
2020,11,11,5,0,91.81
2020,11,11,6,0,91.26
2020,11,11,7,0,90.47
2020,11,11,8,0,89.79
2020,11,11,9,0,89.29
2020,11,11,10,0,88.9
2020,11,11,11,0,88.38
2020,11,11,12,0,88.38
2020,11,11,13,0,88.55
2020,11,11,14,0,88.94
2020,11,11,15,0,89.88
2020,11,11,16,0,90.57000000000001
2020,11,11,17,0,91.35000000000001
2020,11,11,18,0,91.44
2020,11,11,19,0,91.56
2020,11,11,20,0,91.75
2020,11,11,21,0,91.81
2020,11,11,22,0,91.88
2020,11,11,23,0,91.88
2020,11,12,0,0,91.59
2020,11,12,1,0,91.76
2020,11,12,2,0,91.41
2020,11,12,3,0,91.62
2020,11,12,4,0,91.4
2020,11,12,5,0,91.9
2020,11,12,6,0,91.45
2020,11,12,7,0,91.26
2020,11,12,8,0,89.94
2020,11,12,9,0,87.99
2020,11,12,10,0,85.31
2020,11,12,11,0,83.84
2020,11,12,12,0,82.39
2020,11,12,13,0,82.07000000000001
2020,11,12,14,0,82.47
2020,11,12,15,0,84.62
2020,11,12,16,0,86.63
2020,11,12,17,0,89.17
2020,11,12,18,0,89.98
2020,11,12,19,0,89.66
2020,11,12,20,0,89.48
2020,11,12,21,0,89.22
2020,11,12,22,0,89.51
2020,11,12,23,0,89.21000000000001
2020,11,13,0,0,89.59
2020,11,13,1,0,89.38
2020,11,13,2,0,89.37
2020,11,13,3,0,88.91
2020,11,13,4,0,89.22
2020,11,13,5,0,89.03
2020,11,13,6,0,88.65
2020,11,13,7,0,86.45
2020,11,13,8,0,81.91
2020,11,13,9,0,78.43
2020,11,13,10,0,76.10000000000001
2020,11,13,11,0,75.07000000000001
2020,11,13,12,0,74.87
2020,11,13,13,0,75.15
2020,11,13,14,0,76.19
2020,11,13,15,0,78.26
2020,11,13,16,0,81.25
2020,11,13,17,0,85.45
2020,11,13,18,0,88.27
2020,11,13,19,0,89.76
2020,11,13,20,0,90.69
2020,11,13,21,0,91.66
2020,11,13,22,0,92.01
2020,11,13,23,0,92.75
2020,11,14,0,0,92.55
2020,11,14,1,0,92.98
2020,11,14,2,0,92.96000000000001
2020,11,14,3,0,93.33
2020,11,14,4,0,92.96000000000001
2020,11,14,5,0,93.19
2020,11,14,6,0,92.23
2020,11,14,7,0,90.35000000000001
2020,11,14,8,0,88.06
2020,11,14,9,0,86.31
2020,11,14,10,0,84.96000000000001
2020,11,14,11,0,84.25
2020,11,14,12,0,84.04
2020,11,14,13,0,84.27
2020,11,14,14,0,85.77
2020,11,14,15,0,88.67
2020,11,14,16,0,91.58
2020,11,14,17,0,93.54
2020,11,14,18,0,93.95
2020,11,14,19,0,93.57000000000001
2020,11,14,20,0,93.7
2020,11,14,21,0,93.72
2020,11,14,22,0,93.75
2020,11,14,23,0,93.48
2020,11,15,0,0,93.58
2020,11,15,1,0,93.43
2020,11,15,2,0,93.52
2020,11,15,3,0,93.93
2020,11,15,4,0,94.01
2020,11,15,5,0,93.52
2020,11,15,6,0,93.61
2020,11,15,7,0,92.46000000000001
2020,11,15,8,0,89.52
2020,11,15,9,0,85.71000000000001
2020,11,15,10,0,82.15
2020,11,15,11,0,79.71000000000001
2020,11,15,12,0,78.26
2020,11,15,13,0,77.29
2020,11,15,14,0,77.65
2020,11,15,15,0,78.66
2020,11,15,16,0,81.92
2020,11,15,17,0,86.65
2020,11,15,18,0,88.66
2020,11,15,19,0,89.19
2020,11,15,20,0,90.05
2020,11,15,21,0,90.3
2020,11,15,22,0,91.69
2020,11,15,23,0,92.74
2020,11,16,0,0,93.78
2020,11,16,1,0,93.85000000000001
2020,11,16,2,0,94.13
2020,11,16,3,0,93.96000000000001
2020,11,16,4,0,93.97
2020,11,16,5,0,94.09
2020,11,16,6,0,93.55
2020,11,16,7,0,91.79
2020,11,16,8,0,89.74
2020,11,16,9,0,86.86
2020,11,16,10,0,84.87
2020,11,16,11,0,83.10000000000001
2020,11,16,12,0,82.36
2020,11,16,13,0,81.98
2020,11,16,14,0,82.43
2020,11,16,15,0,83.91
2020,11,16,16,0,86.76
2020,11,16,17,0,90.79
2020,11,16,18,0,91.93
2020,11,16,19,0,92.71000000000001
2020,11,16,20,0,92.95
2020,11,16,21,0,93.18
2020,11,16,22,0,92.79
2020,11,16,23,0,93.01
2020,11,17,0,0,92.99
2020,11,17,1,0,92.85000000000001
2020,11,17,2,0,92.82000000000001
2020,11,17,3,0,92.83
2020,11,17,4,0,92.38
2020,11,17,5,0,92.2
2020,11,17,6,0,92.23
2020,11,17,7,0,91.13
2020,11,17,8,0,88.64
2020,11,17,9,0,85.07000000000001
2020,11,17,10,0,82.61
2020,11,17,11,0,81.07000000000001
2020,11,17,12,0,80.47
2020,11,17,13,0,80.81
2020,11,17,14,0,81.76
2020,11,17,15,0,83.23
2020,11,17,16,0,86.12
2020,11,17,17,0,89.33
2020,11,17,18,0,90.58
2020,11,17,19,0,91.47
2020,11,17,20,0,91.76
2020,11,17,21,0,92.04
2020,11,17,22,0,92.25
2020,11,17,23,0,92.34
2020,11,18,0,0,92.26
2020,11,18,1,0,92.10000000000001
2020,11,18,2,0,91.69
2020,11,18,3,0,91.44
2020,11,18,4,0,91.39
2020,11,18,5,0,91.56
2020,11,18,6,0,91
2020,11,18,7,0,89.62
2020,11,18,8,0,87.21000000000001
2020,11,18,9,0,84.2
2020,11,18,10,0,81.42
2020,11,18,11,0,79.72
2020,11,18,12,0,78.56
2020,11,18,13,0,77.82000000000001
2020,11,18,14,0,77.91
2020,11,18,15,0,79.34
2020,11,18,16,0,82
2020,11,18,17,0,86.48
2020,11,18,18,0,88.77
2020,11,18,19,0,89.71000000000001
2020,11,18,20,0,91.18
2020,11,18,21,0,91.91
2020,11,18,22,0,92.05
2020,11,18,23,0,92.17
2020,11,19,0,0,92.10000000000001
2020,11,19,1,0,92.17
2020,11,19,2,0,91.76
2020,11,19,3,0,91.85000000000001
2020,11,19,4,0,91.58
2020,11,19,5,0,91.63
2020,11,19,6,0,91.41
2020,11,19,7,0,90.64
2020,11,19,8,0,88.67
2020,11,19,9,0,85.04
2020,11,19,10,0,81.34
2020,11,19,11,0,79.64
2020,11,19,12,0,78.5
2020,11,19,13,0,78.22
2020,11,19,14,0,78.8
2020,11,19,15,0,80
2020,11,19,16,0,83.38
2020,11,19,17,0,88.79
2020,11,19,18,0,90.65
2020,11,19,19,0,91.67
2020,11,19,20,0,92.05
2020,11,19,21,0,92.56
2020,11,19,22,0,92.61
2020,11,19,23,0,92.8
2020,11,20,0,0,93.37
2020,11,20,1,0,93.34
2020,11,20,2,0,93.56
2020,11,20,3,0,93.60000000000001
2020,11,20,4,0,93.7
2020,11,20,5,0,93.63
2020,11,20,6,0,92.96000000000001
2020,11,20,7,0,90.59
2020,11,20,8,0,86.87
2020,11,20,9,0,82.92
2020,11,20,10,0,80.18
2020,11,20,11,0,78.37
2020,11,20,12,0,76.99
2020,11,20,13,0,76.47
2020,11,20,14,0,77.10000000000001
2020,11,20,15,0,79.15
2020,11,20,16,0,83.03
2020,11,20,17,0,88.07000000000001
2020,11,20,18,0,90.69
2020,11,20,19,0,91.49
2020,11,20,20,0,91.51
2020,11,20,21,0,91.81
2020,11,20,22,0,91.94
2020,11,20,23,0,91.71000000000001
2020,11,21,0,0,92.37
2020,11,21,1,0,92.72
2020,11,21,2,0,93.05
2020,11,21,3,0,93.41
2020,11,21,4,0,93.38
2020,11,21,5,0,93.14
2020,11,21,6,0,92.41
2020,11,21,7,0,91.06
2020,11,21,8,0,87.68
2020,11,21,9,0,83.9
2020,11,21,10,0,80.94
2020,11,21,11,0,79.17
2020,11,21,12,0,78.89
2020,11,21,13,0,79.43
2020,11,21,14,0,80.45
2020,11,21,15,0,83.21000000000001
2020,11,21,16,0,87.09
2020,11,21,17,0,90.21000000000001
2020,11,21,18,0,91.52
2020,11,21,19,0,92.19
2020,11,21,20,0,92.78
2020,11,21,21,0,92.78
2020,11,21,22,0,93.11
2020,11,21,23,0,93.15
2020,11,22,0,0,93.02
2020,11,22,1,0,93.09
2020,11,22,2,0,93.31
2020,11,22,3,0,93.4
2020,11,22,4,0,93.12
2020,11,22,5,0,93.34
2020,11,22,6,0,92.66
2020,11,22,7,0,92.14
2020,11,22,8,0,89.9
2020,11,22,9,0,87.28
2020,11,22,10,0,84.24
2020,11,22,11,0,82.13
2020,11,22,12,0,80.55
2020,11,22,13,0,79.93
2020,11,22,14,0,80.38
2020,11,22,15,0,82.25
2020,11,22,16,0,85.23
2020,11,22,17,0,88.72
2020,11,22,18,0,89.82000000000001
2020,11,22,19,0,89.45
2020,11,22,20,0,88.72
2020,11,22,21,0,88.06
2020,11,22,22,0,88.34
2020,11,22,23,0,88.43
2020,11,23,0,0,89.15
2020,11,23,1,0,90.17
2020,11,23,2,0,91.49
2020,11,23,3,0,92.36
2020,11,23,4,0,92.76
2020,11,23,5,0,93.26
2020,11,23,6,0,93.24
2020,11,23,7,0,92.8
2020,11,23,8,0,91.85000000000001
2020,11,23,9,0,88.95
2020,11,23,10,0,86.24
2020,11,23,11,0,84.76
2020,11,23,12,0,84.58
2020,11,23,13,0,85.12
2020,11,23,14,0,86.26
2020,11,23,15,0,87.77
2020,11,23,16,0,89.68
2020,11,23,17,0,90.59
2020,11,23,18,0,90.94
2020,11,23,19,0,90.41
2020,11,23,20,0,90.43
2020,11,23,21,0,89.76
2020,11,23,22,0,89.42
2020,11,23,23,0,88.53
2020,11,24,0,0,88.69
2020,11,24,1,0,88.96000000000001
2020,11,24,2,0,89.49
2020,11,24,3,0,89.62
2020,11,24,4,0,89.86
2020,11,24,5,0,90.16
2020,11,24,6,0,90.11
2020,11,24,7,0,89.51
2020,11,24,8,0,86.88
2020,11,24,9,0,83.56
2020,11,24,10,0,81.83
2020,11,24,11,0,80.39
2020,11,24,12,0,79.55
2020,11,24,13,0,79.68
2020,11,24,14,0,80.5
2020,11,24,15,0,82.98
2020,11,24,16,0,85.74
2020,11,24,17,0,88.49
2020,11,24,18,0,89.8
2020,11,24,19,0,89.88
2020,11,24,20,0,90.3
2020,11,24,21,0,90.53
2020,11,24,22,0,91.01
2020,11,24,23,0,91.58
2020,11,25,0,0,92.12
2020,11,25,1,0,92.60000000000001
2020,11,25,2,0,93.14
2020,11,25,3,0,93.02
2020,11,25,4,0,93.3
2020,11,25,5,0,93.09
2020,11,25,6,0,92.65
2020,11,25,7,0,91.64
2020,11,25,8,0,87.47
2020,11,25,9,0,83.07000000000001
2020,11,25,10,0,79.41
2020,11,25,11,0,77.56
2020,11,25,12,0,76.61
2020,11,25,13,0,76.11
2020,11,25,14,0,76.59
2020,11,25,15,0,78.2
2020,11,25,16,0,81.43
2020,11,25,17,0,86.02
2020,11,25,18,0,87.77
2020,11,25,19,0,88.06
2020,11,25,20,0,88.88
2020,11,25,21,0,89.9
2020,11,25,22,0,91.31
2020,11,25,23,0,91.94
2020,11,26,0,0,92.39
2020,11,26,1,0,92.41
2020,11,26,2,0,92.31
2020,11,26,3,0,92.33
2020,11,26,4,0,91.97
2020,11,26,5,0,91.9
2020,11,26,6,0,91.66
2020,11,26,7,0,89.9
2020,11,26,8,0,87.05
2020,11,26,9,0,83.10000000000001
2020,11,26,10,0,80.39
2020,11,26,11,0,79.08
2020,11,26,12,0,78.31
2020,11,26,13,0,77.76
2020,11,26,14,0,77.97
2020,11,26,15,0,79.86
2020,11,26,16,0,83.64
2020,11,26,17,0,89.13
2020,11,26,18,0,91.04
2020,11,26,19,0,92.12
2020,11,26,20,0,92.76
2020,11,26,21,0,93.54
2020,11,26,22,0,93.92
2020,11,26,23,0,93.85000000000001
2020,11,27,0,0,94.41
2020,11,27,1,0,94.8
2020,11,27,2,0,94.46000000000001
2020,11,27,3,0,93.98
2020,11,27,4,0,94.07000000000001
2020,11,27,5,0,93.99
2020,11,27,6,0,93.92
2020,11,27,7,0,93.49
2020,11,27,8,0,93.39
2020,11,27,9,0,91.62
2020,11,27,10,0,89.77
2020,11,27,11,0,87.26
2020,11,27,12,0,85.66
2020,11,27,13,0,84.35000000000001
2020,11,27,14,0,84.66
2020,11,27,15,0,86.23
2020,11,27,16,0,89.19
2020,11,27,17,0,92.18
2020,11,27,18,0,93.13
2020,11,27,19,0,93.37
2020,11,27,20,0,93.57000000000001
2020,11,27,21,0,92.98
2020,11,27,22,0,92.43
2020,11,27,23,0,92.5
2020,11,28,0,0,92.45
2020,11,28,1,0,92.07000000000001
2020,11,28,2,0,92.33
2020,11,28,3,0,92.76
2020,11,28,4,0,92.78
2020,11,28,5,0,93.13
2020,11,28,6,0,92.91
2020,11,28,7,0,91.83
2020,11,28,8,0,88.39
2020,11,28,9,0,84.7
2020,11,28,10,0,82.28
2020,11,28,11,0,80.25
2020,11,28,12,0,79.49
2020,11,28,13,0,79.14
2020,11,28,14,0,80.02
2020,11,28,15,0,81.57000000000001
2020,11,28,16,0,84.93
2020,11,28,17,0,89.2
2020,11,28,18,0,91.3
2020,11,28,19,0,92.26
2020,11,28,20,0,92.63
2020,11,28,21,0,92.73
2020,11,28,22,0,92.99
2020,11,28,23,0,93.17
2020,11,29,0,0,93.76
2020,11,29,1,0,93.99
2020,11,29,2,0,94.5
2020,11,29,3,0,93.94
2020,11,29,4,0,93.91
2020,11,29,5,0,93.35000000000001
2020,11,29,6,0,92.8
2020,11,29,7,0,91.42
2020,11,29,8,0,87.04
2020,11,29,9,0,81.09
2020,11,29,10,0,77.55
2020,11,29,11,0,75.27
2020,11,29,12,0,74.02
2020,11,29,13,0,73.7
2020,11,29,14,0,74.15
2020,11,29,15,0,76.15
2020,11,29,16,0,80.96000000000001
2020,11,29,17,0,86.47
2020,11,29,18,0,89.14
2020,11,29,19,0,90.32000000000001
2020,11,29,20,0,91.49
2020,11,29,21,0,92.33
2020,11,29,22,0,92.89
2020,11,29,23,0,92.98
2020,11,30,0,0,92.97
2020,11,30,1,0,93.10000000000001
2020,11,30,2,0,93.18
2020,11,30,3,0,93.58
2020,11,30,4,0,93.24
2020,11,30,5,0,93.4
2020,11,30,6,0,93.27
2020,11,30,7,0,92.04
2020,11,30,8,0,88.32000000000001
2020,11,30,9,0,83.10000000000001
2020,11,30,10,0,79.67
2020,11,30,11,0,77.86
2020,11,30,12,0,77.2
2020,11,30,13,0,77.35000000000001
2020,11,30,14,0,78.52
2020,11,30,15,0,82.13
2020,11,30,16,0,86.28
2020,11,30,17,0,89.5
2020,11,30,18,0,91.09
2020,11,30,19,0,92.02
2020,11,30,20,0,92.10000000000001
2020,11,30,21,0,92.13
2020,11,30,22,0,92.48
2020,11,30,23,0,92.37
2020,12,1,0,0,92.81
2020,12,1,1,0,92.77
2020,12,1,2,0,92.66
2020,12,1,3,0,92.31
2020,12,1,4,0,92.61
2020,12,1,5,0,92.5
2020,12,1,6,0,92.08
2020,12,1,7,0,91.01
2020,12,1,8,0,88.08
2020,12,1,9,0,84.28
2020,12,1,10,0,80.73
2020,12,1,11,0,78.9
2020,12,1,12,0,78.25
2020,12,1,13,0,78.84
2020,12,1,14,0,80.33
2020,12,1,15,0,82.81
2020,12,1,16,0,86.49
2020,12,1,17,0,89.85000000000001
2020,12,1,18,0,91.04
2020,12,1,19,0,90.86
2020,12,1,20,0,91.06
2020,12,1,21,0,91.43
2020,12,1,22,0,91.79
2020,12,1,23,0,91.99
2020,12,2,0,0,92.67
2020,12,2,1,0,93.08
2020,12,2,2,0,92.83
2020,12,2,3,0,93.34
2020,12,2,4,0,93.21000000000001
2020,12,2,5,0,92.94
2020,12,2,6,0,92.7
2020,12,2,7,0,91.29
2020,12,2,8,0,90.05
2020,12,2,9,0,89.27
2020,12,2,10,0,88.12
2020,12,2,11,0,87.72
2020,12,2,12,0,87.37
2020,12,2,13,0,88.05
2020,12,2,14,0,89.25
2020,12,2,15,0,90.51
2020,12,2,16,0,91.8
2020,12,2,17,0,93.41
2020,12,2,18,0,93.55
2020,12,2,19,0,93.96000000000001
2020,12,2,20,0,94.27
2020,12,2,21,0,94.69
2020,12,2,22,0,94.91
2020,12,2,23,0,94.74
2020,12,3,0,0,94.74
2020,12,3,1,0,94.45
2020,12,3,2,0,94
2020,12,3,3,0,93.54
2020,12,3,4,0,92.85000000000001
2020,12,3,5,0,92.78
2020,12,3,6,0,92.76
2020,12,3,7,0,91.94
2020,12,3,8,0,90.61
2020,12,3,9,0,88.43
2020,12,3,10,0,86.12
2020,12,3,11,0,84.06
2020,12,3,12,0,83.28
2020,12,3,13,0,83
2020,12,3,14,0,84.19
2020,12,3,15,0,85.54
2020,12,3,16,0,88.08
2020,12,3,17,0,91.39
2020,12,3,18,0,92.02
2020,12,3,19,0,92.27
2020,12,3,20,0,92.2
2020,12,3,21,0,92.66
2020,12,3,22,0,92.44
2020,12,3,23,0,92.52
2020,12,4,0,0,92.01
2020,12,4,1,0,91.73
2020,12,4,2,0,91.63
2020,12,4,3,0,91.46000000000001
2020,12,4,4,0,91.37
2020,12,4,5,0,90.65
2020,12,4,6,0,90.53
2020,12,4,7,0,87.16
2020,12,4,8,0,82.48
2020,12,4,9,0,78.72
2020,12,4,10,0,76.02
2020,12,4,11,0,74.3
2020,12,4,12,0,73.45
2020,12,4,13,0,73.25
2020,12,4,14,0,74.39
2020,12,4,15,0,74.5
2020,12,4,16,0,77.76
2020,12,4,17,0,81.46000000000001
2020,12,4,18,0,83.71000000000001
2020,12,4,19,0,85.56
2020,12,4,20,0,87.27
2020,12,4,21,0,88.94
2020,12,4,22,0,89.95
2020,12,4,23,0,91
2020,12,5,0,0,91.68
2020,12,5,1,0,92.21000000000001
2020,12,5,2,0,92.69
2020,12,5,3,0,92.56
2020,12,5,4,0,93.04
2020,12,5,5,0,92.92
2020,12,5,6,0,93.27
2020,12,5,7,0,92.07000000000001
2020,12,5,8,0,90.15
2020,12,5,9,0,87.31
2020,12,5,10,0,83.85000000000001
2020,12,5,11,0,81.08
2020,12,5,12,0,78.92
2020,12,5,13,0,78.65
2020,12,5,14,0,78.8
2020,12,5,15,0,80.28
2020,12,5,16,0,83.74
2020,12,5,17,0,88.55
2020,12,5,18,0,91.24
2020,12,5,19,0,92.22
2020,12,5,20,0,92.64
2020,12,5,21,0,93.12
2020,12,5,22,0,93.46000000000001
2020,12,5,23,0,93.68
2020,12,6,0,0,93.86
2020,12,6,1,0,93.81
2020,12,6,2,0,94.21000000000001
2020,12,6,3,0,94.38
2020,12,6,4,0,94.48
2020,12,6,5,0,94.32000000000001
2020,12,6,6,0,93.86
2020,12,6,7,0,92.95
2020,12,6,8,0,91.89
2020,12,6,9,0,89.94
2020,12,6,10,0,88.06
2020,12,6,11,0,86.66
2020,12,6,12,0,85.43
2020,12,6,13,0,85.02
2020,12,6,14,0,85.59
2020,12,6,15,0,86.64
2020,12,6,16,0,88.9
2020,12,6,17,0,91.2
2020,12,6,18,0,92.18
2020,12,6,19,0,92.81
2020,12,6,20,0,93.66
2020,12,6,21,0,94.04
2020,12,6,22,0,94.32000000000001
2020,12,6,23,0,94.13
2020,12,7,0,0,94.3
2020,12,7,1,0,93.91
2020,12,7,2,0,93.89
2020,12,7,3,0,94.04
2020,12,7,4,0,94.01
2020,12,7,5,0,93.51
2020,12,7,6,0,93.63
2020,12,7,7,0,93.18
2020,12,7,8,0,91.96000000000001
2020,12,7,9,0,90.33
2020,12,7,10,0,87.63
2020,12,7,11,0,85.16
2020,12,7,12,0,83.42
2020,12,7,13,0,83.24
2020,12,7,14,0,84.9
2020,12,7,15,0,87.60000000000001
2020,12,7,16,0,90.24
2020,12,7,17,0,92.52
2020,12,7,18,0,93.4
2020,12,7,19,0,93.51
2020,12,7,20,0,93.41
2020,12,7,21,0,93.36
2020,12,7,22,0,93.38
2020,12,7,23,0,93.38
2020,12,8,0,0,93.38
2020,12,8,1,0,93.41
2020,12,8,2,0,92.84
2020,12,8,3,0,93.10000000000001
2020,12,8,4,0,92.95
2020,12,8,5,0,92.73
2020,12,8,6,0,92.31
2020,12,8,7,0,90.86
2020,12,8,8,0,88.97
2020,12,8,9,0,86.78
2020,12,8,10,0,84.98
2020,12,8,11,0,84.64
2020,12,8,12,0,84.56
2020,12,8,13,0,85.31
2020,12,8,14,0,86.7
2020,12,8,15,0,88.2
2020,12,8,16,0,90.16
2020,12,8,17,0,91.59
2020,12,8,18,0,91.7
2020,12,8,19,0,91.85000000000001
2020,12,8,20,0,92.10000000000001
2020,12,8,21,0,92.59
2020,12,8,22,0,92.75
2020,12,8,23,0,93.4
2020,12,9,0,0,93.44
2020,12,9,1,0,93.49
2020,12,9,2,0,93.86
2020,12,9,3,0,93.63
2020,12,9,4,0,93.35000000000001
2020,12,9,5,0,93.37
2020,12,9,6,0,92.82000000000001
2020,12,9,7,0,90.9
2020,12,9,8,0,88.5
2020,12,9,9,0,85.26
2020,12,9,10,0,82.79
2020,12,9,11,0,80.28
2020,12,9,12,0,79.04
2020,12,9,13,0,77.81
2020,12,9,14,0,77.88
2020,12,9,15,0,79.43
2020,12,9,16,0,82.72
2020,12,9,17,0,86.32000000000001
2020,12,9,18,0,88.32000000000001
2020,12,9,19,0,89.68
2020,12,9,20,0,90.48
2020,12,9,21,0,91.10000000000001
2020,12,9,22,0,91.65
2020,12,9,23,0,91.82000000000001
2020,12,10,0,0,92.31
2020,12,10,1,0,92.56
2020,12,10,2,0,92.83
2020,12,10,3,0,92.62
2020,12,10,4,0,92.41
2020,12,10,5,0,91.97
2020,12,10,6,0,91.36
2020,12,10,7,0,89.26
2020,12,10,8,0,85.57000000000001
2020,12,10,9,0,81.57000000000001
2020,12,10,10,0,79.37
2020,12,10,11,0,77.49
2020,12,10,12,0,77.05
2020,12,10,13,0,76.61
2020,12,10,14,0,76.91
2020,12,10,15,0,79.05
2020,12,10,16,0,82.32000000000001
2020,12,10,17,0,86.05
2020,12,10,18,0,88.06
2020,12,10,19,0,88.81
2020,12,10,20,0,90
2020,12,10,21,0,90.54
2020,12,10,22,0,90.92
2020,12,10,23,0,91.29
2020,12,11,0,0,91.82000000000001
2020,12,11,1,0,92.04
2020,12,11,2,0,92.32000000000001
2020,12,11,3,0,92.12
2020,12,11,4,0,91.97
2020,12,11,5,0,92.47
2020,12,11,6,0,92.04
2020,12,11,7,0,91.16
2020,12,11,8,0,88.45
2020,12,11,9,0,85.38
2020,12,11,10,0,82.49
2020,12,11,11,0,80.94
2020,12,11,12,0,79.24
2020,12,11,13,0,78.36
2020,12,11,14,0,78.28
2020,12,11,15,0,79.54
2020,12,11,16,0,82.22
2020,12,11,17,0,85.88
2020,12,11,18,0,87.83
2020,12,11,19,0,88.43
2020,12,11,20,0,89.25
2020,12,11,21,0,89.99
2020,12,11,22,0,90.84
2020,12,11,23,0,91.62
2020,12,12,0,0,92
2020,12,12,1,0,92.34
2020,12,12,2,0,92.27
2020,12,12,3,0,92.32000000000001
2020,12,12,4,0,92.85000000000001
2020,12,12,5,0,92.9
2020,12,12,6,0,93.09
2020,12,12,7,0,92.04
2020,12,12,8,0,90.27
2020,12,12,9,0,88.91
2020,12,12,10,0,88.29
2020,12,12,11,0,87.55
2020,12,12,12,0,87.16
2020,12,12,13,0,87.03
2020,12,12,14,0,87.43
2020,12,12,15,0,89.04
2020,12,12,16,0,90.35000000000001
2020,12,12,17,0,92.15
2020,12,12,18,0,92.24
2020,12,12,19,0,92.86
2020,12,12,20,0,92.82000000000001
2020,12,12,21,0,92.79
2020,12,12,22,0,92.89
2020,12,12,23,0,93.23
2020,12,13,0,0,93
2020,12,13,1,0,93.22
2020,12,13,2,0,93.17
2020,12,13,3,0,93.07000000000001
2020,12,13,4,0,92.94
2020,12,13,5,0,92.4
2020,12,13,6,0,92.06
2020,12,13,7,0,90.03
2020,12,13,8,0,86.69
2020,12,13,9,0,83.15
2020,12,13,10,0,80.41
2020,12,13,11,0,78.24
2020,12,13,12,0,77.53
2020,12,13,13,0,77.14
2020,12,13,14,0,78.12
2020,12,13,15,0,79.7
2020,12,13,16,0,83.58
2020,12,13,17,0,88.67
2020,12,13,18,0,91.34
2020,12,13,19,0,92.35000000000001
2020,12,13,20,0,92.84
2020,12,13,21,0,92.85000000000001
2020,12,13,22,0,93.13
2020,12,13,23,0,92.96000000000001
2020,12,14,0,0,93.5
2020,12,14,1,0,93.3
2020,12,14,2,0,93.35000000000001
2020,12,14,3,0,93.24
2020,12,14,4,0,93
2020,12,14,5,0,93.09
2020,12,14,6,0,92.44
2020,12,14,7,0,91.17
2020,12,14,8,0,88.96000000000001
2020,12,14,9,0,85.43
2020,12,14,10,0,82.67
2020,12,14,11,0,81.2
2020,12,14,12,0,79.92
2020,12,14,13,0,79.72
2020,12,14,14,0,80.87
2020,12,14,15,0,83.13
2020,12,14,16,0,86.86
2020,12,14,17,0,90.24
2020,12,14,18,0,91.87
2020,12,14,19,0,93.04
2020,12,14,20,0,92.81
2020,12,14,21,0,93.03
2020,12,14,22,0,93.27
2020,12,14,23,0,93.41
2020,12,15,0,0,93.53
2020,12,15,1,0,93.32000000000001
2020,12,15,2,0,93.36
2020,12,15,3,0,93.71000000000001
2020,12,15,4,0,94.05
2020,12,15,5,0,94.01
2020,12,15,6,0,93.88
2020,12,15,7,0,92.89
2020,12,15,8,0,91.69
2020,12,15,9,0,88.96000000000001
2020,12,15,10,0,86.32000000000001
2020,12,15,11,0,83.28
2020,12,15,12,0,81.47
2020,12,15,13,0,81.26
2020,12,15,14,0,81.83
2020,12,15,15,0,83.92
2020,12,15,16,0,87.26
2020,12,15,17,0,90.76
2020,12,15,18,0,91.68
2020,12,15,19,0,92.34
2020,12,15,20,0,91.82000000000001
2020,12,15,21,0,90.95
2020,12,15,22,0,90.48
2020,12,15,23,0,90.92
2020,12,16,0,0,90.54
2020,12,16,1,0,90.74
2020,12,16,2,0,90.71000000000001
2020,12,16,3,0,91.05
2020,12,16,4,0,91.65
2020,12,16,5,0,91.73
2020,12,16,6,0,92.31
2020,12,16,7,0,91.24
2020,12,16,8,0,88.93
2020,12,16,9,0,85.74
2020,12,16,10,0,84.62
2020,12,16,11,0,84.43
2020,12,16,12,0,86.05
2020,12,16,13,0,87.78
2020,12,16,14,0,90.16
2020,12,16,15,0,91.37
2020,12,16,16,0,90.23
2020,12,16,17,0,90.82000000000001
2020,12,16,18,0,91.32000000000001
2020,12,16,19,0,91.64
2020,12,16,20,0,91.8
2020,12,16,21,0,92.39
2020,12,16,22,0,92.45
2020,12,16,23,0,92.52
2020,12,17,0,0,92.45
2020,12,17,1,0,92.74
2020,12,17,2,0,92.4
2020,12,17,3,0,91.93
2020,12,17,4,0,91.7
2020,12,17,5,0,91.51
2020,12,17,6,0,91.23
2020,12,17,7,0,89.88
2020,12,17,8,0,86.34
2020,12,17,9,0,82.28
2020,12,17,10,0,78.96000000000001
2020,12,17,11,0,76.97
2020,12,17,12,0,75.77
2020,12,17,13,0,75.07000000000001
2020,12,17,14,0,75.67
2020,12,17,15,0,78.18
2020,12,17,16,0,82.53
2020,12,17,17,0,86.23
2020,12,17,18,0,87.21000000000001
2020,12,17,19,0,87.55
2020,12,17,20,0,87.81
2020,12,17,21,0,88.74
2020,12,17,22,0,89.77
2020,12,17,23,0,90.43
2020,12,18,0,0,91.38
2020,12,18,1,0,92.49
2020,12,18,2,0,92.96000000000001
2020,12,18,3,0,93.28
2020,12,18,4,0,93.52
2020,12,18,5,0,94.01
2020,12,18,6,0,93.68
2020,12,18,7,0,93.2
2020,12,18,8,0,92.4
2020,12,18,9,0,91.46000000000001
2020,12,18,10,0,90.61
2020,12,18,11,0,90.18
2020,12,18,12,0,90.78
2020,12,18,13,0,91.52
2020,12,18,14,0,91.36
2020,12,18,15,0,91.7
2020,12,18,16,0,91.82000000000001
2020,12,18,17,0,92.08
2020,12,18,18,0,91.97
2020,12,18,19,0,91.57000000000001
2020,12,18,20,0,91.93
2020,12,18,21,0,92.16
2020,12,18,22,0,91.72
2020,12,18,23,0,91.64
2020,12,19,0,0,92.05
2020,12,19,1,0,92.44
2020,12,19,2,0,92.34
2020,12,19,3,0,92.07000000000001
2020,12,19,4,0,91.83
2020,12,19,5,0,92.4
2020,12,19,6,0,92.67
2020,12,19,7,0,92.46000000000001
2020,12,19,8,0,91.19
2020,12,19,9,0,88.96000000000001
2020,12,19,10,0,86.59
2020,12,19,11,0,85.68
2020,12,19,12,0,86.69
2020,12,19,13,0,87.83
2020,12,19,14,0,89.34
2020,12,19,15,0,90.98
2020,12,19,16,0,91.72
2020,12,19,17,0,92.41
2020,12,19,18,0,92.67
2020,12,19,19,0,92.68
2020,12,19,20,0,92.4
2020,12,19,21,0,92.23
2020,12,19,22,0,92.39
2020,12,19,23,0,92.5
2020,12,20,0,0,92.76
2020,12,20,1,0,92.67
2020,12,20,2,0,92.62
2020,12,20,3,0,92.24
2020,12,20,4,0,92.52
2020,12,20,5,0,92.79
2020,12,20,6,0,92.93
2020,12,20,7,0,92.07000000000001
2020,12,20,8,0,91.64
2020,12,20,9,0,89.68
2020,12,20,10,0,87.52
2020,12,20,11,0,85.73
2020,12,20,12,0,83.92
2020,12,20,13,0,82.92
2020,12,20,14,0,83.48
2020,12,20,15,0,84.96000000000001
2020,12,20,16,0,87.42
2020,12,20,17,0,90.48
2020,12,20,18,0,91.81
2020,12,20,19,0,92.55
2020,12,20,20,0,92.85000000000001
2020,12,20,21,0,93.26
2020,12,20,22,0,93.52
2020,12,20,23,0,93.74
2020,12,21,0,0,93.39
2020,12,21,1,0,93.60000000000001
2020,12,21,2,0,93.21000000000001
2020,12,21,3,0,92.86
2020,12,21,4,0,92.68
2020,12,21,5,0,92.8
2020,12,21,6,0,92.19
2020,12,21,7,0,91.02
2020,12,21,8,0,87.82000000000001
2020,12,21,9,0,84.7
2020,12,21,10,0,81.54
2020,12,21,11,0,78.68
2020,12,21,12,0,76.82000000000001
2020,12,21,13,0,76
2020,12,21,14,0,76.05
2020,12,21,15,0,77.7
2020,12,21,16,0,81.47
2020,12,21,17,0,86.86
2020,12,21,18,0,88.75
2020,12,21,19,0,90.04
2020,12,21,20,0,90.61
2020,12,21,21,0,91.15
2020,12,21,22,0,91.48
2020,12,21,23,0,92.47
2020,12,22,0,0,92.8
2020,12,22,1,0,93.36
2020,12,22,2,0,93.61
2020,12,22,3,0,93.7
2020,12,22,4,0,93.35000000000001
2020,12,22,5,0,92.8
2020,12,22,6,0,91.36
2020,12,22,7,0,88.61
2020,12,22,8,0,85.01
2020,12,22,9,0,81.36
2020,12,22,10,0,78.21000000000001
2020,12,22,11,0,76.34
2020,12,22,12,0,75.08
2020,12,22,13,0,74.68
2020,12,22,14,0,74.74
2020,12,22,15,0,76.49
2020,12,22,16,0,79.81
2020,12,22,17,0,85.77
2020,12,22,18,0,88.86
2020,12,22,19,0,90.65
2020,12,22,20,0,92.18
2020,12,22,21,0,93
2020,12,22,22,0,93.77
2020,12,22,23,0,93.4
2020,12,23,0,0,93.79
2020,12,23,1,0,93.77
2020,12,23,2,0,93.60000000000001
2020,12,23,3,0,93.79
2020,12,23,4,0,94.09
2020,12,23,5,0,93.68
2020,12,23,6,0,93.41
2020,12,23,7,0,91.49
2020,12,23,8,0,87.48
2020,12,23,9,0,83.58
2020,12,23,10,0,79.85000000000001
2020,12,23,11,0,78.05
2020,12,23,12,0,76.95
2020,12,23,13,0,76.84
2020,12,23,14,0,76.99
2020,12,23,15,0,78.73
2020,12,23,16,0,82.13
2020,12,23,17,0,87.59
2020,12,23,18,0,89.31
2020,12,23,19,0,90.15
2020,12,23,20,0,90.14
2020,12,23,21,0,89.58
2020,12,23,22,0,89.83
2020,12,23,23,0,90.46000000000001
2020,12,24,0,0,90.43
2020,12,24,1,0,90.27
2020,12,24,2,0,90
2020,12,24,3,0,89.9
2020,12,24,4,0,89.60000000000001
2020,12,24,5,0,89.89
2020,12,24,6,0,89.23
2020,12,24,7,0,85.98
2020,12,24,8,0,81.41
2020,12,24,9,0,78.06
2020,12,24,10,0,75.51
2020,12,24,11,0,73.14
2020,12,24,12,0,71.39
2020,12,24,13,0,70.93
2020,12,24,14,0,71.07000000000001
2020,12,24,15,0,72.91
2020,12,24,16,0,77.2
2020,12,24,17,0,83.85000000000001
2020,12,24,18,0,86.55
2020,12,24,19,0,88.09
2020,12,24,20,0,88.88
2020,12,24,21,0,89.63
2020,12,24,22,0,90.36
2020,12,24,23,0,90.74
2020,12,25,0,0,91.15
2020,12,25,1,0,91.93
2020,12,25,2,0,92.85000000000001
2020,12,25,3,0,93.74
2020,12,25,4,0,94.33
2020,12,25,5,0,93.86
2020,12,25,6,0,93.06
2020,12,25,7,0,90.86
2020,12,25,8,0,88.29
2020,12,25,9,0,85.07000000000001
2020,12,25,10,0,82.85000000000001
2020,12,25,11,0,81.10000000000001
2020,12,25,12,0,80.45
2020,12,25,13,0,80.68
2020,12,25,14,0,81.45
2020,12,25,15,0,83.85000000000001
2020,12,25,16,0,87.64
2020,12,25,17,0,90.84
2020,12,25,18,0,92.27
2020,12,25,19,0,93.25
2020,12,25,20,0,93.68
2020,12,25,21,0,93.79
2020,12,25,22,0,93.77
2020,12,25,23,0,94
2020,12,26,0,0,93.83
2020,12,26,1,0,94.08
2020,12,26,2,0,94.25
2020,12,26,3,0,94.53
2020,12,26,4,0,94.25
2020,12,26,5,0,94.11
2020,12,26,6,0,93.73
2020,12,26,7,0,93.73
2020,12,26,8,0,93
2020,12,26,9,0,92.53
2020,12,26,10,0,91.42
2020,12,26,11,0,90.57000000000001
2020,12,26,12,0,89.08
2020,12,26,13,0,87.45
2020,12,26,14,0,86.81
2020,12,26,15,0,87.95
2020,12,26,16,0,90.28
2020,12,26,17,0,92.28
2020,12,26,18,0,92.19
2020,12,26,19,0,92.28
2020,12,26,20,0,92.81
2020,12,26,21,0,92.78
2020,12,26,22,0,93.3
2020,12,26,23,0,93.67
2020,12,27,0,0,94.06
2020,12,27,1,0,94.11
2020,12,27,2,0,93.66
2020,12,27,3,0,93.44
2020,12,27,4,0,92.9
2020,12,27,5,0,92.42
2020,12,27,6,0,92.14
2020,12,27,7,0,90.99
2020,12,27,8,0,89.17
2020,12,27,9,0,87.03
2020,12,27,10,0,84.61
2020,12,27,11,0,82.9
2020,12,27,12,0,83.24
2020,12,27,13,0,84.57000000000001
2020,12,27,14,0,86.68
2020,12,27,15,0,89.35000000000001
2020,12,27,16,0,92.08
2020,12,27,17,0,94.04
2020,12,27,18,0,94.21000000000001
2020,12,27,19,0,94.13
2020,12,27,20,0,94.11
2020,12,27,21,0,94.17
2020,12,27,22,0,94.26
2020,12,27,23,0,93.89
2020,12,28,0,0,94.14
2020,12,28,1,0,93.92
2020,12,28,2,0,93.44
2020,12,28,3,0,92.94
2020,12,28,4,0,92.62
2020,12,28,5,0,92.32000000000001
2020,12,28,6,0,91.85000000000001
2020,12,28,7,0,90.58
2020,12,28,8,0,88.08
2020,12,28,9,0,85.45
2020,12,28,10,0,83.07000000000001
2020,12,28,11,0,81.51
2020,12,28,12,0,80.31
2020,12,28,13,0,80.32000000000001
2020,12,28,14,0,79.89
2020,12,28,15,0,81.24
2020,12,28,16,0,82.73
2020,12,28,17,0,86.22
2020,12,28,18,0,86.95
2020,12,28,19,0,87.78
2020,12,28,20,0,88.05
2020,12,28,21,0,88.28
2020,12,28,22,0,87.87
2020,12,28,23,0,88.13
2020,12,29,0,0,88.99
2020,12,29,1,0,89.88
2020,12,29,2,0,90.65
2020,12,29,3,0,90.96000000000001
2020,12,29,4,0,91.24
2020,12,29,5,0,91.07000000000001
2020,12,29,6,0,91.23
2020,12,29,7,0,88.75
2020,12,29,8,0,84.35000000000001
2020,12,29,9,0,80.77
2020,12,29,10,0,77.55
2020,12,29,11,0,75.85000000000001
2020,12,29,12,0,74.54
2020,12,29,13,0,75.11
2020,12,29,14,0,76.26
2020,12,29,15,0,77.43
2020,12,29,16,0,80.79
2020,12,29,17,0,85.10000000000001
2020,12,29,18,0,87.25
2020,12,29,19,0,88.97
2020,12,29,20,0,90.33
2020,12,29,21,0,91.53
2020,12,29,22,0,92.81
2020,12,29,23,0,93.57000000000001
2020,12,30,0,0,94
2020,12,30,1,0,94.95
2020,12,30,2,0,94.86
2020,12,30,3,0,94.74
2020,12,30,4,0,94.60000000000001
2020,12,30,5,0,94.59
2020,12,30,6,0,94.33
2020,12,30,7,0,92.83
2020,12,30,8,0,90.13
2020,12,30,9,0,87.92
2020,12,30,10,0,85.13
2020,12,30,11,0,83.57000000000001
2020,12,30,12,0,82.08
2020,12,30,13,0,81.74
2020,12,30,14,0,82.53
2020,12,30,15,0,84.03
2020,12,30,16,0,87.53
2020,12,30,17,0,91.06
2020,12,30,18,0,93.04
2020,12,30,19,0,93.74
2020,12,30,20,0,94.23
2020,12,30,21,0,94.13
2020,12,30,22,0,94.32000000000001
2020,12,30,23,0,94.77
2020,12,31,0,0,94.8
2020,12,31,1,0,94.7
2020,12,31,2,0,94.56
2020,12,31,3,0,93.95
2020,12,31,4,0,93.78
2020,12,31,5,0,93.73
2020,12,31,6,0,92.94
2020,12,31,7,0,92
2020,12,31,8,0,89.21000000000001
2020,12,31,9,0,86.32000000000001
2020,12,31,10,0,84.32000000000001
2020,12,31,11,0,83.46000000000001
2020,12,31,12,0,84.03
2020,12,31,13,0,85.60000000000001
2020,12,31,14,0,87.58
2020,12,31,15,0,89.69
2020,12,31,16,0,91.7
2020,12,31,17,0,93.77
2020,12,31,18,0,94.12
2020,12,31,19,0,94.16
2020,12,31,20,0,94.43
2020,12,31,21,0,94.65
2020,12,31,22,0,94.55
2020,12,31,23,0,94.82000000000001
