Latitude (decimal degrees):	10.738
Longitude (decimal degrees):	122.543
Elevation (m):	10
Radiation database:	PVGIS-ERA5


Slope: - deg. 
Azimuth: - deg. 
Nominal power of the PV system (c-Si) (kWp):	1.0
System losses (%):	14.0
time,P,G(i),H_sun,T2m,WS10m,Int
20200101:0030,613.18,769.16,29.91,25.96,7.17,0.0
20200101:0130,729.14,923.16,41.34,26.8,8.48,0.0
20200101:0230,666.47,842.9,50.58,27.59,8.83,0.0
20200101:0330,679.3,860.89,55.78,28.12,8.69,0.0
20200101:0430,720.59,919.92,55.07,28.43,8.55,0.0
20200101:0530,620.21,787.47,48.77,28.59,8.28,0.0
20200101:0630,620.97,784.16,38.91,28.31,8.55,0.0
20200101:0730,539.78,675.9,27.15,27.69,8.41,0.0
20200101:0830,290.58,364.95,14.39,27.39,8.34,0.0
20200101:0930,0.0,4.06,1.07,26.57,7.72,0.0
20200101:1030,0.0,0.0,0.0,25.9,7.52,0.0
20200101:1130,0.0,0.0,0.0,25.67,7.59,0.0
20200101:1230,0.0,0.0,0.0,25.69,7.79,0.0
20200101:1330,0.0,0.0,0.0,25.57,7.66,0.0
20200101:1430,0.0,0.0,0.0,25.37,7.66,0.0
20200101:1530,0.0,0.0,0.0,25.04,7.45,0.0
20200101:1630,0.0,0.0,0.0,24.94,7.03,0.0
20200101:1730,0.0,0.0,0.0,24.77,6.9,0.0
20200101:1830,0.0,0.0,0.0,24.84,6.9,0.0
20200101:1930,0.0,0.0,0.0,24.84,6.69,0.0
20200101:2030,0.0,0.0,0.0,24.86,6.41,0.0
20200101:2130,0.0,0.0,0.0,24.9,6.55,0.0
20200101:2230,362.33,446.71,4.11,25.06,6.62,0.0
20200101:2330,543.97,675.8,17.32,25.26,6.83,0.0
20200102:0030,671.85,847.85,29.86,26.08,7.03,0.0
20200102:0130,695.26,879.09,41.32,27.01,8.41,0.0
20200102:0230,639.0,806.63,50.59,27.77,8.69,0.0
20200102:0330,726.61,924.36,55.84,28.07,8.83,0.0
20200102:0430,582.05,734.52,55.18,28.54,8.9,0.0
20200102:0530,688.88,874.39,48.9,28.5,8.69,0.0
20200102:0630,682.92,867.2,39.04,28.66,8.76,0.0
20200102:0730,625.65,789.29,27.28,28.41,8.62,0.0
20200102:0830,541.09,678.91,14.51,28.06,7.79,0.0
20200102:0930,0.29,6.71,1.19,27.44,7.1,0.0
20200102:1030,0.0,0.0,0.0,26.72,7.03,0.0
20200102:1130,0.0,0.0,0.0,26.31,7.38,0.0
20200102:1230,0.0,0.0,0.0,26.1,7.38,0.0
20200102:1330,0.0,0.0,0.0,25.96,7.24,0.0
20200102:1430,0.0,0.0,0.0,25.83,7.24,0.0
20200102:1530,0.0,0.0,0.0,25.7,7.31,0.0
20200102:1630,0.0,0.0,0.0,25.48,7.24,0.0
20200102:1730,0.0,0.0,0.0,25.21,7.24,0.0
20200102:1830,0.0,0.0,0.0,24.97,7.17,0.0
20200102:1930,0.0,0.0,0.0,24.89,7.66,0.0
20200102:2030,0.0,0.0,0.0,24.73,7.24,0.0
20200102:2130,0.0,0.0,0.0,24.64,6.83,0.0
20200102:2230,139.11,181.53,4.03,24.66,6.55,0.0
20200102:2330,217.53,276.14,17.25,24.81,6.48,0.0
20200103:0030,388.17,482.08,29.81,25.18,7.1,0.0
20200103:0130,505.81,630.73,41.3,25.78,7.1,0.0
20200103:0230,523.11,657.41,50.62,26.55,7.03,0.0
20200103:0330,557.52,702.88,55.92,26.8,7.17,0.0
20200103:0430,574.4,723.67,55.3,26.9,7.86,0.0
20200103:0530,567.3,713.42,49.04,27.02,7.86,0.0
20200103:0630,524.29,657.45,39.18,27.35,7.86,0.0
20200103:0730,559.44,698.14,27.41,26.82,8.0,0.0
20200103:0830,241.92,304.63,14.64,26.5,8.07,0.0
20200103:0930,0.0,5.41,1.31,25.66,7.52,0.0
20200103:1030,0.0,0.0,0.0,25.26,7.1,0.0
20200103:1130,0.0,0.0,0.0,25.15,6.97,0.0
20200103:1230,0.0,0.0,0.0,25.24,7.03,0.0
20200103:1330,0.0,0.0,0.0,25.09,6.76,0.0
20200103:1430,0.0,0.0,0.0,25.13,6.48,0.0
20200103:1530,0.0,0.0,0.0,25.06,6.41,0.0
20200103:1630,0.0,0.0,0.0,25.05,6.41,0.0
20200103:1730,0.0,0.0,0.0,24.73,6.14,0.0
20200103:1830,0.0,0.0,0.0,24.6,6.14,0.0
20200103:1930,0.0,0.0,0.0,24.52,6.07,0.0
20200103:2030,0.0,0.0,0.0,24.4,6.55,0.0
20200103:2130,0.0,0.0,0.0,24.24,6.83,0.0
20200103:2230,131.06,172.03,3.95,24.36,7.03,0.0
20200103:2330,399.63,492.41,17.19,24.39,6.55,0.0
20200104:0030,437.43,540.01,29.77,24.76,7.24,0.0
20200104:0130,591.54,739.06,41.29,25.44,7.24,0.0
20200104:0230,715.73,907.51,50.64,26.23,7.38,0.0
20200104:0330,646.0,814.83,56.0,26.69,8.07,0.0
20200104:0430,561.4,706.39,55.43,27.14,8.07,0.0
20200104:0530,642.92,809.23,49.18,26.84,8.21,0.0
20200104:0630,653.45,820.88,39.32,26.86,8.41,0.0
20200104:0730,520.86,648.67,27.55,26.81,8.14,0.0
20200104:0830,429.93,533.77,14.76,26.5,7.17,0.0
20200104:0930,0.06,6.02,1.43,26.02,6.76,0.0
20200104:1030,0.0,0.0,0.0,25.54,5.79,0.0
20200104:1130,0.0,0.0,0.0,25.06,5.59,0.0
20200104:1230,0.0,0.0,0.0,24.86,5.66,0.0
20200104:1330,0.0,0.0,0.0,24.84,5.86,0.0
20200104:1430,0.0,0.0,0.0,24.65,6.34,0.0
20200104:1530,0.0,0.0,0.0,24.57,6.83,0.0
20200104:1630,0.0,0.0,0.0,24.67,6.9,0.0
20200104:1730,0.0,0.0,0.0,24.67,6.76,0.0
20200104:1830,0.0,0.0,0.0,24.61,6.69,0.0
20200104:1930,0.0,0.0,0.0,24.64,6.48,0.0
20200104:2030,0.0,0.0,0.0,24.52,6.62,0.0
20200104:2130,0.0,0.0,0.0,24.6,6.62,0.0
20200104:2230,309.15,382.03,3.87,24.65,6.34,0.0
20200104:2330,551.02,685.84,17.13,24.82,6.21,0.0
20200105:0030,534.77,665.82,29.74,25.65,7.31,0.0
20200105:0130,700.87,888.59,41.28,26.57,7.52,0.0
20200105:0230,744.04,950.88,50.68,27.24,7.59,0.0
20200105:0330,701.74,896.74,56.08,27.89,7.45,0.0
20200105:0430,656.47,836.66,55.56,28.14,7.24,0.0
20200105:0530,618.18,784.91,49.33,28.14,7.17,0.0
20200105:0630,615.76,779.5,39.47,28.05,7.45,0.0
20200105:0730,557.43,699.46,27.68,27.53,7.66,0.0
20200105:0830,469.9,583.83,14.89,27.03,7.79,0.0
20200105:0930,0.06,6.03,1.55,26.14,6.9,0.0
20200105:1030,0.0,0.0,0.0,25.52,6.83,0.0
20200105:1130,0.0,0.0,0.0,25.22,7.03,0.0
20200105:1230,0.0,0.0,0.0,25.08,6.83,0.0
20200105:1330,0.0,0.0,0.0,24.96,6.97,0.0
20200105:1430,0.0,0.0,0.0,24.92,6.83,0.0
20200105:1530,0.0,0.0,0.0,24.76,6.69,0.0
20200105:1630,0.0,0.0,0.0,24.7,6.41,0.0
20200105:1730,0.0,0.0,0.0,24.68,6.48,0.0
20200105:1830,0.0,0.0,0.0,24.57,6.69,0.0
20200105:1930,0.0,0.0,0.0,24.65,6.28,0.0
20200105:2030,0.0,0.0,0.0,24.57,6.14,0.0
20200105:2130,0.0,0.0,0.0,24.6,6.14,0.0
20200105:2230,236.88,296.02,3.8,24.5,6.07,0.0
20200105:2330,251.16,315.34,17.07,24.63,6.14,0.0
20200106:0030,530.65,661.87,29.7,25.13,6.07,0.0
20200106:0130,547.88,684.17,41.28,25.92,7.31,0.0
20200106:0230,596.56,749.43,50.72,26.24,7.66,0.0
20200106:0330,697.85,884.36,56.18,26.82,7.93,0.0
20200106:0430,724.67,924.48,55.7,27.37,7.79,0.0
20200106:0530,580.22,730.8,49.48,27.69,7.79,0.0
20200106:0630,624.5,789.53,39.61,27.72,7.72,0.0
20200106:0730,553.56,694.48,27.82,27.72,7.86,0.0
20200106:0830,398.23,495.54,15.02,27.19,7.59,0.0
20200106:0930,0.09,6.1,1.67,26.31,6.69,0.0
20200106:1030,0.0,0.0,0.0,25.53,6.28,0.0
20200106:1130,0.0,0.0,0.0,25.26,5.93,0.0
20200106:1230,0.0,0.0,0.0,25.31,6.48,0.0
20200106:1330,0.0,0.0,0.0,25.16,6.41,0.0
20200106:1430,0.0,0.0,0.0,25.04,5.86,0.0
20200106:1530,0.0,0.0,0.0,24.82,5.72,0.0
20200106:1630,0.0,0.0,0.0,24.69,5.59,0.0
20200106:1730,0.0,0.0,0.0,24.64,5.31,0.0
20200106:1830,0.0,0.0,0.0,24.57,5.1,0.0
20200106:1930,0.0,0.0,0.0,24.68,4.9,0.0
20200106:2030,0.0,0.0,0.0,24.55,4.69,0.0
20200106:2130,0.0,0.0,0.0,24.54,4.69,0.0
20200106:2230,160.12,206.99,3.73,24.58,4.69,0.0
20200106:2330,331.15,412.84,17.02,24.73,4.9,0.0
20200107:0030,588.71,740.84,29.68,25.32,5.72,0.0
20200107:0130,686.74,876.39,41.28,26.25,6.21,0.0
20200107:0230,616.58,783.44,50.76,26.89,6.41,0.0
20200107:0330,723.38,931.83,56.28,27.34,6.34,0.0
20200107:0430,551.03,698.64,55.84,27.94,6.48,0.0
20200107:0530,605.8,775.17,49.64,27.76,6.14,0.0
20200107:0630,687.38,881.32,39.77,27.86,6.34,0.0
20200107:0730,564.38,718.75,27.97,28.11,5.59,0.0
20200107:0830,302.47,382.37,15.15,27.72,5.45,0.0
20200107:0930,1.35,9.32,1.79,27.01,4.76,0.0
20200107:1030,0.0,0.0,0.0,26.25,4.76,0.0
20200107:1130,0.0,0.0,0.0,25.74,4.9,0.0
20200107:1230,0.0,0.0,0.0,25.45,4.9,0.0
20200107:1330,0.0,0.0,0.0,25.23,4.69,0.0
20200107:1430,0.0,0.0,0.0,25.16,4.62,0.0
20200107:1530,0.0,0.0,0.0,25.04,4.69,0.0
20200107:1630,0.0,0.0,0.0,24.89,4.83,0.0
20200107:1730,0.0,0.0,0.0,24.89,5.03,0.0
20200107:1830,0.0,0.0,0.0,24.8,5.03,0.0
20200107:1930,0.0,0.0,0.0,24.82,4.9,0.0
20200107:2030,0.0,0.0,0.0,24.64,4.62,0.0
20200107:2130,0.0,0.0,0.0,24.49,4.41,0.0
20200107:2230,105.1,142.52,3.67,24.42,4.41,0.0
20200107:2330,280.79,353.18,16.97,24.6,4.55,0.0
20200108:0030,442.75,556.55,29.65,25.48,4.9,0.0
20200108:0130,542.18,687.43,41.29,26.4,5.52,0.0
20200108:0230,648.34,836.73,50.82,27.15,5.1,0.0
20200108:0330,680.7,884.71,56.39,27.94,5.17,0.0
20200108:0430,687.22,894.33,55.99,28.46,5.31,0.0
20200108:0530,697.71,906.52,49.8,28.61,5.66,0.0
20200108:0630,726.91,943.36,39.92,28.64,6.07,0.0
20200108:0730,571.5,723.74,28.11,28.08,6.55,0.0
20200108:0830,532.94,671.56,15.29,27.53,6.0,0.0
20200108:0930,0.49,7.22,1.91,26.81,5.31,0.0
20200108:1030,0.0,0.0,0.0,25.9,5.03,0.0
20200108:1130,0.0,0.0,0.0,25.3,5.03,0.0
20200108:1230,0.0,0.0,0.0,25.04,5.24,0.0
20200108:1330,0.0,0.0,0.0,24.97,5.38,0.0
20200108:1430,0.0,0.0,0.0,24.92,5.31,0.0
20200108:1530,0.0,0.0,0.0,24.83,5.52,0.0
20200108:1630,0.0,0.0,0.0,24.85,5.72,0.0
20200108:1730,0.0,0.0,0.0,24.96,6.0,0.0
20200108:1830,0.0,0.0,0.0,25.15,6.07,0.0
20200108:1930,0.0,0.0,0.0,25.16,6.21,0.0
20200108:2030,0.0,0.0,0.0,25.22,6.14,0.0
20200108:2130,0.0,0.0,0.0,25.21,6.14,0.0
20200108:2230,66.08,95.89,3.6,25.28,6.14,0.0
20200108:2330,372.75,462.12,16.93,25.39,6.14,0.0
20200109:0030,416.9,520.08,29.63,25.96,6.21,0.0
20200109:0130,482.36,602.79,41.3,26.43,6.76,0.0
20200109:0230,609.87,769.41,50.88,26.97,7.03,0.0
20200109:0330,618.63,783.01,56.51,27.66,7.24,0.0
20200109:0430,601.21,761.61,56.15,28.09,7.38,0.0
20200109:0530,640.75,815.16,49.96,28.18,7.24,0.0
20200109:0630,276.02,351.17,40.08,28.14,7.1,0.0
20200109:0730,446.2,559.73,28.25,27.27,6.21,0.0
20200109:0830,303.22,381.0,15.42,27.18,6.14,0.0
20200109:0930,0.19,6.4,2.03,26.68,5.52,0.0
20200109:1030,0.0,0.0,0.0,26.17,5.38,0.0
20200109:1130,0.0,0.0,0.0,25.9,5.45,0.0
20200109:1230,0.0,0.0,0.0,25.66,5.52,0.0
20200109:1330,0.0,0.0,0.0,25.54,5.72,0.0
20200109:1430,0.0,0.0,0.0,25.38,5.86,0.0
20200109:1530,0.0,0.0,0.0,25.25,6.0,0.0
20200109:1630,0.0,0.0,0.0,25.12,6.0,0.0
20200109:1730,0.0,0.0,0.0,24.99,6.0,0.0
20200109:1830,0.0,0.0,0.0,24.82,5.93,0.0
20200109:1930,0.0,0.0,0.0,24.79,6.07,0.0
20200109:2030,0.0,0.0,0.0,24.71,5.93,0.0
20200109:2130,0.0,0.0,0.0,24.6,5.86,0.0
20200109:2230,330.06,407.25,3.54,24.52,6.0,0.0
20200109:2330,546.78,680.58,16.88,24.8,6.07,0.0
20200110:0030,623.38,782.46,29.62,25.64,6.83,0.0
20200110:0130,673.8,850.69,41.32,26.65,7.86,0.0
20200110:0230,718.24,916.26,50.94,27.5,7.86,0.0
20200110:0330,703.12,898.32,56.63,28.19,7.72,0.0
20200110:0430,689.52,883.93,56.31,28.59,7.52,0.0
20200110:0530,672.13,861.53,50.14,28.67,7.1,0.0
20200110:0630,621.52,793.76,40.24,28.59,6.83,0.0
20200110:0730,656.58,840.58,28.4,28.34,6.48,0.0
20200110:0830,448.34,563.28,15.55,27.96,6.28,0.0
20200110:0930,0.87,8.19,2.16,27.17,5.59,0.0
20200110:1030,0.0,0.0,0.0,26.28,5.45,0.0
20200110:1130,0.0,0.0,0.0,25.89,5.38,0.0
20200110:1230,0.0,0.0,0.0,25.46,5.38,0.0
20200110:1330,0.0,0.0,0.0,25.25,5.59,0.0
20200110:1430,0.0,0.0,0.0,25.06,5.93,0.0
20200110:1530,0.0,0.0,0.0,24.74,5.79,0.0
20200110:1630,0.0,0.0,0.0,24.61,5.45,0.0
20200110:1730,0.0,0.0,0.0,24.51,5.24,0.0
20200110:1830,0.0,0.0,0.0,24.52,5.24,0.0
20200110:1930,0.0,0.0,0.0,24.64,4.9,0.0
20200110:2030,0.0,0.0,0.0,24.6,5.03,0.0
20200110:2130,0.0,0.0,0.0,24.5,5.1,0.0
20200110:2230,310.58,384.29,3.49,24.43,5.31,0.0
20200110:2330,493.88,614.44,16.84,24.61,5.17,0.0
20200111:0030,513.92,641.42,29.61,25.42,5.93,0.0
20200111:0130,683.37,868.96,41.34,26.29,6.28,0.0
20200111:0230,645.95,821.94,51.01,27.23,6.55,0.0
20200111:0330,705.43,905.16,56.76,27.86,6.69,0.0
20200111:0430,567.86,722.62,56.48,28.24,6.76,0.0
20200111:0530,667.23,856.2,50.31,28.3,6.62,0.0
20200111:0630,666.98,855.41,40.4,28.42,6.48,0.0
20200111:0730,616.76,789.43,28.55,28.44,5.86,0.0
20200111:0830,508.15,642.88,15.69,28.14,5.52,0.0
20200111:0930,1.24,9.06,2.28,27.35,4.83,0.0
20200111:1030,0.0,0.0,0.0,26.34,4.83,0.0
20200111:1130,0.0,0.0,0.0,25.78,5.03,0.0
20200111:1230,0.0,0.0,0.0,25.46,4.97,0.0
20200111:1330,0.0,0.0,0.0,25.23,4.76,0.0
20200111:1430,0.0,0.0,0.0,25.1,4.83,0.0
20200111:1530,0.0,0.0,0.0,25.03,4.97,0.0
20200111:1630,0.0,0.0,0.0,24.96,5.03,0.0
20200111:1730,0.0,0.0,0.0,24.8,5.1,0.0
20200111:1830,0.0,0.0,0.0,24.62,5.1,0.0
20200111:1930,0.0,0.0,0.0,24.52,4.48,0.0
20200111:2030,0.0,0.0,0.0,24.51,4.41,0.0
20200111:2130,0.0,0.0,0.0,24.36,4.28,0.0
20200111:2230,262.71,327.81,3.43,24.26,4.28,0.0
20200111:2330,401.33,500.19,16.81,24.53,4.21,0.0
20200112:0030,556.8,702.33,29.6,25.48,4.9,0.0
20200112:0130,538.02,677.76,41.37,26.32,6.21,0.0
20200112:0230,695.13,890.26,51.09,26.91,6.34,0.0
20200112:0330,622.19,793.72,56.9,27.6,6.48,0.0
20200112:0430,582.13,740.18,56.66,27.91,6.62,0.0
20200112:0530,467.4,589.53,50.49,27.77,7.03,0.0
20200112:0630,335.62,423.0,40.57,27.36,6.34,0.0
20200112:0730,249.93,319.15,28.7,27.09,5.24,0.0
20200112:0830,192.02,248.43,15.82,26.7,4.97,0.0
20200112:0930,46.79,72.92,2.4,26.27,4.41,0.0
20200112:1030,0.0,0.0,0.0,25.82,4.0,0.0
20200112:1130,0.0,0.0,0.0,25.58,4.0,0.0
20200112:1230,0.0,0.0,0.0,25.37,3.93,0.0
20200112:1330,0.0,0.0,0.0,25.08,3.86,0.0
20200112:1430,0.0,0.0,0.0,24.85,3.66,0.0
20200112:1530,0.0,0.0,0.0,24.66,3.38,0.0
20200112:1630,0.0,0.0,0.0,24.57,3.31,0.0
20200112:1730,0.0,0.0,0.0,24.39,3.31,0.0
20200112:1830,0.0,0.0,0.0,24.25,3.24,0.0
20200112:1930,0.0,0.0,0.0,24.21,2.69,0.0
20200112:2030,0.0,0.0,0.0,24.21,2.97,0.0
20200112:2130,0.0,0.0,0.0,24.11,3.24,0.0
20200112:2230,155.1,200.83,3.38,24.11,3.38,0.0
20200112:2330,283.14,355.04,16.78,24.41,3.79,0.0
20200113:0030,409.93,514.27,29.6,25.17,4.28,0.0
20200113:0130,400.36,504.28,41.4,26.12,4.69,0.0
20200113:0230,478.94,607.35,51.18,26.76,4.9,0.0
20200113:0330,406.82,517.32,57.04,27.54,5.24,0.0
20200113:0430,498.22,635.74,56.84,27.77,5.31,0.0
20200113:0530,586.39,752.86,50.68,27.96,5.17,0.0
20200113:0630,423.56,539.67,40.74,28.25,5.1,0.0
20200113:0730,498.75,633.38,28.85,27.88,5.1,0.0
20200113:0830,353.52,444.15,15.96,27.65,5.59,0.0
20200113:0930,215.18,273.63,2.52,27.03,5.31,0.0
20200113:1030,0.0,0.0,0.0,26.3,4.97,0.0
20200113:1130,0.0,0.0,0.0,25.79,4.62,0.0
20200113:1230,0.0,0.0,0.0,25.31,4.41,0.0
20200113:1330,0.0,0.0,0.0,25.06,4.34,0.0
20200113:1430,0.0,0.0,0.0,24.76,4.34,0.0
20200113:1530,0.0,0.0,0.0,24.56,4.41,0.0
20200113:1630,0.0,0.0,0.0,24.43,4.48,0.0
20200113:1730,0.0,0.0,0.0,24.44,4.69,0.0
20200113:1830,0.0,0.0,0.0,24.41,4.69,0.0
20200113:1930,0.0,0.0,0.0,24.55,4.48,0.0
20200113:2030,0.0,0.0,0.0,24.46,4.0,0.0
20200113:2130,0.0,0.0,0.0,24.43,3.93,0.0
20200113:2230,333.12,413.38,3.34,24.41,4.07,0.0
20200113:2330,490.96,615.17,16.75,24.66,4.07,0.0
20200114:0030,620.8,792.49,29.6,25.68,4.34,0.0
20200114:0130,642.55,817.3,41.44,26.83,6.34,0.0
20200114:0230,607.01,774.81,51.27,27.68,6.41,0.0
20200114:0330,623.7,800.51,57.19,28.18,6.21,0.0
20200114:0430,656.66,848.15,57.03,28.55,5.79,0.0
20200114:0530,682.85,884.61,50.87,28.62,5.66,0.0
20200114:0630,619.39,795.36,40.91,28.73,5.93,0.0
20200114:0730,666.27,853.72,29.01,28.2,6.28,0.0
20200114:0830,531.58,670.66,16.1,27.86,6.14,0.0
20200114:0930,372.53,465.23,2.64,27.31,5.52,0.0
20200114:1030,0.0,0.0,0.0,26.37,5.17,0.0
20200114:1130,0.0,0.0,0.0,25.79,5.17,0.0
20200114:1230,0.0,0.0,0.0,25.41,5.45,0.0
20200114:1330,0.0,0.0,0.0,25.18,5.38,0.0
20200114:1430,0.0,0.0,0.0,24.97,5.24,0.0
20200114:1530,0.0,0.0,0.0,24.85,5.1,0.0
20200114:1630,0.0,0.0,0.0,24.8,4.97,0.0
20200114:1730,0.0,0.0,0.0,24.79,5.03,0.0
20200114:1830,0.0,0.0,0.0,24.85,5.1,0.0
20200114:1930,0.0,0.0,0.0,24.92,5.1,0.0
20200114:2030,0.0,0.0,0.0,25.0,5.03,0.0
20200114:2130,0.0,0.0,0.0,25.05,5.17,0.0
20200114:2230,177.6,227.32,3.29,24.97,5.17,0.0
20200114:2330,351.52,437.3,16.73,25.08,5.31,0.0
20200115:0030,404.1,503.12,29.61,25.72,6.69,0.0
20200115:0130,607.95,766.24,41.49,26.33,6.9,0.0
20200115:0230,616.59,783.06,51.36,27.29,6.97,0.0
20200115:0330,720.03,924.25,57.35,27.89,6.97,0.0
20200115:0430,609.51,777.08,57.23,28.5,7.1,0.0
20200115:0530,491.57,620.89,51.06,28.32,7.03,0.0
20200115:0630,441.99,556.2,41.09,27.89,6.69,0.0
20200115:0730,354.84,446.4,29.16,27.44,6.83,0.0
20200115:0830,352.98,441.11,16.23,27.32,6.97,0.0
20200115:0930,95.63,131.96,2.76,26.89,6.34,0.0
20200115:1030,0.0,0.0,0.0,26.37,6.14,0.0
20200115:1130,0.0,0.0,0.0,25.94,6.07,0.0
20200115:1230,0.0,0.0,0.0,25.75,5.93,0.0
20200115:1330,0.0,0.0,0.0,25.65,5.93,0.0
20200115:1430,0.0,0.0,0.0,25.46,5.72,0.0
20200115:1530,0.0,0.0,0.0,25.37,5.59,0.0
20200115:1630,0.0,0.0,0.0,25.27,5.24,0.0
20200115:1730,0.0,0.0,0.0,25.19,4.9,0.0
20200115:1830,0.0,0.0,0.0,25.25,4.69,0.0
20200115:1930,0.0,0.0,0.0,25.51,4.62,0.0
20200115:2030,0.0,0.0,0.0,25.53,4.55,0.0
20200115:2130,0.0,0.0,0.0,25.63,4.41,0.0
20200115:2230,171.93,221.34,3.25,25.57,4.55,0.0
20200115:2330,305.61,383.77,16.71,25.68,4.48,0.0
20200116:0030,546.63,691.69,29.62,26.39,4.97,0.0
20200116:0130,588.71,747.69,41.54,27.26,6.0,0.0
20200116:0230,539.38,686.76,51.46,27.7,5.86,0.0
20200116:0330,597.23,766.1,57.51,28.13,5.86,0.0
20200116:0430,607.31,779.7,57.43,28.47,5.72,0.0
20200116:0530,540.89,693.03,51.26,28.62,5.45,0.0
20200116:0630,492.39,628.66,41.27,28.38,5.24,0.0
20200116:0730,456.87,579.93,29.32,28.33,5.38,0.0
20200116:0830,310.61,393.67,16.37,27.89,4.9,0.0
20200116:0930,40.66,65.6,2.88,27.47,4.83,0.0
20200116:1030,0.0,0.0,0.0,26.65,4.34,0.0
20200116:1130,0.0,0.0,0.0,26.1,4.69,0.0
20200116:1230,0.0,0.0,0.0,25.66,4.41,0.0
20200116:1330,0.0,0.0,0.0,25.51,4.07,0.0
20200116:1430,0.0,0.0,0.0,25.42,4.0,0.0
20200116:1530,0.0,0.0,0.0,25.31,3.93,0.0
20200116:1630,0.0,0.0,0.0,25.2,3.72,0.0
20200116:1730,0.0,0.0,0.0,25.18,3.59,0.0
20200116:1830,0.0,0.0,0.0,25.19,3.79,0.0
20200116:1930,0.0,0.0,0.0,25.04,4.0,0.0
20200116:2030,0.0,0.0,0.0,25.06,3.79,0.0
20200116:2130,0.0,0.0,0.0,25.01,3.72,0.0
20200116:2230,286.64,358.17,3.21,24.93,3.79,0.0
20200116:2330,446.85,562.27,16.69,25.14,3.45,0.0
20200117:0030,528.29,672.96,29.64,26.21,3.79,0.0
20200117:0130,701.59,917.81,41.59,27.18,4.07,0.0
20200117:0230,716.85,944.78,51.57,28.25,4.07,0.0
20200117:0330,720.88,956.67,57.68,29.02,4.0,0.0
20200117:0430,755.58,1009.29,57.64,29.64,4.14,0.0
20200117:0530,736.98,981.01,51.46,30.03,4.41,0.0
20200117:0630,607.08,790.4,41.45,30.09,4.76,0.0
20200117:0730,475.72,609.92,29.47,29.7,4.48,0.0
20200117:0830,494.21,631.13,16.51,29.23,4.69,0.0
20200117:0930,302.9,383.06,3.0,28.38,4.48,0.0
20200117:1030,0.0,0.0,0.0,27.36,4.14,0.0
20200117:1130,0.0,0.0,0.0,26.53,3.93,0.0
20200117:1230,0.0,0.0,0.0,26.0,4.0,0.0
20200117:1330,0.0,0.0,0.0,25.7,3.93,0.0
20200117:1430,0.0,0.0,0.0,25.48,3.86,0.0
20200117:1530,0.0,0.0,0.0,25.32,3.66,0.0
20200117:1630,0.0,0.0,0.0,25.12,3.72,0.0
20200117:1730,0.0,0.0,0.0,24.99,3.66,0.0
20200117:1830,0.0,0.0,0.0,24.83,3.66,0.0
20200117:1930,0.0,0.0,0.0,24.8,4.0,0.0
20200117:2030,0.0,0.0,0.0,24.75,4.0,0.0
20200117:2130,0.0,0.0,0.0,24.79,3.93,0.0
20200117:2230,187.35,239.17,3.18,24.74,3.86,0.0
20200117:2330,491.04,618.64,16.68,25.0,3.66,0.0
20200118:0030,589.76,749.76,29.66,26.09,4.55,0.0
20200118:0130,624.05,799.75,41.65,27.13,4.97,0.0
20200118:0230,675.72,873.88,51.69,27.79,5.1,0.0
20200118:0330,579.52,745.56,57.86,28.52,5.38,0.0
20200118:0430,644.35,834.63,57.85,28.86,5.38,0.0
20200118:0530,614.88,793.34,51.67,29.05,5.38,0.0
20200118:0630,530.29,677.3,41.63,28.82,5.38,0.0
20200118:0730,519.9,663.82,29.63,28.78,4.97,0.0
20200118:0830,296.34,375.24,16.64,28.23,5.1,0.0
20200118:0930,245.71,312.03,3.12,27.81,4.41,0.0
20200118:1030,0.0,0.0,0.0,26.93,4.21,0.0
20200118:1130,0.0,0.0,0.0,26.18,4.34,0.0
20200118:1230,0.0,0.0,0.0,25.63,4.55,0.0
20200118:1330,0.0,0.0,0.0,25.23,4.62,0.0
20200118:1430,0.0,0.0,0.0,25.03,4.55,0.0
20200118:1530,0.0,0.0,0.0,25.01,4.41,0.0
20200118:1630,0.0,0.0,0.0,24.99,4.28,0.0
20200118:1730,0.0,0.0,0.0,24.89,4.28,0.0
20200118:1830,0.0,0.0,0.0,24.86,4.34,0.0
20200118:1930,0.0,0.0,0.0,24.75,4.21,0.0
20200118:2030,0.0,0.0,0.0,24.67,4.14,0.0
20200118:2130,0.0,0.0,0.0,24.64,4.14,0.0
20200118:2230,277.76,346.39,3.15,24.62,4.07,0.0
20200118:2330,410.11,513.0,16.67,24.82,3.93,0.0
20200119:0030,547.77,691.58,29.68,25.7,4.83,0.0
20200119:0130,655.05,843.21,41.72,26.8,4.76,0.0
20200119:0230,655.86,850.99,51.8,27.76,4.48,0.0
20200119:0330,683.49,894.83,58.04,28.3,4.41,0.0
20200119:0430,634.97,829.92,58.07,28.91,4.34,0.0
20200119:0530,627.38,816.92,51.88,29.01,4.34,0.0
20200119:0630,614.03,794.76,41.81,28.79,4.62,0.0
20200119:0730,491.82,622.91,29.79,28.26,5.79,0.0
20200119:0830,426.98,534.86,16.78,27.72,6.14,0.0
20200119:0930,268.93,337.9,3.24,27.21,6.0,0.0
20200119:1030,0.0,0.0,0.0,26.23,6.28,0.0
20200119:1130,0.0,0.0,0.0,25.63,6.41,0.0
20200119:1230,0.0,0.0,0.0,25.44,6.41,0.0
20200119:1330,0.0,0.0,0.0,25.33,6.48,0.0
20200119:1430,0.0,0.0,0.0,25.26,6.28,0.0
20200119:1530,0.0,0.0,0.0,25.16,6.28,0.0
20200119:1630,0.0,0.0,0.0,25.24,6.07,0.0
20200119:1730,0.0,0.0,0.0,25.26,6.07,0.0
20200119:1830,0.0,0.0,0.0,25.28,6.0,0.0
20200119:1930,0.0,0.0,0.0,25.13,5.93,0.0
20200119:2030,0.0,0.0,0.0,25.2,5.86,0.0
20200119:2130,0.0,0.0,0.0,25.15,5.79,0.0
20200119:2230,188.76,239.87,3.12,25.07,5.86,0.0
20200119:2330,230.7,290.27,16.67,25.17,6.14,0.0
20200120:0030,167.65,216.81,29.71,25.63,6.97,0.0
20200120:0130,31.68,55.1,41.78,25.14,7.31,0.0
20200120:0230,37.1,62.22,51.93,24.81,7.1,0.0
20200120:0330,73.93,108.8,58.23,24.84,7.17,0.0
20200120:0430,115.42,158.89,58.29,25.11,7.17,0.0
20200120:0530,123.89,169.44,52.09,25.47,6.83,0.0
20200120:0630,167.58,219.45,42.0,25.91,6.76,0.0
20200120:0730,249.85,315.62,29.95,26.13,6.48,0.0
20200120:0830,228.13,289.33,16.92,26.29,6.28,0.0
20200120:0930,209.0,265.21,3.35,26.37,6.41,0.0
20200120:1030,0.0,0.0,0.0,26.02,6.28,0.0
20200120:1130,0.0,0.0,0.0,25.78,6.48,0.0
20200120:1230,0.0,0.0,0.0,25.58,6.9,0.0
20200120:1330,0.0,0.0,0.0,25.4,7.24,0.0
20200120:1430,0.0,0.0,0.0,25.25,7.45,0.0
20200120:1530,0.0,0.0,0.0,25.04,7.52,0.0
20200120:1630,0.0,0.0,0.0,24.8,7.59,0.0
20200120:1730,0.0,0.0,0.0,24.49,7.45,0.0
20200120:1830,0.0,0.0,0.0,24.24,7.24,0.0
20200120:1930,0.0,0.0,0.0,24.13,7.31,0.0
20200120:2030,0.0,0.0,0.0,24.01,7.31,0.0
20200120:2130,0.0,0.0,0.0,23.9,7.24,0.0
20200120:2230,350.42,428.77,3.1,23.9,7.24,0.0
20200120:2330,590.13,729.81,16.67,24.07,7.38,0.0
20200121:0030,632.21,786.49,29.75,24.84,7.86,0.0
20200121:0130,681.05,851.1,41.86,25.45,8.97,0.0
20200121:0230,748.6,944.13,52.06,26.07,9.31,0.0
20200121:0330,751.36,950.58,58.42,26.61,9.52,0.0
20200121:0430,803.62,1021.88,58.52,26.91,9.59,0.0
20200121:0530,808.03,1028.15,52.31,27.08,9.52,0.0
20200121:0630,776.27,984.44,42.18,27.07,9.38,0.0
20200121:0730,742.1,936.77,30.11,26.82,9.1,0.0
20200121:0830,627.79,783.69,17.05,26.55,8.69,0.0
20200121:0930,407.6,502.92,3.47,26.03,7.45,0.0
20200121:1030,0.0,0.0,0.0,25.31,6.41,0.0
20200121:1130,0.0,0.0,0.0,24.9,6.14,0.0
20200121:1230,0.0,0.0,0.0,24.69,6.41,0.0
20200121:1330,0.0,0.0,0.0,24.54,6.9,0.0
20200121:1430,0.0,0.0,0.0,24.38,7.24,0.0
20200121:1530,0.0,0.0,0.0,24.15,7.17,0.0
20200121:1630,0.0,0.0,0.0,23.97,7.24,0.0
20200121:1730,0.0,0.0,0.0,23.79,7.17,0.0
20200121:1830,0.0,0.0,0.0,23.49,6.9,0.0
20200121:1930,0.0,0.0,0.0,23.37,6.83,0.0
20200121:2030,0.0,0.0,0.0,23.3,6.69,0.0
20200121:2130,0.0,0.0,0.0,23.26,6.55,0.0
20200121:2230,315.09,386.49,3.08,23.41,6.41,0.0
20200121:2330,499.03,615.33,16.67,23.7,6.0,0.0
20200122:0030,591.07,734.75,29.78,24.45,6.76,0.0
20200122:0130,643.46,806.1,41.94,25.43,7.45,0.0
20200122:0230,699.68,886.4,52.2,26.0,7.24,0.0
20200122:0330,640.79,808.46,58.62,26.75,7.72,0.0
20200122:0430,721.71,917.59,58.76,26.82,7.59,0.0
20200122:0530,706.69,897.55,52.53,27.12,7.79,0.0
20200122:0630,503.62,629.94,42.37,27.1,7.72,0.0
20200122:0730,560.1,700.56,30.27,26.63,7.45,0.0
20200122:0830,410.54,508.76,17.19,26.3,7.38,0.0
20200122:0930,340.53,421.25,3.59,25.79,6.76,0.0
20200122:1030,0.0,0.0,0.0,25.31,6.21,0.0
20200122:1130,0.0,0.0,0.0,25.11,5.86,0.0
20200122:1230,0.0,0.0,0.0,24.96,5.79,0.0
20200122:1330,0.0,0.0,0.0,24.87,6.14,0.0
20200122:1430,0.0,0.0,0.0,24.83,6.55,0.0
20200122:1530,0.0,0.0,0.0,24.65,6.83,0.0
20200122:1630,0.0,0.0,0.0,24.44,6.83,0.0
20200122:1730,0.0,0.0,0.0,24.25,6.69,0.0
20200122:1830,0.0,0.0,0.0,24.1,6.55,0.0
20200122:1930,0.0,0.0,0.0,24.14,6.76,0.0
20200122:2030,0.0,0.0,0.0,24.06,6.69,0.0
20200122:2130,0.0,0.0,0.0,23.97,6.41,0.0
20200122:2230,343.23,421.45,3.06,23.94,6.14,0.0
20200122:2330,515.8,637.5,16.68,24.15,6.28,0.0
20200123:0030,549.65,684.7,29.82,25.08,6.69,0.0
20200123:0130,615.11,768.38,42.02,25.91,8.07,0.0
20200123:0230,640.4,807.12,52.34,26.64,8.07,0.0
20200123:0330,652.04,826.81,58.83,27.41,7.93,0.0
20200123:0430,695.44,888.66,59.0,27.81,7.52,0.0
20200123:0530,653.85,837.06,52.75,28.23,7.03,0.0
20200123:0630,634.24,810.48,42.56,28.15,6.62,0.0
20200123:0730,608.4,772.22,30.43,27.92,6.69,0.0
20200123:0830,470.73,588.88,17.32,27.4,6.83,0.0
20200123:0930,326.48,406.41,3.7,26.66,6.28,0.0
20200123:1030,0.0,0.0,0.0,25.9,5.79,0.0
20200123:1130,0.0,0.0,0.0,25.57,5.52,0.0
20200123:1230,0.0,0.0,0.0,25.57,5.59,0.0
20200123:1330,0.0,0.0,0.0,25.56,5.93,0.0
20200123:1430,0.0,0.0,0.0,25.5,6.21,0.0
20200123:1530,0.0,0.0,0.0,25.25,6.0,0.0
20200123:1630,0.0,0.0,0.0,25.06,5.72,0.0
20200123:1730,0.0,0.0,0.0,24.84,5.52,0.0
20200123:1830,0.0,0.0,0.0,24.76,5.31,0.0
20200123:1930,0.0,0.0,0.0,25.01,5.31,0.0
20200123:2030,0.0,0.0,0.0,24.9,5.03,0.0
20200123:2130,0.0,0.0,0.0,24.92,4.97,0.0
20200123:2230,231.87,291.25,3.05,24.9,4.9,0.0
20200123:2330,429.73,535.67,16.69,25.12,4.69,0.0
20200124:0030,605.87,765.7,29.87,25.81,5.38,0.0
20200124:0130,596.73,755.42,42.11,26.82,6.07,0.0
20200124:0230,580.82,739.71,52.48,27.5,6.07,0.0
20200124:0330,514.49,653.03,59.04,27.97,5.79,0.0
20200124:0430,627.09,805.33,59.24,28.07,5.79,0.0
20200124:0530,422.29,534.09,52.97,28.23,6.0,0.0
20200124:0630,565.64,720.39,42.75,28.02,5.59,0.0
20200124:0730,483.35,612.05,30.58,28.17,5.79,0.0
20200124:0830,471.72,593.89,17.46,28.04,6.0,0.0
20200124:0930,272.77,343.52,3.81,27.31,5.31,0.0
20200124:1030,0.0,0.0,0.0,26.24,5.24,0.0
20200124:1130,0.0,0.0,0.0,25.68,4.97,0.0
20200124:1230,0.0,0.0,0.0,25.4,5.24,0.0
20200124:1330,0.0,0.0,0.0,25.41,5.24,0.0
20200124:1430,0.0,0.0,0.0,25.24,5.24,0.0
20200124:1530,0.0,0.0,0.0,25.11,5.17,0.0
20200124:1630,0.0,0.0,0.0,25.08,4.9,0.0
20200124:1730,0.0,0.0,0.0,25.01,4.69,0.0
20200124:1830,0.0,0.0,0.0,24.85,4.41,0.0
20200124:1930,0.0,0.0,0.0,25.16,4.07,0.0
20200124:2030,0.0,0.0,0.0,25.18,4.0,0.0
20200124:2130,0.0,0.0,0.0,25.16,4.0,0.0
20200124:2230,156.36,202.44,3.04,25.06,4.21,0.0
20200124:2330,190.6,244.84,16.7,25.17,4.41,0.0
20200125:0030,374.98,469.45,29.92,25.73,5.1,0.0
20200125:0130,561.48,712.28,42.2,26.49,5.1,0.0
20200125:0230,559.02,715.98,52.64,27.35,4.83,0.0
20200125:0330,612.79,792.55,59.26,28.0,4.62,0.0
20200125:0430,703.39,926.98,59.49,28.55,4.28,0.0
20200125:0530,655.46,860.41,53.2,28.94,4.0,0.0
20200125:0630,220.21,287.88,42.94,29.12,3.93,0.0
20200125:0730,248.83,318.81,30.74,27.28,4.48,0.0
20200125:0830,273.99,346.85,17.59,27.23,4.48,0.0
20200125:0930,124.86,166.88,3.92,26.77,4.21,0.0
20200125:1030,0.0,0.0,0.0,26.14,3.72,0.0
20200125:1130,0.0,0.0,0.0,25.73,3.52,0.0
20200125:1230,0.0,0.0,0.0,25.51,3.38,0.0
20200125:1330,0.0,0.0,0.0,25.35,3.31,0.0
20200125:1430,0.0,0.0,0.0,25.12,3.38,0.0
20200125:1530,0.0,0.0,0.0,24.93,3.38,0.0
20200125:1630,0.0,0.0,0.0,24.86,3.31,0.0
20200125:1730,0.0,0.0,0.0,24.84,3.17,0.0
20200125:1830,0.0,0.0,0.0,24.65,2.9,0.0
20200125:1930,0.0,0.0,0.0,24.55,3.17,0.0
20200125:2030,0.0,0.0,0.0,24.51,2.97,0.0
20200125:2130,0.0,0.0,0.0,24.45,2.76,0.0
20200125:2230,369.36,461.75,3.04,24.3,2.55,0.0
20200125:2330,575.64,741.33,16.72,24.63,2.28,0.0
20200126:0030,666.56,879.78,29.98,26.32,2.41,0.0
20200126:0130,630.75,836.52,42.3,27.3,2.07,0.0
20200126:0230,635.66,854.58,52.79,28.0,1.59,0.0
20200126:0330,595.81,802.34,59.49,28.72,1.31,0.0
20200126:0430,564.57,763.41,59.75,29.04,1.03,0.0
20200126:0530,566.47,767.86,53.43,29.34,0.9,0.0
20200126:0630,532.67,711.83,43.14,29.32,1.24,0.0
20200126:0730,435.49,578.11,30.9,29.76,0.62,0.0
20200126:0830,365.32,480.15,17.72,28.41,0.14,0.0
20200126:0930,179.25,234.8,4.03,27.7,1.1,0.0
20200126:1030,0.0,0.0,0.0,27.38,1.1,0.0
20200126:1130,0.0,0.0,0.0,26.84,0.76,0.0
20200126:1230,0.0,0.0,0.0,26.26,2.0,0.0
20200126:1330,0.0,0.0,0.0,25.73,2.28,0.0
20200126:1430,0.0,0.0,0.0,25.24,2.0,0.0
20200126:1530,0.0,0.0,0.0,24.86,1.66,0.0
20200126:1630,0.0,0.0,0.0,24.43,1.31,0.0
20200126:1730,0.0,0.0,0.0,24.04,1.1,0.0
20200126:1830,0.0,0.0,0.0,23.73,1.1,0.0
20200126:1930,0.0,0.0,0.0,23.32,1.17,0.0
20200126:2030,0.0,0.0,0.0,23.03,1.24,0.0
20200126:2130,0.0,0.0,0.0,22.91,1.31,0.0
20200126:2230,317.51,397.91,3.03,22.98,1.31,0.0
20200126:2330,437.44,559.59,16.75,23.65,0.9,0.0
20200127:0030,600.04,811.15,30.04,26.13,0.41,0.0
20200127:0130,628.56,860.49,42.4,27.16,0.48,0.0
20200127:0230,644.09,885.25,52.96,27.94,0.69,0.0
20200127:0330,546.8,736.45,59.72,28.36,0.69,0.0
20200127:0430,662.0,917.25,60.01,28.63,0.76,0.0
20200127:0530,584.44,792.02,53.67,29.23,1.03,0.0
20200127:0630,552.63,739.16,43.33,29.33,1.38,0.0
20200127:0730,496.01,651.4,31.06,29.1,1.79,0.0
20200127:0830,299.17,387.24,17.85,29.15,1.66,0.0
20200127:0930,204.92,267.01,4.14,28.37,1.17,0.0
20200127:1030,0.0,0.0,0.0,27.76,1.38,0.0
20200127:1130,0.0,0.0,0.0,27.23,1.45,0.0
20200127:1230,0.0,0.0,0.0,26.84,1.59,0.0
20200127:1330,0.0,0.0,0.0,26.45,1.86,0.0
20200127:1430,0.0,0.0,0.0,26.19,2.41,0.0
20200127:1530,0.0,0.0,0.0,25.85,2.55,0.0
20200127:1630,0.0,0.0,0.0,25.49,2.62,0.0
20200127:1730,0.0,0.0,0.0,25.25,2.69,0.0
20200127:1830,0.0,0.0,0.0,24.99,2.97,0.0
20200127:1930,0.0,0.0,0.0,24.76,3.03,0.0
20200127:2030,0.0,0.0,0.0,24.66,3.1,0.0
20200127:2130,0.0,0.0,0.0,24.49,3.1,0.0
20200127:2230,312.74,390.56,3.04,24.29,2.9,0.0
20200127:2330,533.35,676.64,16.77,24.39,3.03,0.0
20200128:0030,678.31,881.3,30.1,25.44,3.38,0.0
20200128:0130,630.73,821.19,42.51,26.95,3.52,0.0
20200128:0230,629.26,827.06,53.12,28.11,3.31,0.0
20200128:0330,603.67,797.02,59.96,28.93,3.03,0.0
20200128:0430,602.16,796.45,60.28,29.45,2.83,0.0
20200128:0530,694.94,935.59,53.91,29.58,2.76,0.0
20200128:0630,620.61,824.53,43.52,29.93,2.76,0.0
20200128:0730,591.41,779.86,31.22,29.83,2.97,0.0
20200128:0830,455.18,585.59,17.98,29.3,3.17,0.0
20200128:0930,321.37,408.41,4.25,28.54,3.38,0.0
20200128:1030,0.0,0.0,0.0,27.59,3.38,0.0
20200128:1130,0.0,0.0,0.0,26.86,3.24,0.0
20200128:1230,0.0,0.0,0.0,26.52,3.17,0.0
20200128:1330,0.0,0.0,0.0,26.21,3.1,0.0
20200128:1430,0.0,0.0,0.0,25.86,3.1,0.0
20200128:1530,0.0,0.0,0.0,25.68,3.1,0.0
20200128:1630,0.0,0.0,0.0,25.37,3.03,0.0
20200128:1730,0.0,0.0,0.0,25.18,3.17,0.0
20200128:1830,0.0,0.0,0.0,24.96,3.24,0.0
20200128:1930,0.0,0.0,0.0,25.03,3.31,0.0
20200128:2030,0.0,0.0,0.0,24.95,3.17,0.0
20200128:2130,0.0,0.0,0.0,24.79,3.03,0.0
20200128:2230,338.2,422.14,3.04,24.55,2.9,0.0
20200128:2330,472.1,596.67,16.8,24.74,2.83,0.0
20200129:0030,555.7,709.87,30.17,25.89,3.52,0.0
20200129:0130,719.08,949.22,42.62,26.95,3.38,0.0
20200129:0230,711.98,941.77,53.29,28.1,3.59,0.0
20200129:0330,725.38,966.57,60.2,28.72,3.66,0.0
20200129:0430,696.5,927.78,60.55,29.25,3.52,0.0
20200129:0530,628.5,831.28,54.14,29.63,3.31,0.0
20200129:0630,672.14,894.29,43.72,29.43,3.17,0.0
20200129:0730,485.0,629.13,31.38,29.44,2.97,0.0
20200129:0830,384.7,493.17,18.11,28.59,2.83,0.0
20200129:0930,274.04,350.39,4.36,28.24,2.55,0.0
20200129:1030,0.0,0.0,0.0,27.54,2.21,0.0
20200129:1130,0.0,0.0,0.0,26.84,2.28,0.0
20200129:1230,0.0,0.0,0.0,26.35,2.41,0.0
20200129:1330,0.0,0.0,0.0,25.82,2.69,0.0
20200129:1430,0.0,0.0,0.0,25.39,2.9,0.0
20200129:1530,0.0,0.0,0.0,25.0,2.97,0.0
20200129:1630,0.0,0.0,0.0,24.57,2.9,0.0
20200129:1730,0.0,0.0,0.0,24.21,2.76,0.0
20200129:1830,0.0,0.0,0.0,23.77,2.62,0.0
20200129:1930,0.0,0.0,0.0,23.98,2.41,0.0
20200129:2030,0.0,0.0,0.0,23.75,2.41,0.0
20200129:2130,0.0,0.0,0.0,23.44,2.41,0.0
20200129:2230,216.09,272.34,3.05,23.0,2.48,0.0
20200129:2330,310.41,388.77,16.84,23.03,2.55,0.0
20200130:0030,543.5,694.5,30.24,24.2,2.62,0.0
20200130:0130,707.51,930.97,42.74,25.96,3.03,0.0
20200130:0230,753.96,1006.65,53.47,27.5,3.24,0.0
20200130:0330,732.78,982.28,60.45,28.54,3.1,0.0
20200130:0430,728.69,982.56,60.82,29.19,2.97,0.0
20200130:0530,735.85,993.36,54.38,29.47,3.03,0.0
20200130:0630,672.17,891.54,43.91,29.48,3.45,0.0
20200130:0730,554.71,720.88,31.53,28.66,3.1,0.0
20200130:0830,473.22,603.78,18.24,28.07,3.72,0.0
20200130:0930,301.91,380.9,4.46,27.46,4.14,0.0
20200130:1030,0.0,0.0,0.0,26.52,4.28,0.0
20200130:1130,0.0,0.0,0.0,25.93,4.41,0.0
20200130:1230,0.0,0.0,0.0,25.5,4.28,0.0
20200130:1330,0.0,0.0,0.0,25.28,4.28,0.0
20200130:1430,0.0,0.0,0.0,25.08,4.21,0.0
20200130:1530,0.0,0.0,0.0,24.73,4.14,0.0
20200130:1630,0.0,0.0,0.0,24.45,4.0,0.0
20200130:1730,0.0,0.0,0.0,24.21,4.0,0.0
20200130:1830,0.0,0.0,0.0,23.97,3.86,0.0
20200130:1930,0.0,0.0,0.0,23.74,3.59,0.0
20200130:2030,0.0,0.0,0.0,23.73,3.72,0.0
20200130:2130,0.0,0.0,0.0,23.63,3.66,0.0
20200130:2230,390.42,482.24,3.07,23.52,4.0,0.0
20200130:2330,579.92,727.97,16.88,23.58,4.28,0.0
20200131:0030,675.34,858.1,30.31,24.7,5.03,0.0
20200131:0130,716.56,915.54,42.86,26.07,6.07,0.0
20200131:0230,721.74,925.19,53.65,26.93,6.48,0.0
20200131:0330,730.83,940.28,60.7,27.46,6.62,0.0
20200131:0430,702.05,900.82,61.1,27.98,6.76,0.0
20200131:0530,708.79,910.34,54.63,28.15,6.83,0.0
20200131:0630,638.75,814.48,44.1,28.14,6.62,0.0
20200131:0730,621.0,788.62,31.69,27.65,6.48,0.0
20200131:0830,463.81,579.34,18.37,27.26,6.69,0.0
20200131:0930,301.62,376.4,4.56,26.67,6.41,0.0
20200131:1030,0.0,0.0,0.0,25.93,6.14,0.0
20200131:1130,0.0,0.0,0.0,25.38,6.14,0.0
20200131:1230,0.0,0.0,0.0,25.01,6.0,0.0
20200131:1330,0.0,0.0,0.0,24.7,5.93,0.0
20200131:1430,0.0,0.0,0.0,24.32,6.14,0.0
20200131:1530,0.0,0.0,0.0,23.96,6.28,0.0
20200131:1630,0.0,0.0,0.0,23.87,6.07,0.0
20200131:1730,0.0,0.0,0.0,23.72,6.0,0.0
20200131:1830,0.0,0.0,0.0,23.59,5.93,0.0
20200131:1930,0.0,0.0,0.0,23.58,6.07,0.0
20200131:2030,0.0,0.0,0.0,23.52,6.21,0.0
20200131:2130,0.0,0.0,0.0,23.3,6.41,0.0
20200131:2230,270.27,333.3,3.08,23.19,6.34,0.0
20200131:2330,474.8,584.42,16.92,23.38,6.14,0.0
20200201:0030,576.4,713.39,30.39,24.25,7.45,0.0
20200201:0130,670.15,840.2,42.98,25.11,7.79,0.0
20200201:0230,689.35,870.63,53.84,25.97,7.86,0.0
20200201:0330,724.56,918.82,60.96,26.54,7.93,0.0
20200201:0430,679.41,858.06,61.38,26.85,8.07,0.0
20200201:0530,642.92,811.41,54.87,27.05,8.0,0.0
20200201:0630,567.36,710.32,44.3,26.97,8.0,0.0
20200201:0730,549.62,685.88,31.84,26.69,8.07,0.0
20200201:0830,441.46,546.59,18.49,26.41,8.14,0.0
20200201:0930,288.87,358.8,4.66,25.78,7.45,0.0
20200201:1030,0.0,0.0,0.0,25.05,7.1,0.0
20200201:1130,0.0,0.0,0.0,24.58,6.9,0.0
20200201:1230,0.0,0.0,0.0,24.43,6.9,0.0
20200201:1330,0.0,0.0,0.0,24.29,6.76,0.0
20200201:1430,0.0,0.0,0.0,24.22,6.83,0.0
20200201:1530,0.0,0.0,0.0,24.03,6.69,0.0
20200201:1630,0.0,0.0,0.0,23.87,6.55,0.0
20200201:1730,0.0,0.0,0.0,23.72,6.34,0.0
20200201:1830,0.0,0.0,0.0,23.55,6.28,0.0
20200201:1930,0.0,0.0,0.0,23.52,6.34,0.0
20200201:2030,0.0,0.0,0.0,23.4,6.41,0.0
20200201:2130,0.0,0.0,0.0,23.17,6.55,0.0
20200201:2230,360.92,440.64,3.1,23.22,6.76,0.0
20200201:2330,560.1,691.35,16.97,23.38,6.55,0.0
20200202:0030,638.9,794.38,30.47,24.22,7.86,0.0
20200202:0130,717.16,898.25,43.11,25.3,8.76,0.0
20200202:0230,623.69,781.87,54.03,26.3,8.9,0.0
20200202:0330,596.52,748.14,61.22,26.49,8.9,0.0
20200202:0430,591.35,743.0,61.67,26.78,8.62,0.0
20200202:0530,624.13,786.68,55.12,26.89,8.48,0.0
20200202:0630,712.75,901.91,44.49,26.87,8.55,0.0
20200202:0730,528.11,660.05,32.0,27.03,8.48,0.0
20200202:0830,512.55,636.89,18.61,26.59,8.28,0.0
20200202:0930,327.46,405.43,4.76,26.0,7.86,0.0
20200202:1030,0.0,0.0,0.0,25.13,7.38,0.0
20200202:1130,0.0,0.0,0.0,24.59,7.24,0.0
20200202:1230,0.0,0.0,0.0,24.38,7.1,0.0
20200202:1330,0.0,0.0,0.0,24.29,7.03,0.0
20200202:1430,0.0,0.0,0.0,24.2,7.1,0.0
20200202:1530,0.0,0.0,0.0,23.98,7.1,0.0
20200202:1630,0.0,0.0,0.0,23.76,6.97,0.0
20200202:1730,0.0,0.0,0.0,23.55,6.69,0.0
20200202:1830,0.0,0.0,0.0,23.46,6.48,0.0
20200202:1930,0.0,0.0,0.0,23.36,6.48,0.0
20200202:2030,0.0,0.0,0.0,23.28,6.41,0.0
20200202:2130,0.0,0.0,0.0,23.25,6.34,0.0
20200202:2230,386.51,472.4,3.13,23.22,6.21,0.0
20200202:2330,596.95,740.85,17.02,23.48,6.21,0.0
20200203:0030,706.71,890.35,30.56,24.53,6.62,0.0
20200203:0130,787.37,998.71,43.24,25.52,8.07,0.0
20200203:0230,766.65,974.02,54.23,26.39,8.55,0.0
20200203:0330,752.63,957.81,61.49,27.03,8.69,0.0
20200203:0430,769.51,982.13,61.96,27.37,8.62,0.0
20200203:0530,797.7,1021.37,55.36,27.59,8.69,0.0
20200203:0630,744.31,947.91,44.69,27.59,8.62,0.0
20200203:0730,716.0,907.54,32.15,27.06,8.21,0.0
20200203:0830,627.94,786.61,18.73,26.67,8.07,0.0
20200203:0930,405.77,500.97,4.86,25.98,7.52,0.0
20200203:1030,0.0,0.0,0.0,25.1,7.03,0.0
20200203:1130,0.0,0.0,0.0,24.53,6.69,0.0
20200203:1230,0.0,0.0,0.0,24.2,6.76,0.0
20200203:1330,0.0,0.0,0.0,23.95,6.83,0.0
20200203:1430,0.0,0.0,0.0,23.76,6.83,0.0
20200203:1530,0.0,0.0,0.0,23.6,6.83,0.0
20200203:1630,0.0,0.0,0.0,23.45,6.83,0.0
20200203:1730,0.0,0.0,0.0,23.26,6.55,0.0
20200203:1830,0.0,0.0,0.0,23.1,6.14,0.0
20200203:1930,0.0,0.0,0.0,23.06,5.93,0.0
20200203:2030,0.0,0.0,0.0,23.02,5.79,0.0
20200203:2130,0.0,0.0,0.0,22.99,5.66,0.0
20200203:2230,460.33,564.5,3.16,22.96,5.45,0.0
20200203:2330,625.57,782.12,17.07,23.23,5.31,0.0
20200204:0030,755.72,966.19,30.65,24.53,5.52,0.0
20200204:0130,749.18,954.73,43.38,25.8,6.97,0.0
20200204:0230,746.12,955.14,54.43,26.76,7.24,0.0
20200204:0330,742.18,955.38,61.76,27.45,7.1,0.0
20200204:0430,693.78,891.5,62.26,27.83,7.03,0.0
20200204:0530,685.58,880.38,55.61,27.88,7.03,0.0
20200204:0630,608.15,773.49,44.88,27.91,7.1,0.0
20200204:0730,563.43,710.64,32.3,27.38,6.9,0.0
20200204:0830,450.3,561.19,18.85,26.8,6.9,0.0
20200204:0930,377.52,468.24,4.95,26.14,6.28,0.0
20200204:1030,0.0,0.0,0.0,25.26,5.31,0.0
20200204:1130,0.0,0.0,0.0,24.49,4.76,0.0
20200204:1230,0.0,0.0,0.0,24.06,4.55,0.0
20200204:1330,0.0,0.0,0.0,23.77,4.62,0.0
20200204:1430,0.0,0.0,0.0,23.64,4.83,0.0
20200204:1530,0.0,0.0,0.0,23.61,5.03,0.0
20200204:1630,0.0,0.0,0.0,23.64,5.17,0.0
20200204:1730,0.0,0.0,0.0,23.49,4.9,0.0
20200204:1830,0.0,0.0,0.0,23.35,4.55,0.0
20200204:1930,0.0,0.0,0.0,23.47,4.34,0.0
20200204:2030,0.0,0.0,0.0,23.42,4.41,0.0
20200204:2130,0.0,0.0,0.0,23.5,4.48,0.0
20200204:2230,213.4,267.93,3.19,23.41,4.48,0.0
20200204:2330,398.38,493.91,17.13,23.54,4.48,0.0
20200205:0030,517.34,647.55,30.75,24.76,5.03,0.0
20200205:0130,584.67,735.19,43.52,26.15,6.9,0.0
20200205:0230,535.69,676.85,54.63,27.07,6.97,0.0
20200205:0330,517.85,658.37,62.04,27.7,6.48,0.0
20200205:0430,513.53,653.85,62.56,28.0,6.48,0.0
20200205:0530,649.27,831.28,55.86,28.04,6.55,0.0
20200205:0630,293.23,374.29,45.07,28.32,6.83,0.0
20200205:0730,303.49,383.01,32.45,27.62,6.28,0.0
20200205:0830,185.64,240.1,18.97,26.99,6.14,0.0
20200205:0930,7.84,20.73,5.05,26.28,5.66,0.0
20200205:1030,0.0,0.0,0.0,25.8,5.24,0.0
20200205:1130,0.0,0.0,0.0,25.57,5.1,0.0
20200205:1230,0.0,0.0,0.0,25.47,5.03,0.0
20200205:1330,0.0,0.0,0.0,25.31,5.52,0.0
20200205:1430,0.0,0.0,0.0,25.1,5.52,0.0
20200205:1530,0.0,0.0,0.0,25.02,5.59,0.0
20200205:1630,0.0,0.0,0.0,24.95,5.86,0.0
20200205:1730,0.0,0.0,0.0,24.97,5.86,0.0
20200205:1830,0.0,0.0,0.0,24.92,5.86,0.0
20200205:1930,0.0,0.0,0.0,25.03,6.0,0.0
20200205:2030,0.0,0.0,0.0,25.08,6.62,0.0
20200205:2130,0.0,0.0,0.0,25.15,6.76,0.0
20200205:2230,54.24,81.55,3.23,25.18,6.83,0.0
20200205:2330,161.93,210.11,17.19,25.31,6.83,0.0
20200206:0030,278.51,350.72,30.84,25.93,7.1,0.0
20200206:0130,452.34,563.35,43.66,26.8,8.83,0.0
20200206:0230,555.81,699.88,54.84,27.09,7.52,0.0
20200206:0330,447.54,564.75,62.33,27.63,7.31,0.0
20200206:0430,474.58,600.91,62.86,27.78,7.1,0.0
20200206:0530,444.65,562.48,56.11,28.02,6.97,0.0
20200206:0630,311.6,396.8,45.26,27.93,7.24,0.0
20200206:0730,214.95,278.36,32.6,27.7,6.97,0.0
20200206:0830,31.7,55.37,19.09,26.99,6.69,0.0
20200206:0930,2.51,11.64,5.14,26.26,5.72,0.0
20200206:1030,0.0,0.0,0.0,25.59,5.59,0.0
20200206:1130,0.0,0.0,0.0,25.15,5.66,0.0
20200206:1230,0.0,0.0,0.0,25.09,5.93,0.0
20200206:1330,0.0,0.0,0.0,25.05,5.93,0.0
20200206:1430,0.0,0.0,0.0,25.09,5.79,0.0
20200206:1530,0.0,0.0,0.0,25.08,5.59,0.0
20200206:1630,0.0,0.0,0.0,25.08,5.45,0.0
20200206:1730,0.0,0.0,0.0,25.09,5.38,0.0
20200206:1830,0.0,0.0,0.0,25.08,5.17,0.0
20200206:1930,0.0,0.0,0.0,25.1,4.9,0.0
20200206:2030,0.0,0.0,0.0,24.97,4.69,0.0
20200206:2130,0.0,0.0,0.0,24.97,4.97,0.0
20200206:2230,2.47,11.62,3.27,24.94,4.97,0.0
20200206:2330,43.05,69.97,17.26,25.02,5.03,0.0
20200207:0030,285.01,361.06,30.95,25.55,5.31,0.0
20200207:0130,326.41,414.98,43.81,26.41,6.14,0.0
20200207:0230,471.94,598.51,55.05,27.27,6.07,0.0
20200207:0330,504.14,642.91,62.62,27.9,6.28,0.0
20200207:0430,343.85,440.64,63.17,28.37,6.14,0.0
20200207:0530,479.87,615.23,56.36,28.22,5.45,0.0
20200207:0630,383.56,490.51,45.45,28.76,5.17,0.0
20200207:0730,250.74,324.01,32.74,28.29,4.83,0.0
20200207:0830,214.13,276.04,19.2,26.98,4.14,0.0
20200207:0930,55.96,84.36,5.23,26.69,4.55,0.0
20200207:1030,0.0,0.0,0.0,26.24,4.28,0.0
20200207:1130,0.0,0.0,0.0,25.82,4.34,0.0
20200207:1230,0.0,0.0,0.0,25.67,4.34,0.0
20200207:1330,0.0,0.0,0.0,25.5,4.41,0.0
20200207:1430,0.0,0.0,0.0,25.37,3.93,0.0
20200207:1530,0.0,0.0,0.0,25.22,3.86,0.0
20200207:1630,0.0,0.0,0.0,25.1,4.0,0.0
20200207:1730,0.0,0.0,0.0,25.05,4.07,0.0
20200207:1830,0.0,0.0,0.0,24.97,4.28,0.0
20200207:1930,0.0,0.0,0.0,25.1,4.83,0.0
20200207:2030,0.0,0.0,0.0,25.03,5.03,0.0
20200207:2130,0.0,0.0,0.0,24.83,5.03,0.0
20200207:2230,155.88,201.72,3.31,24.68,4.83,0.0
20200207:2330,300.42,375.77,17.33,24.93,4.69,0.0
20200208:0030,414.94,520.3,31.05,25.68,4.83,0.0
20200208:0130,335.23,423.3,43.96,26.54,4.83,0.0
20200208:0230,405.81,517.39,55.27,26.95,4.55,0.0
20200208:0330,522.9,669.81,62.91,27.51,4.55,0.0
20200208:0430,490.29,627.5,63.48,28.07,4.69,0.0
20200208:0530,563.69,725.12,56.61,28.11,4.9,0.0
20200208:0630,543.45,695.71,45.64,28.31,5.31,0.0
20200208:0730,430.42,545.0,32.89,27.93,5.59,0.0
20200208:0830,436.79,550.21,19.31,27.68,5.72,0.0
20200208:0930,143.63,190.26,5.31,27.33,5.59,0.0
20200208:1030,0.0,0.0,0.0,26.52,5.1,0.0
20200208:1130,0.0,0.0,0.0,25.94,5.03,0.0
20200208:1230,0.0,0.0,0.0,25.63,5.17,0.0
20200208:1330,0.0,0.0,0.0,25.46,5.38,0.0
20200208:1430,0.0,0.0,0.0,25.37,5.52,0.0
20200208:1530,0.0,0.0,0.0,25.33,5.66,0.0
20200208:1630,0.0,0.0,0.0,25.29,5.59,0.0
20200208:1730,0.0,0.0,0.0,25.12,5.45,0.0
20200208:1830,0.0,0.0,0.0,25.05,5.24,0.0
20200208:1930,0.0,0.0,0.0,24.97,4.62,0.0
20200208:2030,0.0,0.0,0.0,24.79,4.62,0.0
20200208:2130,0.0,0.0,0.0,24.63,4.76,0.0
20200208:2230,373.07,461.41,3.36,24.43,4.76,0.0
20200208:2330,542.97,680.44,17.4,24.5,4.62,0.0
20200209:0030,688.2,873.63,31.16,25.49,5.93,0.0
20200209:0130,663.96,843.59,44.11,26.49,6.76,0.0
20200209:0230,653.81,831.68,55.49,27.32,7.24,0.0
20200209:0330,624.35,792.4,63.21,27.59,7.31,0.0
20200209:0430,698.29,890.06,63.79,27.82,7.66,0.0
20200209:0530,564.64,713.72,56.86,28.21,8.0,0.0
20200209:0630,620.21,782.57,45.83,27.82,7.79,0.0
20200209:0730,518.51,649.71,33.03,27.81,7.72,0.0
20200209:0830,435.76,542.87,19.42,27.22,7.66,0.0
20200209:0930,256.52,321.3,5.4,26.27,7.24,0.0
20200209:1030,0.0,0.0,0.0,25.69,7.59,0.0
20200209:1130,0.0,0.0,0.0,25.17,7.03,0.0
20200209:1230,0.0,0.0,0.0,24.93,6.97,0.0
20200209:1330,0.0,0.0,0.0,24.87,7.03,0.0
20200209:1430,0.0,0.0,0.0,24.84,6.97,0.0
20200209:1530,0.0,0.0,0.0,24.65,7.03,0.0
20200209:1630,0.0,0.0,0.0,24.55,6.9,0.0
20200209:1730,0.0,0.0,0.0,24.36,6.97,0.0
20200209:1830,0.0,0.0,0.0,24.36,7.03,0.0
20200209:1930,0.0,0.0,0.0,24.35,7.24,0.0
20200209:2030,0.0,0.0,0.0,24.26,7.24,0.0
20200209:2130,0.0,0.0,0.0,24.23,7.38,0.0
20200209:2230,16.75,33.5,3.41,24.36,7.38,0.0
20200209:2330,128.17,170.22,17.48,24.35,7.59,0.0
20200210:0030,265.45,333.01,31.27,24.84,7.52,0.0
20200210:0130,526.35,653.32,44.27,25.33,8.34,0.0
20200210:0230,536.99,667.36,55.72,26.01,9.1,0.0
20200210:0330,469.46,582.32,63.51,26.23,9.31,0.0
20200210:0430,492.48,611.65,64.11,26.43,9.72,0.0
20200210:0530,591.68,737.52,57.11,26.68,9.24,0.0
20200210:0630,575.92,716.75,46.02,26.74,9.45,0.0
20200210:0730,594.01,737.82,33.17,26.91,10.41,0.0
20200210:0830,356.19,439.63,19.53,26.64,10.14,0.0
20200210:0930,203.59,257.29,5.48,25.97,9.38,0.0
20200210:1030,0.0,0.0,0.0,25.44,9.03,0.0
20200210:1130,0.0,0.0,0.0,25.09,8.76,0.0
20200210:1230,0.0,0.0,0.0,24.95,8.55,0.0
20200210:1330,0.0,0.0,0.0,24.82,8.28,0.0
20200210:1430,0.0,0.0,0.0,24.53,8.07,0.0
20200210:1530,0.0,0.0,0.0,24.42,7.93,0.0
20200210:1630,0.0,0.0,0.0,24.24,7.66,0.0
20200210:1730,0.0,0.0,0.0,24.0,7.52,0.0
20200210:1830,0.0,0.0,0.0,23.8,7.45,0.0
20200210:1930,0.0,0.0,0.0,23.8,7.38,0.0
20200210:2030,0.0,0.0,0.0,23.74,7.38,0.0
20200210:2130,0.0,0.0,0.0,23.69,7.38,0.0
20200210:2230,281.34,346.32,3.47,23.65,7.38,0.0
20200210:2330,553.54,682.19,17.56,23.94,7.31,0.0
20200211:0030,672.28,837.36,31.39,24.81,8.34,0.0
20200211:0130,723.61,906.97,44.43,25.53,8.97,0.0
20200211:0230,715.34,900.83,55.94,26.31,9.1,0.0
20200211:0330,746.83,947.56,63.81,26.85,9.03,0.0
20200211:0430,755.85,962.34,64.42,27.31,9.03,0.0
20200211:0530,738.96,939.55,57.36,27.56,9.03,0.0
20200211:0630,676.12,853.91,46.2,27.47,8.9,0.0
20200211:0730,613.44,769.57,33.31,26.96,8.55,0.0
20200211:0830,590.16,735.15,19.63,26.58,8.55,0.0
20200211:0930,364.96,450.62,5.56,26.05,8.14,0.0
20200211:1030,0.0,0.0,0.0,25.27,7.66,0.0
20200211:1130,0.0,0.0,0.0,24.87,7.38,0.0
20200211:1230,0.0,0.0,0.0,24.7,7.31,0.0
20200211:1330,0.0,0.0,0.0,24.58,7.38,0.0
20200211:1430,0.0,0.0,0.0,24.44,7.38,0.0
20200211:1530,0.0,0.0,0.0,24.25,7.38,0.0
20200211:1630,0.0,0.0,0.0,24.06,7.17,0.0
20200211:1730,0.0,0.0,0.0,23.84,6.83,0.0
20200211:1830,0.0,0.0,0.0,23.6,6.48,0.0
20200211:1930,0.0,0.0,0.0,23.52,6.28,0.0
20200211:2030,0.0,0.0,0.0,23.41,6.28,0.0
20200211:2130,0.0,0.0,0.0,23.33,6.14,0.0
20200211:2230,401.96,491.87,3.53,23.26,6.0,0.0
20200211:2330,619.66,771.88,17.64,23.43,5.86,0.0
20200212:0030,664.92,836.2,31.51,24.5,6.28,0.0
20200212:0130,791.41,1009.52,44.6,25.53,7.24,0.0
20200212:0230,756.09,967.29,56.17,26.64,7.31,0.0
20200212:0330,754.97,969.93,64.12,27.4,7.31,0.0
20200212:0430,726.99,933.65,64.75,27.97,7.45,0.0
20200212:0530,630.89,803.58,57.61,28.25,7.45,0.0
20200212:0630,538.95,681.66,46.38,28.09,7.24,0.0
20200212:0730,518.88,654.43,33.44,27.85,6.9,0.0
20200212:0830,556.42,699.11,19.74,27.36,6.83,0.0
20200212:0930,353.88,440.68,5.64,26.72,6.34,0.0
20200212:1030,0.0,0.0,0.0,25.88,5.72,0.0
20200212:1130,0.0,0.0,0.0,25.2,5.66,0.0
20200212:1230,0.0,0.0,0.0,24.84,5.52,0.0
20200212:1330,0.0,0.0,0.0,24.55,5.45,0.0
20200212:1430,0.0,0.0,0.0,24.32,5.45,0.0
20200212:1530,0.0,0.0,0.0,24.14,5.52,0.0
20200212:1630,0.0,0.0,0.0,23.95,5.45,0.0
20200212:1730,0.0,0.0,0.0,23.89,5.31,0.0
20200212:1830,0.0,0.0,0.0,23.77,5.17,0.0
20200212:1930,0.0,0.0,0.0,23.86,5.03,0.0
20200212:2030,0.0,0.0,0.0,23.83,5.03,0.0
20200212:2130,0.0,0.0,0.0,23.68,4.9,0.0
20200212:2230,326.5,402.92,3.59,23.66,4.83,0.0
20200212:2330,555.6,695.51,17.73,23.85,4.62,0.0
20200213:0030,648.38,822.57,31.63,24.91,5.1,0.0
20200213:0130,680.89,870.06,44.76,26.23,5.72,0.0
20200213:0230,601.41,767.42,56.41,27.22,5.52,0.0
20200213:0330,657.56,849.06,64.44,27.84,5.31,0.0
20200213:0430,593.26,762.32,65.07,28.21,5.38,0.0
20200213:0530,527.35,674.55,57.86,28.41,5.45,0.0
20200213:0630,588.44,754.29,46.56,28.36,5.52,0.0
20200213:0730,381.6,483.52,33.57,28.26,5.45,0.0
20200213:0830,332.2,419.2,19.83,27.55,5.17,0.0
20200213:0930,164.93,214.75,5.71,26.87,4.9,0.0
20200213:1030,0.0,0.0,0.0,26.06,4.48,0.0
20200213:1130,0.0,0.0,0.0,25.65,4.62,0.0
20200213:1230,0.0,0.0,0.0,25.42,4.69,0.0
20200213:1330,0.0,0.0,0.0,25.33,4.9,0.0
20200213:1430,0.0,0.0,0.0,25.05,5.03,0.0
20200213:1530,0.0,0.0,0.0,24.85,5.31,0.0
20200213:1630,0.0,0.0,0.0,24.67,5.45,0.0
20200213:1730,0.0,0.0,0.0,24.53,5.45,0.0
20200213:1830,0.0,0.0,0.0,24.43,5.24,0.0
20200213:1930,0.0,0.0,0.0,24.53,5.45,0.0
20200213:2030,0.0,0.0,0.0,24.45,5.38,0.0
20200213:2130,0.0,0.0,0.0,24.44,5.38,0.0
20200213:2230,346.19,427.56,3.66,24.42,5.45,0.0
20200213:2330,578.86,725.26,17.82,24.61,5.31,0.0
20200214:0030,695.91,882.56,31.76,25.66,6.34,0.0
20200214:0130,660.61,838.78,44.94,26.95,7.03,0.0
20200214:0230,530.48,672.72,56.65,27.98,7.31,0.0
20200214:0330,626.74,801.74,64.76,28.41,7.1,0.0
20200214:0430,637.89,820.23,65.4,29.1,6.97,0.0
20200214:0530,591.68,761.89,58.11,29.53,6.55,0.0
20200214:0630,492.63,630.3,46.74,29.65,6.07,0.0
20200214:0730,523.82,668.14,33.7,29.14,5.79,0.0
20200214:0830,444.23,561.94,19.93,28.78,5.86,0.0
20200214:0930,280.67,355.0,5.78,28.13,5.45,0.0
20200214:1030,0.0,0.0,0.0,27.1,4.97,0.0
20200214:1130,0.0,0.0,0.0,26.36,5.03,0.0
20200214:1230,0.0,0.0,0.0,25.94,5.1,0.0
20200214:1330,0.0,0.0,0.0,25.7,5.03,0.0
20200214:1430,0.0,0.0,0.0,25.54,4.83,0.0
20200214:1530,0.0,0.0,0.0,25.31,4.83,0.0
20200214:1630,0.0,0.0,0.0,25.12,5.03,0.0
20200214:1730,0.0,0.0,0.0,24.97,5.17,0.0
20200214:1830,0.0,0.0,0.0,24.79,5.24,0.0
20200214:1930,0.0,0.0,0.0,24.77,4.9,0.0
20200214:2030,0.0,0.0,0.0,24.67,5.17,0.0
20200214:2130,0.0,0.0,0.0,24.55,5.45,0.0
20200214:2230,357.02,440.18,3.73,24.47,5.79,0.0
20200214:2330,557.11,694.82,17.91,24.62,5.72,0.0
20200215:0030,574.65,715.56,31.89,25.54,7.66,0.0
20200215:0130,538.58,674.58,45.11,26.59,7.38,0.0
20200215:0230,627.62,795.25,56.89,27.32,7.66,0.0
20200215:0330,653.97,835.65,65.08,28.1,7.79,0.0
20200215:0430,688.63,883.47,65.73,28.5,7.59,0.0
20200215:0530,670.2,859.66,58.36,28.71,7.24,0.0
20200215:0630,662.56,850.35,46.92,28.76,6.97,0.0
20200215:0730,743.64,961.75,33.83,28.81,6.83,0.0
20200215:0830,654.51,837.17,20.03,28.39,6.34,0.0
20200215:0930,415.52,521.62,5.86,27.66,5.38,0.0
20200215:1030,0.0,0.0,0.0,26.43,4.69,0.0
20200215:1130,0.0,0.0,0.0,25.62,4.9,0.0
20200215:1230,0.0,0.0,0.0,25.28,5.17,0.0
20200215:1330,0.0,0.0,0.0,25.1,5.24,0.0
20200215:1430,0.0,0.0,0.0,24.9,5.17,0.0
20200215:1530,0.0,0.0,0.0,24.71,5.1,0.0
20200215:1630,0.0,0.0,0.0,24.61,5.17,0.0
20200215:1730,0.0,0.0,0.0,24.53,5.1,0.0
20200215:1830,0.0,0.0,0.0,24.38,5.03,0.0
20200215:1930,0.0,0.0,0.0,24.28,4.9,0.0
20200215:2030,0.0,0.0,0.0,24.11,4.9,0.0
20200215:2130,0.0,0.0,0.0,23.9,4.9,0.0
20200215:2230,404.69,498.62,3.8,23.83,5.03,0.0
20200215:2330,551.88,689.46,18.01,24.13,4.97,0.0
20200216:0030,636.12,802.09,32.02,25.27,6.0,0.0
20200216:0130,541.29,681.23,45.29,26.64,6.69,0.0
20200216:0230,566.55,720.75,57.13,27.6,6.41,0.0
20200216:0330,642.02,825.27,65.41,28.27,6.14,0.0
20200216:0430,587.94,760.08,66.06,28.82,5.72,0.0
20200216:0530,545.33,702.6,58.61,28.99,5.17,0.0
20200216:0630,519.14,666.28,47.09,29.11,4.97,0.0
20200216:0730,443.47,565.22,33.96,28.97,5.24,0.0
20200216:0830,513.72,650.24,20.12,28.25,5.59,0.0
20200216:0930,335.42,420.56,5.92,27.69,5.79,0.0
20200216:1030,0.0,0.0,0.0,26.62,5.24,0.0
20200216:1130,0.0,0.0,0.0,25.98,5.17,0.0
20200216:1230,0.0,0.0,0.0,25.62,5.17,0.0
20200216:1330,0.0,0.0,0.0,25.42,5.24,0.0
20200216:1430,0.0,0.0,0.0,25.13,5.31,0.0
20200216:1530,0.0,0.0,0.0,24.79,5.1,0.0
20200216:1630,0.0,0.0,0.0,24.58,4.83,0.0
20200216:1730,0.0,0.0,0.0,24.48,4.69,0.0
20200216:1830,0.0,0.0,0.0,24.32,4.9,0.0
20200216:1930,0.0,0.0,0.0,24.38,5.31,0.0
20200216:2030,0.0,0.0,0.0,24.19,5.38,0.0
20200216:2130,0.0,0.0,0.0,24.04,5.38,0.0
20200216:2230,300.72,371.52,3.88,23.94,5.52,0.0
20200216:2330,452.19,558.52,18.11,24.23,5.93,0.0
20200217:0030,557.4,692.62,32.15,25.11,7.45,0.0
20200217:0130,665.68,838.36,45.46,26.07,7.79,0.0
20200217:0230,565.37,708.94,57.38,27.33,8.14,0.0
20200217:0330,688.14,873.64,65.74,27.51,7.86,0.0
20200217:0430,651.28,828.76,66.39,28.4,8.28,0.0
20200217:0530,528.01,664.86,58.85,28.59,8.41,0.0
20200217:0630,613.0,777.13,47.26,28.34,8.0,0.0
20200217:0730,442.76,555.37,34.08,28.35,7.72,0.0
20200217:0830,466.47,582.95,20.21,27.97,7.66,0.0
20200217:0930,346.83,432.36,5.99,27.46,7.17,0.0
20200217:1030,0.0,0.0,0.0,26.72,6.62,0.0
20200217:1130,0.0,0.0,0.0,26.18,6.69,0.0
20200217:1230,0.0,0.0,0.0,25.8,6.9,0.0
20200217:1330,0.0,0.0,0.0,25.52,7.1,0.0
20200217:1430,0.0,0.0,0.0,25.27,7.31,0.0
20200217:1530,0.0,0.0,0.0,24.99,7.31,0.0
20200217:1630,0.0,0.0,0.0,24.7,7.24,0.0
20200217:1730,0.0,0.0,0.0,24.44,7.17,0.0
20200217:1830,0.0,0.0,0.0,24.11,7.1,0.0
20200217:1930,0.0,0.0,0.0,24.2,7.59,0.0
20200217:2030,0.0,0.0,0.0,24.03,7.66,0.0
20200217:2130,0.0,0.0,0.0,23.88,7.66,0.0
20200217:2230,325.47,399.09,3.96,23.86,7.59,0.0
20200217:2330,597.66,740.41,18.22,24.11,7.1,0.0
20200218:0030,701.73,877.58,32.29,25.24,8.48,0.0
20200218:0130,761.16,960.39,45.65,26.22,9.31,0.0
20200218:0230,771.42,979.22,57.63,27.19,9.45,0.0
20200218:0330,763.44,970.01,66.07,27.73,9.45,0.0
20200218:0430,744.09,945.64,66.72,28.09,9.38,0.0
20200218:0530,748.66,954.64,59.1,28.32,9.03,0.0
20200218:0630,762.68,974.71,47.43,28.22,8.83,0.0
20200218:0730,677.56,857.13,34.2,28.21,8.76,0.0
20200218:0830,479.65,597.9,20.29,27.7,8.34,0.0
20200218:0930,329.72,410.15,6.05,26.98,7.86,0.0
20200218:1030,0.0,0.0,0.0,26.11,7.45,0.0
20200218:1130,0.0,0.0,0.0,25.56,7.38,0.0
20200218:1230,0.0,0.0,0.0,25.03,7.59,0.0
20200218:1330,0.0,0.0,0.0,24.8,7.86,0.0
20200218:1430,0.0,0.0,0.0,24.49,7.86,0.0
20200218:1530,0.0,0.0,0.0,24.39,7.79,0.0
20200218:1630,0.0,0.0,0.0,24.38,7.66,0.0
20200218:1730,0.0,0.0,0.0,24.1,7.38,0.0
20200218:1830,0.0,0.0,0.0,23.87,7.31,0.0
20200218:1930,0.0,0.0,0.0,23.9,7.31,0.0
20200218:2030,0.0,0.0,0.0,23.65,7.59,0.0
20200218:2130,0.0,0.0,0.0,23.6,7.72,0.0
20200218:2230,342.96,419.37,4.05,23.66,7.72,0.0
20200218:2330,496.83,610.05,18.32,23.73,7.45,0.0
20200219:0030,625.46,773.61,32.43,24.51,9.03,0.0
20200219:0130,549.06,679.9,45.83,25.47,9.72,0.0
20200219:0230,587.54,731.03,57.88,26.14,9.93,0.0
20200219:0330,742.39,935.06,66.41,26.52,9.93,0.0
20200219:0430,613.06,769.36,67.06,27.3,10.0,0.0
20200219:0530,632.31,792.07,59.34,27.16,9.79,0.0
20200219:0630,551.01,685.81,47.59,27.12,9.86,0.0
20200219:0730,604.49,752.71,34.31,26.71,9.79,0.0
20200219:0830,470.07,579.29,20.38,26.32,9.86,0.0
20200219:0930,241.19,301.43,6.11,25.6,9.45,0.0
20200219:1030,0.0,0.0,0.0,24.84,8.62,0.0
20200219:1130,0.0,0.0,0.0,24.49,8.14,0.0
20200219:1230,0.0,0.0,0.0,24.36,8.14,0.0
20200219:1330,0.0,0.0,0.0,24.37,8.48,0.0
20200219:1430,0.0,0.0,0.0,24.25,8.55,0.0
20200219:1530,0.0,0.0,0.0,24.06,8.48,0.0
20200219:1630,0.0,0.0,0.0,24.0,8.41,0.0
20200219:1730,0.0,0.0,0.0,23.75,8.21,0.0
20200219:1830,0.0,0.0,0.0,23.5,8.28,0.0
20200219:1930,0.0,0.0,0.0,23.71,8.97,0.0
20200219:2030,0.0,0.0,0.0,23.82,8.41,0.0
20200219:2130,0.0,0.0,0.0,23.75,8.28,0.0
20200219:2230,260.03,320.23,4.14,23.44,8.55,0.0
20200219:2330,476.83,583.64,18.43,23.63,8.0,0.0
20200220:0030,369.16,454.91,32.57,24.19,8.07,0.0
20200220:0130,590.11,729.27,46.02,24.81,8.97,0.0
20200220:0230,627.08,782.03,58.14,25.95,9.72,0.0
20200220:0330,566.73,707.34,66.75,26.59,9.59,0.0
20200220:0430,647.01,810.86,67.4,26.75,9.59,0.0
20200220:0530,702.07,885.03,59.58,27.27,9.72,0.0
20200220:0630,498.63,621.91,47.75,27.28,9.38,0.0
20200220:0730,590.38,735.36,34.43,26.64,8.9,0.0
20200220:0830,387.11,478.74,20.46,26.51,9.24,0.0
20200220:0930,297.69,368.72,6.17,25.72,7.79,0.0
20200220:1030,0.0,0.0,0.0,24.85,7.93,0.0
20200220:1130,0.0,0.0,0.0,24.39,8.07,0.0
20200220:1230,0.0,0.0,0.0,24.22,8.48,0.0
20200220:1330,0.0,0.0,0.0,23.88,8.07,0.0
20200220:1430,0.0,0.0,0.0,23.65,7.59,0.0
20200220:1530,0.0,0.0,0.0,23.44,8.41,0.0
20200220:1630,0.0,0.0,0.0,23.48,8.62,0.0
20200220:1730,0.0,0.0,0.0,23.32,8.34,0.0
20200220:1830,0.0,0.0,0.0,23.19,7.66,0.0
20200220:1930,0.0,0.0,0.0,23.21,8.28,0.0
20200220:2030,0.0,0.0,0.0,23.29,8.48,0.0
20200220:2130,0.0,0.0,0.0,23.16,7.66,0.0
20200220:2230,196.88,247.23,4.23,23.26,7.31,0.0
20200220:2330,290.94,359.53,18.55,23.39,6.9,0.0
20200221:0030,536.36,663.96,32.72,23.85,6.34,0.0
20200221:0130,640.79,800.57,46.21,24.84,7.66,0.0
20200221:0230,728.77,922.83,58.39,25.94,7.79,0.0
20200221:0330,658.78,828.48,67.09,26.55,8.55,0.0
20200221:0430,667.71,841.0,67.74,26.87,8.69,0.0
20200221:0530,632.66,796.68,59.82,27.01,8.97,0.0
20200221:0630,611.24,764.09,47.91,26.91,9.24,0.0
20200221:0730,553.11,687.86,34.54,26.82,8.9,0.0
20200221:0830,481.43,596.03,20.54,26.41,8.55,0.0
20200221:0930,305.96,378.97,6.22,25.73,7.66,0.0
20200221:1030,0.0,0.0,0.0,25.14,7.45,0.0
20200221:1130,0.0,0.0,0.0,24.58,7.17,0.0
20200221:1230,0.0,0.0,0.0,24.51,7.31,0.0
20200221:1330,0.0,0.0,0.0,24.3,7.24,0.0
20200221:1430,0.0,0.0,0.0,24.15,6.97,0.0
20200221:1530,0.0,0.0,0.0,24.04,6.97,0.0
20200221:1630,0.0,0.0,0.0,24.02,6.97,0.0
20200221:1730,0.0,0.0,0.0,23.78,7.17,0.0
20200221:1830,0.0,0.0,0.0,23.46,7.03,0.0
20200221:1930,0.0,0.0,0.0,23.59,7.52,0.0
20200221:2030,0.0,0.0,0.0,23.42,7.38,0.0
20200221:2130,0.0,0.0,0.0,23.36,7.31,0.0
20200221:2230,154.93,198.96,4.32,23.34,7.17,0.0
20200221:2330,397.57,486.56,18.66,23.39,7.72,0.0
20200222:0030,460.44,566.62,32.87,24.03,7.59,0.0
20200222:0130,652.01,812.72,46.4,24.85,8.0,0.0
20200222:0230,614.54,764.59,58.65,25.56,8.9,0.0
20200222:0330,697.82,879.41,67.43,26.25,8.83,0.0
20200222:0430,778.2,990.12,68.08,27.2,9.17,0.0
20200222:0530,722.13,914.78,60.05,27.51,9.17,0.0
20200222:0630,756.78,961.25,48.07,27.49,9.03,0.0
20200222:0730,626.5,787.5,34.64,27.24,8.28,0.0
20200222:0830,575.83,718.67,20.61,26.62,8.0,0.0
20200222:0930,372.94,460.69,6.28,25.81,7.38,0.0
20200222:1030,0.0,0.0,0.0,24.97,7.24,0.0
20200222:1130,0.0,0.0,0.0,24.43,7.38,0.0
20200222:1230,0.0,0.0,0.0,24.2,7.38,0.0
20200222:1330,0.0,0.0,0.0,24.14,7.38,0.0
20200222:1430,0.0,0.0,0.0,24.1,7.59,0.0
20200222:1530,0.0,0.0,0.0,23.99,7.66,0.0
20200222:1630,0.0,0.0,0.0,23.97,7.59,0.0
20200222:1730,0.0,0.0,0.0,23.99,7.31,0.0
20200222:1830,0.0,0.0,0.0,23.75,6.76,0.0
20200222:1930,0.0,0.0,0.0,23.82,6.55,0.0
20200222:2030,0.0,0.0,0.0,23.63,6.28,0.0
20200222:2130,0.0,0.0,0.0,23.62,6.28,0.0
20200222:2230,413.28,506.4,4.42,23.55,6.28,0.0
20200222:2330,593.99,739.0,18.78,23.85,6.07,0.0
20200223:0030,688.92,865.92,33.02,24.82,6.97,0.0
20200223:0130,764.63,969.94,46.59,25.94,7.93,0.0
20200223:0230,718.73,913.95,58.91,26.78,7.93,0.0
20200223:0330,681.2,865.03,67.78,27.4,7.93,0.0
20200223:0430,728.66,929.1,68.42,27.91,8.48,0.0
20200223:0530,651.79,826.98,60.28,28.15,8.41,0.0
20200223:0630,676.03,858.59,48.22,28.01,8.34,0.0
20200223:0730,701.12,888.25,34.75,27.97,8.83,0.0
20200223:0830,593.16,743.75,20.68,27.63,8.34,0.0
20200223:0930,371.15,460.6,6.33,26.9,7.79,0.0
20200223:1030,0.0,0.0,0.0,25.92,7.38,0.0
20200223:1130,0.0,0.0,0.0,25.43,7.31,0.0
20200223:1230,0.0,0.0,0.0,25.03,7.1,0.0
20200223:1330,0.0,0.0,0.0,24.93,6.97,0.0
20200223:1430,0.0,0.0,0.0,24.85,6.83,0.0
20200223:1530,0.0,0.0,0.0,24.72,6.62,0.0
20200223:1630,0.0,0.0,0.0,24.74,6.41,0.0
20200223:1730,0.0,0.0,0.0,24.64,6.0,0.0
20200223:1830,0.0,0.0,0.0,24.48,5.72,0.0
20200223:1930,0.0,0.0,0.0,24.43,5.79,0.0
20200223:2030,0.0,0.0,0.0,24.28,5.72,0.0
20200223:2130,0.0,0.0,0.0,24.25,5.79,0.0
20200223:2230,314.49,388.3,4.52,24.19,5.93,0.0
20200223:2330,517.69,644.28,18.9,24.47,5.59,0.0
20200224:0030,567.91,710.24,33.17,25.44,6.83,0.0
20200224:0130,659.84,834.86,46.79,26.34,7.17,0.0
20200224:0230,742.94,950.74,59.18,27.34,7.38,0.0
20200224:0330,750.63,966.94,68.14,28.3,7.38,0.0
20200224:0430,744.28,959.43,68.76,28.99,7.59,0.0
20200224:0530,675.08,866.1,60.51,29.27,7.59,0.0
20200224:0630,696.56,894.42,48.37,29.06,7.52,0.0
20200224:0730,527.16,666.03,34.85,28.9,7.52,0.0
20200224:0830,541.19,681.88,20.75,28.34,7.31,0.0
20200224:0930,341.18,427.16,6.37,27.81,6.55,0.0
20200224:1030,0.0,0.0,0.0,26.99,5.86,0.0
20200224:1130,0.0,0.0,0.0,26.36,5.72,0.0
20200224:1230,0.0,0.0,0.0,25.97,5.66,0.0
20200224:1330,0.0,0.0,0.0,25.77,6.0,0.0
20200224:1430,0.0,0.0,0.0,25.55,6.41,0.0
20200224:1530,0.0,0.0,0.0,25.22,6.21,0.0
20200224:1630,0.0,0.0,0.0,24.83,6.14,0.0
20200224:1730,0.0,0.0,0.0,24.56,6.07,0.0
20200224:1830,0.0,0.0,0.0,24.38,6.14,0.0
20200224:1930,0.0,0.0,0.0,24.42,6.14,0.0
20200224:2030,0.0,0.0,0.0,24.31,6.07,0.0
20200224:2130,0.0,0.0,0.0,24.11,5.79,0.0
20200224:2230,389.51,479.6,4.63,24.1,5.72,0.0
20200224:2330,572.3,715.16,19.03,24.52,5.52,0.0
20200225:0030,697.22,881.9,33.32,25.59,6.69,0.0
20200225:0130,660.43,836.77,46.98,26.7,7.38,0.0
20200225:0230,715.45,913.82,59.44,27.52,7.59,0.0
20200225:0330,759.03,977.01,68.49,28.32,7.79,0.0
20200225:0430,659.7,842.96,69.1,28.85,7.59,0.0
20200225:0530,679.88,873.2,60.74,28.99,7.45,0.0
20200225:0630,566.11,718.44,48.51,28.94,7.24,0.0
20200225:0730,580.09,733.27,34.94,28.5,7.38,0.0
20200225:0830,521.28,654.63,20.82,28.08,7.17,0.0
20200225:0930,354.76,442.63,6.42,27.43,6.69,0.0
20200225:1030,0.0,0.0,0.0,26.56,5.93,0.0
20200225:1130,0.0,0.0,0.0,26.05,5.79,0.0
20200225:1230,0.0,0.0,0.0,25.7,5.66,0.0
20200225:1330,0.0,0.0,0.0,25.49,5.79,0.0
20200225:1430,0.0,0.0,0.0,25.24,6.0,0.0
20200225:1530,0.0,0.0,0.0,25.0,6.07,0.0
20200225:1630,0.0,0.0,0.0,24.79,6.14,0.0
20200225:1730,0.0,0.0,0.0,24.6,5.93,0.0
20200225:1830,0.0,0.0,0.0,24.45,5.72,0.0
20200225:1930,0.0,0.0,0.0,24.37,5.72,0.0
20200225:2030,0.0,0.0,0.0,24.23,5.79,0.0
20200225:2130,0.0,0.0,0.0,24.13,5.86,0.0
20200225:2230,372.37,458.37,4.73,24.15,5.93,0.0
20200225:2330,614.41,769.55,19.16,24.29,5.59,0.0
20200226:0030,584.27,730.0,33.48,25.3,6.83,0.0
20200226:0130,657.49,832.29,47.18,26.3,6.76,0.0
20200226:0230,695.06,888.01,59.71,27.14,6.62,0.0
20200226:0330,725.25,934.54,68.85,27.94,6.41,0.0
20200226:0430,719.21,930.79,69.44,28.54,6.34,0.0
20200226:0530,723.11,937.5,60.96,28.82,6.28,0.0
20200226:0630,694.82,899.24,48.66,29.01,6.21,0.0
20200226:0730,720.27,934.71,35.04,28.97,6.0,0.0
20200226:0830,582.54,742.89,20.88,28.77,5.93,0.0
20200226:0930,388.57,487.99,6.46,27.99,5.52,0.0
20200226:1030,0.0,0.0,0.0,26.95,5.03,0.0
20200226:1130,0.0,0.0,0.0,26.02,4.83,0.0
20200226:1230,0.0,0.0,0.0,25.47,4.83,0.0
20200226:1330,0.0,0.0,0.0,25.12,4.76,0.0
20200226:1430,0.0,0.0,0.0,24.82,4.9,0.0
20200226:1530,0.0,0.0,0.0,24.6,5.03,0.0
20200226:1630,0.0,0.0,0.0,24.41,5.17,0.0
20200226:1730,0.0,0.0,0.0,24.23,5.1,0.0
20200226:1830,0.0,0.0,0.0,24.06,5.03,0.0
20200226:1930,0.0,0.0,0.0,24.04,5.45,0.0
20200226:2030,0.0,0.0,0.0,24.04,5.72,0.0
20200226:2130,0.0,0.0,0.0,24.0,5.72,0.0
20200226:2230,382.22,470.34,4.84,23.95,5.66,0.0
20200226:2330,588.15,736.29,19.29,24.31,5.38,0.0
20200227:0030,685.45,862.32,33.64,25.5,7.38,0.0
20200227:0130,677.42,856.72,47.38,26.72,7.59,0.0
20200227:0230,654.95,831.62,59.97,27.68,7.72,0.0
20200227:0330,712.7,911.06,69.21,28.44,8.0,0.0
20200227:0430,584.27,740.38,69.79,28.83,8.28,0.0
20200227:0530,629.39,801.43,61.18,28.64,8.14,0.0
20200227:0630,698.37,891.99,48.79,28.7,8.07,0.0
20200227:0730,698.32,894.65,35.13,28.84,7.45,0.0
20200227:0830,592.54,749.15,20.94,28.5,7.45,0.0
20200227:0930,373.3,465.81,6.5,27.78,7.1,0.0
20200227:1030,0.0,0.0,0.0,26.78,6.76,0.0
20200227:1130,0.0,0.0,0.0,26.24,6.55,0.0
20200227:1230,0.0,0.0,0.0,25.92,6.62,0.0
20200227:1330,0.0,0.0,0.0,25.61,6.97,0.0
20200227:1430,0.0,0.0,0.0,25.12,6.9,0.0
20200227:1530,0.0,0.0,0.0,25.03,6.55,0.0
20200227:1630,0.0,0.0,0.0,24.96,6.55,0.0
20200227:1730,0.0,0.0,0.0,24.77,6.34,0.0
20200227:1830,0.0,0.0,0.0,24.54,6.41,0.0
20200227:1930,0.0,0.0,0.0,24.7,6.83,0.0
20200227:2030,0.0,0.0,0.0,24.61,6.62,0.0
20200227:2130,0.0,0.0,0.0,24.57,6.48,0.0
20200227:2230,348.04,429.03,4.96,24.64,6.48,0.0
20200227:2330,420.25,520.32,19.42,24.97,6.34,0.0
20200228:0030,551.39,685.9,33.8,25.84,8.07,0.0
20200228:0130,675.94,849.98,47.58,26.78,8.69,0.0
20200228:0230,520.29,653.67,60.24,27.71,9.1,0.0
20200228:0330,597.76,753.87,69.57,28.02,8.97,0.0
20200228:0430,619.96,782.26,70.13,28.45,9.17,0.0
20200228:0530,579.17,731.5,61.4,28.71,8.76,0.0
20200228:0630,380.37,479.33,48.93,28.61,8.34,0.0
20200228:0730,334.86,419.75,35.21,27.57,7.59,0.0
20200228:0830,399.13,498.13,21.0,27.28,7.17,0.0
20200228:0930,206.27,263.12,6.54,27.18,6.97,0.0
20200228:1030,0.0,0.0,0.0,26.6,6.48,0.0
20200228:1130,0.0,0.0,0.0,26.24,6.41,0.0
20200228:1230,0.0,0.0,0.0,26.04,6.41,0.0
20200228:1330,0.0,0.0,0.0,25.66,6.41,0.0
20200228:1430,0.0,0.0,0.0,25.33,6.28,0.0
20200228:1530,0.0,0.0,0.0,25.1,6.14,0.0
20200228:1630,0.0,0.0,0.0,25.03,6.28,0.0
20200228:1730,0.0,0.0,0.0,24.98,6.62,0.0
20200228:1830,0.0,0.0,0.0,24.84,6.62,0.0
20200228:1930,0.0,0.0,0.0,24.98,6.97,0.0
20200228:2030,0.0,0.0,0.0,24.97,6.97,0.0
20200228:2130,0.0,0.0,0.0,25.01,7.17,0.0
20200228:2230,269.74,334.88,5.07,24.94,7.1,0.0
20200228:2330,369.42,456.88,19.55,25.14,6.9,0.0
20200229:0030,523.93,651.47,33.8,25.83,8.14,0.0
20200229:0130,641.59,807.22,47.58,26.82,8.41,0.0
20200229:0230,642.33,812.45,60.24,27.78,8.55,0.0
20200229:0330,685.64,874.18,69.57,28.33,8.62,0.0
20200229:0430,683.13,871.18,70.13,28.8,8.62,0.0
20200229:0530,774.36,998.28,61.4,28.92,8.21,0.0
20200229:0630,675.8,865.0,48.93,29.28,8.07,0.0
20200229:0730,639.99,814.0,35.21,28.75,7.86,0.0
20200229:0830,468.96,589.11,21.0,28.3,7.59,0.0
20200229:0930,325.54,407.42,6.54,27.59,6.9,0.0
20200229:1030,0.0,0.0,0.0,26.78,5.93,0.0
20200229:1130,0.0,0.0,0.0,26.17,6.0,0.0
20200229:1230,0.0,0.0,0.0,25.85,6.0,0.0
20200229:1330,0.0,0.0,0.0,25.71,5.93,0.0
20200229:1430,0.0,0.0,0.0,25.61,5.86,0.0
20200229:1530,0.0,0.0,0.0,25.47,5.79,0.0
20200229:1630,0.0,0.0,0.0,25.33,5.72,0.0
20200229:1730,0.0,0.0,0.0,25.15,5.66,0.0
20200229:1830,0.0,0.0,0.0,24.92,5.72,0.0
20200229:1930,0.0,0.0,0.0,24.88,6.14,0.0
20200229:2030,0.0,0.0,0.0,24.71,6.21,0.0
20200229:2130,0.0,0.0,0.0,24.49,6.07,0.0
20200229:2230,399.07,491.77,5.07,24.35,6.0,0.0
20200229:2330,616.07,773.1,19.55,24.75,5.72,0.0
20200301:0030,694.59,878.9,33.96,25.87,6.97,0.0
20200301:0130,684.1,869.26,47.78,27.03,7.59,0.0
20200301:0230,701.06,894.13,60.51,27.99,7.72,0.0
20200301:0330,763.83,984.74,69.94,28.63,7.79,0.0
20200301:0430,714.53,920.58,70.47,29.25,7.79,0.0
20200301:0530,727.64,941.44,61.61,29.37,7.45,0.0
20200301:0630,692.32,892.6,49.06,29.26,7.24,0.0
20200301:0730,630.17,804.87,35.3,28.89,6.97,0.0
20200301:0830,624.37,793.83,21.05,28.34,6.76,0.0
20200301:0930,401.28,501.5,6.58,27.62,6.34,0.0
20200301:1030,0.0,0.0,0.0,26.54,5.17,0.0
20200301:1130,0.0,0.0,0.0,25.73,4.97,0.0
20200301:1230,0.0,0.0,0.0,25.24,4.83,0.0
20200301:1330,0.0,0.0,0.0,24.93,4.83,0.0
20200301:1430,0.0,0.0,0.0,24.71,5.03,0.0
20200301:1530,0.0,0.0,0.0,24.59,5.24,0.0
20200301:1630,0.0,0.0,0.0,24.48,5.38,0.0
20200301:1730,0.0,0.0,0.0,24.28,5.52,0.0
20200301:1830,0.0,0.0,0.0,24.12,5.52,0.0
20200301:1930,0.0,0.0,0.0,24.09,5.52,0.0
20200301:2030,0.0,0.0,0.0,24.02,5.52,0.0
20200301:2130,0.0,0.0,0.0,23.93,5.52,0.0
20200301:2230,400.53,493.1,5.19,23.85,5.66,0.0
20200301:2330,626.89,786.55,19.69,24.27,5.59,0.0
20200302:0030,690.28,870.66,34.12,25.52,7.17,0.0
20200302:0130,678.94,860.0,47.99,26.68,7.72,0.0
20200302:0230,658.38,839.55,60.78,27.74,7.59,0.0
20200302:0330,540.0,689.1,70.3,28.62,7.1,0.0
20200302:0430,570.01,730.61,70.81,28.96,6.55,0.0
20200302:0530,494.73,633.7,61.82,29.18,6.34,0.0
20200302:0630,449.12,573.44,49.18,29.15,6.14,0.0
20200302:0730,492.18,621.88,35.38,28.68,6.97,0.0
20200302:0830,506.03,636.56,21.11,28.2,7.03,0.0
20200302:0930,346.79,433.31,6.61,27.74,6.83,0.0
20200302:1030,0.0,0.0,0.0,26.8,5.93,0.0
20200302:1130,0.0,0.0,0.0,26.21,5.52,0.0
20200302:1230,0.0,0.0,0.0,25.92,5.59,0.0
20200302:1330,0.0,0.0,0.0,25.67,5.72,0.0
20200302:1430,0.0,0.0,0.0,25.41,5.79,0.0
20200302:1530,0.0,0.0,0.0,25.15,5.52,0.0
20200302:1630,0.0,0.0,0.0,24.89,5.31,0.0
20200302:1730,0.0,0.0,0.0,24.64,5.17,0.0
20200302:1830,0.0,0.0,0.0,24.38,5.03,0.0
20200302:1930,0.0,0.0,0.0,24.46,5.17,0.0
20200302:2030,0.0,0.0,0.0,24.31,5.38,0.0
20200302:2130,0.0,0.0,0.0,24.09,5.52,0.0
20200302:2230,396.75,489.32,5.31,24.02,5.52,0.0
20200302:2330,608.83,765.57,19.83,24.39,5.1,0.0
20200303:0030,619.7,778.71,34.29,25.79,6.9,0.0
20200303:0130,612.89,776.0,48.19,27.14,7.45,0.0
20200303:0230,665.95,850.05,61.05,28.21,7.45,0.0
20200303:0330,674.13,863.96,70.67,29.02,7.52,0.0
20200303:0430,728.21,942.61,71.15,29.44,7.38,0.0
20200303:0530,720.41,936.0,62.02,29.97,7.1,0.0
20200303:0630,694.8,900.58,49.3,30.07,6.97,0.0
20200303:0730,636.77,816.92,35.45,29.59,6.83,0.0
20200303:0830,478.0,604.19,21.15,29.12,6.62,0.0
20200303:0930,401.7,503.94,6.64,28.37,6.34,0.0
20200303:1030,0.0,0.0,0.0,27.27,5.59,0.0
20200303:1130,0.0,0.0,0.0,26.42,5.59,0.0
20200303:1230,0.0,0.0,0.0,25.94,5.59,0.0
20200303:1330,0.0,0.0,0.0,25.66,5.66,0.0
20200303:1430,0.0,0.0,0.0,25.4,5.93,0.0
20200303:1530,0.0,0.0,0.0,25.06,5.66,0.0
20200303:1630,0.0,0.0,0.0,24.92,5.1,0.0
20200303:1730,0.0,0.0,0.0,24.78,4.83,0.0
20200303:1830,0.0,0.0,0.0,24.66,4.62,0.0
20200303:1930,0.0,0.0,0.0,24.6,5.03,0.0
20200303:2030,0.0,0.0,0.0,24.38,5.03,0.0
20200303:2130,0.0,0.0,0.0,24.18,5.1,0.0
20200303:2230,408.03,503.63,5.44,24.1,5.31,0.0
20200303:2330,622.73,782.01,19.97,24.46,5.52,0.0
20200304:0030,700.98,886.7,34.45,25.6,6.9,0.0
20200304:0130,669.21,848.56,48.4,26.95,7.38,0.0
20200304:0230,738.5,949.93,61.32,28.0,7.52,0.0
20200304:0330,757.36,980.93,71.04,28.93,7.52,0.0
20200304:0430,720.45,932.75,71.49,29.5,7.31,0.0
20200304:0530,728.98,946.17,62.22,29.66,7.03,0.0
20200304:0630,652.37,840.44,49.42,29.63,6.83,0.0
20200304:0730,539.21,690.74,35.53,29.76,6.0,0.0
20200304:0830,489.65,620.4,21.2,29.02,6.14,0.0
20200304:0930,354.06,444.68,6.67,28.27,6.0,0.0
20200304:1030,0.0,0.0,0.0,27.21,5.1,0.0
20200304:1130,0.0,0.0,0.0,26.47,4.83,0.0
20200304:1230,0.0,0.0,0.0,26.14,4.69,0.0
20200304:1330,0.0,0.0,0.0,25.89,4.76,0.0
20200304:1430,0.0,0.0,0.0,25.75,4.83,0.0
20200304:1530,0.0,0.0,0.0,25.54,4.76,0.0
20200304:1630,0.0,0.0,0.0,25.33,4.76,0.0
20200304:1730,0.0,0.0,0.0,25.07,4.69,0.0
20200304:1830,0.0,0.0,0.0,24.85,4.48,0.0
20200304:1930,0.0,0.0,0.0,24.95,4.28,0.0
20200304:2030,0.0,0.0,0.0,24.86,4.14,0.0
20200304:2130,0.0,0.0,0.0,24.85,4.14,0.0
20200304:2230,297.23,370.61,5.56,24.82,4.21,0.0
20200304:2330,387.74,483.81,20.11,25.4,4.41,0.0
20200305:0030,405.02,507.42,34.62,26.4,5.59,0.0
20200305:0130,314.51,398.57,48.6,27.37,6.21,0.0
20200305:0230,417.56,528.14,61.6,27.83,6.34,0.0
20200305:0330,427.3,543.56,71.41,28.76,6.62,0.0
20200305:0430,447.84,570.51,71.83,29.23,6.97,0.0
20200305:0530,421.62,537.75,62.41,29.6,7.1,0.0
20200305:0630,578.9,740.07,49.53,29.82,7.1,0.0
20200305:0730,463.38,587.86,35.59,29.78,6.83,0.0
20200305:0830,323.96,411.29,21.24,29.62,6.55,0.0
20200305:0930,117.85,160.11,6.69,28.87,5.79,0.0
20200305:1030,0.0,0.0,0.0,27.9,5.31,0.0
20200305:1130,0.0,0.0,0.0,26.84,5.38,0.0
20200305:1230,0.0,0.0,0.0,26.29,5.03,0.0
20200305:1330,0.0,0.0,0.0,25.96,5.24,0.0
20200305:1430,0.0,0.0,0.0,25.83,5.24,0.0
20200305:1530,0.0,0.0,0.0,25.68,4.97,0.0
20200305:1630,0.0,0.0,0.0,25.63,5.1,0.0
20200305:1730,0.0,0.0,0.0,25.52,4.69,0.0
20200305:1830,0.0,0.0,0.0,25.48,4.55,0.0
20200305:1930,0.0,0.0,0.0,25.51,4.07,0.0
20200305:2030,0.0,0.0,0.0,25.3,4.07,0.0
20200305:2130,0.0,0.0,0.0,25.23,4.69,0.0
20200305:2230,1.0,8.46,5.69,25.15,4.62,0.0
20200305:2330,45.83,73.29,20.25,25.33,4.9,0.0
20200306:0030,191.01,247.6,34.79,25.78,5.72,0.0
20200306:0130,276.73,353.41,48.81,26.48,5.86,0.0
20200306:0230,335.01,426.06,61.87,26.75,5.93,0.0
20200306:0330,356.39,454.18,71.78,27.25,6.55,0.0
20200306:0430,269.32,348.51,72.16,27.36,6.14,0.0
20200306:0530,144.6,197.26,62.6,27.32,6.07,0.0
20200306:0630,151.19,204.22,49.64,27.09,5.59,0.0
20200306:0730,112.03,154.98,35.66,26.8,5.72,0.0
20200306:0830,62.88,94.27,21.28,26.54,5.66,0.0
20200306:0930,4.91,16.06,6.72,26.12,5.03,0.0
20200306:1030,0.0,0.0,0.0,25.61,4.76,0.0
20200306:1130,0.0,0.0,0.0,25.08,4.97,0.0
20200306:1230,0.0,0.0,0.0,25.05,5.1,0.0
20200306:1330,0.0,0.0,0.0,25.12,4.62,0.0
20200306:1430,0.0,0.0,0.0,25.08,4.41,0.0
20200306:1530,0.0,0.0,0.0,25.04,3.93,0.0
20200306:1630,0.0,0.0,0.0,25.03,3.66,0.0
20200306:1730,0.0,0.0,0.0,24.96,3.72,0.0
20200306:1830,0.0,0.0,0.0,24.87,3.72,0.0
20200306:1930,0.0,0.0,0.0,25.0,4.0,0.0
20200306:2030,0.0,0.0,0.0,25.06,4.34,0.0
20200306:2130,0.0,0.0,0.0,24.96,4.62,0.0
20200306:2230,0.0,1.76,5.82,24.89,4.76,0.0
20200306:2330,4.59,15.57,20.4,24.8,4.76,0.0
20200307:0030,25.42,46.62,34.96,24.73,4.69,0.0
20200307:0130,73.82,108.78,49.01,24.89,4.55,0.0
20200307:0230,112.7,157.1,62.14,25.37,4.41,0.0
20200307:0330,193.94,255.72,72.16,25.64,4.34,0.0
20200307:0430,175.01,233.83,72.5,26.21,4.62,0.0
20200307:0530,360.05,460.34,62.79,26.47,4.34,0.0
20200307:0630,121.77,168.81,49.75,27.43,5.17,0.0
20200307:0730,71.29,106.12,35.72,26.12,3.79,0.0
20200307:0830,104.9,145.25,21.32,26.15,3.79,0.0
20200307:0930,53.95,81.9,6.74,26.18,3.93,0.0
20200307:1030,0.0,0.0,0.0,25.93,4.07,0.0
20200307:1130,0.0,0.0,0.0,25.65,4.0,0.0
20200307:1230,0.0,0.0,0.0,25.5,3.38,0.0
20200307:1330,0.0,0.0,0.0,25.38,3.24,0.0
20200307:1430,0.0,0.0,0.0,25.24,2.9,0.0
20200307:1530,0.0,0.0,0.0,25.12,2.62,0.0
20200307:1630,0.0,0.0,0.0,24.92,2.48,0.0
20200307:1730,0.0,0.0,0.0,24.84,2.48,0.0
20200307:1830,0.0,0.0,0.0,24.73,2.41,0.0
20200307:1930,0.0,0.0,0.0,24.68,2.41,0.0
20200307:2030,0.0,0.0,0.0,24.55,2.34,0.0
20200307:2130,0.0,0.0,0.0,24.56,2.28,0.0
20200307:2230,262.66,332.42,5.96,24.52,2.07,0.0
20200307:2330,427.27,543.85,20.54,24.99,2.0,0.0
20200308:0030,584.65,764.37,35.13,26.22,2.07,0.0
20200308:0130,589.83,780.47,49.22,27.46,1.93,0.0
20200308:0230,620.46,827.97,62.41,28.21,1.86,0.0
20200308:0330,621.85,832.25,72.53,28.59,2.0,0.0
20200308:0430,567.34,751.84,72.83,28.67,2.07,0.0
20200308:0530,580.26,770.29,62.97,28.84,2.14,0.0
20200308:0630,516.21,674.83,49.85,28.99,2.76,0.0
20200308:0730,405.69,526.57,35.78,28.77,2.07,0.0
20200308:0830,199.98,261.98,21.35,28.19,2.0,0.0
20200308:0930,163.32,215.59,6.76,27.66,0.83,0.0
20200308:1030,0.0,0.0,0.0,27.24,0.97,0.0
20200308:1130,0.0,0.0,0.0,26.36,1.52,0.0
20200308:1230,0.0,0.0,0.0,25.82,0.83,0.0
20200308:1330,0.0,0.0,0.0,25.74,0.69,0.0
20200308:1430,0.0,0.0,0.0,25.35,0.83,0.0
20200308:1530,0.0,0.0,0.0,25.07,1.03,0.0
20200308:1630,0.0,0.0,0.0,25.06,1.03,0.0
20200308:1730,0.0,0.0,0.0,24.75,1.03,0.0
20200308:1830,0.0,0.0,0.0,24.38,1.17,0.0
20200308:1930,0.0,0.0,0.0,23.75,1.38,0.0
20200308:2030,0.0,0.0,0.0,23.72,1.52,0.0
20200308:2130,0.0,0.0,0.0,23.68,1.59,0.0
20200308:2230,308.1,387.78,6.09,23.75,1.72,0.0
20200308:2330,526.36,677.66,20.69,24.57,1.72,0.0
20200309:0030,657.53,870.55,35.3,26.06,2.07,0.0
20200309:0130,726.26,975.17,49.42,27.55,2.62,0.0
20200309:0230,740.55,1004.16,62.68,28.7,2.62,0.0
20200309:0330,735.81,1004.25,72.91,29.53,2.41,0.0
20200309:0430,716.06,983.04,73.16,30.04,2.0,0.0
20200309:0530,739.55,1031.83,63.14,30.43,1.66,0.0
20200309:0630,655.02,902.91,49.94,30.77,1.38,0.0
20200309:0730,648.35,894.12,35.84,30.73,1.24,0.0
20200309:0830,565.05,770.93,21.39,30.59,0.69,0.0
20200309:0930,369.49,487.15,6.78,30.28,0.41,0.0
20200309:1030,0.0,0.0,0.0,29.34,0.69,0.0
20200309:1130,0.0,0.0,0.0,27.9,1.38,0.0
20200309:1230,0.0,0.0,0.0,26.88,1.79,0.0
20200309:1330,0.0,0.0,0.0,26.25,2.07,0.0
20200309:1430,0.0,0.0,0.0,25.65,2.14,0.0
20200309:1530,0.0,0.0,0.0,25.07,2.0,0.0
20200309:1630,0.0,0.0,0.0,24.62,1.86,0.0
20200309:1730,0.0,0.0,0.0,24.43,1.52,0.0
20200309:1830,0.0,0.0,0.0,24.55,1.38,0.0
20200309:1930,0.0,0.0,0.0,23.6,1.52,0.0
20200309:2030,0.0,0.0,0.0,23.39,1.72,0.0
20200309:2130,0.0,0.0,0.0,23.06,1.79,0.0
20200309:2230,432.79,543.55,6.23,22.9,1.93,0.0
20200309:2330,597.78,776.05,20.84,24.53,1.93,0.0
20200310:0030,669.1,887.83,35.47,26.61,2.21,0.0
20200310:0130,748.52,1017.38,49.63,27.7,2.21,0.0
20200310:0230,765.12,1051.34,62.95,28.63,2.14,0.0
20200310:0330,754.08,1035.33,73.29,29.42,2.28,0.0
20200310:0430,732.18,998.43,73.48,30.07,2.55,0.0
20200310:0530,677.26,911.32,63.31,30.44,2.9,0.0
20200310:0630,631.62,841.61,50.03,30.44,3.1,0.0
20200310:0730,674.39,905.22,35.89,30.42,2.9,0.0
20200310:0830,528.04,689.61,21.42,30.21,3.03,0.0
20200310:0930,359.14,459.86,6.79,29.5,3.1,0.0
20200310:1030,0.0,0.0,0.0,28.23,3.24,0.0
20200310:1130,0.0,0.0,0.0,27.14,3.59,0.0
20200310:1230,0.0,0.0,0.0,26.36,3.52,0.0
20200310:1330,0.0,0.0,0.0,25.76,3.45,0.0
20200310:1430,0.0,0.0,0.0,25.28,3.38,0.0
20200310:1530,0.0,0.0,0.0,24.95,3.31,0.0
20200310:1630,0.0,0.0,0.0,24.67,3.38,0.0
20200310:1730,0.0,0.0,0.0,24.46,3.52,0.0
20200310:1830,0.0,0.0,0.0,24.3,3.59,0.0
20200310:1930,0.0,0.0,0.0,24.3,3.31,0.0
20200310:2030,0.0,0.0,0.0,24.14,3.1,0.0
20200310:2130,0.0,0.0,0.0,24.1,2.97,0.0
20200310:2230,366.95,458.18,6.37,24.07,2.9,0.0
20200310:2330,521.43,664.1,20.99,24.92,2.76,0.0
20200311:0030,609.22,787.19,35.64,26.49,3.45,0.0
20200311:0130,624.56,812.47,49.83,27.76,4.07,0.0
20200311:0230,724.93,954.71,63.22,28.7,4.62,0.0
20200311:0330,722.62,949.64,73.67,29.58,5.17,0.0
20200311:0430,790.93,1044.87,73.81,30.05,5.86,0.0
20200311:0530,778.27,1022.34,63.48,30.26,6.62,0.0
20200311:0630,760.96,993.28,50.12,30.02,6.9,0.0
20200311:0730,725.34,938.85,35.94,29.54,6.9,0.0
20200311:0830,644.48,822.62,21.44,28.75,6.83,0.0
20200311:0930,416.44,520.93,6.81,27.75,6.34,0.0
20200311:1030,0.0,0.0,0.0,26.57,5.45,0.0
20200311:1130,0.0,0.0,0.0,25.76,5.24,0.0
20200311:1230,0.0,0.0,0.0,25.34,5.24,0.0
20200311:1330,0.0,0.0,0.0,25.16,5.45,0.0
20200311:1430,0.0,0.0,0.0,25.06,5.66,0.0
20200311:1530,0.0,0.0,0.0,25.04,5.79,0.0
20200311:1630,0.0,0.0,0.0,25.02,5.93,0.0
20200311:1730,0.0,0.0,0.0,25.0,5.93,0.0
20200311:1830,0.0,0.0,0.0,24.88,5.93,0.0
20200311:1930,0.0,0.0,0.0,24.97,6.34,0.0
20200311:2030,0.0,0.0,0.0,24.83,6.14,0.0
20200311:2130,0.0,0.0,0.0,24.77,6.0,0.0
20200311:2230,436.09,538.94,6.51,24.76,5.93,0.0
20200311:2330,581.71,730.15,21.14,25.25,5.66,0.0
20200312:0030,674.48,855.03,35.81,26.27,6.69,0.0
20200312:0130,765.15,985.27,50.04,27.32,7.1,0.0
20200312:0230,804.89,1046.73,63.49,28.48,7.03,0.0
20200312:0330,796.67,1042.6,74.05,29.3,6.62,0.0
20200312:0430,800.94,1054.75,74.13,29.83,6.28,0.0
20200312:0530,797.02,1054.28,63.63,30.11,5.93,0.0
20200312:0630,774.2,1024.91,50.2,30.19,5.52,0.0
20200312:0730,702.58,926.71,35.98,30.26,4.76,0.0
20200312:0830,630.13,822.02,21.47,29.96,4.48,0.0
20200312:0930,411.7,524.54,6.82,29.27,4.0,0.0
20200312:1030,0.0,0.0,0.0,27.89,3.72,0.0
20200312:1130,0.0,0.0,0.0,26.7,4.21,0.0
20200312:1230,0.0,0.0,0.0,25.98,4.55,0.0
20200312:1330,0.0,0.0,0.0,25.57,4.55,0.0
20200312:1430,0.0,0.0,0.0,25.35,4.34,0.0
20200312:1530,0.0,0.0,0.0,25.18,4.21,0.0
20200312:1630,0.0,0.0,0.0,25.03,4.07,0.0
20200312:1730,0.0,0.0,0.0,24.83,4.0,0.0
20200312:1830,0.0,0.0,0.0,24.63,3.93,0.0
20200312:1930,0.0,0.0,0.0,24.6,4.0,0.0
20200312:2030,0.0,0.0,0.0,24.5,4.07,0.0
20200312:2130,0.0,0.0,0.0,24.4,4.21,0.0
20200312:2230,460.97,573.76,6.65,24.36,4.34,0.0
20200312:2330,618.16,784.9,21.3,24.85,4.28,0.0
20200313:0030,681.04,874.68,35.98,26.16,5.03,0.0
20200313:0130,711.68,925.74,50.24,27.5,5.03,0.0
20200313:0230,640.13,834.66,63.75,28.6,4.69,0.0
20200313:0330,684.18,902.46,74.42,29.43,4.55,0.0
20200313:0430,721.75,960.98,74.44,30.14,4.41,0.0
20200313:0530,725.29,967.14,63.79,30.59,4.41,0.0
20200313:0630,596.96,783.64,50.28,30.83,4.48,0.0
20200313:0730,654.67,859.13,36.02,30.42,4.62,0.0
20200313:0830,565.53,727.38,21.49,29.88,5.31,0.0
20200313:0930,378.44,477.8,6.83,28.94,5.38,0.0
20200313:1030,0.0,0.0,0.0,27.56,4.97,0.0
20200313:1130,0.0,0.0,0.0,26.51,4.76,0.0
20200313:1230,0.0,0.0,0.0,25.86,4.62,0.0
20200313:1330,0.0,0.0,0.0,25.42,4.55,0.0
20200313:1430,0.0,0.0,0.0,25.08,4.41,0.0
20200313:1530,0.0,0.0,0.0,24.84,4.41,0.0
20200313:1630,0.0,0.0,0.0,24.66,4.41,0.0
20200313:1730,0.0,0.0,0.0,24.55,4.62,0.0
20200313:1830,0.0,0.0,0.0,24.43,4.69,0.0
20200313:1930,0.0,0.0,0.0,24.56,4.69,0.0
20200313:2030,0.0,0.0,0.0,24.48,4.69,0.0
20200313:2130,0.0,0.0,0.0,24.5,4.62,0.0
20200313:2230,427.75,531.92,6.79,24.49,4.41,0.0
20200313:2330,626.61,797.64,21.45,25.07,4.28,0.0
20200314:0030,720.55,931.73,36.16,26.39,4.9,0.0
20200314:0130,734.08,958.23,50.44,27.62,4.97,0.0
20200314:0230,751.84,988.58,64.02,28.71,5.03,0.0
20200314:0330,655.7,855.83,74.8,29.53,5.1,0.0
20200314:0430,695.18,915.11,74.76,29.84,4.97,0.0
20200314:0530,689.84,907.16,63.93,29.95,4.9,0.0
20200314:0630,689.35,905.51,50.35,29.97,4.97,0.0
20200314:0730,681.29,891.54,36.06,29.92,5.03,0.0
20200314:0830,562.84,724.14,21.51,29.53,4.97,0.0
20200314:0930,393.74,498.04,6.84,28.81,4.83,0.0
20200314:1030,0.0,0.0,0.0,27.69,4.21,0.0
20200314:1130,0.0,0.0,0.0,26.91,4.28,0.0
20200314:1230,0.0,0.0,0.0,26.24,4.07,0.0
20200314:1330,0.0,0.0,0.0,25.73,3.93,0.0
20200314:1430,0.0,0.0,0.0,25.21,3.72,0.0
20200314:1530,0.0,0.0,0.0,24.85,3.59,0.0
20200314:1630,0.0,0.0,0.0,24.57,3.45,0.0
20200314:1730,0.0,0.0,0.0,24.26,3.38,0.0
20200314:1830,0.0,0.0,0.0,24.04,3.38,0.0
20200314:1930,0.0,0.0,0.0,24.06,3.59,0.0
20200314:2030,0.0,0.0,0.0,23.98,3.66,0.0
20200314:2130,0.0,0.0,0.0,23.91,3.72,0.0
20200314:2230,447.97,556.89,6.94,23.85,3.93,0.0
20200314:2330,597.11,755.7,21.6,24.55,4.21,0.0
20200315:0030,646.13,821.19,36.33,26.1,5.59,0.0
20200315:0130,704.06,906.19,50.65,27.31,5.86,0.0
20200315:0230,745.91,970.46,64.28,28.3,5.93,0.0
20200315:0330,782.82,1027.9,75.18,29.17,5.93,0.0
20200315:0430,763.39,1001.21,75.06,29.79,6.14,0.0
20200315:0530,771.91,1014.4,64.07,30.11,6.21,0.0
20200315:0630,736.91,962.91,50.42,30.04,6.28,0.0
20200315:0730,654.55,843.54,36.09,29.7,6.48,0.0
20200315:0830,641.28,821.44,21.52,29.08,6.48,0.0
20200315:0930,422.99,530.79,6.84,28.36,6.34,0.0
20200315:1030,0.0,0.0,0.0,27.09,5.59,0.0
20200315:1130,0.0,0.0,0.0,26.06,5.31,0.0
20200315:1230,0.0,0.0,0.0,25.4,5.1,0.0
20200315:1330,0.0,0.0,0.0,24.94,5.03,0.0
20200315:1430,0.0,0.0,0.0,24.66,5.17,0.0
20200315:1530,0.0,0.0,0.0,24.54,5.31,0.0
20200315:1630,0.0,0.0,0.0,24.52,5.52,0.0
20200315:1730,0.0,0.0,0.0,24.43,5.66,0.0
20200315:1830,0.0,0.0,0.0,24.39,5.79,0.0
20200315:1930,0.0,0.0,0.0,24.42,5.45,0.0
20200315:2030,0.0,0.0,0.0,24.28,5.45,0.0
20200315:2130,0.0,0.0,0.0,24.16,5.38,0.0
20200315:2230,398.03,491.83,7.08,23.99,5.17,0.0
20200315:2330,665.92,844.69,21.76,24.55,4.97,0.0
20200316:0030,734.97,939.67,36.5,25.92,6.21,0.0
20200316:0130,789.51,1022.64,50.85,27.16,6.48,0.0
20200316:0230,795.12,1037.93,64.54,28.32,6.41,0.0
20200316:0330,798.99,1047.9,75.56,29.09,6.34,0.0
20200316:0430,803.95,1057.38,75.37,29.66,6.34,0.0
20200316:0530,801.38,1057.13,64.21,29.98,6.21,0.0
20200316:0630,782.93,1031.65,50.48,30.05,6.07,0.0
20200316:0730,751.15,984.01,36.13,29.96,6.07,0.0
20200316:0830,652.07,841.01,21.54,29.45,5.93,0.0
20200316:0930,422.13,531.84,6.85,28.53,5.59,0.0
20200316:1030,0.0,0.0,0.0,27.17,4.69,0.0
20200316:1130,0.0,0.0,0.0,26.08,4.48,0.0
20200316:1230,0.0,0.0,0.0,25.47,4.41,0.0
20200316:1330,0.0,0.0,0.0,25.15,4.34,0.0
20200316:1430,0.0,0.0,0.0,25.0,4.41,0.0
20200316:1530,0.0,0.0,0.0,24.89,4.41,0.0
20200316:1630,0.0,0.0,0.0,24.77,4.55,0.0
20200316:1730,0.0,0.0,0.0,24.63,4.48,0.0
20200316:1830,0.0,0.0,0.0,24.53,4.28,0.0
20200316:1930,0.0,0.0,0.0,24.52,4.34,0.0
20200316:2030,0.0,0.0,0.0,24.43,4.41,0.0
20200316:2130,0.0,0.0,-7.5,24.37,4.41,0.0
20200316:2230,463.24,576.72,7.23,24.25,4.34,0.0
20200316:2330,646.52,826.05,21.91,24.92,4.14,0.0
20200317:0030,766.01,994.35,36.67,26.38,5.17,0.0
20200317:0130,798.46,1046.63,51.05,27.84,5.59,0.0
20200317:0230,804.1,1058.31,64.8,29.01,5.86,0.0
20200317:0330,789.1,1039.64,75.94,29.89,6.0,0.0
20200317:0430,790.86,1045.77,75.66,30.44,6.14,0.0
20200317:0530,685.79,894.62,64.34,30.64,6.28,0.0
20200317:0630,749.1,980.6,50.54,30.32,6.48,0.0
20200317:0730,689.84,896.05,36.15,30.15,6.41,0.0
20200317:0830,593.59,758.82,21.55,29.53,6.34,0.0
20200317:0930,408.7,513.69,6.85,28.58,6.14,0.0
20200317:1030,0.0,0.0,0.0,27.3,5.45,0.0
20200317:1130,0.0,0.0,0.0,26.31,5.52,0.0
20200317:1230,0.0,0.0,0.0,25.7,5.59,0.0
20200317:1330,0.0,0.0,0.0,25.35,5.79,0.0
20200317:1430,0.0,0.0,0.0,25.12,5.93,0.0
20200317:1530,0.0,0.0,0.0,24.98,5.72,0.0
20200317:1630,0.0,0.0,0.0,24.91,5.59,0.0
20200317:1730,0.0,0.0,0.0,24.81,5.45,0.0
20200317:1830,0.0,0.0,0.0,24.65,5.38,0.0
20200317:1930,0.0,0.0,0.0,24.39,5.03,0.0
20200317:2030,0.0,0.0,0.0,24.27,5.03,0.0
20200317:2130,0.0,0.0,-7.36,24.32,5.03,0.0
20200317:2230,350.53,433.85,7.37,24.21,5.03,0.0
20200317:2330,559.0,699.83,22.07,24.7,5.38,0.0
20200318:0030,678.79,859.67,36.84,25.98,6.62,0.0
20200318:0130,592.89,753.65,51.24,27.32,6.55,0.0
20200318:0230,705.24,913.24,65.06,28.43,6.28,0.0
20200318:0330,748.07,975.52,76.32,29.48,6.34,0.0
20200318:0430,707.65,920.02,75.95,30.04,6.48,0.0
20200318:0530,588.07,754.72,64.46,30.03,6.76,0.0
20200318:0630,558.82,713.58,50.6,29.6,6.83,0.0
20200318:0730,660.73,848.9,36.18,29.37,6.69,0.0
20200318:0830,554.28,703.02,21.56,29.09,6.62,0.0
20200318:0930,380.49,477.12,6.86,28.3,6.21,0.0
20200318:1030,0.0,0.0,0.0,27.16,5.45,0.0
20200318:1130,0.0,0.0,0.0,26.28,5.31,0.0
20200318:1230,0.0,0.0,0.0,25.85,5.1,0.0
20200318:1330,0.0,0.0,0.0,25.74,5.17,0.0
20200318:1430,0.0,0.0,0.0,25.55,5.03,0.0
20200318:1530,0.0,0.0,0.0,25.22,4.83,0.0
20200318:1630,0.0,0.0,0.0,24.84,4.83,0.0
20200318:1730,0.0,0.0,0.0,24.6,4.55,0.0
20200318:1830,0.0,0.0,0.0,24.47,4.41,0.0
20200318:1930,0.0,0.0,0.0,24.61,4.55,0.0
20200318:2030,0.0,0.0,0.0,24.57,4.34,0.0
20200318:2130,0.0,0.0,-7.21,24.45,4.07,0.0
20200318:2230,437.85,545.94,7.52,24.37,3.93,0.0
20200318:2330,610.84,778.72,22.22,25.09,3.86,0.0
20200319:0030,689.72,891.62,37.01,26.6,4.62,0.0
20200319:0130,696.99,910.5,51.44,27.92,4.55,0.0
20200319:0230,720.16,951.57,65.31,29.17,4.34,0.0
20200319:0330,619.53,810.85,76.69,30.04,4.28,0.0
20200319:0430,684.09,906.49,76.24,30.41,4.14,0.0
20200319:0530,683.02,908.06,64.57,30.83,4.07,0.0
20200319:0630,617.01,811.72,50.65,30.88,4.14,0.0
20200319:0730,549.21,712.12,36.2,30.39,4.34,0.0
20200319:0830,469.51,602.08,21.57,29.82,4.28,0.0
20200319:0930,347.39,441.21,6.86,29.21,4.28,0.0
20200319:1030,0.0,0.0,0.0,28.22,3.93,0.0
20200319:1130,0.0,0.0,0.0,27.31,4.07,0.0
20200319:1230,0.0,0.0,0.0,26.71,4.14,0.0
20200319:1330,0.0,0.0,0.0,26.13,4.07,0.0
20200319:1430,0.0,0.0,0.0,25.7,4.0,0.0
20200319:1530,0.0,0.0,0.0,25.42,4.07,0.0
20200319:1630,0.0,0.0,0.0,25.23,4.14,0.0
20200319:1730,0.0,0.0,0.0,24.98,4.14,0.0
20200319:1830,0.0,0.0,0.0,24.77,3.86,0.0
20200319:1930,0.0,0.0,0.0,24.79,4.07,0.0
20200319:2030,0.0,0.0,0.0,24.63,4.0,0.0
20200319:2130,0.0,0.0,-7.06,24.57,4.0,0.0
20200319:2230,438.13,546.61,7.67,24.54,3.93,0.0
20200319:2330,657.04,841.63,22.38,25.36,4.21,0.0
20200320:0030,709.83,916.93,37.18,26.88,5.1,0.0
20200320:0130,759.37,994.55,51.63,28.29,5.38,0.0
20200320:0230,783.26,1034.32,65.56,29.55,5.52,0.0
20200320:0330,787.58,1044.58,77.07,30.44,5.59,0.0
20200320:0430,780.92,1037.26,76.52,31.08,5.66,0.0
20200320:0530,770.74,1023.37,64.68,31.36,5.79,0.0
20200320:0630,723.71,953.54,50.7,31.37,5.93,0.0
20200320:0730,679.7,888.86,36.22,31.0,5.72,0.0
20200320:0830,588.39,758.27,21.57,30.39,5.66,0.0
20200320:0930,365.12,461.62,6.86,29.49,5.59,0.0
20200320:1030,0.0,0.0,0.0,28.29,4.9,0.0
20200320:1130,0.0,0.0,0.0,27.27,4.76,0.0
20200320:1230,0.0,0.0,0.0,26.6,4.69,0.0
20200320:1330,0.0,0.0,0.0,26.11,4.62,0.0
20200320:1430,0.0,0.0,0.0,25.82,4.55,0.0
20200320:1530,0.0,0.0,0.0,25.63,4.41,0.0
20200320:1630,0.0,0.0,0.0,25.46,4.28,0.0
20200320:1730,0.0,0.0,0.0,25.24,4.21,0.0
20200320:1830,0.0,0.0,0.0,25.0,4.28,0.0
20200320:1930,0.0,0.0,0.0,25.01,4.28,0.0
20200320:2030,0.0,0.0,0.0,24.88,4.34,0.0
20200320:2130,0.0,0.0,-6.91,24.84,4.21,0.0
20200320:2230,456.13,569.82,7.82,24.79,4.07,0.0
20200320:2330,614.66,784.79,22.53,25.71,4.14,0.0
20200321:0030,692.12,894.55,37.34,27.12,4.97,0.0
20200321:0130,667.49,868.51,51.83,28.59,4.97,0.0
20200321:0230,723.9,953.21,65.81,29.7,4.97,0.0
20200321:0330,585.15,760.72,77.44,30.59,4.9,0.0
20200321:0430,655.78,859.91,76.79,30.55,4.97,0.0
20200321:0530,585.87,761.07,64.78,30.74,5.31,0.0
20200321:0630,572.78,740.61,50.74,30.46,5.59,0.0
20200321:0730,500.24,638.39,36.24,30.18,6.07,0.0
20200321:0830,473.86,601.34,21.58,29.63,6.07,0.0
20200321:0930,313.33,395.56,6.86,28.95,5.72,0.0
20200321:1030,0.0,0.0,0.0,28.18,5.24,0.0
20200321:1130,0.0,0.0,0.0,27.48,5.17,0.0
20200321:1230,0.0,0.0,0.0,26.98,5.31,0.0
20200321:1330,0.0,0.0,0.0,26.61,5.03,0.0
20200321:1430,0.0,0.0,0.0,26.08,4.9,0.0
20200321:1530,0.0,0.0,0.0,25.68,4.48,0.0
20200321:1630,0.0,0.0,0.0,25.48,4.34,0.0
20200321:1730,0.0,0.0,0.0,25.3,4.34,0.0
20200321:1830,0.0,0.0,0.0,25.3,4.34,0.0
20200321:1930,0.0,0.0,0.0,25.4,4.21,0.0
20200321:2030,0.0,0.0,0.0,25.41,4.07,0.0
20200321:2130,0.0,0.0,-6.77,25.32,4.14,0.0
20200321:2230,409.61,511.42,7.97,25.32,4.28,0.0
20200321:2330,560.28,709.79,22.69,26.04,4.55,0.0
20200322:0030,590.05,755.04,37.51,27.31,4.9,0.0
20200322:0130,619.1,800.98,52.01,28.45,4.76,0.0
20200322:0230,712.72,939.6,66.05,29.44,4.55,0.0
20200322:0330,631.92,828.9,77.82,30.32,4.55,0.0
20200322:0430,642.81,845.56,77.06,30.72,4.76,0.0
20200322:0530,652.05,853.89,64.88,30.91,5.17,0.0
20200322:0630,610.72,794.7,50.78,30.87,5.24,0.0
20200322:0730,600.33,779.43,36.25,30.64,5.31,0.0
20200322:0830,485.12,620.71,21.58,30.3,5.38,0.0
20200322:0930,308.48,391.4,6.85,29.54,5.45,0.0
20200322:1030,0.0,0.0,0.0,28.55,4.76,0.0
20200322:1130,0.0,0.0,0.0,27.76,4.83,0.0
20200322:1230,0.0,0.0,0.0,27.21,4.97,0.0
20200322:1330,0.0,0.0,0.0,26.73,4.9,0.0
20200322:1430,0.0,0.0,0.0,26.24,4.83,0.0
20200322:1530,0.0,0.0,0.0,25.83,4.9,0.0
20200322:1630,0.0,0.0,0.0,25.45,4.48,0.0
20200322:1730,0.0,0.0,0.0,25.24,4.21,0.0
20200322:1830,0.0,0.0,0.0,25.06,4.0,0.0
20200322:1930,0.0,0.0,0.0,25.3,4.07,0.0
20200322:2030,0.0,0.0,0.0,25.22,4.34,0.0
20200322:2130,0.0,0.0,-6.61,25.01,4.48,0.0
20200322:2230,415.2,517.35,8.12,24.99,4.41,0.0
20200322:2330,566.74,716.68,22.84,25.68,4.55,0.0
20200323:0030,716.67,924.66,37.67,27.03,5.52,0.0
20200323:0130,707.32,916.76,52.2,28.4,5.86,0.0
20200323:0230,691.73,898.53,66.29,29.37,6.14,0.0
20200323:0330,754.03,988.39,78.19,30.04,6.34,0.0
20200323:0430,758.43,995.79,77.31,30.74,6.41,0.0
20200323:0530,751.57,989.79,64.97,31.09,6.34,0.0
20200323:0630,690.87,904.04,50.81,31.15,6.34,0.0
20200323:0730,658.09,855.15,36.26,30.69,6.21,0.0
20200323:0830,609.41,783.68,21.58,30.09,6.14,0.0
20200323:0930,391.2,493.45,6.85,29.26,5.93,0.0
20200323:1030,0.0,0.0,0.0,28.03,4.97,0.0
20200323:1130,0.0,0.0,0.0,27.12,4.76,0.0
20200323:1230,0.0,0.0,0.0,26.53,4.76,0.0
20200323:1330,0.0,0.0,0.0,26.19,4.62,0.0
20200323:1430,0.0,0.0,0.0,25.95,4.48,0.0
20200323:1530,0.0,0.0,0.0,25.75,4.41,0.0
20200323:1630,0.0,0.0,0.0,25.56,4.34,0.0
20200323:1730,0.0,0.0,0.0,25.31,4.07,0.0
20200323:1830,0.0,0.0,0.0,25.09,4.14,0.0
20200323:1930,0.0,0.0,0.0,25.23,4.55,0.0
20200323:2030,0.0,0.0,0.0,25.18,4.69,0.0
20200323:2130,0.0,0.0,-6.46,25.0,4.62,0.0
20200323:2230,392.82,488.89,8.27,25.05,4.69,0.0
20200323:2330,519.96,654.06,23.0,25.79,4.97,0.0
20200324:0030,656.06,838.6,37.84,26.91,5.66,0.0
20200324:0130,756.41,986.1,52.39,28.09,5.66,0.0
20200324:0230,752.31,987.41,66.52,29.38,5.66,0.0
20200324:0330,719.62,943.57,78.56,30.35,5.72,0.0
20200324:0430,760.29,1005.58,77.56,30.86,5.72,0.0
20200324:0530,724.45,955.35,65.06,31.28,5.79,0.0
20200324:0630,754.05,997.75,50.84,31.28,5.93,0.0
20200324:0730,594.36,768.11,36.27,30.8,5.86,0.0
20200324:0830,574.84,735.54,21.58,29.94,6.28,0.0
20200324:0930,385.78,484.87,6.85,29.0,6.55,0.0
20200324:1030,0.0,0.0,0.0,27.76,5.79,0.0
20200324:1130,0.0,0.0,0.0,26.99,5.66,0.0
20200324:1230,0.0,0.0,0.0,26.58,5.38,0.0
20200324:1330,0.0,0.0,0.0,26.28,5.03,0.0
20200324:1430,0.0,0.0,0.0,26.04,4.97,0.0
20200324:1530,0.0,0.0,0.0,25.88,5.03,0.0
20200324:1630,0.0,0.0,0.0,25.79,5.1,0.0
20200324:1730,0.0,0.0,0.0,25.66,4.83,0.0
20200324:1830,0.0,0.0,0.0,25.54,4.62,0.0
20200324:1930,0.0,0.0,0.0,25.42,5.1,0.0
20200324:2030,0.0,0.0,0.0,25.18,5.1,0.0
20200324:2130,0.0,0.0,-6.31,24.99,5.03,0.0
20200324:2230,407.34,505.43,8.42,24.87,5.1,0.0
20200324:2330,579.54,730.14,23.15,25.48,5.38,0.0
20200325:0030,720.95,922.36,38.0,26.65,6.41,0.0
20200325:0130,743.74,956.43,52.57,27.86,7.1,0.0
20200325:0230,762.38,986.98,66.76,29.11,7.52,0.0
20200325:0330,770.88,1002.82,78.92,30.21,7.66,0.0
20200325:0430,755.72,987.56,77.8,30.84,7.31,0.0
20200325:0530,675.46,878.68,65.13,31.17,6.97,0.0
20200325:0630,727.36,951.17,50.87,31.05,6.9,0.0
20200325:0730,641.36,827.73,36.28,30.83,7.1,0.0
20200325:0830,519.49,661.69,21.58,30.22,6.83,0.0
20200325:0930,379.78,478.22,6.84,29.14,6.41,0.0
20200325:1030,0.0,0.0,0.0,27.96,5.38,0.0
20200325:1130,0.0,0.0,0.0,27.19,5.03,0.0
20200325:1230,0.0,0.0,0.0,26.72,4.76,0.0
20200325:1330,0.0,0.0,0.0,26.41,4.76,0.0
20200325:1430,0.0,0.0,0.0,26.21,5.1,0.0
20200325:1530,0.0,0.0,0.0,25.79,5.31,0.0
20200325:1630,0.0,0.0,0.0,25.4,5.1,0.0
20200325:1730,0.0,0.0,0.0,25.15,5.03,0.0
20200325:1830,0.0,0.0,0.0,24.96,5.17,0.0
20200325:1930,0.0,0.0,0.0,25.3,4.97,0.0
20200325:2030,0.0,0.0,0.0,25.22,4.97,0.0
20200325:2130,0.0,0.0,-6.16,25.06,4.83,0.0
20200325:2230,320.18,398.62,8.57,24.92,4.69,0.0
20200325:2330,547.17,687.9,23.3,25.52,4.9,0.0
20200326:0030,513.27,645.54,38.16,26.6,5.79,0.0
20200326:0130,544.04,690.54,52.75,27.49,5.79,0.0
20200326:0230,572.94,733.75,66.98,28.24,5.79,0.0
20200326:0330,475.24,607.68,79.28,28.99,5.93,0.0
20200326:0430,370.96,475.58,78.03,29.03,6.69,0.0
20200326:0530,247.9,322.49,65.2,28.34,6.69,0.0
20200326:0630,309.16,393.61,50.89,27.98,6.07,0.0
20200326:0730,225.31,290.61,36.28,27.7,5.93,0.0
20200326:0830,149.74,197.63,21.57,27.4,5.52,0.0
20200326:0930,92.81,128.99,6.84,27.29,5.31,0.0
20200326:1030,0.0,0.0,0.0,27.18,5.24,0.0
20200326:1130,0.0,0.0,0.0,26.99,5.24,0.0
20200326:1230,0.0,0.0,0.0,26.88,5.24,0.0
20200326:1330,0.0,0.0,0.0,26.85,5.38,0.0
20200326:1430,0.0,0.0,0.0,26.76,5.79,0.0
20200326:1530,0.0,0.0,0.0,26.61,5.93,0.0
20200326:1630,0.0,0.0,0.0,26.39,5.59,0.0
20200326:1730,0.0,0.0,0.0,26.15,5.52,0.0
20200326:1830,0.0,0.0,0.0,25.91,5.38,0.0
20200326:1930,0.0,0.0,0.0,25.8,5.45,0.0
20200326:2030,0.0,0.0,0.0,25.85,5.31,0.0
20200326:2130,0.0,0.0,-6.01,25.76,5.24,0.0
20200326:2230,219.74,279.17,8.72,25.71,5.17,0.0
20200326:2330,451.39,565.71,23.46,26.21,5.38,0.0
20200327:0030,598.82,760.46,38.31,27.29,6.21,0.0
20200327:0130,596.15,761.92,52.92,28.51,6.34,0.0
20200327:0230,672.46,873.02,67.2,29.54,6.14,0.0
20200327:0330,625.09,812.95,79.64,30.62,6.14,0.0
20200327:0430,570.14,737.76,78.26,31.15,6.07,0.0
20200327:0530,576.17,746.27,65.27,31.17,5.86,0.0
20200327:0630,560.21,725.8,50.91,31.02,5.72,0.0
20200327:0730,510.99,660.6,36.28,30.85,5.03,0.0
20200327:0830,521.77,671.51,21.57,30.51,5.1,0.0
20200327:0930,337.46,428.41,6.83,29.85,5.31,0.0
20200327:1030,0.0,0.0,0.0,28.65,4.9,0.0
20200327:1130,0.0,0.0,0.0,27.72,4.97,0.0
20200327:1230,0.0,0.0,0.0,27.18,4.97,0.0
20200327:1330,0.0,0.0,0.0,26.86,4.9,0.0
20200327:1430,0.0,0.0,0.0,26.56,4.83,0.0
20200327:1530,0.0,0.0,0.0,26.34,4.83,0.0
20200327:1630,0.0,0.0,0.0,26.11,4.62,0.0
20200327:1730,0.0,0.0,0.0,25.88,4.48,0.0
20200327:1830,0.0,0.0,0.0,25.83,4.41,0.0
20200327:1930,0.0,0.0,0.0,25.79,4.62,0.0
20200327:2030,0.0,0.0,0.0,25.74,4.76,0.0
20200327:2130,0.0,0.0,-5.85,25.64,4.83,0.0
20200327:2230,416.34,518.36,8.87,25.43,4.9,0.0
20200327:2330,576.07,727.52,23.61,25.91,5.1,0.0
20200328:0030,673.35,865.21,38.47,27.2,5.38,0.0
20200328:0130,617.48,797.06,53.1,28.7,5.24,0.0
20200328:0230,712.97,936.68,67.42,29.81,5.17,0.0
20200328:0330,662.85,869.14,80.0,30.81,5.24,0.0
20200328:0430,653.78,856.92,78.47,31.31,5.31,0.0
20200328:0530,623.19,816.71,65.33,31.59,5.52,0.0
20200328:0630,633.71,827.27,50.93,31.3,5.72,0.0
20200328:0730,515.3,661.92,36.28,30.89,5.79,0.0
20200328:0830,437.9,557.83,21.56,30.28,5.59,0.0
20200328:0930,360.63,456.72,6.82,29.72,5.52,0.0
20200328:1030,0.0,0.0,0.0,28.81,5.03,0.0
20200328:1130,0.0,0.0,0.0,28.05,4.83,0.0
20200328:1230,0.0,0.0,0.0,27.4,4.41,0.0
20200328:1330,0.0,0.0,0.0,26.86,4.07,0.0
20200328:1430,0.0,0.0,0.0,26.49,4.0,0.0
20200328:1530,0.0,0.0,0.0,26.2,3.93,0.0
20200328:1630,0.0,0.0,0.0,25.91,3.86,0.0
20200328:1730,0.0,0.0,0.0,25.62,3.79,0.0
20200328:1830,0.0,0.0,0.0,25.33,3.79,0.0
20200328:1930,0.0,0.0,0.0,25.08,3.86,0.0
20200328:2030,0.0,0.0,0.0,24.95,4.0,0.0
20200328:2130,0.0,0.0,-5.7,24.86,4.0,0.0
20200328:2230,419.38,524.38,9.02,24.96,3.93,0.0
20200328:2330,625.58,799.91,23.76,25.87,4.28,0.0
20200329:0030,714.8,925.23,38.62,27.29,5.24,0.0
20200329:0130,766.23,1004.93,53.27,28.52,5.38,0.0
20200329:0230,728.48,957.05,67.63,29.69,5.38,0.0
20200329:0330,770.69,1022.89,80.35,30.51,5.24,0.0
20200329:0430,756.18,1007.61,78.67,31.23,5.1,0.0
20200329:0530,752.07,1006.36,65.38,31.57,4.97,0.0
20200329:0630,672.94,890.31,50.94,31.71,5.03,0.0
20200329:0730,588.26,764.91,36.28,31.39,5.38,0.0
20200329:0830,585.86,755.75,21.55,30.68,5.66,0.0
20200329:0930,387.11,490.07,6.82,29.89,5.86,0.0
20200329:1030,0.0,0.0,0.0,28.67,5.24,0.0
20200329:1130,0.0,0.0,0.0,27.7,4.83,0.0
20200329:1230,0.0,0.0,0.0,27.04,4.55,0.0
20200329:1330,0.0,0.0,0.0,26.57,4.34,0.0
20200329:1430,0.0,0.0,0.0,26.23,4.21,0.0
20200329:1530,0.0,0.0,0.0,26.02,4.21,0.0
20200329:1630,0.0,0.0,0.0,25.82,4.34,0.0
20200329:1730,0.0,0.0,0.0,25.56,4.55,0.0
20200329:1830,0.0,0.0,0.0,25.22,4.76,0.0
20200329:1930,0.0,0.0,0.0,25.14,4.62,0.0
20200329:2030,0.0,0.0,0.0,25.03,4.34,0.0
20200329:2130,0.0,0.0,-5.55,24.97,4.14,0.0
20200329:2230,441.7,553.12,9.17,24.97,3.79,0.0
20200329:2330,627.66,806.88,23.9,25.96,3.79,0.0
20200330:0030,730.28,956.07,38.77,27.49,4.41,0.0
20200330:0130,756.06,1000.67,53.43,28.86,4.55,0.0
20200330:0230,767.64,1023.55,67.84,30.02,4.62,0.0
20200330:0330,757.38,1014.36,80.7,31.01,4.55,0.0
20200330:0430,767.88,1035.94,78.86,31.78,4.41,0.0
20200330:0530,727.86,981.47,65.43,32.33,4.34,0.0
20200330:0630,505.33,663.23,50.95,32.58,4.41,0.0
20200330:0730,503.1,654.47,36.27,31.92,4.9,0.0
20200330:0830,578.4,748.84,21.54,31.22,5.45,0.0
20200330:0930,303.86,387.11,6.81,30.38,5.79,0.0
20200330:1030,0.0,0.0,0.0,29.3,5.31,0.0
20200330:1130,0.0,0.0,0.0,28.53,4.83,0.0
20200330:1230,0.0,0.0,0.0,27.96,4.55,0.0
20200330:1330,0.0,0.0,0.0,27.51,4.21,0.0
20200330:1430,0.0,0.0,0.0,27.15,4.21,0.0
20200330:1530,0.0,0.0,0.0,26.83,4.34,0.0
20200330:1630,0.0,0.0,0.0,26.44,4.34,0.0
20200330:1730,0.0,0.0,0.0,26.18,4.14,0.0
20200330:1830,0.0,0.0,0.0,25.85,3.86,0.0
20200330:1930,0.0,0.0,0.0,25.66,3.86,0.0
20200330:2030,0.0,0.0,0.0,25.56,4.0,0.0
20200330:2130,0.0,0.0,-5.39,25.48,4.14,0.0
20200330:2230,444.32,556.11,9.32,25.38,4.21,0.0
20200330:2330,617.72,788.21,24.05,26.24,4.62,0.0
20200331:0030,738.22,960.96,38.92,27.51,5.1,0.0
20200331:0130,768.32,1014.91,53.59,28.81,4.9,0.0
20200331:0230,786.34,1050.81,68.04,29.99,4.69,0.0
20200331:0330,785.28,1056.7,81.04,31.01,4.48,0.0
20200331:0430,783.31,1061.38,79.04,31.83,4.28,0.0
20200331:0530,776.04,1055.07,65.47,32.47,4.28,0.0
20200331:0630,762.2,1036.73,50.95,32.82,4.21,0.0
20200331:0730,729.74,977.85,36.26,32.54,4.83,0.0
20200331:0830,636.54,837.82,21.53,32.0,4.83,0.0
20200331:0930,421.37,539.53,6.8,31.13,4.9,0.0
20200331:1030,0.0,0.0,0.0,29.66,4.34,0.0
20200331:1130,0.0,0.0,0.0,28.29,4.41,0.0
20200331:1230,0.0,0.0,0.0,27.34,4.48,0.0
20200331:1330,0.0,0.0,0.0,26.7,4.34,0.0
20200331:1430,0.0,0.0,0.0,26.33,4.21,0.0
20200331:1530,0.0,0.0,0.0,26.11,4.07,0.0
20200331:1630,0.0,0.0,0.0,25.94,3.93,0.0
20200331:1730,0.0,0.0,0.0,25.81,3.79,0.0
20200331:1830,0.0,0.0,0.0,25.66,3.79,0.0
20200331:1930,0.0,0.0,0.0,25.6,4.0,0.0
20200331:2030,0.0,0.0,0.0,25.39,3.86,0.0
20200331:2130,0.0,0.0,-5.24,25.18,3.72,0.0
20200331:2230,501.12,631.92,9.46,25.09,3.52,0.0
20200331:2330,670.02,869.41,24.2,26.19,3.59,0.0
20200401:0030,745.12,984.07,39.07,27.82,4.0,0.0
20200401:0130,756.32,1010.43,53.75,29.14,3.93,0.0
20200401:0230,762.53,1024.66,68.24,30.25,4.14,0.0
20200401:0330,781.68,1051.76,81.38,31.26,4.55,0.0
20200401:0430,791.0,1064.01,79.2,32.04,5.1,0.0
20200401:0530,786.68,1056.54,65.5,32.49,5.52,0.0
20200401:0630,745.61,993.78,50.95,32.6,5.79,0.0
20200401:0730,628.8,821.21,36.25,32.08,6.0,0.0
20200401:0830,594.17,767.27,21.52,31.3,6.21,0.0
20200401:0930,337.21,428.02,6.79,30.36,6.14,0.0
20200401:1030,0.0,0.0,0.0,29.02,5.31,0.0
20200401:1130,0.0,0.0,0.0,28.15,5.17,0.0
20200401:1230,0.0,0.0,0.0,27.62,4.97,0.0
20200401:1330,0.0,0.0,0.0,27.28,4.97,0.0
20200401:1430,0.0,0.0,0.0,27.0,4.55,0.0
20200401:1530,0.0,0.0,0.0,26.65,4.28,0.0
20200401:1630,0.0,0.0,0.0,26.31,4.34,0.0
20200401:1730,0.0,0.0,0.0,25.91,4.34,0.0
20200401:1830,0.0,0.0,0.0,25.76,4.28,0.0
20200401:1930,0.0,0.0,0.0,25.64,4.76,0.0
20200401:2030,0.0,0.0,0.0,25.63,4.62,0.0
20200401:2130,0.0,0.0,-5.09,25.65,4.69,0.0
20200401:2230,473.49,592.3,9.61,25.61,4.76,0.0
20200401:2330,586.99,742.86,24.34,26.45,5.38,0.0
20200402:0030,718.57,924.22,39.21,27.71,6.34,0.0
20200402:0130,692.09,891.65,53.91,29.04,6.69,0.0
20200402:0230,731.16,949.8,68.43,30.08,7.03,0.0
20200402:0330,786.05,1031.13,81.71,30.99,7.17,0.0
20200402:0430,744.88,978.28,79.36,31.59,6.97,0.0
20200402:0530,750.33,988.89,65.53,31.86,6.69,0.0
20200402:0630,766.43,1013.05,50.95,31.94,6.62,0.0
20200402:0730,657.86,856.02,36.24,31.66,6.55,0.0
20200402:0830,594.0,762.71,21.51,30.93,6.83,0.0
20200402:0930,400.68,505.82,6.78,29.97,6.76,0.0
20200402:1030,0.0,0.0,0.0,28.75,5.66,0.0
20200402:1130,0.0,0.0,0.0,27.84,5.03,0.0
20200402:1230,0.0,0.0,0.0,27.28,4.83,0.0
20200402:1330,0.0,0.0,0.0,26.88,4.97,0.0
20200402:1430,0.0,0.0,0.0,26.61,5.31,0.0
20200402:1530,0.0,0.0,0.0,26.4,5.52,0.0
20200402:1630,0.0,0.0,0.0,26.24,5.66,0.0
20200402:1730,0.0,0.0,0.0,26.08,5.45,0.0
20200402:1830,0.0,0.0,0.0,25.94,5.24,0.0
20200402:1930,0.0,0.0,0.0,25.89,5.38,0.0
20200402:2030,0.0,0.0,0.0,25.79,5.24,0.0
20200402:2130,0.0,0.0,-4.94,25.81,5.1,0.0
20200402:2230,382.87,476.92,9.75,25.66,5.03,0.0
20200402:2330,609.3,770.19,24.48,26.31,5.79,0.0
20200403:0030,584.61,740.42,39.36,27.65,6.69,0.0
20200403:0130,652.4,836.94,54.06,28.8,6.9,0.0
20200403:0230,596.0,766.25,68.61,29.57,6.97,0.0
20200403:0330,697.87,903.57,82.03,30.11,6.97,0.0
20200403:0430,646.12,832.92,79.5,30.56,7.38,0.0
20200403:0530,626.23,806.8,65.55,30.76,7.38,0.0
20200403:0630,496.92,634.29,50.95,30.41,7.1,0.0
20200403:0730,425.63,541.21,36.23,30.06,6.62,0.0
20200403:0830,425.2,538.33,21.49,29.8,6.55,0.0
20200403:0930,206.17,264.75,6.78,28.56,6.55,0.0
20200403:1030,0.0,0.0,0.0,27.3,5.66,0.0
20200403:1130,0.0,0.0,0.0,26.66,5.24,0.0
20200403:1230,0.0,0.0,0.0,26.26,5.17,0.0
20200403:1330,0.0,0.0,0.0,25.97,5.38,0.0
20200403:1430,0.0,0.0,0.0,25.79,5.38,0.0
20200403:1530,0.0,0.0,0.0,25.67,5.31,0.0
20200403:1630,0.0,0.0,0.0,25.49,5.24,0.0
20200403:1730,0.0,0.0,0.0,25.4,5.1,0.0
20200403:1830,0.0,0.0,0.0,25.26,4.9,0.0
20200403:1930,0.0,0.0,0.0,25.62,4.9,0.0
20200403:2030,0.0,0.0,0.0,25.58,5.1,0.0
20200403:2130,0.0,0.0,-4.79,25.48,4.97,0.0
20200403:2230,460.0,574.37,9.9,25.4,4.76,0.0
20200403:2330,602.84,765.1,24.62,26.21,5.1,0.0
20200404:0030,721.33,930.95,39.49,27.57,5.86,0.0
20200404:0130,642.37,826.93,54.21,28.96,6.07,0.0
20200404:0230,648.92,839.31,68.79,29.77,6.28,0.0
20200404:0330,729.0,953.5,82.34,30.49,6.34,0.0
20200404:0430,719.92,941.69,79.63,31.44,6.76,0.0
20200404:0530,676.19,882.78,65.57,31.78,6.97,0.0
20200404:0630,723.41,948.91,50.94,31.72,6.9,0.0
20200404:0730,699.43,911.26,36.22,31.55,7.03,0.0
20200404:0830,619.55,797.64,21.48,30.96,6.9,0.0
20200404:0930,373.09,471.24,6.77,30.05,6.76,0.0
20200404:1030,0.0,0.0,0.0,28.77,5.86,0.0
20200404:1130,0.0,0.0,0.0,27.79,5.59,0.0
20200404:1230,0.0,0.0,0.0,27.18,5.52,0.0
20200404:1330,0.0,0.0,0.0,26.75,5.45,0.0
20200404:1430,0.0,0.0,0.0,26.51,5.24,0.0
20200404:1530,0.0,0.0,0.0,26.5,5.17,0.0
20200404:1630,0.0,0.0,0.0,26.17,4.97,0.0
20200404:1730,0.0,0.0,0.0,25.87,4.55,0.0
20200404:1830,0.0,0.0,0.0,25.73,4.21,0.0
20200404:1930,0.0,0.0,0.0,25.78,4.41,0.0
20200404:2030,0.0,0.0,0.0,25.57,4.14,0.0
20200404:2130,0.0,0.0,-4.63,25.4,4.07,0.0
20200404:2230,503.75,633.15,10.04,25.25,4.14,0.0
20200404:2330,684.88,880.87,24.76,26.02,4.62,0.0
20200405:0030,723.72,939.79,39.63,27.49,5.17,0.0
20200405:0130,704.07,918.24,54.35,28.77,5.31,0.0
20200405:0230,721.81,950.46,68.96,29.97,5.52,0.0
20200405:0330,768.39,1019.99,82.65,30.95,5.66,0.0
20200405:0430,768.99,1024.46,79.74,31.73,5.72,0.0
20200405:0530,744.2,990.25,65.58,32.08,5.79,0.0
20200405:0630,601.45,785.54,50.93,32.05,5.93,0.0
20200405:0730,536.06,692.36,36.2,31.47,6.14,0.0
20200405:0830,509.45,651.29,21.47,30.77,6.34,0.0
20200405:0930,376.69,475.87,6.76,29.88,6.41,0.0
20200405:1030,0.0,0.0,0.0,28.7,5.72,0.0
20200405:1130,0.0,0.0,0.0,27.74,5.59,0.0
20200405:1230,0.0,0.0,0.0,27.22,5.45,0.0
20200405:1330,0.0,0.0,0.0,26.79,5.24,0.0
20200405:1430,0.0,0.0,0.0,26.48,5.03,0.0
20200405:1530,0.0,0.0,0.0,26.19,4.9,0.0
20200405:1630,0.0,0.0,0.0,25.86,4.76,0.0
20200405:1730,0.0,0.0,0.0,25.65,4.9,0.0
20200405:1830,0.0,0.0,0.0,25.4,4.9,0.0
20200405:1930,0.0,0.0,0.0,25.56,5.1,0.0
20200405:2030,0.0,0.0,0.0,25.51,4.97,0.0
20200405:2130,0.0,0.0,-4.49,25.37,4.55,0.0
20200405:2230,478.96,600.34,10.18,25.36,4.28,0.0
20200405:2330,659.99,847.53,24.89,26.06,4.41,0.0
20200406:0030,757.26,990.5,39.76,27.3,4.76,0.0
20200406:0130,777.75,1029.09,54.49,28.62,4.76,0.0
20200406:0230,788.62,1051.13,69.12,29.82,4.83,0.0
20200406:0330,789.03,1054.75,82.94,30.85,4.97,0.0
20200406:0430,786.26,1055.93,79.84,31.67,4.97,0.0
20200406:0530,778.08,1047.81,65.58,32.2,4.97,0.0
20200406:0630,759.25,1020.24,50.91,32.49,5.03,0.0
20200406:0730,720.59,959.43,36.18,32.41,5.24,0.0
20200406:0830,624.8,816.71,21.45,31.85,5.38,0.0
20200406:0930,415.19,529.12,6.75,30.83,5.52,0.0
20200406:1030,0.0,0.0,0.0,29.35,4.9,0.0
20200406:1130,0.0,0.0,0.0,28.06,4.69,0.0
20200406:1230,0.0,0.0,0.0,27.07,4.41,0.0
20200406:1330,0.0,0.0,0.0,26.28,4.14,0.0
20200406:1430,0.0,0.0,0.0,25.72,4.0,0.0
20200406:1530,0.0,0.0,0.0,25.33,4.0,0.0
20200406:1630,0.0,0.0,0.0,25.05,4.07,0.0
20200406:1730,0.0,0.0,0.0,24.86,4.0,0.0
20200406:1830,0.0,0.0,0.0,24.76,3.79,0.0
20200406:1930,0.0,0.0,0.0,24.48,3.59,0.0
20200406:2030,0.0,0.0,0.0,24.28,3.38,0.0
20200406:2130,0.0,0.0,-4.34,24.15,3.17,0.0
20200406:2230,484.83,610.2,10.32,24.08,3.03,0.0
20200406:2330,628.82,814.86,25.03,25.49,2.9,0.0
20200407:0030,721.36,959.67,39.89,27.51,3.03,0.0
20200407:0130,771.99,1050.67,54.62,28.83,2.76,0.0
20200407:0230,762.61,1049.38,69.28,30.08,2.48,0.0
20200407:0330,766.46,1064.55,83.23,31.14,2.28,0.0
20200407:0430,751.94,1047.22,79.93,31.99,2.28,0.0
20200407:0530,727.24,1008.16,65.59,32.61,2.48,0.0
20200407:0630,658.33,893.97,50.9,32.79,2.97,0.0
20200407:0730,630.73,847.16,36.16,32.61,3.31,0.0
20200407:0830,518.23,679.6,21.44,32.23,3.72,0.0
20200407:0930,395.95,510.19,6.74,31.23,3.66,0.0
20200407:1030,0.0,0.0,0.0,29.95,3.1,0.0
20200407:1130,0.0,0.0,0.0,28.68,3.1,0.0
20200407:1230,0.0,0.0,0.0,27.79,3.24,0.0
20200407:1330,0.0,0.0,0.0,27.14,3.38,0.0
20200407:1430,0.0,0.0,0.0,26.54,3.31,0.0
20200407:1530,0.0,0.0,0.0,26.1,3.31,0.0
20200407:1630,0.0,0.0,0.0,25.73,3.31,0.0
20200407:1730,0.0,0.0,0.0,25.42,3.38,0.0
20200407:1830,0.0,0.0,0.0,25.2,3.17,0.0
20200407:1930,0.0,0.0,0.0,24.95,3.03,0.0
20200407:2030,0.0,0.0,0.0,24.62,2.62,0.0
20200407:2130,0.0,0.0,-4.19,24.5,2.69,0.0
20200407:2230,437.43,550.43,10.45,24.46,2.76,0.0
20200407:2330,633.64,820.29,25.16,25.75,3.1,0.0
20200408:0030,708.69,930.03,40.02,27.5,3.93,0.0
20200408:0130,689.36,907.83,54.75,28.9,4.07,0.0
20200408:0230,686.98,905.69,69.42,29.69,4.21,0.0
20200408:0330,627.63,823.66,83.5,30.55,4.34,0.0
20200408:0430,620.39,814.47,80.01,31.04,4.41,0.0
20200408:0530,618.89,812.99,65.58,31.67,4.76,0.0
20200408:0630,612.2,802.73,50.88,31.71,5.03,0.0
20200408:0730,563.77,736.05,36.14,31.57,4.48,0.0
20200408:0830,456.46,587.07,21.42,31.36,4.83,0.0
20200408:0930,363.48,463.29,6.74,30.69,5.03,0.0
20200408:1030,0.0,0.0,0.0,29.7,4.62,0.0
20200408:1130,0.0,0.0,0.0,28.91,4.69,0.0
20200408:1230,0.0,0.0,0.0,28.16,4.41,0.0
20200408:1330,0.0,0.0,0.0,27.51,4.28,0.0
20200408:1430,0.0,0.0,0.0,26.97,4.14,0.0
20200408:1530,0.0,0.0,0.0,26.55,4.07,0.0
20200408:1630,0.0,0.0,0.0,26.14,4.07,0.0
20200408:1730,0.0,0.0,0.0,25.83,4.0,0.0
20200408:1830,0.0,0.0,0.0,25.65,3.86,0.0
20200408:1930,0.0,0.0,0.0,25.56,3.86,0.0
20200408:2030,0.0,0.0,0.0,25.41,3.66,0.0
20200408:2130,0.0,0.0,-4.04,25.2,3.52,0.0
20200408:2230,505.17,637.3,10.59,25.09,3.52,0.0
20200408:2330,670.18,867.38,25.29,26.42,3.93,0.0
20200409:0030,744.8,978.02,40.14,27.94,4.55,0.0
20200409:0130,765.22,1016.21,54.87,29.4,4.62,0.0
20200409:0230,715.72,949.67,69.57,30.7,4.69,0.0
20200409:0330,674.9,894.39,83.76,31.55,4.83,0.0
20200409:0430,659.22,871.08,80.07,32.13,4.97,0.0
20200409:0530,621.87,818.43,65.57,32.29,5.17,0.0
20200409:0630,555.42,722.53,50.86,32.19,5.45,0.0
20200409:0730,567.37,740.22,36.12,31.78,4.9,0.0
20200409:0830,479.16,617.45,21.41,31.53,4.97,0.0
20200409:0930,303.18,387.56,6.73,30.67,4.9,0.0
20200409:1030,0.0,0.0,0.0,29.65,4.55,0.0
20200409:1130,0.0,0.0,0.0,28.64,4.55,0.0
20200409:1230,0.0,0.0,0.0,27.96,4.69,0.0
20200409:1330,0.0,0.0,0.0,27.4,4.62,0.0
20200409:1430,0.0,0.0,0.0,26.86,4.48,0.0
20200409:1530,0.0,0.0,0.0,26.42,4.48,0.0
20200409:1630,0.0,0.0,0.0,26.17,4.28,0.0
20200409:1730,0.0,0.0,0.0,25.94,3.93,0.0
20200409:1830,0.0,0.0,0.0,25.83,3.79,0.0
20200409:1930,0.0,0.0,0.0,25.85,3.93,0.0
20200409:2030,0.0,0.0,0.0,25.81,3.93,0.0
20200409:2130,0.0,0.0,-3.9,25.7,3.86,0.0
20200409:2230,440.93,553.87,10.72,25.74,3.86,0.0
20200409:2330,596.3,762.46,25.41,26.72,4.34,0.0
20200410:0030,653.87,847.39,40.26,28.02,4.62,0.0
20200410:0130,723.73,954.06,54.99,29.23,4.55,0.0
20200410:0230,730.05,968.77,69.7,30.48,4.69,0.0
20200410:0330,740.99,985.31,84.01,31.47,5.1,0.0
20200410:0430,641.75,839.9,80.11,31.95,5.59,0.0
20200410:0530,685.08,898.13,65.56,31.67,6.07,0.0
20200410:0630,608.0,790.62,50.84,31.7,6.14,0.0
20200410:0730,659.34,861.76,36.1,31.85,6.07,0.0
20200410:0830,545.36,701.78,21.39,31.4,6.07,0.0
20200410:0930,325.49,413.57,6.72,30.56,6.14,0.0
20200410:1030,0.0,0.0,0.0,29.44,5.45,0.0
20200410:1130,0.0,0.0,0.0,28.58,5.45,0.0
20200410:1230,0.0,0.0,0.0,27.9,5.24,0.0
20200410:1330,0.0,0.0,0.0,27.45,5.1,0.0
20200410:1430,0.0,0.0,0.0,27.08,5.1,0.0
20200410:1530,0.0,0.0,0.0,26.82,5.03,0.0
20200410:1630,0.0,0.0,0.0,26.57,4.9,0.0
20200410:1730,0.0,0.0,0.0,26.32,4.62,0.0
20200410:1830,0.0,0.0,0.0,26.14,4.34,0.0
20200410:1930,0.0,0.0,0.0,26.15,4.41,0.0
20200410:2030,0.0,0.0,0.0,26.02,4.41,0.0
20200410:2130,0.0,0.0,-3.76,25.87,4.28,0.0
20200410:2230,488.63,614.47,10.86,25.9,4.34,0.0
20200410:2330,650.46,833.93,25.54,26.74,4.83,0.0
20200411:0030,723.28,942.72,40.37,28.16,5.1,0.0
20200411:0130,754.41,996.71,55.11,29.42,5.03,0.0
20200411:0230,739.21,981.4,69.83,30.6,4.9,0.0
20200411:0330,752.73,1007.08,84.23,31.55,4.83,0.0
20200411:0430,755.08,1014.66,80.15,32.34,4.76,0.0
20200411:0530,753.4,1014.67,65.54,32.85,4.9,0.0
20200411:0630,717.65,960.43,50.81,33.1,5.17,0.0
20200411:0730,693.8,923.31,36.08,32.68,5.03,0.0
20200411:0830,613.75,803.79,21.37,32.18,5.17,0.0
20200411:0930,400.52,511.59,6.72,31.25,5.38,0.0
20200411:1030,0.0,0.0,0.0,29.93,4.69,0.0
20200411:1130,0.0,0.0,0.0,28.87,4.55,0.0
20200411:1230,0.0,0.0,0.0,28.15,4.28,0.0
20200411:1330,0.0,0.0,0.0,27.45,4.0,0.0
20200411:1430,0.0,0.0,0.0,26.91,3.72,0.0
20200411:1530,0.0,0.0,0.0,26.44,3.59,0.0
20200411:1630,0.0,0.0,0.0,26.03,3.45,0.0
20200411:1730,0.0,0.0,0.0,25.71,3.45,0.0
20200411:1830,0.0,0.0,0.0,25.46,3.45,0.0
20200411:1930,0.0,0.0,0.0,25.22,3.03,0.0
20200411:2030,0.0,0.0,0.0,24.97,3.03,0.0
20200411:2130,0.0,0.0,-3.61,24.73,2.97,0.0
20200411:2230,522.59,663.52,10.99,24.59,2.76,0.0
20200411:2330,667.36,877.48,25.66,26.36,2.62,0.0
20200412:0030,724.22,973.2,40.49,28.06,2.62,0.0
20200412:0130,735.16,1009.55,55.22,29.39,2.07,0.0
20200412:0230,651.6,893.81,69.95,30.64,1.52,0.0
20200412:0330,608.54,834.13,84.44,31.15,1.24,0.0
20200412:0430,639.57,881.18,80.17,31.52,1.45,0.0
20200412:0530,581.5,784.3,65.52,31.92,2.14,0.0
20200412:0630,522.94,694.45,50.79,31.64,2.69,0.0
20200412:0730,503.38,669.6,36.06,31.8,2.07,0.0
20200412:0830,411.69,543.6,21.36,31.53,1.31,0.0
20200412:0930,285.01,371.29,6.71,30.84,1.59,0.0
20200412:1030,0.0,0.0,0.0,30.1,2.07,0.0
20200412:1130,0.0,0.0,0.0,29.27,2.76,0.0
20200412:1230,0.0,0.0,0.0,28.53,3.24,0.0
20200412:1330,0.0,0.0,0.0,27.96,3.24,0.0
20200412:1430,0.0,0.0,0.0,27.48,2.97,0.0
20200412:1530,0.0,0.0,0.0,26.99,2.62,0.0
20200412:1630,0.0,0.0,0.0,26.48,2.34,0.0
20200412:1730,0.0,0.0,0.0,26.05,2.41,0.0
20200412:1830,0.0,0.0,0.0,25.71,2.62,0.0
20200412:1930,0.0,0.0,0.0,25.61,2.48,0.0
20200412:2030,0.0,0.0,0.0,25.27,2.48,0.0
20200412:2130,0.0,0.0,-3.47,24.78,2.21,0.0
20200412:2230,500.19,638.54,11.11,24.47,1.93,0.0
20200412:2330,617.51,814.25,25.78,26.7,1.93,0.0
20200413:0030,724.8,980.17,40.6,28.5,2.41,0.0
20200413:0130,755.46,1038.71,55.33,29.86,2.34,0.0
20200413:0230,746.51,1030.73,70.06,31.01,2.34,0.0
20200413:0330,688.89,941.41,84.63,31.88,2.55,0.0
20200413:0430,692.09,944.98,80.18,32.44,2.83,0.0
20200413:0530,711.33,976.76,65.49,32.76,2.97,0.0
20200413:0630,649.47,879.03,50.76,33.19,3.17,0.0
20200413:0730,529.34,709.02,36.03,32.78,2.21,0.0
20200413:0830,505.14,665.64,21.34,32.42,2.97,0.0
20200413:0930,242.42,315.07,6.71,32.0,3.93,0.0
20200413:1030,0.0,0.0,0.0,30.81,4.41,0.0
20200413:1130,0.0,0.0,0.0,29.68,4.21,0.0
20200413:1230,0.0,0.0,0.0,29.04,3.66,0.0
20200413:1330,0.0,0.0,0.0,28.5,3.66,0.0
20200413:1430,0.0,0.0,0.0,27.95,3.79,0.0
20200413:1530,0.0,0.0,0.0,27.54,3.72,0.0
20200413:1630,0.0,0.0,0.0,27.13,3.79,0.0
20200413:1730,0.0,0.0,0.0,26.64,3.86,0.0
20200413:1830,0.0,0.0,0.0,26.24,3.79,0.0
20200413:1930,0.0,0.0,0.0,25.86,3.24,0.0
20200413:2030,0.0,0.0,0.0,25.55,3.03,0.0
20200413:2130,0.0,0.0,-3.34,25.33,3.03,0.0
20200413:2230,409.16,514.78,11.24,25.32,2.9,0.0
20200413:2330,604.88,780.94,25.89,26.07,3.1,0.0
20200414:0030,648.83,850.71,40.7,27.39,3.03,0.0
20200414:0130,659.47,874.6,55.43,28.59,2.9,0.0
20200414:0230,657.45,880.52,70.16,29.58,2.69,0.0
20200414:0330,676.22,911.7,84.8,30.5,2.62,0.0
20200414:0430,657.82,885.93,80.17,31.29,2.76,0.0
20200414:0530,584.17,779.51,65.46,31.89,3.03,0.0
20200414:0630,557.46,737.63,50.73,31.92,3.31,0.0
20200414:0730,504.01,659.06,36.01,31.7,3.59,0.0
20200414:0830,492.27,639.6,21.33,31.4,3.79,0.0
20200414:0930,292.25,375.51,6.71,30.89,4.0,0.0
20200414:1030,0.0,0.0,0.0,30.07,4.21,0.0
20200414:1130,0.0,0.0,0.0,29.34,4.21,0.0
20200414:1230,0.0,0.0,0.0,28.79,4.21,0.0
20200414:1330,0.0,0.0,0.0,28.22,4.48,0.0
20200414:1430,0.0,0.0,0.0,27.79,4.76,0.0
20200414:1530,0.0,0.0,0.0,27.37,4.83,0.0
20200414:1630,0.0,0.0,0.0,26.96,4.48,0.0
20200414:1730,0.0,0.0,0.0,26.6,4.0,0.0
20200414:1830,0.0,0.0,0.0,26.31,3.79,0.0
20200414:1930,0.0,0.0,0.0,26.3,3.72,0.0
20200414:2030,0.0,0.0,0.0,26.11,3.31,0.0
20200414:2130,0.0,0.0,-3.2,25.94,2.9,0.0
20200414:2230,462.1,587.09,11.36,25.89,2.69,0.0
20200414:2330,649.26,850.75,26.01,27.22,2.97,0.0
20200415:0030,694.23,924.17,40.8,28.66,3.03,0.0
20200415:0130,728.96,985.24,55.52,29.77,2.97,0.0
20200415:0230,736.29,1003.67,70.26,30.85,2.9,0.0
20200415:0330,693.75,942.58,84.95,31.77,2.83,0.0
20200415:0430,691.46,946.3,80.16,32.15,2.62,0.0
20200415:0530,674.8,923.26,65.43,32.66,2.55,0.0
20200415:0630,571.71,768.86,50.7,32.91,2.55,0.0
20200415:0730,533.16,712.45,35.99,32.8,2.41,0.0
20200415:0830,431.49,567.84,21.31,32.36,2.21,0.0
20200415:0930,299.42,388.98,6.7,31.66,2.41,0.0
20200415:1030,0.0,0.0,0.0,31.01,2.41,0.0
20200415:1130,0.0,0.0,0.0,30.2,1.52,0.0
20200415:1230,0.0,0.0,0.0,29.51,1.24,0.0
20200415:1330,0.0,0.0,0.0,28.62,1.03,0.0
20200415:1430,0.0,0.0,0.0,28.02,1.24,0.0
20200415:1530,0.0,0.0,0.0,27.5,1.66,0.0
20200415:1630,0.0,0.0,0.0,27.11,1.86,0.0
20200415:1730,0.0,0.0,0.0,26.9,2.07,0.0
20200415:1830,0.0,0.0,0.0,26.73,2.41,0.0
20200415:1930,0.0,0.0,0.0,26.59,2.76,0.0
20200415:2030,0.0,0.0,0.0,26.36,2.97,0.0
20200415:2130,0.0,0.0,-3.06,26.22,3.1,0.0
20200415:2230,416.39,527.06,11.48,26.08,2.97,0.0
20200415:2330,634.97,827.31,26.11,27.3,3.31,0.0
20200416:0030,688.58,908.42,40.9,28.84,3.79,0.0
20200416:0130,678.69,903.29,55.61,30.22,3.79,0.0
20200416:0230,685.22,918.11,70.35,31.37,3.72,0.0
20200416:0330,661.85,889.24,85.07,32.3,3.72,0.0
20200416:0430,695.64,941.51,80.13,32.94,3.79,0.0
20200416:0530,644.92,868.37,65.39,33.53,3.72,0.0
20200416:0630,653.28,879.9,50.66,33.5,3.72,0.0
20200416:0730,587.69,781.37,35.96,33.74,4.14,0.0
20200416:0830,534.84,701.07,21.3,33.34,4.62,0.0
20200416:0930,316.94,408.42,6.7,32.56,5.03,0.0
20200416:1030,0.0,0.0,0.0,31.3,4.83,0.0
20200416:1130,0.0,0.0,0.0,30.27,4.9,0.0
20200416:1230,0.0,0.0,0.0,29.46,4.76,0.0
20200416:1330,0.0,0.0,0.0,28.77,4.62,0.0
20200416:1430,0.0,0.0,0.0,28.23,4.69,0.0
20200416:1530,0.0,0.0,0.0,27.87,4.69,0.0
20200416:1630,0.0,0.0,0.0,27.45,4.62,0.0
20200416:1730,0.0,0.0,0.0,27.18,4.55,0.0
20200416:1830,0.0,0.0,0.0,26.84,4.07,0.0
20200416:1930,0.0,0.0,0.0,27.05,3.93,0.0
20200416:2030,0.0,0.0,0.0,26.87,3.59,0.0
20200416:2130,0.0,0.0,-2.93,26.7,3.31,0.0
20200416:2230,498.71,634.53,11.6,26.66,3.38,0.0
20200416:2330,612.28,792.06,26.22,27.88,3.93,0.0
20200417:0030,621.86,811.85,40.99,29.26,4.07,0.0
20200417:0130,683.08,908.18,55.7,30.39,3.86,0.0
20200417:0230,683.11,912.93,70.43,31.32,3.79,0.0
20200417:0330,663.6,888.32,85.16,32.2,3.79,0.0
20200417:0430,665.31,892.18,80.09,32.89,4.0,0.0
20200417:0530,661.17,888.16,65.35,33.31,4.07,0.0
20200417:0630,663.0,888.93,50.63,33.55,4.34,0.0
20200417:0730,510.55,671.13,35.94,33.55,4.34,0.0
20200417:0830,468.18,608.02,21.29,32.86,4.62,0.0
20200417:0930,344.53,442.22,6.7,32.09,5.1,0.0
20200417:1030,0.0,0.0,0.0,30.93,4.9,0.0
20200417:1130,0.0,0.0,0.0,29.83,5.1,0.0
20200417:1230,0.0,0.0,0.0,29.0,4.69,0.0
20200417:1330,0.0,0.0,0.0,28.5,4.62,0.0
20200417:1430,0.0,0.0,0.0,28.1,4.9,0.0
20200417:1530,0.0,0.0,0.0,27.53,4.62,0.0
20200417:1630,0.0,0.0,0.0,27.14,4.34,0.0
20200417:1730,0.0,0.0,0.0,26.9,4.14,0.0
20200417:1830,0.0,0.0,0.0,26.75,3.86,0.0
20200417:1930,0.0,0.0,0.0,26.73,3.72,0.0
20200417:2030,0.0,0.0,0.0,26.67,3.52,0.0
20200417:2130,0.0,0.0,-2.8,26.64,3.52,0.0
20200417:2230,471.38,598.69,11.72,26.66,3.31,0.0
20200417:2330,631.35,819.2,26.33,27.69,3.79,0.0
20200418:0030,701.13,926.77,41.08,29.03,3.86,0.0
20200418:0130,699.26,933.18,55.78,30.41,3.86,0.0
20200418:0230,694.16,930.14,70.5,31.62,3.93,0.0
20200418:0330,635.88,844.25,85.23,32.66,4.21,0.0
20200418:0430,708.79,952.95,80.04,33.29,4.69,0.0
20200418:0530,576.14,758.55,65.31,33.68,5.03,0.0
20200418:0630,465.09,607.58,50.6,32.92,4.69,0.0
20200418:0730,551.69,722.31,35.91,32.63,4.97,0.0
20200418:0830,478.37,619.77,21.27,32.36,4.9,0.0
20200418:0930,298.65,384.11,6.7,31.34,4.34,0.0
20200418:1030,0.0,0.0,0.0,30.47,4.41,0.0
20200418:1130,0.0,0.0,0.0,29.61,4.9,0.0
20200418:1230,0.0,0.0,0.0,28.72,5.17,0.0
20200418:1330,0.0,0.0,0.0,28.08,5.03,0.0
20200418:1430,0.0,0.0,0.0,27.72,4.97,0.0
20200418:1530,0.0,0.0,0.0,27.46,4.97,0.0
20200418:1630,0.0,0.0,0.0,27.2,4.76,0.0
20200418:1730,0.0,0.0,0.0,27.01,4.69,0.0
20200418:1830,0.0,0.0,0.0,26.82,4.55,0.0
20200418:1930,0.0,0.0,0.0,27.02,4.55,0.0
20200418:2030,0.0,0.0,0.0,26.92,4.55,0.0
20200418:2130,0.0,0.0,-2.67,26.78,4.62,0.0
20200418:2230,458.03,576.19,11.83,26.78,4.76,0.0
20200418:2330,605.65,773.1,26.43,27.57,5.31,0.0
20200419:0030,629.52,810.91,41.17,28.89,5.86,0.0
20200419:0130,658.47,854.87,55.85,30.11,6.14,0.0
20200419:0230,720.38,949.08,70.56,31.31,6.14,0.0
20200419:0330,712.71,941.61,85.27,32.32,6.0,0.0
20200419:0430,658.15,869.92,79.97,33.01,5.72,0.0
20200419:0530,712.93,951.69,65.26,33.25,5.52,0.0
20200419:0630,587.37,773.21,50.56,33.51,5.45,0.0
20200419:0730,614.99,812.58,35.89,33.35,5.03,0.0
20200419:0830,511.16,664.85,21.26,32.89,5.1,0.0
20200419:0930,301.98,388.2,6.71,31.91,5.38,0.0
20200419:1030,0.0,0.0,0.0,30.62,4.97,0.0
20200419:1130,0.0,0.0,0.0,29.62,4.83,0.0
20200419:1230,0.0,0.0,0.0,28.97,4.55,0.0
20200419:1330,0.0,0.0,0.0,28.58,4.07,0.0
20200419:1430,0.0,0.0,0.0,28.32,3.72,0.0
20200419:1530,0.0,0.0,0.0,28.07,3.93,0.0
20200419:1630,0.0,0.0,0.0,27.85,3.93,0.0
20200419:1730,0.0,0.0,0.0,27.52,4.0,0.0
20200419:1830,0.0,0.0,0.0,27.2,4.0,0.0
20200419:1930,0.0,0.0,0.0,27.45,4.0,0.0
20200419:2030,0.0,0.0,0.0,27.38,3.79,0.0
20200419:2130,0.0,0.0,-2.55,27.18,4.0,0.0
20200419:2230,320.81,405.57,11.94,27.18,4.14,0.0
20200419:2330,411.7,519.63,26.52,27.64,4.97,0.0
20200420:0030,593.87,761.75,41.25,28.34,5.31,0.0
20200420:0130,653.58,852.18,55.92,29.54,5.31,0.0
20200420:0230,624.09,816.17,70.62,30.19,4.97,0.0
20200420:0330,616.76,811.06,85.28,31.1,4.62,0.0
20200420:0430,577.09,756.89,79.9,31.58,4.76,0.0
20200420:0530,627.23,826.53,65.21,31.89,5.17,0.0
20200420:0630,592.48,774.6,50.52,32.07,5.66,0.0
20200420:0730,423.55,544.52,35.86,31.37,5.59,0.0
20200420:0830,229.61,298.83,21.25,30.96,5.66,0.0
20200420:0930,199.13,259.42,6.71,30.2,5.31,0.0
20200420:1030,0.0,0.0,0.0,29.41,4.9,0.0
20200420:1130,0.0,0.0,0.0,28.96,4.21,0.0
20200420:1230,0.0,0.0,0.0,28.72,3.93,0.0
20200420:1330,0.0,0.0,0.0,28.43,4.07,0.0
20200420:1430,0.0,0.0,0.0,28.11,4.69,0.0
20200420:1530,0.0,0.0,0.0,27.44,4.76,0.0
20200420:1630,0.0,0.0,0.0,26.85,4.69,0.0
20200420:1730,0.0,0.0,0.0,26.46,4.28,0.0
20200420:1830,0.0,0.0,0.0,26.07,4.41,0.0
20200420:1930,0.0,0.0,0.0,26.32,4.83,0.0
20200420:2030,0.0,0.0,0.0,26.26,4.48,0.0
20200420:2130,0.0,0.0,-2.43,26.28,4.55,0.0
20200420:2230,51.04,79.72,12.05,26.36,4.48,0.0
20200420:2330,273.84,349.07,26.62,26.9,4.97,0.0
20200421:0030,406.1,518.31,41.33,27.87,5.1,0.0
20200421:0130,413.42,530.33,55.99,28.82,4.9,0.0
20200421:0230,474.83,616.92,70.67,29.61,4.34,0.0
20200421:0330,617.71,815.08,85.27,30.37,4.14,0.0
20200421:0430,529.3,695.53,79.82,31.32,4.21,0.0
20200421:0530,589.83,777.12,65.16,31.5,4.41,0.0
20200421:0630,425.93,554.2,50.49,31.43,4.62,0.0
20200421:0730,373.23,481.09,35.84,30.99,5.1,0.0
20200421:0830,353.2,451.96,21.24,30.58,5.45,0.0
20200421:0930,259.14,332.31,6.71,29.99,5.24,0.0
20200421:1030,0.0,0.0,0.0,29.26,4.83,0.0
20200421:1130,0.0,0.0,0.0,28.66,4.41,0.0
20200421:1230,0.0,0.0,0.0,28.19,4.14,0.0
20200421:1330,0.0,0.0,0.0,27.81,4.28,0.0
20200421:1430,0.0,0.0,0.0,27.51,4.41,0.0
20200421:1530,0.0,0.0,0.0,27.27,4.55,0.0
20200421:1630,0.0,0.0,0.0,27.0,4.48,0.0
20200421:1730,0.0,0.0,0.0,26.72,4.21,0.0
20200421:1830,0.0,0.0,0.0,26.46,3.93,0.0
20200421:1930,0.0,0.0,0.0,26.49,4.07,0.0
20200421:2030,0.0,0.0,0.0,26.37,3.86,0.0
20200421:2130,0.0,0.0,-2.31,26.28,3.72,0.0
20200421:2230,500.1,634.55,12.15,26.11,3.45,0.0
20200421:2330,667.51,868.27,26.71,27.2,3.86,0.0
20200422:0030,711.11,937.43,41.4,28.88,4.21,0.0
20200422:0130,740.43,986.13,56.05,30.31,4.48,0.0
20200422:0230,666.21,883.06,70.71,31.62,4.69,0.0
20200422:0330,724.35,968.66,85.23,32.52,4.9,0.0
20200422:0430,732.87,985.31,79.74,33.15,4.9,0.0
20200422:0530,622.75,826.16,65.11,33.41,5.03,0.0
20200422:0630,602.17,793.46,50.45,33.11,5.17,0.0
20200422:0730,572.04,748.74,35.81,32.85,5.38,0.0
20200422:0830,439.5,565.78,21.23,32.31,5.59,0.0
20200422:0930,315.97,404.12,6.72,31.44,5.52,0.0
20200422:1030,0.0,0.0,0.0,30.34,5.17,0.0
20200422:1130,0.0,0.0,0.0,29.44,4.76,0.0
20200422:1230,0.0,0.0,0.0,28.77,4.62,0.0
20200422:1330,0.0,0.0,0.0,28.33,4.34,0.0
20200422:1430,0.0,0.0,0.0,27.93,4.21,0.0
20200422:1530,0.0,0.0,0.0,27.47,3.72,0.0
20200422:1630,0.0,0.0,0.0,27.04,3.79,0.0
20200422:1730,0.0,0.0,0.0,26.71,4.07,0.0
20200422:1830,0.0,0.0,0.0,26.33,4.28,0.0
20200422:1930,0.0,0.0,0.0,26.39,4.28,0.0
20200422:2030,0.0,0.0,0.0,26.18,4.21,0.0
20200422:2130,0.0,0.0,-2.19,26.05,4.07,0.0
20200422:2230,416.84,523.52,12.25,25.94,4.0,0.0
20200422:2330,598.98,763.35,26.79,26.86,4.9,0.0
20200423:0030,671.87,866.3,41.47,28.37,5.59,0.0
20200423:0130,716.66,935.38,56.1,29.67,5.93,0.0
20200423:0230,734.54,964.48,70.74,31.09,6.28,0.0
20200423:0330,701.75,919.36,85.16,32.1,6.55,0.0
20200423:0430,714.22,940.17,79.64,32.69,6.69,0.0
20200423:0530,747.74,992.56,65.05,33.07,6.76,0.0
20200423:0630,693.37,912.99,50.41,33.16,6.83,0.0
20200423:0730,667.69,870.49,35.79,32.31,7.1,0.0
20200423:0830,603.35,779.03,21.22,31.86,6.9,0.0
20200423:0930,376.81,478.65,6.72,30.98,6.41,0.0
20200423:1030,0.0,0.0,0.0,29.77,5.31,0.0
20200423:1130,0.0,0.0,0.0,28.78,5.1,0.0
20200423:1230,0.0,0.0,0.0,28.15,5.38,0.0
20200423:1330,0.0,0.0,0.0,27.78,5.38,0.0
20200423:1430,0.0,0.0,0.0,27.62,5.1,0.0
20200423:1530,0.0,0.0,0.0,27.47,4.9,0.0
20200423:1630,0.0,0.0,0.0,27.3,5.17,0.0
20200423:1730,0.0,0.0,0.0,26.96,5.59,0.0
20200423:1830,0.0,0.0,0.0,26.7,5.1,0.0
20200423:1930,0.0,0.0,0.0,27.02,5.31,0.0
20200423:2030,0.0,0.0,0.0,26.98,5.1,0.0
20200423:2130,0.0,0.0,-2.07,26.92,5.1,0.0
20200423:2230,337.78,423.76,12.35,26.82,5.31,0.0
20200423:2330,516.87,652.15,26.88,27.34,5.79,0.0
20200424:0030,573.42,732.25,41.54,28.5,6.07,0.0
20200424:0130,574.45,738.84,56.15,29.31,5.52,0.0
20200424:0230,582.54,753.38,70.77,29.92,5.52,0.0
20200424:0330,641.03,830.03,85.08,30.34,6.0,0.0
20200424:0430,592.19,767.82,79.54,31.0,5.93,0.0
20200424:0530,603.96,786.05,64.99,31.62,5.86,0.0
20200424:0630,445.44,573.12,50.37,31.22,6.14,0.0
20200424:0730,543.46,701.74,35.77,31.32,5.93,0.0
20200424:0830,457.81,585.55,21.21,30.97,6.07,0.0
20200424:0930,328.43,416.91,6.73,30.33,6.07,0.0
20200424:1030,0.0,0.0,0.0,29.43,5.52,0.0
20200424:1130,0.0,0.0,0.0,28.73,5.03,0.0
20200424:1230,0.0,0.0,0.0,28.31,5.1,0.0
20200424:1330,0.0,0.0,0.0,28.05,5.03,0.0
20200424:1430,0.0,0.0,0.0,27.69,4.76,0.0
20200424:1530,0.0,0.0,0.0,27.27,4.76,0.0
20200424:1630,0.0,0.0,0.0,26.81,4.83,0.0
20200424:1730,0.0,0.0,0.0,26.58,4.97,0.0
20200424:1830,0.0,0.0,0.0,26.21,5.03,0.0
20200424:1930,0.0,0.0,0.0,26.5,4.97,0.0
20200424:2030,0.0,0.0,0.0,26.38,5.38,0.0
20200424:2130,0.0,0.0,-1.96,26.36,5.03,0.0
20200424:2230,268.69,337.5,12.45,26.3,5.59,0.0
20200424:2330,460.16,575.86,26.96,26.66,6.34,0.0
20200425:0030,574.57,727.97,41.6,27.9,6.41,0.0
20200425:0130,601.28,770.42,56.2,29.12,6.07,0.0
20200425:0230,679.41,885.79,70.78,30.11,5.86,0.0
20200425:0330,697.35,912.82,84.97,31.23,6.14,0.0
20200425:0430,637.24,829.84,79.43,31.81,6.48,0.0
20200425:0530,700.69,920.07,64.93,32.01,6.55,0.0
20200425:0630,648.55,847.51,50.33,32.2,6.62,0.0
20200425:0730,557.07,718.1,35.74,32.12,6.83,0.0
20200425:0830,429.34,547.02,21.2,31.56,6.69,0.0
20200425:0930,289.61,369.59,6.74,30.82,6.21,0.0
20200425:1030,0.0,0.0,0.0,29.86,5.31,0.0
20200425:1130,0.0,0.0,0.0,29.07,5.17,0.0
20200425:1230,0.0,0.0,0.0,28.51,4.97,0.0
20200425:1330,0.0,0.0,0.0,28.05,4.83,0.0
20200425:1430,0.0,0.0,0.0,27.7,4.9,0.0
20200425:1530,0.0,0.0,0.0,27.4,5.03,0.0
20200425:1630,0.0,0.0,0.0,27.2,5.03,0.0
20200425:1730,0.0,0.0,0.0,27.07,4.9,0.0
20200425:1830,0.0,0.0,0.0,26.86,4.76,0.0
20200425:1930,0.0,0.0,0.0,26.84,5.1,0.0
20200425:2030,0.0,0.0,0.0,26.7,5.1,0.0
20200425:2130,0.0,0.0,-1.85,26.57,5.03,0.0
20200425:2230,448.83,563.2,12.54,26.59,4.9,0.0
20200425:2330,633.53,807.1,27.04,27.35,5.86,0.0
20200426:0030,589.29,750.22,41.66,28.52,6.41,0.0
20200426:0130,635.61,817.77,56.24,29.34,6.41,0.0
20200426:0230,654.87,847.83,70.79,30.22,6.48,0.0
20200426:0330,689.47,897.38,84.84,30.89,6.55,0.0
20200426:0430,682.66,890.84,79.31,31.48,6.48,0.0
20200426:0530,691.22,907.38,64.87,32.01,6.48,0.0
20200426:0630,649.31,848.09,50.29,32.2,6.34,0.0
20200426:0730,535.65,691.6,35.72,32.32,6.48,0.0
20200426:0830,540.61,694.47,21.19,31.6,6.48,0.0
20200426:0930,350.27,444.88,6.75,31.04,6.48,0.0
20200426:1030,0.0,0.0,0.0,29.82,5.59,0.0
20200426:1130,0.0,0.0,0.0,28.95,4.9,0.0
20200426:1230,0.0,0.0,0.0,28.48,5.03,0.0
20200426:1330,0.0,0.0,0.0,28.15,4.76,0.0
20200426:1430,0.0,0.0,0.0,27.81,4.69,0.0
20200426:1530,0.0,0.0,0.0,27.54,4.69,0.0
20200426:1630,0.0,0.0,0.0,27.09,4.83,0.0
20200426:1730,0.0,0.0,0.0,26.78,4.76,0.0
20200426:1830,0.0,0.0,0.0,26.42,4.62,0.0
20200426:1930,0.0,0.0,0.0,26.45,5.17,0.0
20200426:2030,0.0,0.0,0.0,26.3,5.24,0.0
20200426:2130,0.0,0.0,-1.74,26.15,5.17,0.0
20200426:2230,429.49,537.02,12.63,26.1,5.03,0.0
20200426:2330,638.11,811.41,27.11,26.99,5.93,0.0
20200427:0030,650.19,832.82,41.71,28.6,6.62,0.0
20200427:0130,662.1,852.43,56.27,29.98,7.1,0.0
20200427:0230,677.38,878.53,70.8,30.98,7.45,0.0
20200427:0330,705.9,920.18,84.7,31.86,7.38,0.0
20200427:0430,723.11,949.71,79.19,32.46,7.17,0.0
20200427:0530,660.96,865.66,64.81,32.83,6.97,0.0
20200427:0630,537.95,698.11,50.25,32.69,6.76,0.0
20200427:0730,490.39,631.13,35.7,32.04,6.76,0.0
20200427:0830,239.0,309.74,21.19,31.17,6.55,0.0
20200427:0930,212.24,274.72,6.76,30.08,6.0,0.0
20200427:1030,0.0,0.0,0.0,29.11,5.45,0.0
20200427:1130,0.0,0.0,0.0,28.41,5.1,0.0
20200427:1230,0.0,0.0,0.0,27.94,5.03,0.0
20200427:1330,0.0,0.0,0.0,27.54,5.24,0.0
20200427:1430,0.0,0.0,0.0,27.17,5.03,0.0
20200427:1530,0.0,0.0,0.0,26.87,4.97,0.0
20200427:1630,0.0,0.0,0.0,26.51,4.69,0.0
20200427:1730,0.0,0.0,0.0,26.21,4.55,0.0
20200427:1830,0.0,0.0,0.0,26.03,4.48,0.0
20200427:1930,0.0,0.0,0.0,26.15,5.03,0.0
20200427:2030,0.0,0.0,0.0,26.0,4.76,0.0
20200427:2130,0.0,0.0,-1.64,25.82,4.76,0.0
20200427:2230,320.36,402.04,12.71,25.84,4.97,0.0
20200427:2330,515.85,650.8,27.18,26.75,5.79,0.0
20200428:0030,624.28,797.04,41.76,28.15,6.76,0.0
20200428:0130,641.97,826.75,56.3,29.33,6.97,0.0
20200428:0230,609.17,788.4,70.8,30.26,7.1,0.0
20200428:0330,586.19,757.31,84.54,30.76,7.31,0.0
20200428:0430,601.23,777.97,79.06,30.62,7.38,0.0
20200428:0530,534.31,685.17,64.74,30.4,7.79,0.0
20200428:0630,484.15,619.05,50.22,30.29,7.59,0.0
20200428:0730,356.37,455.15,35.68,30.31,6.55,0.0
20200428:0830,220.79,286.16,21.19,29.65,6.34,0.0
20200428:0930,207.17,267.49,6.78,28.99,5.59,0.0
20200428:1030,0.0,0.0,0.0,28.56,5.1,0.0
20200428:1130,0.0,0.0,0.0,28.12,4.69,0.0
20200428:1230,0.0,0.0,0.0,27.86,4.69,0.0
20200428:1330,0.0,0.0,0.0,27.6,4.48,0.0
20200428:1430,0.0,0.0,0.0,27.38,4.41,0.0
20200428:1530,0.0,0.0,0.0,27.14,4.41,0.0
20200428:1630,0.0,0.0,0.0,27.05,4.55,0.0
20200428:1730,0.0,0.0,0.0,26.74,4.55,0.0
20200428:1830,0.0,0.0,0.0,26.54,4.48,0.0
20200428:1930,0.0,0.0,0.0,26.47,4.62,0.0
20200428:2030,0.0,0.0,0.0,26.36,4.55,0.0
20200428:2130,0.0,0.0,-1.54,26.28,4.41,0.0
20200428:2230,413.38,519.08,12.8,26.28,4.41,0.0
20200428:2330,516.92,655.55,27.25,27.32,5.17,0.0
20200429:0030,653.27,843.61,41.81,28.51,5.52,0.0
20200429:0130,671.72,874.51,56.33,29.9,5.79,0.0
20200429:0230,667.12,873.19,70.79,31.12,6.0,0.0
20200429:0330,735.22,971.73,84.37,31.86,6.28,0.0
20200429:0430,652.92,855.08,78.93,32.54,6.48,0.0
20200429:0530,659.68,864.62,64.68,32.6,6.48,0.0
20200429:0630,660.84,866.96,50.18,32.75,6.55,0.0
20200429:0730,620.83,809.78,35.66,32.34,6.14,0.0
20200429:0830,579.7,750.37,21.18,31.97,6.21,0.0
20200429:0930,379.97,483.45,6.79,31.12,6.21,0.0
20200429:1030,0.0,0.0,0.0,29.83,5.52,0.0
20200429:1130,0.0,0.0,0.0,28.79,5.31,0.0
20200429:1230,0.0,0.0,0.0,28.06,5.31,0.0
20200429:1330,0.0,0.0,0.0,27.56,5.31,0.0
20200429:1430,0.0,0.0,0.0,27.25,5.17,0.0
20200429:1530,0.0,0.0,0.0,26.94,5.03,0.0
20200429:1630,0.0,0.0,0.0,26.77,4.62,0.0
20200429:1730,0.0,0.0,0.0,26.58,4.28,0.0
20200429:1830,0.0,0.0,0.0,26.39,4.48,0.0
20200429:1930,0.0,0.0,0.0,26.59,4.48,0.0
20200429:2030,0.0,0.0,0.0,26.52,4.55,0.0
20200429:2130,0.0,0.0,-1.44,26.41,4.62,0.0
20200429:2230,174.25,227.67,12.88,26.55,4.62,0.0
20200429:2330,441.75,558.47,27.31,27.33,5.31,0.0
20200430:0030,625.2,803.55,41.85,28.48,5.72,0.0
20200430:0130,690.59,898.63,56.35,29.75,6.0,0.0
20200430:0230,625.08,810.73,70.77,30.92,6.28,0.0
20200430:0330,676.03,881.1,84.18,31.51,6.48,0.0
20200430:0430,645.22,841.35,78.8,31.87,6.69,0.0
20200430:0530,515.39,667.98,64.61,31.97,6.41,0.0
20200430:0630,494.95,635.12,50.14,31.0,6.34,0.0
20200430:0730,394.47,506.62,35.64,31.26,5.52,0.0
20200430:0830,207.96,271.99,21.18,31.06,5.03,0.0
20200430:0930,175.62,230.86,6.81,30.44,4.97,0.0
20200430:1030,0.0,0.0,0.0,29.62,4.69,0.0
20200430:1130,0.0,0.0,0.0,28.89,4.55,0.0
20200430:1230,0.0,0.0,0.0,28.46,4.55,0.0
20200430:1330,0.0,0.0,0.0,28.08,4.28,0.0
20200430:1430,0.0,0.0,0.0,27.72,4.28,0.0
20200430:1530,0.0,0.0,0.0,27.37,4.34,0.0
20200430:1630,0.0,0.0,0.0,27.01,4.21,0.0
20200430:1730,0.0,0.0,0.0,26.71,4.14,0.0
20200430:1830,0.0,0.0,0.0,26.39,4.14,0.0
20200430:1930,0.0,0.0,0.0,26.31,4.14,0.0
20200430:2030,0.0,0.0,0.0,26.3,4.28,0.0
20200430:2130,0.0,0.0,-1.34,26.27,4.34,0.0
20200430:2230,315.71,397.91,12.95,26.34,4.14,0.0
20200430:2330,511.74,647.97,27.37,27.2,5.03,0.0
20200501:0030,619.72,797.57,41.89,28.52,5.45,0.0
20200501:0130,761.11,1004.39,56.37,29.71,5.38,0.0
20200501:0230,710.06,939.28,70.75,31.15,5.24,0.0
20200501:0330,719.93,961.97,83.99,32.07,5.03,0.0
20200501:0430,670.62,898.57,78.66,32.89,4.76,0.0
20200501:0530,604.77,808.6,64.55,33.24,4.69,0.0
20200501:0630,542.74,718.82,50.1,33.3,4.76,0.0
20200501:0730,433.8,566.33,35.62,32.98,5.17,0.0
20200501:0830,240.2,315.45,21.18,32.34,5.38,0.0
20200501:0930,187.54,246.48,6.83,31.21,5.72,0.0
20200501:1030,0.0,0.0,0.0,30.11,5.52,0.0
20200501:1130,0.0,0.0,0.0,29.32,5.31,0.0
20200501:1230,0.0,0.0,0.0,28.75,5.1,0.0
20200501:1330,0.0,0.0,0.0,28.3,4.62,0.0
20200501:1430,0.0,0.0,0.0,27.9,4.28,0.0
20200501:1530,0.0,0.0,0.0,27.5,4.14,0.0
20200501:1630,0.0,0.0,0.0,27.15,4.14,0.0
20200501:1730,0.0,0.0,0.0,26.84,4.21,0.0
20200501:1830,0.0,0.0,0.0,26.53,4.34,0.0
20200501:1930,0.0,0.0,0.0,26.39,4.69,0.0
20200501:2030,0.0,0.0,0.0,26.17,4.69,0.0
20200501:2130,0.0,0.0,-1.25,26.03,4.76,0.0
20200501:2230,453.1,567.28,13.03,25.97,4.97,0.0
20200501:2330,601.47,762.53,27.42,26.9,5.79,0.0
20200502:0030,730.0,947.0,41.92,28.25,5.79,0.0
20200502:0130,760.48,1002.77,56.38,29.84,5.45,0.0
20200502:0230,725.58,958.97,70.72,31.32,5.38,0.0
20200502:0330,722.71,959.61,83.79,32.36,5.45,0.0
20200502:0430,708.98,944.0,78.52,33.2,5.45,0.0
20200502:0530,604.66,798.74,64.48,33.57,5.52,0.0
20200502:0630,347.96,453.39,50.06,33.19,5.59,0.0
20200502:0730,467.26,600.02,35.6,31.28,6.07,0.0
20200502:0830,344.75,440.33,21.18,30.82,5.93,0.0
20200502:0930,120.36,164.12,6.84,30.09,5.86,0.0
20200502:1030,0.0,0.0,0.0,29.02,5.52,0.0
20200502:1130,0.0,0.0,0.0,28.29,5.24,0.0
20200502:1230,0.0,0.0,0.0,27.9,4.69,0.0
20200502:1330,0.0,0.0,0.0,27.63,4.41,0.0
20200502:1430,0.0,0.0,0.0,27.51,4.41,0.0
20200502:1530,0.0,0.0,0.0,27.43,4.28,0.0
20200502:1630,0.0,0.0,0.0,27.19,4.14,0.0
20200502:1730,0.0,0.0,0.0,27.1,3.79,0.0
20200502:1830,0.0,0.0,0.0,26.87,3.52,0.0
20200502:1930,0.0,0.0,0.0,26.62,3.72,0.0
20200502:2030,0.0,0.0,0.0,26.42,3.79,0.0
20200502:2130,0.0,0.0,-1.16,26.29,3.38,0.0
20200502:2230,191.75,248.21,13.1,26.32,3.17,0.0
20200502:2330,360.89,459.44,27.48,26.94,3.38,0.0
20200503:0030,421.22,539.43,41.95,28.19,3.79,0.0
20200503:0130,521.38,677.23,56.38,29.26,3.79,0.0
20200503:0230,444.38,578.58,70.68,30.34,3.79,0.0
20200503:0330,392.75,517.51,83.59,30.95,3.79,0.0
20200503:0430,378.71,490.03,78.38,29.95,5.1,0.0
20200503:0530,296.41,387.12,64.41,30.25,5.86,0.0
20200503:0630,195.59,261.55,50.03,30.42,5.66,0.0
20200503:0730,218.8,285.06,35.59,28.61,4.76,0.0
20200503:0830,172.75,228.39,21.18,28.88,4.62,0.0
20200503:0930,140.63,188.15,6.87,28.9,4.69,0.0
20200503:1030,0.0,0.0,0.0,28.42,4.9,0.0
20200503:1130,0.0,0.0,0.0,27.95,4.34,0.0
20200503:1230,0.0,0.0,0.0,27.71,3.79,0.0
20200503:1330,0.0,0.0,0.0,27.54,3.31,0.0
20200503:1430,0.0,0.0,0.0,27.51,3.03,0.0
20200503:1530,0.0,0.0,0.0,27.07,3.24,0.0
20200503:1630,0.0,0.0,0.0,26.72,3.52,0.0
20200503:1730,0.0,0.0,0.0,26.54,4.0,0.0
20200503:1830,0.0,0.0,0.0,26.37,3.93,0.0
20200503:1930,0.0,0.0,0.0,26.23,4.0,0.0
20200503:2030,0.0,0.0,0.0,26.17,4.28,0.0
20200503:2130,0.0,0.0,-1.08,26.17,4.21,0.0
20200503:2230,226.03,288.67,13.16,26.36,4.48,0.0
20200503:2330,371.64,467.52,27.53,27.2,6.14,0.0
20200504:0030,370.75,471.23,41.98,28.5,5.72,0.0
20200504:0130,429.4,550.7,56.39,29.44,4.97,0.0
20200504:0230,380.47,494.06,70.64,30.18,3.45,0.0
20200504:0330,355.25,464.64,83.38,29.81,3.79,0.0
20200504:0430,353.73,451.66,78.24,27.4,4.48,0.0
20200504:0530,418.19,534.18,64.35,27.22,4.62,0.0
20200504:0630,417.34,531.61,49.99,27.67,4.07,0.0
20200504:0730,379.1,488.94,35.57,29.26,2.83,0.0
20200504:0830,341.91,439.37,21.19,29.43,2.69,0.0
20200504:0930,163.78,216.17,6.89,29.15,2.9,0.0
20200504:1030,0.0,0.0,0.0,28.51,2.69,0.0
20200504:1130,0.0,0.0,0.0,28.05,2.41,0.0
20200504:1230,0.0,0.0,0.0,27.77,1.72,0.0
20200504:1330,0.0,0.0,0.0,27.58,0.69,0.0
20200504:1430,0.0,0.0,0.0,27.21,0.62,0.0
20200504:1530,0.0,0.0,0.0,26.81,0.62,0.0
20200504:1630,0.0,0.0,0.0,26.42,0.76,0.0
20200504:1730,0.0,0.0,0.0,26.17,0.9,0.0
20200504:1830,0.0,0.0,0.0,26.15,0.83,0.0
20200504:1930,0.0,0.0,0.0,26.11,1.66,0.0
20200504:2030,0.0,0.0,0.0,25.91,1.38,0.0
20200504:2130,0.0,0.0,-0.99,25.72,1.31,0.0
20200504:2230,386.22,494.19,13.23,25.85,1.31,0.0
20200504:2330,549.74,724.4,27.57,27.31,1.45,0.0
20200505:0030,583.53,784.19,42.0,28.4,1.17,0.0
20200505:0130,609.1,834.46,56.39,29.34,0.76,0.0
20200505:0230,641.66,891.7,70.6,30.38,0.83,0.0
20200505:0330,582.94,791.62,83.16,31.36,1.38,0.0
20200505:0430,635.15,867.26,78.09,31.53,1.86,0.0
20200505:0530,589.7,793.36,64.28,31.89,2.28,0.0
20200505:0630,480.05,636.11,49.96,31.9,2.48,0.0
20200505:0730,445.24,588.88,35.56,31.97,1.93,0.0
20200505:0830,336.86,440.99,21.19,31.8,1.86,0.0
20200505:0930,240.97,314.28,6.91,31.1,2.07,0.0
20200505:1030,0.0,0.0,0.0,30.27,1.72,0.0
20200505:1130,0.0,0.0,0.0,29.67,1.03,0.0
20200505:1230,0.0,0.0,0.0,29.34,0.34,0.0
20200505:1330,0.0,0.0,0.0,29.05,0.48,0.0
20200505:1430,0.0,0.0,0.0,28.83,0.62,0.0
20200505:1530,0.0,0.0,0.0,28.64,0.62,0.0
20200505:1630,0.0,0.0,0.0,28.34,0.62,0.0
20200505:1730,0.0,0.0,0.0,27.92,0.55,0.0
20200505:1830,0.0,0.0,0.0,27.31,0.83,0.0
20200505:1930,0.0,0.0,0.0,27.03,2.0,0.0
20200505:2030,0.0,0.0,0.0,27.05,2.14,0.0
20200505:2130,0.0,0.0,-0.92,26.69,1.93,0.0
20200505:2230,473.29,611.23,13.29,26.5,1.59,0.0
20200505:2330,610.18,817.56,27.61,28.21,1.45,0.0
20200506:0030,651.54,894.4,42.02,29.39,1.1,0.0
20200506:0130,658.23,921.6,56.38,30.47,0.69,0.0
20200506:0230,600.04,836.24,70.54,31.56,0.62,0.0
20200506:0330,665.31,942.62,82.95,32.3,0.76,0.0
20200506:0430,636.72,895.85,77.95,33.17,0.9,0.0
20200506:0530,635.53,875.44,64.21,33.65,2.07,0.0
20200506:0630,505.45,678.8,49.92,33.5,2.07,0.0
20200506:0730,420.44,564.58,35.55,33.05,1.03,0.0
20200506:0830,291.35,382.87,21.2,32.09,1.59,0.0
20200506:0930,257.97,338.85,6.94,31.06,0.76,0.0
20200506:1030,0.0,0.0,0.0,30.23,0.28,0.0
20200506:1130,0.0,0.0,0.0,29.63,0.14,0.0
20200506:1230,0.0,0.0,0.0,29.31,0.41,0.0
20200506:1330,0.0,0.0,0.0,28.78,0.97,0.0
20200506:1430,0.0,0.0,0.0,28.12,1.93,0.0
20200506:1530,0.0,0.0,0.0,27.71,2.14,0.0
20200506:1630,0.0,0.0,0.0,27.3,2.07,0.0
20200506:1730,0.0,0.0,0.0,26.96,1.79,0.0
20200506:1830,0.0,0.0,0.0,26.68,1.52,0.0
20200506:1930,0.0,0.0,0.0,26.81,1.31,0.0
20200506:2030,0.0,0.0,0.0,27.14,0.9,0.0
20200506:2130,0.0,0.0,-0.84,26.71,0.97,0.0
20200506:2230,467.33,606.39,13.34,26.41,1.1,0.0
20200506:2330,604.26,817.55,27.65,28.27,0.9,0.0
20200507:0030,661.49,921.3,42.04,29.53,0.69,0.0
20200507:0130,632.61,878.09,56.37,30.78,0.83,0.0
20200507:0230,644.57,902.05,70.49,31.79,0.9,0.0
20200507:0330,616.91,854.78,82.73,32.77,1.17,0.0
20200507:0430,567.45,787.5,77.8,33.39,0.83,0.0
20200507:0530,608.67,859.77,64.15,33.36,0.55,0.0
20200507:0630,524.73,726.38,49.89,32.98,0.34,0.0
20200507:0730,525.36,714.83,35.54,33.24,1.24,0.0
20200507:0830,323.51,426.68,21.21,32.72,1.72,0.0
20200507:0930,218.84,288.06,6.96,32.01,2.34,0.0
20200507:1030,0.0,0.0,0.0,30.6,2.34,0.0
20200507:1130,0.0,0.0,0.0,30.13,2.14,0.0
20200507:1230,0.0,0.0,0.0,29.86,2.28,0.0
20200507:1330,0.0,0.0,0.0,29.4,2.69,0.0
20200507:1430,0.0,0.0,0.0,28.92,2.9,0.0
20200507:1530,0.0,0.0,0.0,28.5,2.97,0.0
20200507:1630,0.0,0.0,0.0,28.15,2.83,0.0
20200507:1730,0.0,0.0,0.0,27.78,2.97,0.0
20200507:1830,0.0,0.0,0.0,27.43,2.97,0.0
20200507:1930,0.0,0.0,0.0,27.43,3.31,0.0
20200507:2030,0.0,0.0,0.0,27.29,3.31,0.0
20200507:2130,0.0,0.0,-0.77,27.3,3.24,0.0
20200507:2230,430.47,549.34,13.4,27.41,2.76,0.0
20200507:2330,556.79,725.77,27.69,28.52,2.76,0.0
20200508:0030,625.13,835.16,42.05,29.82,2.41,0.0
20200508:0130,582.63,780.99,56.36,30.88,2.28,0.0
20200508:0230,641.92,874.47,70.43,31.74,2.14,0.0
20200508:0330,590.54,798.95,82.51,32.63,2.28,0.0
20200508:0430,552.26,745.14,77.65,33.24,2.28,0.0
20200508:0530,557.09,751.27,64.08,33.46,2.55,0.0
20200508:0630,542.9,727.43,49.86,33.24,2.55,0.0
20200508:0730,514.13,686.49,35.53,33.61,2.62,0.0
20200508:0830,430.57,569.31,21.21,33.0,2.07,0.0
20200508:0930,288.25,375.53,6.99,32.38,2.83,0.0
20200508:1030,0.0,0.0,0.0,31.4,3.1,0.0
20200508:1130,0.0,0.0,0.0,30.55,3.38,0.0
20200508:1230,0.0,0.0,0.0,29.8,3.38,0.0
20200508:1330,0.0,0.0,0.0,29.23,3.66,0.0
20200508:1430,0.0,0.0,0.0,28.76,3.79,0.0
20200508:1530,0.0,0.0,0.0,28.39,3.86,0.0
20200508:1630,0.0,0.0,0.0,28.05,3.79,0.0
20200508:1730,0.0,0.0,0.0,27.74,3.72,0.0
20200508:1830,0.0,0.0,0.0,27.49,3.59,0.0
20200508:1930,0.0,0.0,0.0,27.52,4.14,0.0
20200508:2030,0.0,0.0,0.0,27.43,4.07,0.0
20200508:2130,0.0,0.0,-0.7,27.3,4.0,0.0
20200508:2230,467.53,593.05,13.45,27.35,3.93,0.0
20200508:2330,529.7,677.52,27.72,28.39,4.48,0.0
20200509:0030,598.53,776.95,42.06,29.71,4.69,0.0
20200509:0130,687.26,907.95,56.34,30.99,4.83,0.0
20200509:0230,653.4,866.28,70.36,32.33,4.69,0.0
20200509:0330,667.27,893.12,82.29,33.24,4.48,0.0
20200509:0430,710.43,961.32,77.51,33.97,4.41,0.0
20200509:0530,686.41,927.38,64.02,34.63,4.55,0.0
20200509:0630,704.92,951.48,49.83,34.83,5.03,0.0
20200509:0730,632.63,840.81,35.52,34.75,5.45,0.0
20200509:0830,527.58,687.09,21.22,33.76,5.79,0.0
20200509:0930,348.52,447.54,7.02,32.31,5.24,0.0
20200509:1030,0.0,0.0,0.0,30.74,4.28,0.0
20200509:1130,0.0,0.0,0.0,29.74,3.72,0.0
20200509:1230,0.0,0.0,0.0,29.13,3.17,0.0
20200509:1330,0.0,0.0,0.0,28.6,2.97,0.0
20200509:1430,0.0,0.0,0.0,28.14,2.76,0.0
20200509:1530,0.0,0.0,0.0,27.67,2.76,0.0
20200509:1630,0.0,0.0,0.0,27.23,2.83,0.0
20200509:1730,0.0,0.0,0.0,26.88,2.9,0.0
20200509:1830,0.0,0.0,0.0,26.66,2.9,0.0
20200509:1930,0.0,0.0,0.0,26.59,3.17,0.0
20200509:2030,0.0,0.0,0.0,26.54,3.38,0.0
20200509:2130,0.0,0.0,-0.63,26.49,3.45,0.0
20200509:2230,477.94,607.21,13.49,26.58,3.24,0.0
20200509:2330,654.02,852.6,27.75,28.06,3.86,0.0
20200510:0030,675.04,893.71,42.06,29.66,3.72,0.0
20200510:0130,657.1,877.25,56.32,30.96,3.31,0.0
20200510:0230,672.54,909.89,70.29,32.03,3.1,0.0
20200510:0330,615.43,830.59,82.07,33.03,2.83,0.0
20200510:0430,658.95,899.42,77.36,33.54,2.83,0.0
20200510:0530,580.24,785.82,63.96,34.04,2.62,0.0
20200510:0630,543.6,732.07,49.8,34.18,2.76,0.0
20200510:0730,357.62,472.13,35.51,33.9,2.69,0.0
20200510:0830,417.43,551.48,21.24,32.94,2.07,0.0
20200510:0930,233.96,306.55,7.05,32.32,2.83,0.0
20200510:1030,0.0,0.0,0.0,31.61,3.17,0.0
20200510:1130,0.0,0.0,0.0,30.83,2.9,0.0
20200510:1230,0.0,0.0,0.0,30.16,3.59,0.0
20200510:1330,0.0,0.0,0.0,29.43,3.66,0.0
20200510:1430,0.0,0.0,0.0,28.74,3.24,0.0
20200510:1530,0.0,0.0,0.0,28.08,3.03,0.0
20200510:1630,0.0,0.0,0.0,27.48,2.41,0.0
20200510:1730,0.0,0.0,0.0,27.02,2.34,0.0
20200510:1830,0.0,0.0,0.0,26.84,2.55,0.0
20200510:1930,0.0,0.0,0.0,26.75,3.17,0.0
20200510:2030,0.0,0.0,0.0,26.56,3.31,0.0
20200510:2130,0.0,0.0,-0.57,26.44,3.31,0.0
20200510:2230,342.56,433.5,13.54,26.5,3.03,0.0
20200510:2330,534.31,686.61,27.77,27.39,3.31,0.0
20200511:0030,541.98,704.79,42.07,28.77,3.24,0.0
20200511:0130,619.9,823.38,56.29,30.07,3.03,0.0
20200511:0230,690.54,935.96,70.22,31.41,2.97,0.0
20200511:0330,691.03,939.63,81.85,32.65,3.17,0.0
20200511:0430,610.25,821.49,77.22,33.46,3.38,0.0
20200511:0530,580.88,779.13,63.89,33.63,3.79,0.0
20200511:0630,360.98,474.22,49.77,33.41,4.62,0.0
20200511:0730,209.62,277.73,35.51,31.65,4.41,0.0
20200511:0830,162.28,218.34,21.25,31.21,4.21,0.0
20200511:0930,117.89,162.73,7.08,31.08,3.66,0.0
20200511:1030,0.0,0.0,0.0,30.57,3.17,0.0
20200511:1130,0.0,0.0,0.0,29.9,2.28,0.0
20200511:1230,0.0,0.0,0.0,29.42,1.38,0.0
20200511:1330,0.0,0.0,0.0,28.79,0.83,0.0
20200511:1430,0.0,0.0,0.0,28.22,0.69,0.0
20200511:1530,0.0,0.0,0.0,27.71,0.9,0.0
20200511:1630,0.0,0.0,0.0,27.55,0.83,0.0
20200511:1730,0.0,0.0,0.0,27.15,1.45,0.0
20200511:1830,0.0,0.0,0.0,26.7,1.31,0.0
20200511:1930,0.0,0.0,0.0,27.18,2.69,0.0
20200511:2030,0.0,0.0,0.0,27.03,2.83,0.0
20200511:2130,0.0,0.0,-0.51,26.85,2.62,0.0
20200511:2230,336.23,427.88,13.58,26.85,2.41,0.0
20200511:2330,509.61,660.89,27.8,27.85,2.34,0.0
20200512:0030,542.26,715.7,42.07,29.17,2.0,0.0
20200512:0130,578.89,779.65,56.27,30.14,1.59,0.0
20200512:0230,411.23,544.9,70.14,31.03,1.79,0.0
20200512:0330,430.49,565.11,81.63,30.67,2.9,0.0
20200512:0430,377.56,497.64,77.07,28.8,1.1,0.0
20200512:0530,364.89,476.95,63.83,28.7,2.62,0.0
20200512:0630,312.35,406.79,49.74,29.15,2.55,0.0
20200512:0730,256.15,338.32,35.5,31.28,2.28,0.0
20200512:0830,173.83,233.94,21.27,30.94,1.52,0.0
20200512:0930,105.24,147.81,7.12,30.38,0.41,0.0
20200512:1030,0.0,0.0,0.0,29.99,0.28,0.0
20200512:1130,0.0,0.0,0.0,29.26,0.21,0.0
20200512:1230,0.0,0.0,0.0,28.88,0.76,0.0
20200512:1330,0.0,0.0,0.0,27.98,1.31,0.0
20200512:1430,0.0,0.0,0.0,27.7,1.72,0.0
20200512:1530,0.0,0.0,0.0,27.44,1.72,0.0
20200512:1630,0.0,0.0,0.0,27.17,1.86,0.0
20200512:1730,0.0,0.0,0.0,26.95,1.79,0.0
20200512:1830,0.0,0.0,0.0,26.54,1.59,0.0
20200512:1930,0.0,0.0,0.0,27.83,0.28,0.0
20200512:2030,0.0,0.0,0.0,27.42,0.0,0.0
20200512:2130,0.0,0.0,-0.45,27.31,0.34,0.0
20200512:2230,288.23,371.3,13.62,26.51,0.76,0.0
20200512:2330,418.04,541.27,27.82,27.83,1.66,0.0
20200513:0030,442.26,573.35,42.06,28.57,2.76,0.0
20200513:0130,503.17,652.38,56.23,29.51,3.66,0.0
20200513:0230,506.69,661.9,70.06,30.02,3.79,0.0
20200513:0330,599.02,800.16,81.41,30.55,2.9,0.0
20200513:0430,499.87,662.94,76.93,31.63,2.76,0.0
20200513:0530,471.13,624.17,63.77,32.03,2.83,0.0
20200513:0630,448.28,585.12,49.72,31.42,3.38,0.0
20200513:0730,377.95,486.23,35.5,30.75,4.55,0.0
20200513:0830,265.39,343.06,21.28,30.7,4.34,0.0
20200513:0930,253.65,327.15,7.15,30.5,4.14,0.0
20200513:1030,0.0,0.0,0.0,29.98,3.79,0.0
20200513:1130,0.0,0.0,0.0,29.35,3.66,0.0
20200513:1230,0.0,0.0,0.0,28.74,3.66,0.0
20200513:1330,0.0,0.0,0.0,28.28,3.79,0.0
20200513:1430,0.0,0.0,0.0,27.83,4.21,0.0
20200513:1530,0.0,0.0,0.0,27.41,4.0,0.0
20200513:1630,0.0,0.0,0.0,27.0,3.38,0.0
20200513:1730,0.0,0.0,0.0,26.75,3.03,0.0
20200513:1830,0.0,0.0,0.0,26.58,2.9,0.0
20200513:1930,0.0,0.0,0.0,26.82,3.38,0.0
20200513:2030,0.0,0.0,0.0,26.95,3.52,0.0
20200513:2130,0.0,0.0,-0.4,26.93,3.1,0.0
20200513:2230,292.07,371.85,13.65,27.01,2.9,0.0
20200513:2330,458.58,586.04,27.83,27.74,3.59,0.0
20200514:0030,561.5,726.75,42.05,28.72,4.0,0.0
20200514:0130,566.59,741.85,56.2,29.72,3.79,0.0
20200514:0230,554.89,734.38,69.98,30.67,2.97,0.0
20200514:0330,438.65,579.53,81.19,31.64,2.48,0.0
20200514:0430,424.63,569.63,76.79,32.15,1.66,0.0
20200514:0530,476.01,645.84,63.71,31.8,1.1,0.0
20200514:0630,365.93,485.13,49.69,31.23,1.93,0.0
20200514:0730,268.88,356.13,35.5,30.91,1.17,0.0
20200514:0830,64.69,98.85,21.3,30.12,2.07,0.0
20200514:0930,4.1,14.85,7.19,28.28,3.03,0.0
20200514:1030,0.0,0.0,0.0,27.48,2.41,0.0
20200514:1130,0.0,0.0,0.0,26.97,1.52,0.0
20200514:1230,0.0,0.0,0.0,27.07,0.62,0.0
20200514:1330,0.0,0.0,0.0,26.71,1.1,0.0
20200514:1430,0.0,0.0,0.0,27.13,1.52,0.0
20200514:1530,0.0,0.0,0.0,26.88,2.21,0.0
20200514:1630,0.0,0.0,0.0,26.74,2.83,0.0
20200514:1730,0.0,0.0,0.0,26.71,3.59,0.0
20200514:1830,0.0,0.0,0.0,26.5,3.86,0.0
20200514:1930,0.0,0.0,0.0,26.1,4.48,0.0
20200514:2030,0.0,0.0,0.0,26.2,4.14,0.0
20200514:2130,0.0,0.0,-0.35,26.17,4.07,0.0
20200514:2230,92.82,130.08,13.68,26.36,4.28,0.0
20200514:2330,255.58,326.76,27.84,26.66,4.62,0.0
20200515:0030,321.2,410.39,42.04,27.18,4.9,0.0
20200515:0130,422.63,541.77,56.16,27.78,5.03,0.0
20200515:0230,455.17,585.95,69.9,28.61,5.45,0.0
20200515:0330,476.49,614.83,80.98,29.4,5.79,0.0
20200515:0430,388.28,502.09,76.65,29.79,5.72,0.0
20200515:0530,335.03,432.52,63.66,29.48,5.59,0.0
20200515:0630,209.94,277.19,49.67,29.36,5.66,0.0
20200515:0730,177.51,236.56,35.5,28.81,4.9,0.0
20200515:0830,145.15,195.43,21.32,28.62,4.55,0.0
20200515:0930,23.92,44.34,7.23,28.33,3.86,0.0
20200515:1030,0.0,0.0,0.0,27.54,3.1,0.0
20200515:1130,0.0,0.0,0.0,27.3,2.34,0.0
20200515:1230,0.0,0.0,0.0,27.14,2.41,0.0
20200515:1330,0.0,0.0,0.0,26.92,2.0,0.0
20200515:1430,0.0,0.0,0.0,26.88,1.79,0.0
20200515:1530,0.0,0.0,0.0,26.63,1.79,0.0
20200515:1630,0.0,0.0,0.0,26.59,2.14,0.0
20200515:1730,0.0,0.0,0.0,26.17,2.48,0.0
20200515:1830,0.0,0.0,0.0,26.04,2.83,0.0
20200515:1930,0.0,0.0,0.0,26.63,2.07,0.0
20200515:2030,0.0,0.0,0.0,26.41,1.93,0.0
20200515:2130,0.0,0.0,-0.3,26.19,1.59,0.0
20200515:2230,261.09,335.96,13.71,26.49,1.17,0.0
20200515:2330,407.19,532.92,27.85,27.98,0.76,0.0
20200516:0030,541.32,724.45,42.03,28.64,0.97,0.0
20200516:0130,613.17,838.91,56.12,29.26,0.97,0.0
20200516:0230,479.65,644.26,69.81,29.83,0.76,0.0
20200516:0330,429.33,572.1,80.77,30.05,0.9,0.0
20200516:0430,407.66,543.82,76.52,30.12,1.1,0.0
20200516:0530,454.77,606.48,63.6,30.55,1.59,0.0
20200516:0630,405.79,533.92,49.65,30.73,1.93,0.0
20200516:0730,239.71,317.26,35.5,30.39,1.66,0.0
20200516:0830,117.9,164.09,21.34,29.69,2.28,0.0
20200516:0930,33.66,57.47,7.26,29.27,1.24,0.0
20200516:1030,0.0,0.0,0.0,28.54,2.14,0.0
20200516:1130,0.0,0.0,0.0,27.58,2.62,0.0
20200516:1230,0.0,0.0,0.0,27.28,2.34,0.0
20200516:1330,0.0,0.0,0.0,27.19,2.69,0.0
20200516:1430,0.0,0.0,0.0,27.01,3.03,0.0
20200516:1530,0.0,0.0,0.0,26.73,3.52,0.0
20200516:1630,0.0,0.0,0.0,26.5,2.83,0.0
20200516:1730,0.0,0.0,0.0,26.49,2.21,0.0
20200516:1830,0.0,0.0,0.0,26.32,2.28,0.0
20200516:1930,0.0,0.0,0.0,26.34,3.1,0.0
20200516:2030,0.0,0.0,0.0,26.42,2.76,0.0
20200516:2130,0.0,0.0,-0.26,26.38,2.34,0.0
20200516:2230,220.0,284.0,13.73,26.47,2.0,0.0
20200516:2330,485.63,631.07,27.86,27.45,1.86,0.0
20200517:0030,612.58,821.08,42.01,28.55,1.66,0.0
20200517:0130,623.32,841.99,56.08,29.58,1.72,0.0
20200517:0230,663.16,911.06,69.72,30.34,1.59,0.0
20200517:0330,592.75,800.84,80.56,31.07,1.79,0.0
20200517:0430,552.5,738.56,76.38,30.99,2.21,0.0
20200517:0530,546.57,727.65,63.55,30.87,2.48,0.0
20200517:0630,494.49,655.15,49.63,31.05,2.62,0.0
20200517:0730,416.06,548.03,35.5,31.52,2.41,0.0
20200517:0830,202.86,270.28,21.36,31.05,2.07,0.0
20200517:0930,34.72,59.47,7.3,30.59,1.93,0.0
20200517:1030,0.0,0.0,0.0,29.95,1.86,0.0
20200517:1130,0.0,0.0,0.0,29.51,1.45,0.0
20200517:1230,0.0,0.0,0.0,28.8,1.31,0.0
20200517:1330,0.0,0.0,0.0,28.24,1.52,0.0
20200517:1430,0.0,0.0,0.0,27.81,1.66,0.0
20200517:1530,0.0,0.0,0.0,27.87,1.1,0.0
20200517:1630,0.0,0.0,0.0,28.59,0.76,0.0
20200517:1730,0.0,0.0,0.0,28.23,0.83,0.0
20200517:1830,0.0,0.0,0.0,27.78,0.83,0.0
20200517:1930,0.0,0.0,0.0,28.09,0.97,0.0
20200517:2030,0.0,0.0,0.0,28.05,0.9,0.0
20200517:2130,0.0,0.0,-0.22,26.79,1.45,0.0
20200517:2230,226.18,294.51,13.76,27.35,1.1,0.0
20200517:2330,422.65,559.86,27.86,28.77,0.48,0.0
20200518:0030,434.67,579.88,41.99,29.4,0.69,0.0
20200518:0130,441.94,593.92,56.04,29.75,0.55,0.0
20200518:0230,412.36,554.4,69.63,30.17,0.48,0.0
20200518:0330,329.98,443.33,80.36,30.17,0.83,0.0
20200518:0430,304.22,404.06,76.25,30.11,1.79,0.0
20200518:0530,220.64,296.87,63.49,29.99,2.62,0.0
20200518:0630,328.08,429.33,49.61,29.66,3.17,0.0
20200518:0730,207.49,277.86,35.51,30.58,1.31,0.0
20200518:0830,77.84,115.15,21.39,30.26,1.31,0.0
20200518:0930,5.65,17.77,7.35,29.66,0.76,0.0
20200518:1030,0.0,0.0,0.0,29.18,0.83,0.0
20200518:1130,0.0,0.0,0.0,28.58,0.9,0.0
20200518:1230,0.0,0.0,0.0,28.12,1.24,0.0
20200518:1330,0.0,0.0,0.0,27.94,2.0,0.0
20200518:1430,0.0,0.0,0.0,27.64,2.07,0.0
20200518:1530,0.0,0.0,0.0,27.29,1.59,0.0
20200518:1630,0.0,0.0,0.0,27.0,1.31,0.0
20200518:1730,0.0,0.0,0.0,27.56,0.9,0.0
20200518:1830,0.0,0.0,0.0,27.54,0.69,0.0
20200518:1930,0.0,0.0,0.0,26.39,1.17,0.0
20200518:2030,0.0,0.0,0.0,27.77,0.76,0.0
20200518:2130,0.0,0.0,-0.18,27.66,0.62,0.0
20200518:2230,267.21,348.07,13.77,27.65,0.48,0.0
20200518:2330,429.46,569.12,27.86,28.11,0.34,0.0
20200519:0030,564.4,772.01,41.97,28.85,0.34,0.0
20200519:0130,564.43,772.6,55.99,29.75,0.55,0.0
20200519:0230,607.66,842.32,69.53,30.4,0.62,0.0
20200519:0330,600.06,828.12,80.15,31.13,0.9,0.0
20200519:0430,584.15,796.07,76.12,31.58,1.38,0.0
20200519:0530,515.6,692.27,63.44,31.93,1.93,0.0
20200519:0630,581.13,780.56,49.6,31.35,2.21,0.0
20200519:0730,503.54,673.93,35.52,31.94,1.72,0.0
20200519:0830,368.5,480.9,21.41,30.53,1.59,0.0
20200519:0930,261.23,339.42,7.39,30.04,1.59,0.0
20200519:1030,0.0,0.0,0.0,29.57,1.17,0.0
20200519:1130,0.0,0.0,0.0,28.24,2.07,0.0
20200519:1230,0.0,0.0,0.0,27.62,1.86,0.0
20200519:1330,0.0,0.0,0.0,27.45,1.72,0.0
20200519:1430,0.0,0.0,0.0,27.12,1.52,0.0
20200519:1530,0.0,0.0,0.0,26.86,1.66,0.0
20200519:1630,0.0,0.0,0.0,26.61,1.72,0.0
20200519:1730,0.0,0.0,0.0,26.41,1.79,0.0
20200519:1830,0.0,0.0,0.0,26.13,1.59,0.0
20200519:1930,0.0,0.0,0.0,26.13,1.03,0.0
20200519:2030,0.0,0.0,0.0,25.72,1.38,0.0
20200519:2130,0.0,0.0,-0.15,25.96,1.24,0.0
20200519:2230,378.25,490.23,13.79,26.91,0.55,0.0
20200519:2330,540.89,722.5,27.86,27.76,0.69,0.0
20200520:0030,625.7,854.45,41.95,28.7,0.9,0.0
20200520:0130,538.06,717.12,55.94,29.7,1.59,0.0
20200520:0230,624.4,842.81,69.44,30.24,2.0,0.0
20200520:0330,628.67,853.29,79.96,30.87,1.86,0.0
20200520:0430,623.12,852.54,76.0,31.41,1.59,0.0
20200520:0530,564.81,770.36,63.4,31.73,1.31,0.0
20200520:0630,448.86,598.01,49.58,31.82,1.72,0.0
20200520:0730,445.34,586.8,35.53,32.03,2.55,0.0
20200520:0830,258.57,339.0,21.44,31.57,2.34,0.0
20200520:0930,187.82,248.49,7.43,30.64,1.66,0.0
20200520:1030,0.0,0.0,0.0,29.74,1.03,0.0
20200520:1130,0.0,0.0,0.0,28.02,1.52,0.0
20200520:1230,0.0,0.0,0.0,27.63,1.86,0.0
20200520:1330,0.0,0.0,0.0,27.4,1.66,0.0
20200520:1430,0.0,0.0,0.0,27.15,1.52,0.0
20200520:1530,0.0,0.0,0.0,26.92,1.45,0.0
20200520:1630,0.0,0.0,0.0,26.78,1.72,0.0
20200520:1730,0.0,0.0,0.0,26.62,2.21,0.0
20200520:1830,0.0,0.0,0.0,26.54,2.62,0.0
20200520:1930,0.0,0.0,0.0,26.78,2.07,0.0
20200520:2030,0.0,0.0,0.0,26.52,1.93,0.0
20200520:2130,0.0,0.0,-0.12,26.26,1.59,0.0
20200520:2230,358.71,458.62,13.8,26.33,1.52,0.0
20200520:2330,475.06,617.3,27.86,27.88,1.93,0.0
20200521:0030,557.37,738.24,41.92,28.72,1.86,0.0
20200521:0130,467.41,620.45,55.89,29.56,1.52,0.0
20200521:0230,602.06,824.45,69.34,29.66,0.97,0.0
20200521:0330,575.25,786.87,79.76,30.49,1.03,0.0
20200521:0430,532.88,723.24,75.88,31.18,1.03,0.0
20200521:0530,515.04,691.33,63.35,31.67,1.86,0.0
20200521:0630,244.28,329.24,49.57,32.0,1.59,0.0
20200521:0730,218.34,290.65,35.54,30.57,1.59,0.0
20200521:0830,194.79,259.65,21.47,30.75,2.0,0.0
20200521:0930,38.54,64.1,7.48,30.52,2.0,0.0
20200521:1030,0.0,0.0,0.0,29.94,0.48,0.0
20200521:1130,0.0,0.0,0.0,28.74,1.66,0.0
20200521:1230,0.0,0.0,0.0,28.06,1.45,0.0
20200521:1330,0.0,0.0,0.0,27.54,1.86,0.0
20200521:1430,0.0,0.0,0.0,27.21,2.14,0.0
20200521:1530,0.0,0.0,0.0,26.99,2.62,0.0
20200521:1630,0.0,0.0,0.0,26.56,2.48,0.0
20200521:1730,0.0,0.0,0.0,26.34,2.48,0.0
20200521:1830,0.0,0.0,0.0,26.0,1.93,0.0
20200521:1930,0.0,0.0,0.0,26.39,0.69,0.0
20200521:2030,0.0,0.0,0.0,26.32,0.62,0.0
20200521:2130,0.0,0.0,-0.09,25.85,1.03,0.0
20200521:2230,274.83,355.68,13.81,26.61,0.62,0.0
20200521:2330,512.43,682.66,27.85,27.41,0.55,0.0
20200522:0030,532.17,709.81,41.89,28.32,0.97,0.0
20200522:0130,541.82,726.52,55.83,29.26,1.24,0.0
20200522:0230,657.39,901.76,69.24,30.2,1.52,0.0
20200522:0330,644.79,880.99,79.57,31.18,1.86,0.0
20200522:0430,625.67,847.09,75.76,31.89,2.34,0.0
20200522:0530,457.79,605.3,63.31,31.96,2.76,0.0
20200522:0630,312.26,410.7,49.56,31.3,2.76,0.0
20200522:0730,297.43,392.1,35.55,30.74,1.1,0.0
20200522:0830,72.1,107.98,21.5,30.76,1.31,0.0
20200522:0930,55.6,85.67,7.52,30.21,1.17,0.0
20200522:1030,0.0,0.0,0.0,29.23,1.59,0.0
20200522:1130,0.0,0.0,0.0,27.95,1.31,0.0
20200522:1230,0.0,0.0,0.0,27.29,1.93,0.0
20200522:1330,0.0,0.0,0.0,26.9,2.34,0.0
20200522:1430,0.0,0.0,0.0,26.67,2.21,0.0
20200522:1530,0.0,0.0,0.0,26.48,1.93,0.0
20200522:1630,0.0,0.0,0.0,26.25,1.52,0.0
20200522:1730,0.0,0.0,0.0,26.3,1.79,0.0
20200522:1830,0.0,0.0,0.0,26.26,2.62,0.0
20200522:1930,0.0,0.0,0.0,25.81,2.76,0.0
20200522:2030,0.0,0.0,0.0,25.95,2.62,0.0
20200522:2130,0.0,0.0,-0.06,26.06,2.69,0.0
20200522:2230,157.37,206.97,13.82,26.33,3.24,0.0
20200522:2330,335.12,424.56,27.84,26.65,3.72,0.0
20200523:0030,497.72,636.09,41.86,27.39,4.07,0.0
20200523:0130,515.69,662.98,55.78,28.16,4.0,0.0
20200523:0230,591.62,770.21,69.15,28.77,4.28,0.0
20200523:0330,488.93,633.39,79.39,29.18,4.48,0.0
20200523:0430,449.26,581.81,75.64,29.41,4.48,0.0
20200523:0530,515.75,669.15,63.27,29.83,4.69,0.0
20200523:0630,376.8,486.68,49.56,30.04,4.83,0.0
20200523:0730,306.34,396.38,35.56,30.27,4.21,0.0
20200523:0830,231.19,301.9,21.53,30.19,3.72,0.0
20200523:0930,94.12,133.05,7.57,29.99,3.45,0.0
20200523:1030,0.0,0.0,-6.2,29.33,2.76,0.0
20200523:1130,0.0,0.0,0.0,28.76,1.59,0.0
20200523:1230,0.0,0.0,0.0,28.34,1.79,0.0
20200523:1330,0.0,0.0,0.0,27.91,1.93,0.0
20200523:1430,0.0,0.0,0.0,27.43,1.66,0.0
20200523:1530,0.0,0.0,0.0,27.11,1.45,0.0
20200523:1630,0.0,0.0,0.0,27.23,1.03,0.0
20200523:1730,0.0,0.0,0.0,27.33,0.62,0.0
20200523:1830,0.0,0.0,0.0,27.05,0.48,0.0
20200523:1930,0.0,0.0,0.0,27.62,0.48,0.0
20200523:2030,0.0,0.0,0.0,27.59,0.28,0.0
20200523:2130,0.0,0.0,-0.04,27.38,0.34,0.0
20200523:2230,284.56,370.17,13.82,27.1,0.21,0.0
20200523:2330,524.62,703.49,27.83,28.02,0.48,0.0
20200524:0030,588.61,803.55,41.83,29.18,0.76,0.0
20200524:0130,623.59,861.02,55.72,30.18,0.83,0.0
20200524:0230,655.5,914.9,69.05,31.11,0.97,0.0
20200524:0330,657.09,918.94,79.21,31.94,1.03,0.0
20200524:0430,651.76,911.9,75.53,32.58,1.17,0.0
20200524:0530,642.42,897.7,63.23,33.0,1.24,0.0
20200524:0630,590.0,814.23,49.55,33.18,1.38,0.0
20200524:0730,326.95,434.64,35.58,33.54,1.66,0.0
20200524:0830,279.49,368.41,21.56,32.23,1.72,0.0
20200524:0930,93.54,133.44,7.62,31.38,1.17,0.0
20200524:1030,0.0,0.0,-6.13,30.73,0.62,0.0
20200524:1130,0.0,0.0,0.0,29.27,0.97,0.0
20200524:1230,0.0,0.0,0.0,28.52,1.1,0.0
20200524:1330,0.0,0.0,0.0,27.95,1.79,0.0
20200524:1430,0.0,0.0,0.0,27.62,2.34,0.0
20200524:1530,0.0,0.0,0.0,27.25,1.66,0.0
20200524:1630,0.0,0.0,0.0,26.75,1.38,0.0
20200524:1730,0.0,0.0,0.0,26.49,1.24,0.0
20200524:1830,0.0,0.0,0.0,26.5,1.86,0.0
20200524:1930,0.0,0.0,0.0,26.66,1.72,0.0
20200524:2030,0.0,0.0,0.0,26.48,1.72,0.0
20200524:2130,0.0,0.0,-0.02,26.25,1.52,0.0
20200524:2230,338.92,433.54,13.83,26.21,1.24,0.0
20200524:2330,539.62,712.95,27.81,27.9,1.38,0.0
20200525:0030,625.09,837.49,41.8,28.87,1.93,0.0
20200525:0130,621.36,832.78,55.66,29.99,2.41,0.0
20200525:0230,632.94,850.29,68.95,30.88,2.62,0.0
20200525:0330,598.93,803.7,79.03,31.56,2.55,0.0
20200525:0430,612.45,832.3,75.43,31.99,2.07,0.0
20200525:0530,573.39,773.56,63.19,32.08,2.0,0.0
20200525:0630,559.18,757.88,49.55,31.83,1.45,0.0
20200525:0730,472.82,634.94,35.59,32.46,1.24,0.0
20200525:0830,356.38,472.54,21.59,32.05,0.69,0.0
20200525:0930,207.65,275.76,7.67,31.26,0.41,0.0
20200525:1030,0.0,0.0,-6.07,29.94,1.17,0.0
20200525:1130,0.0,0.0,0.0,28.78,0.76,0.0
20200525:1230,0.0,0.0,0.0,28.24,0.97,0.0
20200525:1330,0.0,0.0,0.0,27.52,0.9,0.0
20200525:1430,0.0,0.0,0.0,27.57,0.69,0.0
20200525:1530,0.0,0.0,0.0,27.98,0.48,0.0
20200525:1630,0.0,0.0,0.0,27.66,0.07,0.0
20200525:1730,0.0,0.0,0.0,27.62,0.07,0.0
20200525:1830,0.0,0.0,0.0,27.04,0.48,0.0
20200525:1930,0.0,0.0,0.0,27.52,0.69,0.0
20200525:2030,0.0,0.0,0.0,26.93,0.83,0.0
20200525:2130,0.0,0.0,-0.01,25.96,1.24,0.0
20200525:2230,338.78,431.28,13.83,25.92,1.52,0.0
20200525:2330,565.09,742.48,27.8,27.78,2.0,0.0
20200526:0030,652.41,866.79,41.76,28.69,2.69,0.0
20200526:0130,597.17,789.49,55.6,29.72,2.9,0.0
20200526:0230,666.48,896.03,68.85,30.37,2.76,0.0
20200526:0330,643.22,868.17,78.86,31.33,2.55,0.0
20200526:0430,662.31,905.28,75.32,31.92,2.21,0.0
20200526:0530,612.64,835.99,63.16,32.42,1.79,0.0
20200526:0630,597.78,819.75,49.54,32.73,1.52,0.0
20200526:0730,574.62,784.09,35.61,32.78,1.45,0.0
20200526:0830,531.25,726.0,21.63,32.31,0.69,0.0
20200526:0930,323.52,429.22,7.72,32.05,0.34,0.0
20200526:1030,0.0,0.0,-6.0,31.48,0.28,0.0
20200526:1130,0.0,0.0,0.0,30.44,0.62,0.0
20200526:1230,0.0,0.0,0.0,30.44,0.34,0.0
20200526:1330,0.0,0.0,0.0,30.1,0.41,0.0
20200526:1430,0.0,0.0,0.0,29.18,0.9,0.0
20200526:1530,0.0,0.0,0.0,27.79,1.31,0.0
20200526:1630,0.0,0.0,0.0,27.34,1.38,0.0
20200526:1730,0.0,0.0,0.0,27.58,1.17,0.0
20200526:1830,0.0,0.0,0.0,27.55,0.97,0.0
20200526:1930,0.0,0.0,0.0,25.53,2.48,0.0
20200526:2030,0.0,0.0,0.0,25.54,2.41,0.0
20200526:2130,0.0,3.31,0.0,25.42,2.28,0.0
20200526:2230,491.99,628.83,13.82,25.48,2.21,0.0
20200526:2330,618.26,818.25,27.78,27.75,2.07,0.0
20200527:0030,689.25,938.72,41.72,29.29,1.86,0.0
20200527:0130,715.71,993.49,55.54,30.4,1.59,0.0
20200527:0230,688.36,957.15,68.75,31.4,1.59,0.0
20200527:0330,646.14,890.06,78.69,32.19,1.66,0.0
20200527:0430,606.96,834.19,75.22,32.69,1.52,0.0
20200527:0530,605.59,835.21,63.13,32.88,1.31,0.0
20200527:0630,618.48,859.19,49.54,32.79,1.1,0.0
20200527:0730,478.6,646.39,35.63,33.16,1.17,0.0
20200527:0830,342.72,454.93,21.66,32.8,1.03,0.0
20200527:0930,246.33,321.22,7.77,31.54,2.55,0.0
20200527:1030,0.0,0.0,-5.94,30.42,2.76,0.0
20200527:1130,0.0,0.0,0.0,29.42,2.41,0.0
20200527:1230,0.0,0.0,0.0,28.55,1.72,0.0
20200527:1330,0.0,0.0,0.0,28.1,0.97,0.0
20200527:1430,0.0,0.0,0.0,27.6,0.48,0.0
20200527:1530,0.0,0.0,0.0,27.07,0.76,0.0
20200527:1630,0.0,0.0,0.0,27.52,0.48,0.0
20200527:1730,0.0,0.0,0.0,27.61,0.48,0.0
20200527:1830,0.0,0.0,0.0,27.6,0.48,0.0
20200527:1930,0.0,0.0,0.0,26.39,1.59,0.0
20200527:2030,0.0,0.0,0.0,26.12,1.45,0.0
20200527:2130,0.0,3.17,0.01,26.49,1.17,0.0
20200527:2230,349.08,446.88,13.81,26.36,1.17,0.0
20200527:2330,566.06,750.07,27.76,28.23,1.66,0.0
20200528:0030,578.44,765.61,41.68,29.17,2.14,0.0
20200528:0130,541.36,716.51,55.48,29.87,2.28,0.0
20200528:0230,633.31,851.37,68.65,30.54,2.41,0.0
20200528:0330,558.3,746.12,78.53,31.39,2.34,0.0
20200528:0430,534.7,711.77,75.13,31.36,2.21,0.0
20200528:0530,539.83,720.71,63.1,31.3,2.28,0.0
20200528:0630,560.57,751.57,49.55,31.71,2.21,0.0
20200528:0730,440.82,587.85,35.65,32.1,1.38,0.0
20200528:0830,156.03,211.3,21.7,31.61,1.66,0.0
20200528:0930,34.87,58.96,7.82,29.97,1.93,0.0
20200528:1030,0.0,0.0,-5.87,28.44,2.62,0.0
20200528:1130,0.0,0.0,0.0,27.78,1.52,0.0
20200528:1230,0.0,0.0,0.0,27.53,0.83,0.0
20200528:1330,0.0,0.0,0.0,27.09,1.38,0.0
20200528:1430,0.0,0.0,0.0,26.99,1.38,0.0
20200528:1530,0.0,0.0,0.0,26.64,1.59,0.0
20200528:1630,0.0,0.0,0.0,26.37,1.59,0.0
20200528:1730,0.0,0.0,0.0,26.06,1.1,0.0
20200528:1830,0.0,0.0,0.0,25.78,1.52,0.0
20200528:1930,0.0,0.0,0.0,26.37,2.62,0.0
20200528:2030,0.0,0.0,0.0,26.27,3.03,0.0
20200528:2130,0.0,4.08,0.02,26.19,3.31,0.0
20200528:2230,354.26,446.88,13.81,26.29,3.45,0.0
20200528:2330,550.37,707.11,27.73,27.19,3.59,0.0
20200529:0030,596.83,778.31,41.64,28.47,3.52,0.0
20200529:0130,660.64,878.32,55.42,29.77,3.24,0.0
20200529:0230,652.07,877.39,68.55,30.91,2.69,0.0
20200529:0330,644.22,876.49,78.37,31.75,2.14,0.0
20200529:0430,622.9,856.06,75.04,32.28,1.72,0.0
20200529:0530,545.65,741.22,63.07,32.27,1.52,0.0
20200529:0630,497.37,666.37,49.55,32.15,1.93,0.0
20200529:0730,376.61,493.31,35.67,31.6,2.48,0.0
20200529:0830,173.83,232.69,21.74,30.9,2.55,0.0
20200529:0930,40.83,66.65,7.87,29.81,1.59,0.0
20200529:1030,0.0,0.0,-5.81,28.85,0.69,0.0
20200529:1130,0.0,0.0,0.0,28.04,1.72,0.0
20200529:1230,0.0,0.0,0.0,27.36,2.14,0.0
20200529:1330,0.0,0.0,0.0,27.18,1.24,0.0
20200529:1430,0.0,0.0,0.0,26.89,1.17,0.0
20200529:1530,0.0,0.0,0.0,26.6,1.03,0.0
20200529:1630,0.0,0.0,0.0,26.6,0.76,0.0
20200529:1730,0.0,0.0,0.0,25.96,1.52,0.0
20200529:1830,0.0,0.0,0.0,25.81,1.31,0.0
20200529:1930,0.0,0.0,0.0,25.95,1.79,0.0
20200529:2030,0.0,0.0,0.0,26.18,1.38,0.0
20200529:2130,0.0,3.99,0.02,26.08,0.76,0.0
20200529:2230,324.22,421.01,13.79,26.78,0.28,0.0
20200529:2330,478.54,633.72,27.71,27.24,0.48,0.0
20200530:0030,455.47,603.63,41.6,28.11,0.69,0.0
20200530:0130,577.79,782.84,55.35,28.87,0.97,0.0
20200530:0230,621.09,849.42,68.46,29.88,1.24,0.0
20200530:0330,629.14,864.65,78.22,30.7,1.31,0.0
20200530:0430,584.76,796.97,74.95,31.36,1.45,0.0
20200530:0530,565.19,772.2,63.05,31.6,1.17,0.0
20200530:0630,560.95,766.54,49.56,31.74,0.97,0.0
20200530:0730,489.36,644.57,35.7,32.5,3.03,0.0
20200530:0830,409.73,532.07,21.77,32.31,3.66,0.0
20200530:0930,181.43,239.86,7.92,31.29,3.52,0.0
20200530:1030,0.0,0.0,-5.74,30.44,3.1,0.0
20200530:1130,0.0,0.0,0.0,29.66,2.83,0.0
20200530:1230,0.0,0.0,0.0,28.56,2.69,0.0
20200530:1330,0.0,0.0,0.0,27.99,2.62,0.0
20200530:1430,0.0,0.0,0.0,27.4,2.41,0.0
20200530:1530,0.0,0.0,0.0,26.89,2.21,0.0
20200530:1630,0.0,0.0,0.0,26.52,2.69,0.0
20200530:1730,0.0,0.0,0.0,26.21,2.55,0.0
20200530:1830,0.0,0.0,0.0,26.08,2.69,0.0
20200530:1930,0.0,0.0,0.0,26.64,2.83,0.0
20200530:2030,0.0,0.0,0.0,26.21,2.76,0.0
20200530:2130,0.0,3.92,0.02,26.46,3.1,0.0
20200530:2230,286.33,362.51,13.78,26.37,3.31,0.0
20200530:2330,445.99,565.23,27.68,26.93,3.93,0.0
20200531:0030,527.77,674.61,41.55,27.82,4.69,0.0
20200531:0130,668.72,873.15,55.29,28.87,4.76,0.0
20200531:0230,654.5,859.03,68.36,30.02,4.62,0.0
20200531:0330,650.74,860.27,78.07,30.87,4.21,0.0
20200531:0430,640.72,853.39,74.87,31.39,3.66,0.0
20200531:0530,598.48,797.52,63.03,31.68,3.31,0.0
20200531:0630,609.55,811.73,49.56,31.79,3.31,0.0
20200531:0730,494.01,647.89,35.72,32.34,3.45,0.0
20200531:0830,420.34,545.8,21.81,31.87,3.45,0.0
20200531:0930,279.77,361.53,7.97,31.23,3.72,0.0
20200531:1030,0.0,0.0,-5.67,30.25,3.17,0.0
20200531:1130,0.0,0.0,0.0,29.5,2.83,0.0
20200531:1230,0.0,0.0,0.0,28.99,2.69,0.0
20200531:1330,0.0,0.0,0.0,28.59,2.55,0.0
20200531:1430,0.0,0.0,0.0,28.12,2.69,0.0
20200531:1530,0.0,0.0,0.0,27.84,2.83,0.0
20200531:1630,0.0,0.0,0.0,27.54,2.83,0.0
20200531:1730,0.0,0.0,0.0,27.22,2.69,0.0
20200531:1830,0.0,0.0,0.0,27.09,2.76,0.0
20200531:1930,0.0,0.0,0.0,27.03,2.97,0.0
20200531:2030,0.0,0.0,0.0,26.93,3.1,0.0
20200531:2130,0.0,3.85,0.02,26.8,3.38,0.0
20200531:2230,377.07,476.07,13.76,26.71,3.38,0.0
20200531:2330,508.22,650.76,27.65,27.68,3.66,0.0
20200601:0030,606.62,791.81,41.5,28.8,3.52,0.0
20200601:0130,624.91,827.39,55.23,29.72,3.17,0.0
20200601:0230,583.2,778.08,68.27,30.21,2.28,0.0
20200601:0330,482.1,639.03,77.93,30.25,1.72,0.0
20200601:0430,554.57,738.69,74.79,30.44,2.21,0.0
20200601:0530,489.12,643.76,63.01,30.92,2.62,0.0
20200601:0630,596.19,796.18,49.57,30.96,2.76,0.0
20200601:0730,403.95,529.43,35.75,30.88,2.07,0.0
20200601:0830,288.16,376.04,21.86,30.68,1.86,0.0
20200601:0930,194.32,256.03,8.03,30.16,2.07,0.0
20200601:1030,0.0,0.0,-5.61,29.02,1.52,0.0
20200601:1130,0.0,0.0,0.0,28.08,0.69,0.0
20200601:1230,0.0,0.0,0.0,27.84,1.03,0.0
20200601:1330,0.0,0.0,0.0,27.52,0.83,0.0
20200601:1430,0.0,0.0,0.0,26.94,1.03,0.0
20200601:1530,0.0,0.0,0.0,26.43,1.17,0.0
20200601:1630,0.0,0.0,0.0,26.46,1.03,0.0
20200601:1730,0.0,0.0,0.0,27.01,0.69,0.0
20200601:1830,0.0,0.0,0.0,25.42,1.03,0.0
20200601:1930,0.0,0.0,0.0,26.07,1.03,0.0
20200601:2030,0.0,0.0,0.0,26.27,1.38,0.0
20200601:2130,0.0,4.22,0.02,26.06,1.24,0.0
20200601:2230,334.32,429.3,13.75,25.95,0.83,0.0
20200601:2330,463.79,611.37,27.62,27.16,0.48,0.0
20200602:0030,591.01,809.77,41.46,27.9,0.28,0.0
20200602:0130,609.4,838.48,55.16,28.93,0.55,0.0
20200602:0230,627.26,862.06,68.17,29.78,0.97,0.0
20200602:0330,541.28,734.93,77.79,30.53,0.9,0.0
20200602:0430,504.73,682.49,74.72,30.83,0.83,0.0
20200602:0530,457.24,614.07,63.0,30.92,1.03,0.0
20200602:0630,296.59,392.77,49.59,30.69,1.17,0.0
20200602:0730,278.88,360.79,35.78,29.05,2.34,0.0
20200602:0830,219.12,286.9,21.9,28.88,1.52,0.0
20200602:0930,81.86,118.41,8.08,28.97,0.9,0.0
20200602:1030,0.0,0.0,-5.54,28.75,0.48,0.0
20200602:1130,0.0,0.0,0.0,28.17,1.17,0.0
20200602:1230,0.0,0.0,0.0,27.44,0.9,0.0
20200602:1330,0.0,0.0,0.0,27.83,0.55,0.0
20200602:1430,0.0,0.0,0.0,27.89,0.34,0.0
20200602:1530,0.0,0.0,0.0,27.58,0.55,0.0
20200602:1630,0.0,0.0,0.0,27.04,0.69,0.0
20200602:1730,0.0,0.0,0.0,26.9,0.76,0.0
20200602:1830,0.0,0.0,0.0,26.46,0.83,0.0
20200602:1930,0.0,0.0,0.0,26.34,0.97,0.0
20200602:2030,0.0,0.0,0.0,27.18,0.55,0.0
20200602:2130,0.0,3.74,0.01,27.08,0.21,0.0
20200602:2230,342.64,444.84,13.73,27.04,0.28,0.0
20200602:2330,551.23,737.85,27.58,27.58,0.69,0.0
20200603:0030,617.86,843.37,41.41,28.67,0.83,0.0
20200603:0130,630.72,870.96,55.1,29.75,0.76,0.0
20200603:0230,631.64,874.56,68.08,30.58,0.9,0.0
20200603:0330,585.43,799.88,77.66,31.29,1.1,0.0
20200603:0430,506.95,679.09,74.66,31.5,1.72,0.0
20200603:0530,534.9,712.34,62.99,31.27,2.14,0.0
20200603:0630,493.0,658.17,49.6,31.32,1.66,0.0
20200603:0730,338.26,443.05,35.81,31.49,1.72,0.0
20200603:0830,289.01,379.4,21.94,30.07,0.69,0.0
20200603:0930,133.83,182.48,8.14,29.83,0.28,0.0
20200603:1030,0.0,0.0,-5.48,29.34,1.03,0.0
20200603:1130,0.0,0.0,0.0,28.79,1.17,0.0
20200603:1230,0.0,0.0,0.0,27.92,1.86,0.0
20200603:1330,0.0,0.0,0.0,27.28,2.28,0.0
20200603:1430,0.0,0.0,0.0,26.95,1.72,0.0
20200603:1530,0.0,0.0,0.0,26.33,1.17,0.0
20200603:1630,0.0,0.0,0.0,26.02,1.1,0.0
20200603:1730,0.0,0.0,0.0,26.03,0.97,0.0
20200603:1830,0.0,0.0,0.0,25.73,1.1,0.0
20200603:1930,0.0,0.0,0.0,26.23,0.83,0.0
20200603:2030,0.0,0.0,0.0,26.55,0.21,0.0
20200603:2130,0.0,0.0,-0.0,26.63,0.34,0.0
20200603:2230,365.49,473.47,13.7,26.52,0.48,0.0
20200603:2330,506.01,673.93,27.55,27.15,0.41,0.0
20200604:0030,644.69,883.79,41.36,28.29,0.83,0.0
20200604:0130,663.33,913.53,55.03,29.5,1.17,0.0
20200604:0230,627.98,865.97,67.99,30.61,1.1,0.0
20200604:0330,666.27,936.87,77.54,31.46,0.9,0.0
20200604:0430,621.73,866.06,74.59,32.29,0.97,0.0
20200604:0530,628.04,875.25,62.98,32.74,1.1,0.0
20200604:0630,540.13,740.5,49.62,32.86,1.03,0.0
20200604:0730,461.91,624.74,35.84,32.28,0.76,0.0
20200604:0830,418.61,561.02,21.98,31.45,0.34,0.0
20200604:0930,199.62,264.05,8.19,30.3,0.62,0.0
20200604:1030,0.0,0.0,-5.41,29.59,1.17,0.0
20200604:1130,0.0,0.0,0.0,28.99,1.66,0.0
20200604:1230,0.0,0.0,0.0,28.02,2.21,0.0
20200604:1330,0.0,0.0,0.0,27.5,1.72,0.0
20200604:1430,0.0,0.0,0.0,27.24,0.62,0.0
20200604:1530,0.0,0.0,0.0,27.65,0.14,0.0
20200604:1630,0.0,0.0,0.0,26.65,1.1,0.0
20200604:1730,0.0,0.0,0.0,26.19,1.24,0.0
20200604:1830,0.0,0.0,0.0,26.87,0.69,0.0
20200604:1930,0.0,0.0,0.0,26.07,1.31,0.0
20200604:2030,0.0,0.0,0.0,25.79,1.59,0.0
20200604:2130,0.0,0.0,-0.02,25.78,1.86,0.0
20200604:2230,448.18,573.65,13.68,26.13,1.86,0.0
20200604:2330,539.26,704.79,27.51,27.79,2.0,0.0
20200605:0030,633.62,845.81,41.31,28.75,2.21,0.0
20200605:0130,550.64,730.18,54.97,29.94,2.21,0.0
20200605:0230,617.94,832.77,67.9,30.51,2.21,0.0
20200605:0330,534.79,715.63,77.42,31.21,1.93,0.0
20200605:0430,545.88,730.81,74.53,31.54,2.0,0.0
20200605:0530,523.28,696.53,62.97,31.59,2.34,0.0
20200605:0630,582.2,780.93,49.64,31.85,2.55,0.0
20200605:0730,551.78,733.42,35.88,32.02,2.83,0.0
20200605:0830,452.01,590.12,22.03,32.04,3.17,0.0
20200605:0930,273.93,355.85,8.24,31.61,2.97,0.0
20200605:1030,0.0,0.0,-5.35,30.81,2.34,0.0
20200605:1130,0.0,0.0,0.0,30.02,1.38,0.0
20200605:1230,0.0,0.0,0.0,29.24,0.55,0.0
20200605:1330,0.0,0.0,0.0,29.33,0.34,0.0
20200605:1430,0.0,0.0,0.0,27.57,1.17,0.0
20200605:1530,0.0,0.0,0.0,26.76,1.17,0.0
20200605:1630,0.0,0.0,0.0,26.67,0.97,0.0
20200605:1730,0.0,0.0,0.0,26.52,2.07,0.0
20200605:1830,0.0,0.0,0.0,26.45,2.9,0.0
20200605:1930,0.0,0.0,0.0,26.58,3.24,0.0
20200605:2030,0.0,0.0,0.0,26.52,2.55,0.0
20200605:2130,0.0,0.0,-0.03,26.48,2.55,0.0
20200605:2230,357.18,452.79,13.65,26.33,2.62,0.0
20200605:2330,536.17,695.75,27.48,27.07,2.34,0.0
20200606:0030,672.85,903.51,41.26,28.15,2.07,0.0
20200606:0130,654.16,888.77,54.9,29.35,1.66,0.0
20200606:0230,614.87,836.99,67.81,30.26,1.38,0.0
20200606:0330,618.58,845.87,77.31,30.99,1.38,0.0
20200606:0430,603.08,826.53,74.48,31.5,1.38,0.0
20200606:0530,571.13,777.8,62.97,31.89,1.45,0.0
20200606:0630,582.46,798.92,49.66,32.11,1.31,0.0
20200606:0730,490.19,651.36,35.91,32.42,2.41,0.0
20200606:0830,367.25,480.29,22.07,32.26,2.76,0.0
20200606:0930,164.56,220.73,8.3,31.75,2.83,0.0
20200606:1030,0.0,0.0,-5.28,30.72,2.21,0.0
20200606:1130,0.0,0.0,0.0,29.55,1.1,0.0
20200606:1230,0.0,0.0,0.0,28.64,1.17,0.0
20200606:1330,0.0,0.0,0.0,27.84,1.24,0.0
20200606:1430,0.0,0.0,0.0,27.24,1.1,0.0
20200606:1530,0.0,0.0,0.0,26.91,1.31,0.0
20200606:1630,0.0,0.0,0.0,26.65,1.24,0.0
20200606:1730,0.0,0.0,0.0,26.38,1.1,0.0
20200606:1830,0.0,0.0,0.0,25.84,1.1,0.0
20200606:1930,0.0,0.0,0.0,25.88,1.52,0.0
20200606:2030,0.0,0.0,0.0,25.66,1.31,0.0
20200606:2130,0.0,0.0,-0.05,25.51,1.31,0.0
20200606:2230,299.31,384.08,13.62,25.82,0.83,0.0
20200606:2330,450.36,587.43,27.44,26.96,0.9,0.0
20200607:0030,534.3,701.59,41.21,27.87,1.86,0.0
20200607:0130,581.37,775.71,54.84,28.82,1.72,0.0
20200607:0230,555.93,743.96,67.73,29.92,1.79,0.0
20200607:0330,564.91,762.08,77.2,30.65,1.66,0.0
20200607:0430,525.99,709.24,74.43,31.03,1.31,0.0
20200607:0530,497.09,667.89,62.97,30.86,1.24,0.0
20200607:0630,305.3,402.48,49.68,30.73,1.52,0.0
20200607:0730,232.92,308.75,35.95,30.11,1.24,0.0
20200607:0830,91.12,131.68,22.12,29.63,1.17,0.0
20200607:0930,33.37,57.37,8.35,28.84,0.9,0.0
20200607:1030,0.0,0.0,-5.22,28.64,0.34,0.0
20200607:1130,0.0,0.0,0.0,28.09,0.48,0.0
20200607:1230,0.0,0.0,0.0,27.44,0.97,0.0
20200607:1330,0.0,0.0,0.0,26.93,0.48,0.0
20200607:1430,0.0,0.0,0.0,26.8,0.76,0.0
20200607:1530,0.0,0.0,0.0,26.7,0.69,0.0
20200607:1630,0.0,0.0,0.0,26.22,0.62,0.0
20200607:1730,0.0,0.0,0.0,25.89,0.62,0.0
20200607:1830,0.0,0.0,0.0,25.77,1.03,0.0
20200607:1930,0.0,0.0,0.0,25.81,1.86,0.0
20200607:2030,0.0,0.0,0.0,25.88,2.28,0.0
20200607:2130,0.0,0.0,-0.07,25.77,1.93,0.0
20200607:2230,128.58,173.66,13.59,25.61,1.17,0.0
20200607:2330,320.98,415.19,27.4,26.55,1.03,0.0
20200608:0030,388.02,506.79,41.16,27.5,1.31,0.0
20200608:0130,407.45,537.27,54.77,28.6,1.45,0.0
20200608:0230,499.49,671.91,67.65,29.31,1.1,0.0
20200608:0330,485.27,654.84,77.1,30.18,1.1,0.0
20200608:0430,406.06,540.54,74.39,30.74,1.31,0.0
20200608:0530,362.55,481.29,62.97,31.09,2.0,0.0
20200608:0630,441.42,583.44,49.7,30.83,2.41,0.0
20200608:0730,283.4,371.83,35.98,31.13,3.03,0.0
20200608:0830,129.44,178.5,22.17,30.81,2.97,0.0
20200608:0930,120.71,165.59,8.41,29.72,2.48,0.0
20200608:1030,0.0,0.0,-5.15,28.76,0.9,0.0
20200608:1130,0.0,0.0,0.0,27.83,0.62,0.0
20200608:1230,0.0,0.0,0.0,27.57,0.48,0.0
20200608:1330,0.0,0.0,0.0,27.83,0.14,0.0
20200608:1430,0.0,0.0,0.0,26.76,0.97,0.0
20200608:1530,0.0,0.0,0.0,26.29,1.45,0.0
20200608:1630,0.0,0.0,0.0,26.2,1.79,0.0
20200608:1730,0.0,0.0,0.0,26.08,2.0,0.0
20200608:1830,0.0,0.0,0.0,25.86,2.21,0.0
20200608:1930,0.0,0.0,0.0,25.69,3.1,0.0
20200608:2030,0.0,0.0,0.0,25.7,3.1,0.0
20200608:2130,0.0,0.0,-0.09,25.68,2.97,0.0
20200608:2230,334.16,421.57,13.56,25.83,2.9,0.0
20200608:2330,466.5,595.01,27.36,26.67,2.97,0.0
20200609:0030,433.88,556.33,41.11,27.73,2.76,0.0
20200609:0130,515.0,676.74,54.71,28.36,1.72,0.0
20200609:0230,508.53,685.23,67.57,29.06,0.62,0.0
20200609:0330,458.72,615.41,77.0,29.37,0.55,0.0
20200609:0430,510.25,675.71,74.35,29.66,1.93,0.0
20200609:0530,503.94,676.12,62.98,30.22,1.24,0.0
20200609:0630,295.26,391.7,49.73,30.93,1.03,0.0
20200609:0730,283.01,373.75,36.02,29.97,1.17,0.0
20200609:0830,83.33,122.46,22.21,29.95,1.31,0.0
20200609:0930,5.23,16.87,8.46,28.29,1.45,0.0
20200609:1030,0.0,0.0,-5.09,28.04,0.55,0.0
20200609:1130,0.0,0.0,0.0,27.88,0.41,0.0
20200609:1230,0.0,0.0,0.0,27.52,0.55,0.0
20200609:1330,0.0,0.0,0.0,27.24,0.69,0.0
20200609:1430,0.0,0.0,0.0,26.62,1.17,0.0
20200609:1530,0.0,0.0,0.0,26.36,1.24,0.0
20200609:1630,0.0,0.0,0.0,25.96,1.24,0.0
20200609:1730,0.0,0.0,0.0,26.34,0.55,0.0
20200609:1830,0.0,0.0,0.0,26.01,0.55,0.0
20200609:1930,0.0,0.0,0.0,25.89,1.72,0.0
20200609:2030,0.0,0.0,0.0,26.2,1.31,0.0
20200609:2130,0.0,0.0,-0.12,25.99,1.86,0.0
20200609:2230,37.58,62.22,13.53,26.0,1.93,0.0
20200609:2330,27.15,49.28,27.31,26.52,2.28,0.0
20200610:0030,55.78,86.03,41.06,26.78,2.21,0.0
20200610:0130,46.13,74.75,54.65,26.89,2.21,0.0
20200610:0230,85.24,124.36,67.49,26.86,2.76,0.0
20200610:0330,44.2,72.38,76.91,27.04,2.83,0.0
20200610:0430,69.61,105.05,74.32,27.09,2.21,0.0
20200610:0530,101.19,144.5,62.99,27.11,2.48,0.0
20200610:0630,68.51,103.4,49.76,27.4,3.03,0.0
20200610:0730,50.3,79.89,36.06,26.69,2.83,0.0
20200610:0830,30.65,53.99,22.26,26.62,3.17,0.0
20200610:0930,12.42,28.03,8.52,26.39,3.45,0.0
20200610:1030,0.0,0.0,-5.03,26.04,3.38,0.0
20200610:1130,0.0,0.0,0.0,26.18,3.31,0.0
20200610:1230,0.0,0.0,0.0,26.27,3.24,0.0
20200610:1330,0.0,0.0,0.0,26.39,3.17,0.0
20200610:1430,0.0,0.0,0.0,26.36,3.38,0.0
20200610:1530,0.0,0.0,0.0,26.01,4.34,0.0
20200610:1630,0.0,0.0,0.0,25.84,4.97,0.0
20200610:1730,0.0,0.0,0.0,25.85,4.83,0.0
20200610:1830,0.0,0.0,0.0,25.88,4.0,0.0
20200610:1930,0.0,0.0,0.0,25.74,4.14,0.0
20200610:2030,0.0,0.0,0.0,25.6,3.52,0.0
20200610:2130,0.0,0.0,-0.14,25.69,3.66,0.0
20200610:2230,7.16,20.03,13.49,25.62,4.21,0.0
20200610:2330,27.18,49.19,27.27,25.65,4.69,0.0
20200611:0030,40.39,66.77,41.0,25.9,5.17,0.0
20200611:0130,78.91,115.49,54.59,25.79,5.52,0.0
20200611:0230,182.38,241.75,67.41,25.91,6.07,0.0
20200611:0330,176.34,234.39,76.82,25.96,6.14,0.0
20200611:0430,126.38,174.04,74.29,26.15,5.93,0.0
20200611:0530,44.94,72.76,63.0,25.75,6.0,0.0
20200611:0630,66.12,99.26,49.79,25.68,5.59,0.0
20200611:0730,30.36,53.48,36.1,25.76,5.79,0.0
20200611:0830,17.49,35.73,22.31,25.74,5.59,0.0
20200611:0930,0.48,7.17,8.57,25.77,5.79,0.0
20200611:1030,0.0,0.0,-4.97,25.44,6.07,0.0
20200611:1130,0.0,0.0,0.0,25.5,5.45,0.0
20200611:1230,0.0,0.0,0.0,25.64,5.38,0.0
20200611:1330,0.0,0.0,0.0,25.73,5.52,0.0
20200611:1430,0.0,0.0,0.0,25.86,4.97,0.0
20200611:1530,0.0,0.0,0.0,25.7,5.45,0.0
20200611:1630,0.0,0.0,0.0,25.63,5.86,0.0
20200611:1730,0.0,0.0,0.0,25.42,6.14,0.0
20200611:1830,0.0,0.0,0.0,25.34,5.66,0.0
20200611:1930,0.0,0.0,0.0,25.62,4.28,0.0
20200611:2030,0.0,0.0,0.0,25.61,4.28,0.0
20200611:2130,0.0,0.0,-0.17,25.46,4.41,0.0
20200611:2230,216.04,275.35,13.46,25.61,3.72,0.0
20200611:2330,428.54,541.66,27.23,26.21,3.66,0.0
20200612:0030,349.25,440.84,40.95,26.84,4.55,0.0
20200612:0130,512.09,650.74,54.53,26.98,4.69,0.0
20200612:0230,501.52,640.28,67.34,27.45,4.48,0.0
20200612:0330,437.05,560.62,76.75,28.07,4.69,0.0
20200612:0430,334.61,429.29,74.27,27.96,4.97,0.0
20200612:0530,155.35,208.84,63.02,27.5,5.17,0.0
20200612:0630,159.98,214.13,49.82,27.32,4.55,0.0
20200612:0730,122.51,167.99,36.14,26.77,4.41,0.0
20200612:0830,51.6,80.63,22.36,26.67,3.66,0.0
20200612:0930,4.0,14.62,8.63,26.5,3.17,0.0
20200612:1030,0.0,0.0,-4.91,26.27,2.97,0.0
20200612:1130,0.0,0.0,0.0,26.1,2.41,0.0
20200612:1230,0.0,0.0,0.0,25.9,2.41,0.0
20200612:1330,0.0,0.0,0.0,25.92,2.34,0.0
20200612:1430,0.0,0.0,0.0,25.89,2.14,0.0
20200612:1530,0.0,0.0,0.0,26.29,2.34,0.0
20200612:1630,0.0,0.0,0.0,26.0,2.34,0.0
20200612:1730,0.0,0.0,0.0,25.98,2.14,0.0
20200612:1830,0.0,0.0,0.0,25.72,1.72,0.0
20200612:1930,0.0,0.0,0.0,26.82,0.28,0.0
20200612:2030,0.0,0.0,0.0,26.11,0.83,0.0
20200612:2130,0.0,0.0,-0.2,25.55,0.83,0.0
20200612:2230,50.56,78.85,13.42,25.34,0.83,0.0
20200612:2330,211.05,276.09,27.18,26.21,1.03,0.0
20200613:0030,110.51,156.14,40.9,26.97,1.17,0.0
20200613:0130,454.06,600.02,54.47,27.5,1.03,0.0
20200613:0230,452.42,602.49,67.27,28.75,1.31,0.0
20200613:0330,544.44,728.94,76.67,29.05,1.79,0.0
20200613:0430,429.8,573.99,74.26,29.74,1.1,0.0
20200613:0530,337.7,449.92,63.04,30.09,1.24,0.0
20200613:0630,234.5,314.85,49.85,30.11,1.66,0.0
20200613:0730,217.92,288.95,36.19,29.69,2.69,0.0
20200613:0830,115.18,160.81,22.41,29.46,2.9,0.0
20200613:0930,59.06,89.84,8.68,28.99,2.62,0.0
20200613:1030,0.0,0.0,-4.85,28.43,2.21,0.0
20200613:1130,0.0,0.0,0.0,27.9,2.55,0.0
20200613:1230,0.0,0.0,0.0,27.69,2.83,0.0
20200613:1330,0.0,0.0,0.0,27.47,2.9,0.0
20200613:1430,0.0,0.0,0.0,27.25,3.17,0.0
20200613:1530,0.0,0.0,0.0,26.92,3.52,0.0
20200613:1630,0.0,0.0,0.0,26.77,3.66,0.0
20200613:1730,0.0,0.0,0.0,26.53,3.17,0.0
20200613:1830,0.0,0.0,0.0,26.41,2.76,0.0
20200613:1930,0.0,0.0,0.0,26.14,3.1,0.0
20200613:2030,0.0,0.0,0.0,25.85,3.03,0.0
20200613:2130,0.0,0.0,-0.24,25.7,2.97,0.0
20200613:2230,206.56,266.37,13.38,25.77,2.9,0.0
20200613:2330,395.45,504.57,27.14,26.57,2.83,0.0
20200614:0030,539.85,701.51,40.85,27.47,2.9,0.0
20200614:0130,577.41,760.83,54.41,28.38,2.69,0.0
20200614:0230,535.54,708.39,67.2,29.28,2.48,0.0
20200614:0330,625.23,840.34,76.61,29.66,2.34,0.0
20200614:0430,481.71,635.75,74.24,30.15,2.76,0.0
20200614:0530,442.47,581.23,63.06,29.74,2.9,0.0
20200614:0630,212.03,280.87,49.89,28.78,3.52,0.0
20200614:0730,191.02,251.65,36.23,28.23,4.62,0.0
20200614:0830,114.97,158.58,22.45,27.58,4.28,0.0
20200614:0930,28.92,51.02,8.74,27.51,3.45,0.0
20200614:1030,0.0,0.0,-4.79,26.9,3.72,0.0
20200614:1130,0.0,0.0,0.0,26.31,4.21,0.0
20200614:1230,0.0,0.0,0.0,25.89,3.86,0.0
20200614:1330,0.0,0.0,0.0,25.79,3.45,0.0
20200614:1430,0.0,0.0,0.0,25.99,3.24,0.0
20200614:1530,0.0,0.0,0.0,26.01,3.17,0.0
20200614:1630,0.0,0.0,0.0,26.04,2.9,0.0
20200614:1730,0.0,0.0,0.0,25.98,2.83,0.0
20200614:1830,0.0,0.0,0.0,25.85,2.69,0.0
20200614:1930,0.0,0.0,0.0,25.99,3.03,0.0
20200614:2030,0.0,0.0,0.0,26.2,2.9,0.0
20200614:2130,0.0,0.0,-0.27,26.27,2.83,0.0
20200614:2230,27.78,49.27,13.34,26.4,2.76,0.0
20200614:2330,128.5,175.01,27.09,26.77,2.55,0.0
20200615:0030,348.48,447.85,40.8,27.5,2.83,0.0
20200615:0130,478.84,620.88,54.35,28.28,3.31,0.0
20200615:0230,450.67,587.52,67.14,28.76,3.38,0.0
20200615:0330,501.07,654.95,76.55,28.74,3.45,0.0
20200615:0430,400.69,523.11,74.24,28.66,3.17,0.0
20200615:0530,354.58,458.67,63.09,28.43,3.17,0.0
20200615:0630,258.04,336.96,49.93,28.21,3.59,0.0
20200615:0730,73.08,109.08,36.27,27.77,3.86,0.0
20200615:0830,23.43,44.43,22.5,27.68,3.86,0.0
20200615:0930,11.36,26.4,8.79,27.22,3.86,0.0
20200615:1030,0.0,0.0,-4.73,26.9,3.03,0.0
20200615:1130,0.0,0.0,0.0,26.69,2.83,0.0
20200615:1230,0.0,0.0,0.0,26.6,2.48,0.0
20200615:1330,0.0,0.0,0.0,26.32,2.34,0.0
20200615:1430,0.0,0.0,0.0,26.16,2.55,0.0
20200615:1530,0.0,0.0,0.0,26.07,3.1,0.0
20200615:1630,0.0,0.0,0.0,25.88,3.38,0.0
20200615:1730,0.0,0.0,0.0,25.78,3.38,0.0
20200615:1830,0.0,0.0,0.0,25.59,3.31,0.0
20200615:1930,0.0,0.0,0.0,25.87,2.9,0.0
20200615:2030,0.0,0.0,0.0,25.72,3.17,0.0
20200615:2130,0.0,0.0,-0.31,25.64,3.38,0.0
20200615:2230,126.21,169.22,13.3,25.56,3.79,0.0
20200615:2330,275.64,350.54,27.04,25.94,3.72,0.0
20200616:0030,542.92,695.7,40.74,26.66,3.93,0.0
20200616:0130,633.21,824.5,54.29,27.81,4.0,0.0
20200616:0230,657.66,862.49,67.08,28.87,4.21,0.0
20200616:0330,633.55,828.53,76.49,29.74,4.48,0.0
20200616:0430,575.98,747.08,74.24,30.17,4.97,0.0
20200616:0530,663.16,865.81,63.11,30.28,5.45,0.0
20200616:0630,619.56,805.08,49.97,30.52,5.66,0.0
20200616:0730,630.95,823.73,36.32,30.63,4.9,0.0
20200616:0830,498.41,640.0,22.55,30.36,4.83,0.0
20200616:0930,359.96,459.03,8.84,29.72,4.21,0.0
20200616:1030,0.0,0.0,-4.68,28.76,3.59,0.0
20200616:1130,0.0,0.0,0.0,27.88,3.24,0.0
20200616:1230,0.0,0.0,0.0,27.35,3.17,0.0
20200616:1330,0.0,0.0,0.0,26.97,3.1,0.0
20200616:1430,0.0,0.0,0.0,26.69,2.97,0.0
20200616:1530,0.0,0.0,0.0,26.52,2.83,0.0
20200616:1630,0.0,0.0,0.0,26.35,2.83,0.0
20200616:1730,0.0,0.0,0.0,26.16,2.76,0.0
20200616:1830,0.0,0.0,0.0,25.88,2.9,0.0
20200616:1930,0.0,0.0,0.0,25.98,2.76,0.0
20200616:2030,0.0,0.0,0.0,25.8,2.69,0.0
20200616:2130,0.0,0.0,-0.35,25.65,2.69,0.0
20200616:2230,357.5,450.59,13.25,25.76,2.97,0.0
20200616:2330,550.74,708.08,27.0,26.57,3.03,0.0
20200617:0030,621.04,812.27,40.69,27.5,2.9,0.0
20200617:0130,564.6,742.17,54.24,28.52,2.34,0.0
20200617:0230,635.9,857.66,67.02,29.17,1.72,0.0
20200617:0330,634.6,877.27,76.44,29.95,0.83,0.0
20200617:0430,586.02,819.39,74.24,30.48,0.07,0.0
20200617:0530,458.09,616.11,63.14,30.69,0.55,0.0
20200617:0630,460.31,605.82,50.01,30.36,1.93,0.0
20200617:0730,376.49,492.87,36.36,29.75,1.45,0.0
20200617:0830,156.98,212.12,22.6,29.33,0.69,0.0
20200617:0930,107.51,148.9,8.89,28.45,1.17,0.0
20200617:1030,0.0,0.0,-4.62,27.36,1.03,0.0
20200617:1130,0.0,0.0,0.0,26.93,1.31,0.0
20200617:1230,0.0,0.0,0.0,26.56,1.45,0.0
20200617:1330,0.0,0.0,0.0,26.02,1.45,0.0
20200617:1430,0.0,0.0,0.0,25.91,1.52,0.0
20200617:1530,0.0,0.0,0.0,25.83,0.76,0.0
20200617:1630,0.0,0.0,0.0,25.75,1.17,0.0
20200617:1730,0.0,0.0,0.0,25.61,1.1,0.0
20200617:1830,0.0,0.0,0.0,25.33,1.03,0.0
20200617:1930,0.0,0.0,0.0,25.32,0.48,0.0
20200617:2030,0.0,0.0,0.0,25.67,0.21,0.0
20200617:2130,0.0,0.0,-0.39,25.54,0.41,0.0
20200617:2230,123.38,166.34,13.21,25.27,1.17,0.0
20200617:2330,224.41,290.37,26.95,25.83,1.38,0.0
20200618:0030,266.81,345.25,40.64,26.16,1.17,0.0
20200618:0130,393.5,513.42,54.19,26.54,0.69,0.0
20200618:0230,380.84,501.19,66.97,27.23,0.76,0.0
20200618:0330,299.93,393.86,76.4,27.66,0.69,0.0
20200618:0430,382.14,494.42,74.25,27.4,2.0,0.0
20200618:0530,327.28,427.78,63.18,27.36,1.52,0.0
20200618:0630,154.93,211.18,50.05,27.59,1.03,0.0
20200618:0730,101.54,144.11,36.41,28.43,3.38,0.0
20200618:0830,60.14,91.41,22.65,27.48,2.76,0.0
20200618:0930,4.93,16.27,8.95,27.05,2.21,0.0
20200618:1030,0.0,0.0,-4.57,26.52,2.34,0.0
20200618:1130,0.0,0.0,0.0,26.26,2.62,0.0
20200618:1230,0.0,0.0,0.0,26.15,2.41,0.0
20200618:1330,0.0,0.0,0.0,26.11,2.41,0.0
20200618:1430,0.0,0.0,0.0,25.75,2.83,0.0
20200618:1530,0.0,0.0,0.0,25.57,3.45,0.0
20200618:1630,0.0,0.0,0.0,25.74,3.59,0.0
20200618:1730,0.0,0.0,0.0,25.74,3.1,0.0
20200618:1830,0.0,0.0,0.0,25.85,2.9,0.0
20200618:1930,0.0,0.0,0.0,25.59,3.03,0.0
20200618:2030,0.0,0.0,0.0,25.78,2.83,0.0
20200618:2130,0.0,0.0,-0.43,25.8,2.48,0.0
20200618:2230,40.46,66.03,13.16,25.9,2.41,0.0
20200618:2330,109.71,152.69,26.9,26.63,2.21,0.0
20200619:0030,192.58,254.81,40.59,27.14,2.21,0.0
20200619:0130,223.52,293.45,54.13,27.49,2.14,0.0
20200619:0230,365.13,475.71,66.92,27.68,2.48,0.0
20200619:0330,252.13,332.68,76.37,27.9,3.24,0.0
20200619:0430,160.27,218.36,74.27,27.6,2.76,0.0
20200619:0530,162.95,222.05,63.21,27.52,1.79,0.0
20200619:0630,237.56,314.05,50.09,27.78,1.66,0.0
20200619:0730,208.59,277.45,36.46,28.06,1.17,0.0
20200619:0830,155.61,210.42,22.7,28.22,1.17,0.0
20200619:0930,88.34,125.89,9.0,28.04,1.31,0.0
20200619:1030,0.0,0.0,-4.52,27.45,0.9,0.0
20200619:1130,0.0,0.0,0.0,26.5,1.03,0.0
20200619:1230,0.0,0.0,0.0,25.79,0.97,0.0
20200619:1330,0.0,0.0,0.0,26.05,1.79,0.0
20200619:1430,0.0,0.0,0.0,25.73,1.79,0.0
20200619:1530,0.0,0.0,0.0,26.0,1.31,0.0
20200619:1630,0.0,0.0,0.0,25.47,1.03,0.0
20200619:1730,0.0,0.0,0.0,24.84,1.31,0.0
20200619:1830,0.0,0.0,0.0,24.69,1.31,0.0
20200619:1930,0.0,0.0,0.0,25.18,1.45,0.0
20200619:2030,0.0,0.0,0.0,25.15,1.38,0.0
20200619:2130,0.0,0.0,-0.47,25.28,1.31,0.0
20200619:2230,179.35,233.65,13.12,25.31,1.59,0.0
20200619:2330,393.71,506.52,26.85,27.03,1.72,0.0
20200620:0030,591.1,784.04,40.54,27.67,1.79,0.0
20200620:0130,647.76,872.0,54.08,28.65,1.93,0.0
20200620:0230,673.26,909.78,66.87,29.44,2.28,0.0
20200620:0330,594.29,794.36,76.34,30.04,2.21,0.0
20200620:0430,602.69,812.79,74.29,30.37,1.93,0.0
20200620:0530,624.12,841.67,63.25,30.78,2.21,0.0
20200620:0630,555.4,739.4,50.14,30.99,2.41,0.0
20200620:0730,401.09,524.46,36.5,30.73,2.07,0.0
20200620:0830,215.15,284.35,22.75,30.38,2.0,0.0
20200620:0930,137.21,185.71,9.05,29.96,2.0,0.0
20200620:1030,0.0,0.0,-4.47,29.22,1.86,0.0
20200620:1130,0.0,0.0,0.0,28.38,1.59,0.0
20200620:1230,0.0,0.0,0.0,27.72,1.79,0.0
20200620:1330,0.0,0.0,0.0,27.04,1.79,0.0
20200620:1430,0.0,0.0,0.0,26.7,1.93,0.0
20200620:1530,0.0,0.0,0.0,26.5,2.21,0.0
20200620:1630,0.0,0.0,0.0,26.35,2.28,0.0
20200620:1730,0.0,0.0,0.0,26.35,2.62,0.0
20200620:1830,0.0,0.0,0.0,26.1,2.41,0.0
20200620:1930,0.0,0.0,0.0,26.03,2.34,0.0
20200620:2030,0.0,0.0,0.0,26.03,2.62,0.0
20200620:2130,0.0,0.0,-0.52,26.02,2.83,0.0
20200620:2230,197.71,254.96,13.07,26.01,2.83,0.0
20200620:2330,390.08,498.36,26.8,26.59,2.41,0.0
20200621:0030,590.87,772.85,40.49,27.52,2.69,0.0
20200621:0130,613.7,812.01,54.04,28.4,2.62,0.0
20200621:0230,574.99,759.41,66.82,28.88,2.41,0.0
20200621:0330,423.91,553.88,76.31,29.36,2.55,0.0
20200621:0430,451.6,590.83,74.31,29.23,2.97,0.0
20200621:0530,455.45,594.3,63.3,29.05,2.9,0.0
20200621:0630,307.88,400.69,50.18,29.18,3.17,0.0
20200621:0730,479.95,625.64,36.55,28.91,2.41,0.0
20200621:0830,316.6,409.73,22.8,29.08,2.07,0.0
20200621:0930,233.96,304.2,9.09,28.94,1.59,0.0
20200621:1030,0.0,0.0,-4.42,28.45,1.17,0.0
20200621:1130,0.0,0.0,0.0,27.62,1.52,0.0
20200621:1230,0.0,0.0,0.0,26.84,1.93,0.0
20200621:1330,0.0,0.0,0.0,26.35,2.21,0.0
20200621:1430,0.0,0.0,0.0,26.11,2.34,0.0
20200621:1530,0.0,0.0,0.0,25.89,2.07,0.0
20200621:1630,0.0,0.0,0.0,25.72,2.0,0.0
20200621:1730,0.0,0.0,0.0,25.66,2.0,0.0
20200621:1830,0.0,0.0,0.0,25.78,2.21,0.0
20200621:1930,0.0,0.0,0.0,26.1,2.48,0.0
20200621:2030,0.0,0.0,0.0,25.95,2.41,0.0
20200621:2130,0.0,0.0,-0.56,25.83,2.41,0.0
20200621:2230,423.92,538.35,13.02,25.83,2.28,0.0
20200621:2330,594.55,778.85,26.75,26.93,2.21,0.0
20200622:0030,584.43,769.4,40.45,27.88,2.28,0.0
20200622:0130,601.47,798.18,53.99,28.74,2.28,0.0
20200622:0230,621.37,831.54,66.78,29.43,2.14,0.0
20200622:0330,648.08,877.32,76.3,30.09,1.93,0.0
20200622:0430,653.54,895.13,74.34,30.55,1.59,0.0
20200622:0530,609.15,833.27,63.34,30.87,1.24,0.0
20200622:0630,501.51,678.53,50.23,30.87,0.62,0.0
20200622:0730,448.49,597.07,36.6,30.88,0.9,0.0
20200622:0830,388.0,508.75,22.85,30.46,1.31,0.0
20200622:0930,202.77,265.44,9.14,28.96,1.38,0.0
20200622:1030,0.0,0.0,-4.37,28.4,1.03,0.0
20200622:1130,0.0,0.0,0.0,28.05,1.24,0.0
20200622:1230,0.0,0.0,0.0,27.49,1.72,0.0
20200622:1330,0.0,0.0,0.0,26.87,1.24,0.0
20200622:1430,0.0,0.0,0.0,26.91,0.9,0.0
20200622:1530,0.0,0.0,0.0,26.29,0.97,0.0
20200622:1630,0.0,0.0,0.0,25.46,1.24,0.0
20200622:1730,0.0,0.0,0.0,26.09,0.07,0.0
20200622:1830,0.0,0.0,0.0,25.48,0.62,0.0
20200622:1930,0.0,0.0,0.0,25.22,1.17,0.0
20200622:2030,0.0,0.0,0.0,24.81,0.69,0.0
20200622:2130,0.0,0.0,-0.61,25.01,0.69,0.0
20200622:2230,337.99,428.59,12.97,25.01,1.52,0.0
20200622:2330,510.74,662.2,26.71,26.01,1.59,0.0
20200623:0030,627.85,841.7,40.4,26.81,1.31,0.0
20200623:0130,596.7,805.66,53.95,27.86,1.03,0.0
20200623:0230,547.44,739.38,66.74,28.82,0.9,0.0
20200623:0330,570.08,772.73,76.29,29.57,0.9,0.0
20200623:0430,626.77,864.61,74.38,30.01,0.83,0.0
20200623:0530,638.25,888.75,63.39,30.47,0.69,0.0
20200623:0630,507.3,680.13,50.28,30.75,1.31,0.0
20200623:0730,397.84,520.07,36.65,30.6,2.07,0.0
20200623:0830,314.92,409.32,22.9,29.84,1.72,0.0
20200623:0930,251.77,329.63,9.19,29.33,0.48,0.0
20200623:1030,0.0,0.0,-4.33,28.82,1.79,0.0
20200623:1130,0.0,0.0,0.0,27.79,1.93,0.0
20200623:1230,0.0,0.0,0.0,27.24,1.86,0.0
20200623:1330,0.0,0.0,0.0,26.9,1.31,0.0
20200623:1430,0.0,0.0,0.0,26.85,2.07,0.0
20200623:1530,0.0,0.0,0.0,26.34,1.79,0.0
20200623:1630,0.0,0.0,0.0,25.91,1.17,0.0
20200623:1730,0.0,0.0,0.0,25.94,0.9,0.0
20200623:1830,0.0,0.0,0.0,25.85,0.62,0.0
20200623:1930,0.0,0.0,0.0,25.96,1.86,0.0
20200623:2030,0.0,0.0,0.0,25.68,2.21,0.0
20200623:2130,0.0,0.0,-0.66,25.47,2.48,0.0
20200623:2230,220.41,282.4,12.92,25.74,2.21,0.0
20200623:2330,372.17,475.66,26.66,26.2,2.07,0.0
20200624:0030,515.84,670.84,40.35,27.01,2.07,0.0
20200624:0130,547.93,723.3,53.9,28.01,1.79,0.0
20200624:0230,552.67,738.84,66.71,28.83,1.52,0.0
20200624:0330,510.96,681.52,76.28,29.6,1.45,0.0
20200624:0430,610.8,837.69,74.42,29.94,1.03,0.0
20200624:0530,563.44,769.71,63.44,30.62,0.83,0.0
20200624:0630,556.55,764.52,50.33,30.75,0.55,0.0
20200624:0730,447.85,597.51,36.7,31.11,1.03,0.0
20200624:0830,298.55,395.4,22.94,30.9,0.34,0.0
20200624:0930,135.01,184.92,9.24,30.56,0.76,0.0
20200624:1030,0.0,0.0,-4.29,30.01,1.52,0.0
20200624:1130,0.0,0.0,0.0,29.01,1.24,0.0
20200624:1230,0.0,0.0,0.0,28.78,0.41,0.0
20200624:1330,0.0,0.0,0.0,28.13,0.62,0.0
20200624:1430,0.0,0.0,0.0,27.3,0.69,0.0
20200624:1530,0.0,0.0,0.0,26.48,1.66,0.0
20200624:1630,0.0,0.0,0.0,26.24,1.38,0.0
20200624:1730,0.0,0.0,0.0,26.18,1.79,0.0
20200624:1830,0.0,0.0,0.0,25.67,1.31,0.0
20200624:1930,0.0,0.0,0.0,25.9,1.86,0.0
20200624:2030,0.0,0.0,0.0,25.77,2.21,0.0
20200624:2130,0.0,0.0,-0.71,25.32,2.41,0.0
20200624:2230,11.52,26.84,12.87,25.06,2.48,0.0
20200624:2330,34.94,59.51,26.61,25.29,3.03,0.0
20200625:0030,114.92,159.09,40.31,25.58,3.59,0.0
20200625:0130,148.19,201.45,53.86,26.06,3.03,0.0
20200625:0230,336.89,441.24,66.68,26.77,1.86,0.0
20200625:0330,343.26,453.14,76.28,27.95,1.31,0.0
20200625:0430,429.73,570.83,74.47,28.47,0.9,0.0
20200625:0530,475.46,638.0,63.49,29.09,0.76,0.0
20200625:0630,488.89,654.22,50.38,29.28,1.03,0.0
20200625:0730,382.78,494.22,36.75,30.46,3.86,0.0
20200625:0830,270.55,346.65,22.99,28.8,4.21,0.0
20200625:0930,78.99,113.28,9.28,28.15,2.76,0.0
20200625:1030,0.0,0.0,-4.24,27.83,2.34,0.0
20200625:1130,0.0,0.0,0.0,27.46,2.97,0.0
20200625:1230,0.0,0.0,0.0,27.05,3.72,0.0
20200625:1330,0.0,0.0,0.0,26.74,3.66,0.0
20200625:1430,0.0,0.0,0.0,26.38,2.83,0.0
20200625:1530,0.0,0.0,0.0,26.22,2.28,0.0
20200625:1630,0.0,0.0,0.0,26.17,2.48,0.0
20200625:1730,0.0,0.0,0.0,25.64,2.14,0.0
20200625:1830,0.0,0.0,0.0,25.24,1.66,0.0
20200625:1930,0.0,0.0,0.0,24.84,1.72,0.0
20200625:2030,0.0,0.0,0.0,24.92,2.0,0.0
20200625:2130,0.0,0.0,-0.76,25.01,2.07,0.0
20200625:2230,134.91,180.06,12.82,25.08,2.14,0.0
20200625:2330,204.45,266.31,26.56,25.91,2.62,0.0
20200626:0030,219.53,286.54,40.26,26.63,2.97,0.0
20200626:0130,233.54,306.27,53.82,27.07,2.9,0.0
20200626:0230,255.02,335.02,66.65,27.09,2.41,0.0
20200626:0330,171.85,232.02,76.29,26.72,2.0,0.0
20200626:0430,225.4,299.76,74.52,26.56,1.72,0.0
20200626:0530,274.4,360.7,63.55,26.9,1.79,0.0
20200626:0630,186.49,250.5,50.44,27.52,1.66,0.0
20200626:0730,103.18,146.01,36.8,27.71,2.41,0.0
20200626:0830,59.65,91.6,23.04,27.39,2.14,0.0
20200626:0930,16.08,33.53,9.32,26.74,1.79,0.0
20200626:1030,0.0,0.0,-4.21,26.68,1.66,0.0
20200626:1130,0.0,0.0,0.0,26.29,2.07,0.0
20200626:1230,0.0,0.0,0.0,26.06,2.62,0.0
20200626:1330,0.0,0.0,0.0,25.82,2.62,0.0
20200626:1430,0.0,0.0,0.0,25.74,1.93,0.0
20200626:1530,0.0,0.0,0.0,25.68,1.45,0.0
20200626:1630,0.0,0.0,0.0,25.32,1.03,0.0
20200626:1730,0.0,0.0,0.0,25.24,1.31,0.0
20200626:1830,0.0,0.0,0.0,25.15,1.38,0.0
20200626:1930,0.0,0.0,0.0,25.31,1.66,0.0
20200626:2030,0.0,0.0,0.0,25.16,1.66,0.0
20200626:2130,0.0,0.0,-0.82,24.9,1.38,0.0
20200626:2230,52.07,80.91,12.77,25.09,1.03,0.0
20200626:2330,232.53,303.11,26.51,26.13,1.03,0.0
20200627:0030,288.12,375.04,40.22,26.67,1.17,0.0
20200627:0130,489.66,649.18,53.79,27.25,0.97,0.0
20200627:0230,497.07,664.05,66.63,28.17,1.03,0.0
20200627:0330,595.49,810.29,76.3,28.86,0.97,0.0
20200627:0430,492.11,666.13,74.58,29.37,0.48,0.0
20200627:0530,493.17,666.84,63.61,29.34,0.34,0.0
20200627:0630,438.02,582.78,50.49,29.64,0.9,0.0
20200627:0730,274.34,356.99,36.85,28.93,3.03,0.0
20200627:0830,80.28,116.46,23.08,28.98,2.34,0.0
20200627:0930,2.71,12.21,9.36,28.0,2.07,0.0
20200627:1030,0.0,0.0,-4.17,27.42,0.69,0.0
20200627:1130,0.0,0.0,0.0,26.77,0.69,0.0
20200627:1230,0.0,0.0,0.0,26.41,0.83,0.0
20200627:1330,0.0,0.0,0.0,26.35,1.1,0.0
20200627:1430,0.0,0.0,0.0,26.05,1.1,0.0
20200627:1530,0.0,0.0,0.0,26.11,1.52,0.0
20200627:1630,0.0,0.0,0.0,26.1,1.93,0.0
20200627:1730,0.0,0.0,0.0,26.06,2.07,0.0
20200627:1830,0.0,0.0,0.0,26.05,2.21,0.0
20200627:1930,0.0,0.0,0.0,25.94,3.24,0.0
20200627:2030,0.0,0.0,0.0,25.31,3.17,0.0
20200627:2130,0.0,0.0,-0.87,25.42,3.03,0.0
20200627:2230,53.21,81.53,12.72,25.47,2.76,0.0
20200627:2330,190.96,248.96,26.46,25.68,2.97,0.0
20200628:0030,201.0,263.3,40.18,26.12,3.24,0.0
20200628:0130,258.83,335.96,53.75,26.44,2.83,0.0
20200628:0230,320.8,416.78,66.61,26.68,2.48,0.0
20200628:0330,348.91,452.38,76.32,27.03,2.69,0.0
20200628:0430,364.38,473.38,74.64,27.15,2.97,0.0
20200628:0530,211.09,278.46,63.67,27.33,3.59,0.0
20200628:0630,124.59,172.52,50.54,27.02,4.07,0.0
20200628:0730,75.06,109.87,36.9,26.53,4.07,0.0
20200628:0830,32.16,56.02,23.13,26.32,3.86,0.0
20200628:0930,17.53,35.25,9.4,26.21,3.38,0.0
20200628:1030,0.0,0.0,-4.13,25.82,3.38,0.0
20200628:1130,0.0,0.0,0.0,25.58,2.83,0.0
20200628:1230,0.0,0.0,0.0,25.54,2.28,0.0
20200628:1330,0.0,0.0,0.0,25.47,2.48,0.0
20200628:1430,0.0,0.0,0.0,25.37,2.48,0.0
20200628:1530,0.0,0.0,0.0,25.35,2.21,0.0
20200628:1630,0.0,0.0,0.0,25.42,2.34,0.0
20200628:1730,0.0,0.0,0.0,25.43,2.48,0.0
20200628:1830,0.0,0.0,0.0,25.43,2.41,0.0
20200628:1930,0.0,0.0,0.0,25.03,1.1,0.0
20200628:2030,0.0,0.0,0.0,25.16,1.86,0.0
20200628:2130,0.0,0.0,-0.92,25.01,1.59,0.0
20200628:2230,95.77,133.45,12.67,25.13,1.1,0.0
20200628:2330,137.33,186.27,26.42,26.3,0.83,0.0
20200629:0030,120.71,167.16,40.14,26.65,1.24,0.0
20200629:0130,149.98,204.7,53.72,26.91,1.59,0.0
20200629:0230,225.51,297.46,66.59,27.1,1.72,0.0
20200629:0330,162.97,220.95,76.35,27.29,1.72,0.0
20200629:0430,165.64,225.16,74.71,27.26,1.66,0.0
20200629:0530,218.87,290.55,63.73,27.3,1.45,0.0
20200629:0630,156.89,213.27,50.6,27.59,1.17,0.0
20200629:0730,132.87,182.3,36.95,27.73,1.24,0.0
20200629:0830,117.44,162.34,23.17,27.62,1.52,0.0
20200629:0930,10.35,25.34,9.44,27.51,1.66,0.0
20200629:1030,0.0,0.0,-4.1,27.18,1.79,0.0
20200629:1130,0.0,0.0,0.0,26.73,1.66,0.0
20200629:1230,0.0,0.0,0.0,26.27,1.72,0.0
20200629:1330,0.0,0.0,0.0,26.09,1.86,0.0
20200629:1430,0.0,0.0,0.0,25.85,1.79,0.0
20200629:1530,0.0,0.0,0.0,25.59,1.59,0.0
20200629:1630,0.0,0.0,0.0,26.4,1.03,0.0
20200629:1730,0.0,0.0,0.0,27.25,0.48,0.0
20200629:1830,0.0,0.0,0.0,27.04,0.41,0.0
20200629:1930,0.0,0.0,0.0,25.2,2.0,0.0
20200629:2030,0.0,0.0,0.0,25.18,1.93,0.0
20200629:2130,0.0,0.0,-0.98,24.96,1.86,0.0
20200629:2230,80.02,114.27,12.62,25.01,1.79,0.0
20200629:2330,353.34,454.92,26.37,26.54,1.52,0.0
20200630:0030,509.4,666.94,40.1,27.38,1.93,0.0
20200630:0130,623.46,832.59,53.69,27.85,2.0,0.0
20200630:0230,594.03,799.3,66.58,28.45,1.45,0.0
20200630:0330,565.63,766.0,76.38,28.87,1.03,0.0
20200630:0430,556.44,758.82,74.78,29.2,0.76,0.0
20200630:0530,533.28,724.88,63.79,29.47,0.62,0.0
20200630:0630,508.33,685.97,50.65,29.64,0.62,0.0
20200630:0730,384.62,507.45,37.0,30.24,0.83,0.0
20200630:0830,272.77,352.65,23.21,29.15,2.07,0.0
20200630:0930,170.59,224.24,9.48,28.24,2.97,0.0
20200630:1030,0.0,0.0,-4.07,27.92,2.0,0.0
20200630:1130,0.0,0.0,0.0,27.36,1.72,0.0
20200630:1230,0.0,0.0,0.0,26.7,1.38,0.0
20200630:1330,0.0,0.0,0.0,26.27,1.45,0.0
20200630:1430,0.0,0.0,0.0,26.04,1.38,0.0
20200630:1530,0.0,0.0,0.0,25.8,1.45,0.0
20200630:1630,0.0,0.0,0.0,25.91,1.24,0.0
20200630:1730,0.0,0.0,0.0,25.49,1.45,0.0
20200630:1830,0.0,0.0,0.0,25.42,1.66,0.0
20200630:1930,0.0,0.0,0.0,25.57,2.07,0.0
20200630:2030,0.0,0.0,0.0,25.66,2.0,0.0
20200630:2130,0.0,0.0,-1.03,25.61,1.93,0.0
20200630:2230,325.55,413.04,12.57,25.22,1.59,0.0
20200630:2330,592.63,788.03,26.33,26.91,1.24,0.0
20200701:0030,672.86,913.92,40.06,27.8,1.38,0.0
20200701:0130,695.89,956.99,53.66,28.63,1.31,0.0
20200701:0230,682.47,944.79,66.57,29.42,1.17,0.0
20200701:0330,649.61,890.5,76.42,29.99,1.31,0.0
20200701:0430,597.86,812.63,74.86,30.31,1.45,0.0
20200701:0530,529.44,707.17,63.86,30.09,1.79,0.0
20200701:0630,409.15,536.72,50.71,30.35,2.14,0.0
20200701:0730,405.31,535.0,37.04,29.71,0.97,0.0
20200701:0830,296.42,387.07,23.26,29.42,1.17,0.0
20200701:0930,248.4,324.88,9.52,29.2,0.55,0.0
20200701:1030,0.0,0.0,-4.04,28.56,0.83,0.0
20200701:1130,0.0,0.0,0.0,27.72,1.45,0.0
20200701:1230,0.0,0.0,0.0,27.14,2.07,0.0
20200701:1330,0.0,0.0,0.0,26.51,2.34,0.0
20200701:1430,0.0,0.0,0.0,26.26,2.14,0.0
20200701:1530,0.0,0.0,0.0,25.84,1.72,0.0
20200701:1630,0.0,0.0,0.0,25.41,1.1,0.0
20200701:1730,0.0,0.0,0.0,25.56,0.83,0.0
20200701:1830,0.0,0.0,0.0,25.46,0.69,0.0
20200701:1930,0.0,0.0,0.0,24.99,1.52,0.0
20200701:2030,0.0,0.0,0.0,25.13,1.52,0.0
20200701:2130,0.0,0.0,-1.09,25.04,1.66,0.0
20200701:2230,367.2,464.12,12.52,25.35,2.41,0.0
20200701:2330,539.27,694.69,26.28,26.3,2.69,0.0
20200702:0030,637.5,840.74,40.02,27.23,2.55,0.0
20200702:0130,640.42,850.56,53.63,28.2,2.48,0.0
20200702:0230,575.95,762.56,66.57,28.94,2.14,0.0
20200702:0330,577.01,770.27,76.46,29.1,1.59,0.0
20200702:0430,526.55,703.2,74.94,29.42,1.52,0.0
20200702:0530,560.28,743.71,63.93,29.21,2.07,0.0
20200702:0630,471.44,616.38,50.77,28.82,2.28,0.0
20200702:0730,309.87,402.23,37.09,29.32,2.97,0.0
20200702:0830,290.21,374.18,23.3,29.2,3.1,0.0
20200702:0930,181.56,238.3,9.55,28.44,2.28,0.0
20200702:1030,0.0,0.0,-4.01,27.83,0.97,0.0
20200702:1130,0.0,0.0,0.0,27.15,0.83,0.0
20200702:1230,0.0,0.0,0.0,26.32,0.21,0.0
20200702:1330,0.0,0.0,0.0,26.0,1.1,0.0
20200702:1430,0.0,0.0,0.0,25.61,1.1,0.0
20200702:1530,0.0,0.0,0.0,25.33,1.45,0.0
20200702:1630,0.0,0.0,0.0,25.12,1.79,0.0
20200702:1730,0.0,0.0,0.0,25.2,2.07,0.0
20200702:1830,0.0,0.0,0.0,25.15,2.0,0.0
20200702:1930,0.0,0.0,0.0,25.24,1.59,0.0
20200702:2030,0.0,0.0,0.0,24.87,1.72,0.0
20200702:2130,0.0,0.0,-1.15,24.7,1.72,0.0
20200702:2230,213.78,275.12,12.47,25.31,1.66,0.0
20200702:2330,362.99,466.15,26.24,25.81,1.03,0.0
20200703:0030,373.69,489.81,39.99,26.58,0.14,0.0
20200703:0130,502.53,671.02,53.61,27.02,0.48,0.0
20200703:0230,514.71,685.81,66.56,27.69,1.17,0.0
20200703:0330,549.63,733.73,76.51,28.06,1.52,0.0
20200703:0430,528.7,703.96,75.02,28.53,1.66,0.0
20200703:0530,400.78,534.66,64.0,28.66,0.34,0.0
20200703:0630,230.53,306.2,50.82,28.45,0.76,0.0
20200703:0730,203.54,268.94,37.14,28.51,1.93,0.0
20200703:0830,98.97,139.61,23.34,27.81,2.69,0.0
20200703:0930,104.65,144.69,9.58,27.19,2.0,0.0
20200703:1030,0.0,0.0,-3.99,27.17,1.45,0.0
20200703:1130,0.0,0.0,0.0,26.52,2.14,0.0
20200703:1230,0.0,0.0,0.0,25.86,1.72,0.0
20200703:1330,0.0,0.0,0.0,25.7,1.59,0.0
20200703:1430,0.0,0.0,0.0,25.31,1.17,0.0
20200703:1530,0.0,0.0,0.0,25.88,0.21,0.0
20200703:1630,0.0,0.0,0.0,25.3,0.97,0.0
20200703:1730,0.0,0.0,0.0,25.33,1.38,0.0
20200703:1830,0.0,0.0,0.0,25.24,1.45,0.0
20200703:1930,0.0,0.0,0.0,25.07,0.83,0.0
20200703:2030,0.0,0.0,0.0,24.8,1.03,0.0
20200703:2130,0.0,0.0,-1.21,24.68,1.17,0.0
20200703:2230,15.61,32.55,12.42,24.83,1.24,0.0
20200703:2330,52.92,82.98,26.19,25.84,2.0,0.0
20200704:0030,173.81,230.45,39.95,26.07,2.14,0.0
20200704:0130,436.36,562.74,53.59,26.21,2.07,0.0
20200704:0230,532.2,694.73,66.57,26.85,2.55,0.0
20200704:0330,399.51,519.31,76.57,27.42,2.62,0.0
20200704:0430,349.72,456.17,75.12,27.6,2.14,0.0
20200704:0530,258.6,337.34,64.07,27.49,3.45,0.0
20200704:0630,145.88,198.15,50.88,26.83,4.0,0.0
20200704:0730,129.91,176.87,37.19,26.19,3.31,0.0
20200704:0830,82.45,119.03,23.38,26.27,2.69,0.0
20200704:0930,75.0,108.19,9.61,26.33,2.69,0.0
20200704:1030,0.0,0.0,-3.97,26.31,2.28,0.0
20200704:1130,0.0,0.0,0.0,26.2,2.0,0.0
20200704:1230,0.0,0.0,0.0,26.08,1.93,0.0
20200704:1330,0.0,0.0,0.0,25.99,2.14,0.0
20200704:1430,0.0,0.0,0.0,25.79,2.28,0.0
20200704:1530,0.0,0.0,0.0,25.72,2.48,0.0
20200704:1630,0.0,0.0,0.0,25.67,2.55,0.0
20200704:1730,0.0,0.0,0.0,25.65,2.14,0.0
20200704:1830,0.0,0.0,0.0,25.37,1.79,0.0
20200704:1930,0.0,0.0,0.0,25.71,0.9,0.0
20200704:2030,0.0,0.0,0.0,25.7,1.03,0.0
20200704:2130,0.0,0.0,-1.26,25.09,1.24,0.0
20200704:2230,138.75,185.5,12.37,25.22,1.17,0.0
20200704:2330,367.13,475.19,26.15,26.31,0.97,0.0
20200705:0030,455.19,600.13,39.92,27.15,0.76,0.0
20200705:0130,587.56,801.4,53.57,27.75,0.55,0.0
20200705:0230,643.64,888.58,66.57,28.54,0.76,0.0
20200705:0330,594.0,809.15,76.63,29.2,1.03,0.0
20200705:0430,568.39,776.09,75.21,29.59,0.83,0.0
20200705:0530,470.92,629.63,64.14,29.73,1.1,0.0
20200705:0630,435.78,573.21,50.94,29.51,1.72,0.0
20200705:0730,232.97,309.24,37.23,30.05,1.38,0.0
20200705:0830,79.56,117.82,23.41,29.91,1.24,0.0
20200705:0930,42.86,69.67,9.64,29.37,1.86,0.0
20200705:1030,0.0,0.0,-3.95,28.77,2.14,0.0
20200705:1130,0.0,0.0,0.0,27.96,1.86,0.0
20200705:1230,0.0,0.0,0.0,27.42,1.03,0.0
20200705:1330,0.0,0.0,0.0,26.67,1.66,0.0
20200705:1430,0.0,0.0,0.0,26.04,2.69,0.0
20200705:1530,0.0,0.0,0.0,25.67,2.41,0.0
20200705:1630,0.0,0.0,0.0,25.46,2.14,0.0
20200705:1730,0.0,0.0,0.0,25.2,1.86,0.0
20200705:1830,0.0,0.0,0.0,24.83,1.59,0.0
20200705:1930,0.0,0.0,0.0,24.91,1.79,0.0
20200705:2030,0.0,0.0,0.0,24.79,1.86,0.0
20200705:2130,0.0,0.0,-1.32,24.8,1.86,0.0
20200705:2230,387.62,491.51,12.32,24.84,1.72,0.0
20200705:2330,556.73,729.32,26.11,26.02,1.45,0.0
20200706:0030,622.27,822.13,39.89,27.34,2.21,0.0
20200706:0130,628.42,831.0,53.56,28.21,2.69,0.0
20200706:0230,567.18,743.47,66.58,28.83,2.69,0.0
20200706:0330,665.09,891.43,76.7,29.26,2.48,0.0
20200706:0430,590.39,788.9,75.31,30.07,2.28,0.0
20200706:0530,660.72,891.4,64.22,30.4,2.41,0.0
20200706:0630,628.49,839.18,51.0,30.81,2.9,0.0
20200706:0730,585.89,776.26,37.28,31.08,2.97,0.0
20200706:0830,460.89,600.84,23.45,30.95,2.76,0.0
20200706:0930,297.16,383.77,9.67,30.37,2.69,0.0
20200706:1030,0.0,0.0,-3.94,29.52,2.41,0.0
20200706:1130,0.0,0.0,0.0,28.49,2.21,0.0
20200706:1230,0.0,0.0,0.0,27.83,2.14,0.0
20200706:1330,0.0,0.0,0.0,27.26,2.34,0.0
20200706:1430,0.0,0.0,0.0,26.9,2.34,0.0
20200706:1530,0.0,0.0,0.0,26.71,2.55,0.0
20200706:1630,0.0,0.0,0.0,26.53,2.69,0.0
20200706:1730,0.0,0.0,0.0,26.41,3.03,0.0
20200706:1830,0.0,0.0,0.0,26.24,3.17,0.0
20200706:1930,0.0,0.0,0.0,26.27,3.79,0.0
20200706:2030,0.0,0.0,0.0,26.19,3.86,0.0
20200706:2130,0.0,0.0,-1.38,26.04,3.79,0.0
20200706:2230,393.16,493.55,12.26,26.0,3.79,0.0
20200706:2330,532.35,677.61,26.07,26.65,4.07,0.0
20200707:0030,607.08,778.94,39.86,27.58,4.69,0.0
20200707:0130,662.95,854.44,53.54,28.35,5.66,0.0
20200707:0230,642.9,830.0,66.59,29.01,5.79,0.0
20200707:0330,619.84,802.33,76.78,29.48,5.52,0.0
20200707:0430,666.34,878.12,75.42,29.92,4.55,0.0
20200707:0530,581.85,764.38,64.29,30.39,3.79,0.0
20200707:0630,497.83,651.03,51.05,30.41,3.72,0.0
20200707:0730,448.14,579.91,37.32,30.28,3.93,0.0
20200707:0830,289.85,374.08,23.48,30.05,3.52,0.0
20200707:0930,176.28,233.02,9.69,29.64,2.9,0.0
20200707:1030,0.0,0.0,-3.92,29.06,2.48,0.0
20200707:1130,0.0,0.0,0.0,28.35,2.76,0.0
20200707:1230,0.0,0.0,0.0,27.84,2.83,0.0
20200707:1330,0.0,0.0,0.0,27.42,2.97,0.0
20200707:1430,0.0,0.0,0.0,27.16,3.31,0.0
20200707:1530,0.0,0.0,0.0,26.94,4.0,0.0
20200707:1630,0.0,0.0,0.0,26.45,4.41,0.0
20200707:1730,0.0,0.0,0.0,26.04,4.34,0.0
20200707:1830,0.0,0.0,0.0,25.78,3.72,0.0
20200707:1930,0.0,0.0,0.0,25.76,3.52,0.0
20200707:2030,0.0,0.0,0.0,25.48,2.83,0.0
20200707:2130,0.0,0.0,-1.44,25.32,2.55,0.0
20200707:2230,200.35,257.54,12.22,25.28,2.41,0.0
20200707:2330,445.13,569.55,26.03,26.02,2.34,0.0
20200708:0030,581.84,760.14,39.83,27.13,2.55,0.0
20200708:0130,605.24,798.88,53.53,28.12,2.55,0.0
20200708:0230,615.96,823.21,66.61,28.85,2.07,0.0
20200708:0330,602.02,809.4,76.86,29.53,1.79,0.0
20200708:0430,609.53,824.8,75.53,29.89,1.72,0.0
20200708:0530,494.73,650.48,64.37,29.95,2.62,0.0
20200708:0630,242.89,319.07,51.11,29.14,2.76,0.0
20200708:0730,198.46,261.95,37.37,28.27,2.69,0.0
20200708:0830,135.21,184.39,23.51,27.73,1.79,0.0
20200708:0930,163.23,216.52,9.71,27.7,1.38,0.0
20200708:1030,0.0,0.0,-3.91,27.59,0.83,0.0
20200708:1130,0.0,0.0,0.0,26.98,1.17,0.0
20200708:1230,0.0,0.0,0.0,26.53,1.52,0.0
20200708:1330,0.0,0.0,0.0,26.11,1.38,0.0
20200708:1430,0.0,0.0,0.0,25.81,1.38,0.0
20200708:1530,0.0,0.0,0.0,26.22,1.03,0.0
20200708:1630,0.0,0.0,0.0,26.95,0.62,0.0
20200708:1730,0.0,0.0,0.0,25.51,0.97,0.0
20200708:1830,0.0,0.0,0.0,24.99,1.38,0.0
20200708:1930,0.0,0.0,0.0,24.92,1.38,0.0
20200708:2030,0.0,0.0,0.0,24.67,1.24,0.0
20200708:2130,0.0,0.0,-1.5,25.01,1.93,0.0
20200708:2230,90.57,127.14,12.17,24.91,1.31,0.0
20200708:2330,211.22,276.82,25.99,25.6,0.34,0.0
20200709:0030,394.28,511.7,39.81,26.28,1.24,0.0
20200709:0130,417.05,543.14,53.52,27.2,2.0,0.0
20200709:0230,441.33,581.8,66.63,27.94,1.52,0.0
20200709:0330,488.25,656.01,76.94,28.55,0.97,0.0
20200709:0430,487.14,660.73,75.64,29.2,0.69,0.0
20200709:0530,412.91,551.49,64.45,29.75,0.97,0.0
20200709:0630,463.32,619.55,51.17,29.64,1.03,0.0
20200709:0730,278.59,368.94,37.41,29.82,1.1,0.0
20200709:0830,62.84,97.35,23.54,29.7,0.97,0.0
20200709:0930,8.15,21.98,9.73,29.54,1.45,0.0
20200709:1030,0.0,0.0,-3.9,28.37,2.0,0.0
20200709:1130,0.0,0.0,0.0,27.51,1.93,0.0
20200709:1230,0.0,0.0,0.0,27.09,1.52,0.0
20200709:1330,0.0,0.0,0.0,26.16,1.31,0.0
20200709:1430,0.0,0.0,0.0,25.92,1.72,0.0
20200709:1530,0.0,0.0,0.0,25.61,2.34,0.0
20200709:1630,0.0,0.0,0.0,25.4,2.21,0.0
20200709:1730,0.0,0.0,0.0,25.15,1.79,0.0
20200709:1830,0.0,0.0,0.0,25.28,1.24,0.0
20200709:1930,0.0,0.0,0.0,27.31,0.34,0.0
20200709:2030,0.0,0.0,0.0,26.53,0.83,0.0
20200709:2130,0.0,0.0,-1.56,25.35,0.97,0.0
20200709:2230,62.03,92.56,12.12,25.35,0.69,0.0
20200709:2330,257.81,331.88,25.95,25.63,1.31,0.0
20200710:0030,493.63,641.44,39.78,25.91,1.52,0.0
20200710:0130,596.18,798.5,53.51,26.88,1.24,0.0
20200710:0230,520.13,695.54,66.65,28.11,1.03,0.0
20200710:0330,560.92,755.59,77.03,28.69,0.97,0.0
20200710:0430,621.18,851.74,75.76,29.22,0.9,0.0
20200710:0530,552.48,748.45,64.53,29.72,0.97,0.0
20200710:0630,419.39,552.28,51.22,29.71,1.79,0.0
20200710:0730,312.53,410.93,37.45,29.82,1.38,0.0
20200710:0830,76.15,112.82,23.57,29.45,1.79,0.0
20200710:0930,5.9,18.08,9.75,28.66,2.0,0.0
20200710:1030,0.0,0.0,-3.9,26.69,2.0,0.0
20200710:1130,0.0,0.0,0.0,26.15,1.24,0.0
20200710:1230,0.0,0.0,0.0,26.14,0.62,0.0
20200710:1330,0.0,0.0,0.0,25.75,0.97,0.0
20200710:1430,0.0,0.0,0.0,25.7,1.45,0.0
20200710:1530,0.0,0.0,0.0,25.21,1.1,0.0
20200710:1630,0.0,0.0,0.0,25.26,2.0,0.0
20200710:1730,0.0,0.0,0.0,25.04,2.41,0.0
20200710:1830,0.0,0.0,0.0,24.7,1.72,0.0
20200710:1930,0.0,0.0,0.0,25.01,1.86,0.0
20200710:2030,0.0,0.0,0.0,24.95,1.38,0.0
20200710:2130,0.0,0.0,-1.62,25.27,0.34,0.0
20200710:2230,89.28,126.06,12.07,25.32,0.41,0.0
20200710:2330,183.06,241.61,25.91,25.6,0.28,0.0
20200711:0030,335.16,436.33,39.76,26.08,0.69,0.0
20200711:0130,342.41,445.59,53.51,26.82,1.1,0.0
20200711:0230,393.7,514.48,66.68,27.41,1.52,0.0
20200711:0330,279.81,368.68,77.13,27.84,1.72,0.0
20200711:0430,411.0,537.51,75.88,27.53,1.66,0.0
20200711:0530,432.34,567.61,64.61,27.4,1.52,0.0
20200711:0630,429.25,565.29,51.28,28.0,1.1,0.0
20200711:0730,300.97,392.36,37.49,28.21,1.38,0.0
20200711:0830,81.38,118.8,23.6,28.28,1.52,0.0
20200711:0930,47.59,75.14,9.76,27.83,1.79,0.0
20200711:1030,0.0,0.0,-3.9,27.09,2.0,0.0
20200711:1130,0.0,0.0,0.0,26.86,1.52,0.0
20200711:1230,0.0,0.0,0.0,26.17,1.79,0.0
20200711:1330,0.0,0.0,0.0,25.88,1.86,0.0
20200711:1430,0.0,0.0,0.0,25.67,2.14,0.0
20200711:1530,0.0,0.0,0.0,25.51,1.79,0.0
20200711:1630,0.0,0.0,0.0,25.14,1.38,0.0
20200711:1730,0.0,0.0,0.0,24.92,1.31,0.0
20200711:1830,0.0,0.0,0.0,25.16,1.86,0.0
20200711:1930,0.0,0.0,0.0,25.07,2.0,0.0
20200711:2030,0.0,0.0,0.0,24.84,1.72,0.0
20200711:2130,0.0,0.0,-1.68,24.84,1.03,0.0
20200711:2230,293.75,375.45,12.02,25.24,0.83,0.0
20200711:2330,484.67,634.15,25.88,26.21,0.83,0.0
20200712:0030,542.02,716.36,39.74,26.9,1.24,0.0
20200712:0130,507.5,665.88,53.51,27.59,1.52,0.0
20200712:0230,647.64,881.48,66.71,28.06,1.17,0.0
20200712:0330,601.92,823.25,77.23,28.98,0.9,0.0
20200712:0430,565.78,768.24,76.0,29.35,1.1,0.0
20200712:0530,554.28,734.46,64.69,29.39,2.21,0.0
20200712:0630,532.27,701.58,51.33,28.86,1.86,0.0
20200712:0730,412.92,537.45,37.53,29.15,2.0,0.0
20200712:0830,185.02,245.52,23.63,28.92,1.72,0.0
20200712:0930,17.34,35.58,9.78,28.42,2.21,0.0
20200712:1030,0.0,0.0,-3.9,27.74,1.31,0.0
20200712:1130,0.0,0.0,0.0,27.03,1.38,0.0
20200712:1230,0.0,0.0,0.0,26.5,1.93,0.0
20200712:1330,0.0,0.0,0.0,26.05,2.41,0.0
20200712:1430,0.0,0.0,0.0,26.01,2.83,0.0
20200712:1530,0.0,0.0,0.0,26.01,2.69,0.0
20200712:1630,0.0,0.0,0.0,25.96,2.21,0.0
20200712:1730,0.0,0.0,0.0,25.84,2.07,0.0
20200712:1830,0.0,0.0,0.0,25.76,2.14,0.0
20200712:1930,0.0,0.0,0.0,25.79,1.72,0.0
20200712:2030,0.0,0.0,0.0,25.73,1.72,0.0
20200712:2130,0.0,0.0,-1.74,25.76,2.21,0.0
20200712:2230,273.7,347.95,11.98,25.8,2.48,0.0
20200712:2330,417.85,533.96,25.84,26.73,2.69,0.0
20200713:0030,405.19,518.64,39.72,27.26,2.9,0.0
20200713:0130,415.14,533.93,53.51,27.61,2.83,0.0
20200713:0230,579.34,764.73,66.75,27.9,2.41,0.0
20200713:0330,549.56,725.01,77.34,28.4,2.21,0.0
20200713:0430,414.01,539.69,76.13,28.41,2.69,0.0
20200713:0530,524.85,689.78,64.77,28.35,2.69,0.0
20200713:0630,252.25,333.05,51.39,28.81,2.9,0.0
20200713:0730,318.3,414.06,37.57,28.75,2.21,0.0
20200713:0830,293.26,378.78,23.65,28.79,2.55,0.0
20200713:0930,143.79,192.48,9.79,28.22,2.07,0.0
20200713:1030,0.0,0.0,-3.9,27.47,1.03,0.0
20200713:1130,0.0,0.0,0.0,26.96,1.03,0.0
20200713:1230,0.0,0.0,0.0,26.21,1.17,0.0
20200713:1330,0.0,0.0,0.0,26.49,0.83,0.0
20200713:1430,0.0,0.0,0.0,27.07,0.62,0.0
20200713:1530,0.0,0.0,0.0,26.84,0.76,0.0
20200713:1630,0.0,0.0,0.0,25.14,1.45,0.0
20200713:1730,0.0,0.0,0.0,25.3,2.0,0.0
20200713:1830,0.0,0.0,0.0,25.14,1.72,0.0
20200713:1930,0.0,0.0,0.0,25.08,1.59,0.0
20200713:2030,0.0,0.0,0.0,24.98,1.17,0.0
20200713:2130,0.0,0.0,-1.79,24.97,1.31,0.0
20200713:2230,182.98,238.38,11.93,25.04,1.1,0.0
20200713:2330,489.32,640.33,25.81,26.19,0.83,0.0
20200714:0030,562.93,748.68,39.7,27.07,1.1,0.0
20200714:0130,611.68,826.41,53.51,27.75,1.03,0.0
20200714:0230,589.04,797.12,66.78,28.46,0.9,0.0
20200714:0330,623.78,853.69,77.46,29.02,0.83,0.0
20200714:0430,516.36,696.69,76.27,29.54,0.76,0.0
20200714:0530,447.86,595.0,64.85,29.69,1.17,0.0
20200714:0630,399.83,525.7,51.44,29.4,1.66,0.0
20200714:0730,377.69,498.0,37.6,28.65,0.62,0.0
20200714:0830,267.78,350.63,23.67,28.63,0.48,0.0
20200714:0930,43.43,70.23,9.79,28.31,1.03,0.0
20200714:1030,0.0,0.0,-3.91,26.15,1.86,0.0
20200714:1130,0.0,0.0,0.0,25.74,0.83,0.0
20200714:1230,0.0,0.0,0.0,25.96,0.48,0.0
20200714:1330,0.0,0.0,0.0,26.01,0.48,0.0
20200714:1430,0.0,0.0,0.0,26.28,0.34,0.0
20200714:1530,0.0,0.0,0.0,26.23,0.34,0.0
20200714:1630,0.0,0.0,0.0,26.05,0.48,0.0
20200714:1730,0.0,0.0,0.0,24.94,1.17,0.0
20200714:1830,0.0,0.0,0.0,24.97,1.17,0.0
20200714:1930,0.0,0.0,0.0,25.48,2.34,0.0
20200714:2030,0.0,0.0,0.0,25.31,1.72,0.0
20200714:2130,0.0,0.0,-1.85,25.3,1.38,0.0
20200714:2230,168.49,220.66,11.88,25.42,1.66,0.0
20200714:2330,373.66,480.9,25.78,26.49,1.38,0.0
20200715:0030,483.53,633.45,39.69,27.12,1.31,0.0
20200715:0130,490.63,648.3,53.52,27.65,1.17,0.0
20200715:0230,477.07,635.82,66.82,28.11,0.83,0.0
20200715:0330,571.56,771.49,77.57,28.28,1.03,0.0
20200715:0430,520.3,687.32,76.4,28.65,2.14,0.0
20200715:0530,455.01,596.28,64.93,28.49,1.93,0.0
20200715:0630,387.94,507.05,51.49,28.55,1.45,0.0
20200715:0730,315.05,409.66,37.63,28.6,1.79,0.0
20200715:0830,184.48,243.51,23.69,28.2,2.14,0.0
20200715:0930,100.37,140.15,9.8,27.59,1.52,0.0
20200715:1030,0.0,0.0,-3.92,27.38,0.83,0.0
20200715:1130,0.0,0.0,0.0,26.39,0.9,0.0
20200715:1230,0.0,0.0,0.0,25.96,1.31,0.0
20200715:1330,0.0,0.0,0.0,25.68,1.59,0.0
20200715:1430,0.0,0.0,0.0,25.87,1.31,0.0
20200715:1530,0.0,0.0,0.0,25.53,1.31,0.0
20200715:1630,0.0,0.0,0.0,25.83,0.97,0.0
20200715:1730,0.0,0.0,0.0,26.01,0.34,0.0
20200715:1830,0.0,0.0,0.0,25.98,0.41,0.0
20200715:1930,0.0,0.0,0.0,25.12,1.72,0.0
20200715:2030,0.0,0.0,0.0,25.19,1.93,0.0
20200715:2130,0.0,0.0,-1.91,25.29,2.07,0.0
20200715:2230,30.67,53.12,11.84,25.29,2.14,0.0
20200715:2330,171.84,226.18,25.75,25.58,1.86,0.0
20200716:0030,191.98,253.81,39.68,26.3,2.0,0.0
20200716:0130,459.04,596.24,53.52,26.85,2.14,0.0
20200716:0230,513.93,675.91,66.87,27.75,2.21,0.0
20200716:0330,533.42,709.03,77.7,28.43,2.0,0.0
20200716:0430,506.67,674.77,76.54,28.93,1.45,0.0
20200716:0530,434.99,579.21,65.01,29.25,1.03,0.0
20200716:0630,450.87,609.76,51.54,29.26,0.21,0.0
20200716:0730,383.09,503.48,37.67,29.83,1.59,0.0
20200716:0830,296.54,387.57,23.7,29.37,1.31,0.0
20200716:0930,68.94,102.12,9.8,28.63,1.79,0.0
20200716:1030,0.0,0.0,-3.93,27.71,2.21,0.0
20200716:1130,0.0,0.0,0.0,26.9,1.93,0.0
20200716:1230,0.0,0.0,0.0,26.73,1.24,0.0
20200716:1330,0.0,0.0,0.0,26.22,1.1,0.0
20200716:1430,0.0,0.0,0.0,26.27,0.97,0.0
20200716:1530,0.0,0.0,0.0,26.19,0.97,0.0
20200716:1630,0.0,0.0,0.0,26.15,0.9,0.0
20200716:1730,0.0,0.0,0.0,25.72,0.9,0.0
20200716:1830,0.0,0.0,0.0,25.33,0.9,0.0
20200716:1930,0.0,0.0,0.0,26.58,0.9,0.0
20200716:2030,0.0,0.0,0.0,27.04,0.76,0.0
20200716:2130,0.0,0.0,-1.97,27.06,0.62,0.0
20200716:2230,383.49,502.33,11.8,27.18,0.0,0.0
20200716:2330,484.62,636.51,25.72,27.38,0.97,0.0
20200717:0030,454.14,590.98,39.67,27.77,1.93,0.0
20200717:0130,491.7,642.21,53.53,27.77,2.34,0.0
20200717:0230,545.11,724.55,66.91,28.19,1.79,0.0
20200717:0330,569.14,759.17,77.83,29.05,2.0,0.0
20200717:0430,551.45,738.99,76.68,29.74,1.86,0.0
20200717:0530,413.28,539.14,65.09,29.71,2.83,0.0
20200717:0630,363.54,469.98,51.59,28.71,3.24,0.0
20200717:0730,272.68,353.8,37.7,28.18,3.03,0.0
20200717:0830,115.39,160.17,23.72,28.46,2.69,0.0
20200717:0930,95.34,134.15,9.8,28.36,2.48,0.0
20200717:1030,0.0,0.0,-3.95,28.1,2.28,0.0
20200717:1130,0.0,0.0,0.0,27.56,2.9,0.0
20200717:1230,0.0,0.0,0.0,27.28,3.03,0.0
20200717:1330,0.0,0.0,0.0,27.19,3.1,0.0
20200717:1430,0.0,0.0,0.0,26.92,3.03,0.0
20200717:1530,0.0,0.0,0.0,26.78,2.83,0.0
20200717:1630,0.0,0.0,0.0,26.49,3.59,0.0
20200717:1730,0.0,0.0,0.0,26.13,4.0,0.0
20200717:1830,0.0,0.0,0.0,25.89,3.66,0.0
20200717:1930,0.0,0.0,0.0,25.55,3.52,0.0
20200717:2030,0.0,0.0,0.0,25.31,3.31,0.0
20200717:2130,0.0,0.0,-2.02,25.25,3.52,0.0
20200717:2230,337.04,423.07,11.75,25.3,3.45,0.0
20200717:2330,384.41,483.32,25.69,25.97,3.86,0.0
20200718:0030,410.04,517.23,39.66,26.72,4.62,0.0
20200718:0130,529.18,676.17,53.55,27.47,4.41,0.0
20200718:0230,542.11,697.74,66.96,28.39,4.69,0.0
20200718:0330,608.36,789.12,77.96,28.97,5.1,0.0
20200718:0430,626.38,812.96,76.83,29.45,5.38,0.0
20200718:0530,487.66,627.61,65.17,29.81,5.17,0.0
20200718:0630,513.9,661.77,51.64,29.65,5.17,0.0
20200718:0730,453.73,581.12,37.72,29.56,5.45,0.0
20200718:0830,248.03,319.51,23.73,29.17,5.24,0.0
20200718:0930,75.26,109.2,9.8,28.65,4.34,0.0
20200718:1030,0.0,0.0,-3.97,27.74,3.79,0.0
20200718:1130,0.0,0.0,0.0,27.12,3.59,0.0
20200718:1230,0.0,0.0,0.0,26.78,3.79,0.0
20200718:1330,0.0,0.0,0.0,26.65,4.14,0.0
20200718:1430,0.0,0.0,0.0,26.42,4.48,0.0
20200718:1530,0.0,0.0,0.0,26.19,4.34,0.0
20200718:1630,0.0,0.0,0.0,25.79,4.07,0.0
20200718:1730,0.0,0.0,0.0,25.52,3.93,0.0
20200718:1830,0.0,0.0,0.0,25.31,4.14,0.0
20200718:1930,0.0,0.0,0.0,25.51,3.86,0.0
20200718:2030,0.0,0.0,0.0,25.4,3.66,0.0
20200718:2130,0.0,0.0,-2.08,25.37,3.38,0.0
20200718:2230,257.07,324.92,11.71,25.4,3.31,0.0
20200718:2330,294.34,372.4,25.66,25.91,3.45,0.0
20200719:0030,495.96,635.1,39.65,26.7,3.1,0.0
20200719:0130,532.93,692.65,53.56,27.67,2.69,0.0
20200719:0230,507.79,665.51,67.02,28.28,2.28,0.0
20200719:0330,440.45,575.91,78.11,28.5,2.21,0.0
20200719:0430,294.09,388.06,76.98,28.56,1.86,0.0
20200719:0530,284.48,374.11,65.25,27.74,2.14,0.0
20200719:0630,284.45,373.6,51.69,27.3,0.9,0.0
20200719:0730,158.13,213.81,37.75,27.86,1.59,0.0
20200719:0830,81.49,117.99,23.74,26.84,2.07,0.0
20200719:0930,10.64,25.6,9.79,26.5,1.86,0.0
20200719:1030,0.0,0.0,-3.99,26.22,2.28,0.0
20200719:1130,0.0,0.0,0.0,26.0,2.69,0.0
20200719:1230,0.0,0.0,0.0,25.66,2.55,0.0
20200719:1330,0.0,0.0,0.0,25.24,1.86,0.0
20200719:1430,0.0,0.0,0.0,25.08,1.31,0.0
20200719:1530,0.0,0.0,0.0,24.97,1.1,0.0
20200719:1630,0.0,0.0,0.0,25.18,1.66,0.0
20200719:1730,0.0,0.0,0.0,25.6,0.76,0.0
20200719:1830,0.0,0.0,0.0,26.03,0.28,0.0
20200719:1930,0.0,0.0,0.0,24.63,0.83,0.0
20200719:2030,0.0,0.0,0.0,24.73,0.9,0.0
20200719:2130,0.0,0.0,-2.14,24.7,0.9,0.0
20200719:2230,171.17,223.7,11.67,24.67,1.31,0.0
20200719:2330,312.39,403.82,25.64,25.9,0.9,0.0
20200720:0030,366.31,479.04,39.64,26.55,0.69,0.0
20200720:0130,457.34,604.07,53.58,27.12,1.03,0.0
20200720:0230,600.16,812.55,67.07,27.79,1.1,0.0
20200720:0330,624.7,856.86,78.25,28.49,0.97,0.0
20200720:0430,497.91,668.66,77.13,29.09,0.9,0.0
20200720:0530,531.07,713.53,65.33,29.2,1.17,0.0
20200720:0630,372.14,495.8,51.73,29.33,0.41,0.0
20200720:0730,200.75,266.99,37.77,29.8,2.62,0.0
20200720:0830,54.58,85.85,23.75,29.17,2.76,0.0
20200720:0930,94.85,133.0,9.78,28.25,3.45,0.0
20200720:1030,0.0,0.0,-4.02,27.61,2.97,0.0
20200720:1130,0.0,0.0,0.0,27.3,2.14,0.0
20200720:1230,0.0,0.0,0.0,26.89,2.14,0.0
20200720:1330,0.0,0.0,0.0,26.51,2.0,0.0
20200720:1430,0.0,0.0,0.0,26.12,2.0,0.0
20200720:1530,0.0,0.0,0.0,25.72,1.86,0.0
20200720:1630,0.0,0.0,0.0,25.37,1.79,0.0
20200720:1730,0.0,0.0,0.0,25.01,1.59,0.0
20200720:1830,0.0,0.0,0.0,24.68,1.38,0.0
20200720:1930,0.0,0.0,0.0,25.63,3.17,0.0
20200720:2030,0.0,0.0,0.0,25.56,2.97,0.0
20200720:2130,0.0,0.0,-2.19,25.5,2.76,0.0
20200720:2230,278.46,353.3,11.64,25.54,2.55,0.0
20200720:2330,486.8,623.12,25.62,26.41,2.55,0.0
20200721:0030,583.83,762.36,39.64,27.31,2.55,0.0
20200721:0130,614.27,813.91,53.6,28.25,2.55,0.0
20200721:0230,641.31,857.94,67.13,28.75,2.55,0.0
20200721:0330,380.95,498.72,78.4,29.51,3.03,0.0
20200721:0430,190.44,254.88,77.28,28.51,4.41,0.0
20200721:0530,171.83,230.84,65.41,27.59,4.69,0.0
20200721:0630,119.8,166.69,51.78,27.81,4.21,0.0
20200721:0730,117.09,163.04,37.79,27.55,3.17,0.0
20200721:0830,53.47,84.2,23.75,27.94,2.62,0.0
20200721:0930,6.02,18.21,9.77,27.82,2.55,0.0
20200721:1030,0.0,0.0,-4.04,27.39,2.76,0.0
20200721:1130,0.0,0.0,0.0,26.93,2.76,0.0
20200721:1230,0.0,0.0,0.0,26.6,2.76,0.0
20200721:1330,0.0,0.0,0.0,26.13,3.17,0.0
20200721:1430,0.0,0.0,0.0,25.81,2.9,0.0
20200721:1530,0.0,0.0,0.0,25.5,2.55,0.0
20200721:1630,0.0,0.0,0.0,25.32,2.62,0.0
20200721:1730,0.0,0.0,0.0,25.12,2.62,0.0
20200721:1830,0.0,0.0,0.0,25.03,2.07,0.0
20200721:1930,0.0,0.0,0.0,25.05,2.55,0.0
20200721:2030,0.0,0.0,0.0,25.01,2.34,0.0
20200721:2130,0.0,0.0,-2.24,24.95,2.48,0.0
20200721:2230,93.97,131.11,11.6,24.91,2.69,0.0
20200721:2330,363.67,461.26,25.59,25.44,2.76,0.0
20200722:0030,443.11,569.42,39.64,26.58,2.55,0.0
20200722:0130,582.8,766.61,53.62,27.51,2.41,0.0
20200722:0230,577.51,766.58,67.19,28.34,2.21,0.0
20200722:0330,629.74,848.37,78.56,28.81,1.72,0.0
20200722:0430,497.78,660.36,77.43,28.95,1.59,0.0
20200722:0530,281.15,369.27,65.48,28.51,1.79,0.0
20200722:0630,494.39,660.87,51.82,27.9,0.55,0.0
20200722:0730,364.71,477.16,37.81,29.15,1.31,0.0
20200722:0830,277.68,360.67,23.75,28.74,1.66,0.0
20200722:0930,179.91,236.97,9.75,28.43,1.79,0.0
20200722:1030,0.0,0.0,-4.08,28.09,1.1,0.0
20200722:1130,0.0,0.0,0.0,27.57,0.48,0.0
20200722:1230,0.0,0.0,0.0,27.18,0.76,0.0
20200722:1330,0.0,0.0,0.0,26.15,1.52,0.0
20200722:1430,0.0,0.0,0.0,25.58,1.24,0.0
20200722:1530,0.0,0.0,0.0,25.55,1.86,0.0
20200722:1630,0.0,0.0,0.0,25.34,1.59,0.0
20200722:1730,0.0,0.0,0.0,25.23,1.72,0.0
20200722:1830,0.0,0.0,0.0,25.05,1.17,0.0
20200722:1930,0.0,0.0,0.0,25.24,1.93,0.0
20200722:2030,0.0,0.0,0.0,25.17,2.0,0.0
20200722:2130,0.0,0.0,-2.3,24.95,1.72,0.0
20200722:2230,377.65,479.53,11.56,24.86,1.52,0.0
20200722:2330,550.79,724.99,25.57,26.96,1.38,0.0
20200723:0030,649.7,881.41,39.64,27.9,1.24,0.0
20200723:0130,588.32,798.8,53.64,28.82,0.9,0.0
20200723:0230,550.87,736.23,67.26,29.24,1.38,0.0
20200723:0330,590.24,795.3,78.71,29.48,1.45,0.0
20200723:0430,530.03,705.78,77.59,29.68,1.66,0.0
20200723:0530,525.29,691.84,65.56,29.75,2.83,0.0
20200723:0630,430.31,560.04,51.86,29.88,2.69,0.0
20200723:0730,405.41,527.04,37.83,29.65,2.41,0.0
20200723:0830,316.54,408.19,23.75,28.64,1.93,0.0
20200723:0930,123.51,167.44,9.73,27.98,2.62,0.0
20200723:1030,0.0,0.0,-4.11,27.34,1.59,0.0
20200723:1130,0.0,0.0,0.0,26.98,1.45,0.0
20200723:1230,0.0,0.0,0.0,26.38,1.31,0.0
20200723:1330,0.0,0.0,0.0,25.94,1.17,0.0
20200723:1430,0.0,0.0,0.0,25.84,1.1,0.0
20200723:1530,0.0,0.0,0.0,26.18,0.97,0.0
20200723:1630,0.0,0.0,0.0,25.69,0.97,0.0
20200723:1730,0.0,0.0,0.0,25.69,0.97,0.0
20200723:1830,0.0,0.0,0.0,25.88,0.48,0.0
20200723:1930,0.0,0.0,0.0,24.85,1.93,0.0
20200723:2030,0.0,0.0,0.0,24.86,1.72,0.0
20200723:2130,0.0,0.0,-2.35,24.85,1.45,0.0
20200723:2230,135.32,180.59,11.53,24.65,1.24,0.0
20200723:2330,258.18,333.05,25.56,25.94,1.31,0.0
20200724:0030,360.65,464.83,39.64,26.34,1.79,0.0
20200724:0130,449.98,585.26,53.67,27.07,1.86,0.0
20200724:0230,418.08,546.62,67.32,27.64,1.79,0.0
20200724:0330,368.7,483.94,78.88,27.47,1.52,0.0
20200724:0430,299.39,392.97,77.74,27.6,1.45,0.0
20200724:0530,188.96,254.1,65.63,27.76,1.72,0.0
20200724:0630,124.06,173.52,51.89,27.75,1.66,0.0
20200724:0730,69.2,104.62,37.84,27.31,0.34,0.0
20200724:0830,50.59,80.08,23.75,26.95,1.59,0.0
20200724:0930,19.48,38.3,9.71,26.46,1.72,0.0
20200724:1030,0.0,0.0,-4.15,26.34,1.1,0.0
20200724:1130,0.0,0.0,0.0,26.02,1.45,0.0
20200724:1230,0.0,0.0,0.0,25.76,1.72,0.0
20200724:1330,0.0,0.0,0.0,25.5,1.45,0.0
20200724:1430,0.0,0.0,0.0,25.3,1.45,0.0
20200724:1530,0.0,0.0,0.0,25.37,1.86,0.0
20200724:1630,0.0,0.0,0.0,25.05,1.38,0.0
20200724:1730,0.0,0.0,0.0,24.93,1.31,0.0
20200724:1830,0.0,0.0,0.0,24.95,1.38,0.0
20200724:1930,0.0,0.0,0.0,25.69,0.9,0.0
20200724:2030,0.0,0.0,0.0,26.21,0.48,0.0
20200724:2130,0.0,0.0,-2.4,26.1,0.48,0.0
20200724:2230,66.08,98.37,11.49,26.16,0.28,0.0
20200724:2330,314.27,406.79,25.54,26.01,0.69,0.0
20200725:0030,433.98,567.04,39.64,27.19,1.31,0.0
20200725:0130,458.21,598.8,53.7,27.78,1.93,0.0
20200725:0230,535.14,704.66,67.39,28.23,2.34,0.0
20200725:0330,428.55,558.73,79.05,28.73,2.76,0.0
20200725:0430,431.51,563.32,77.9,28.86,2.76,0.0
20200725:0530,335.94,439.43,65.7,28.67,2.41,0.0
20200725:0630,275.19,361.27,51.93,28.35,1.86,0.0
20200725:0730,127.24,176.34,37.85,28.35,2.34,0.0
20200725:0830,66.76,100.13,23.74,27.83,2.07,0.0
20200725:0930,36.3,60.74,9.69,27.63,1.86,0.0
20200725:1030,0.0,0.0,-4.2,27.21,2.07,0.0
20200725:1130,0.0,0.0,0.0,26.44,1.79,0.0
20200725:1230,0.0,0.0,0.0,26.01,0.83,0.0
20200725:1330,0.0,0.0,0.0,26.61,0.62,0.0
20200725:1430,0.0,0.0,0.0,26.37,0.76,0.0
20200725:1530,0.0,0.0,0.0,26.17,0.83,0.0
20200725:1630,0.0,0.0,0.0,26.42,0.62,0.0
20200725:1730,0.0,0.0,0.0,26.17,0.55,0.0
20200725:1830,0.0,0.0,0.0,25.32,0.76,0.0
20200725:1930,0.0,0.0,0.0,25.66,0.55,0.0
20200725:2030,0.0,0.0,0.0,25.68,0.21,0.0
20200725:2130,0.0,0.0,-2.45,25.57,0.48,0.0
20200725:2230,143.17,190.69,11.46,25.28,0.62,0.0
20200725:2330,255.98,332.15,25.52,26.01,0.9,0.0
20200726:0030,417.23,546.49,39.65,26.68,0.76,0.0
20200726:0130,487.93,645.17,53.73,27.37,1.17,0.0
20200726:0230,580.96,778.97,67.46,28.0,1.38,0.0
20200726:0330,558.13,751.68,79.22,28.49,1.03,0.0
20200726:0430,492.45,662.17,78.06,28.78,0.62,0.0
20200726:0530,388.26,517.45,65.77,29.16,0.76,0.0
20200726:0630,391.68,518.37,51.96,29.27,0.97,0.0
20200726:0730,289.92,382.38,37.86,29.47,0.69,0.0
20200726:0830,132.43,181.41,23.73,29.26,1.52,0.0
20200726:0930,21.32,40.9,9.66,27.93,2.97,0.0
20200726:1030,0.0,0.0,-4.24,26.73,2.14,0.0
20200726:1130,0.0,0.0,0.0,26.07,2.0,0.0
20200726:1230,0.0,0.0,0.0,25.47,1.72,0.0
20200726:1330,0.0,0.0,0.0,25.24,1.17,0.0
20200726:1430,0.0,0.0,0.0,25.27,1.17,0.0
20200726:1530,0.0,0.0,0.0,25.01,1.31,0.0
20200726:1630,0.0,0.0,0.0,25.31,0.76,0.0
20200726:1730,0.0,0.0,0.0,25.53,0.34,0.0
20200726:1830,0.0,0.0,0.0,25.6,0.55,0.0
20200726:1930,0.0,0.0,0.0,24.85,1.45,0.0
20200726:2030,0.0,0.0,0.0,24.39,1.1,0.0
20200726:2130,0.0,0.0,-2.5,24.5,0.9,0.0
20200726:2230,273.53,347.66,11.43,24.48,0.97,0.0
20200726:2330,369.58,477.08,25.51,25.86,0.55,0.0
20200727:0030,511.03,679.11,39.66,26.36,0.41,0.0
20200727:0130,485.07,648.3,53.76,27.33,0.28,0.0
20200727:0230,598.91,828.16,67.54,28.09,0.14,0.0
20200727:0330,491.18,652.62,79.4,28.93,1.24,0.0
20200727:0430,483.32,640.01,78.22,28.88,1.38,0.0
20200727:0530,487.69,643.63,65.84,28.74,1.66,0.0
20200727:0630,433.58,562.13,51.99,28.41,2.0,0.0
20200727:0730,321.14,414.24,37.87,29.12,2.97,0.0
20200727:0830,237.63,306.82,23.71,28.51,3.66,0.0
20200727:0930,30.77,53.51,9.63,28.01,3.31,0.0
20200727:1030,0.0,0.0,-4.29,27.61,1.52,0.0
20200727:1130,0.0,0.0,0.0,26.52,1.72,0.0
20200727:1230,0.0,0.0,0.0,26.29,1.66,0.0
20200727:1330,0.0,0.0,0.0,25.97,2.14,0.0
20200727:1430,0.0,0.0,0.0,25.71,2.69,0.0
20200727:1530,0.0,0.0,0.0,26.02,2.76,0.0
20200727:1630,0.0,0.0,0.0,26.04,2.55,0.0
20200727:1730,0.0,0.0,0.0,25.95,2.0,0.0
20200727:1830,0.0,0.0,0.0,25.75,1.52,0.0
20200727:1930,0.0,0.0,0.0,25.11,1.1,0.0
20200727:2030,0.0,0.0,0.0,25.04,1.24,0.0
20200727:2130,0.0,0.0,-2.55,25.29,1.93,0.0
20200727:2230,46.43,73.24,11.4,25.25,1.86,0.0
20200727:2330,84.67,122.01,25.5,26.02,1.59,0.0
20200728:0030,137.26,187.1,39.67,26.56,1.45,0.0
20200728:0130,158.97,215.86,53.79,26.99,1.59,0.0
20200728:0230,322.04,423.73,67.61,27.45,1.45,0.0
20200728:0330,262.76,349.19,79.58,27.91,1.52,0.0
20200728:0430,315.28,416.33,78.37,27.9,1.79,0.0
20200728:0530,213.35,284.87,65.9,28.12,2.41,0.0
20200728:0630,146.17,199.5,52.01,27.19,2.21,0.0
20200728:0730,98.7,140.39,37.87,27.12,2.69,0.0
20200728:0830,68.47,102.24,23.7,27.06,2.97,0.0
20200728:0930,11.86,27.46,9.6,26.97,2.97,0.0
20200728:1030,0.0,0.0,-4.34,26.57,2.55,0.0
20200728:1130,0.0,0.0,0.0,26.17,2.62,0.0
20200728:1230,0.0,0.0,0.0,25.96,2.41,0.0
20200728:1330,0.0,0.0,0.0,25.91,2.21,0.0
20200728:1430,0.0,0.0,0.0,25.81,1.93,0.0
20200728:1530,0.0,0.0,0.0,25.91,2.62,0.0
20200728:1630,0.0,0.0,0.0,25.77,3.03,0.0
20200728:1730,0.0,0.0,0.0,25.74,3.17,0.0
20200728:1830,0.0,0.0,0.0,25.72,3.24,0.0
20200728:1930,0.0,0.0,0.0,25.25,3.66,0.0
20200728:2030,0.0,0.0,0.0,25.28,3.45,0.0
20200728:2130,0.0,0.0,-2.59,25.34,3.79,0.0
20200728:2230,6.03,18.12,11.37,25.18,4.34,0.0
20200728:2330,85.14,121.68,25.49,25.4,4.76,0.0
20200729:0030,193.4,251.28,39.68,25.86,4.97,0.0
20200729:0130,105.47,147.79,53.83,26.03,5.24,0.0
20200729:0230,161.64,216.85,67.69,26.1,5.24,0.0
20200729:0330,162.95,217.83,79.76,26.31,5.03,0.0
20200729:0430,105.17,148.44,78.53,26.47,5.17,0.0
20200729:0530,109.88,154.08,65.96,26.31,5.1,0.0
20200729:0630,69.05,103.36,52.04,26.17,5.45,0.0
20200729:0730,98.55,138.67,37.87,25.95,4.9,0.0
20200729:0830,41.32,67.7,23.68,26.1,4.76,0.0
20200729:0930,6.77,19.42,9.56,25.97,5.03,0.0
20200729:1030,0.0,0.0,-4.4,25.74,5.1,0.0
20200729:1130,0.0,0.0,0.0,25.56,4.9,0.0
20200729:1230,0.0,0.0,0.0,25.46,4.97,0.0
20200729:1330,0.0,0.0,0.0,25.54,5.1,0.0
20200729:1430,0.0,0.0,0.0,25.55,5.1,0.0
20200729:1530,0.0,0.0,0.0,25.42,5.31,0.0
20200729:1630,0.0,0.0,0.0,25.39,5.17,0.0
20200729:1730,0.0,0.0,0.0,25.41,5.03,0.0
20200729:1830,0.0,0.0,0.0,25.37,5.45,0.0
20200729:1930,0.0,0.0,0.0,25.35,4.76,0.0
20200729:2030,0.0,0.0,0.0,25.48,5.1,0.0
20200729:2130,0.0,0.0,-2.64,25.53,5.59,0.0
20200729:2230,208.86,265.74,11.35,25.76,5.17,0.0
20200729:2330,272.45,343.93,25.48,25.9,5.38,0.0
20200730:0030,359.57,451.27,39.69,26.45,5.24,0.0
20200730:0130,375.87,473.06,53.87,26.8,5.72,0.0
20200730:0230,334.66,426.28,67.77,27.18,6.14,0.0
20200730:0330,330.27,418.17,79.95,26.71,6.0,0.0
20200730:0430,299.99,383.94,78.69,27.18,6.28,0.0
20200730:0530,288.58,367.74,66.02,27.31,6.69,0.0
20200730:0630,402.84,507.86,52.06,26.41,6.55,0.0
20200730:0730,403.88,505.03,37.87,27.21,7.59,0.0
20200730:0830,172.47,225.25,23.65,27.25,7.38,0.0
20200730:0930,121.7,163.75,9.52,27.11,6.62,0.0
20200730:1030,0.0,0.0,-4.46,26.93,5.93,0.0
20200730:1130,0.0,0.0,0.0,26.81,5.31,0.0
20200730:1230,0.0,0.0,0.0,26.54,4.48,0.0
20200730:1330,0.0,0.0,0.0,25.84,4.14,0.0
20200730:1430,0.0,0.0,0.0,25.96,4.14,0.0
20200730:1530,0.0,0.0,0.0,25.49,4.76,0.0
20200730:1630,0.0,0.0,0.0,25.43,4.55,0.0
20200730:1730,0.0,0.0,0.0,25.52,4.48,0.0
20200730:1830,0.0,0.0,0.0,25.67,4.83,0.0
20200730:1930,0.0,0.0,0.0,25.39,4.83,0.0
20200730:2030,0.0,0.0,0.0,25.4,4.9,0.0
20200730:2130,0.0,0.0,-2.68,25.66,4.55,0.0
20200730:2230,117.56,159.04,11.32,25.79,4.34,0.0
20200730:2330,214.03,275.74,25.48,26.03,4.69,0.0
20200731:0030,314.56,400.66,39.7,26.63,4.55,0.0
20200731:0130,462.75,589.77,53.91,27.03,4.69,0.0
20200731:0230,462.37,593.0,67.85,27.66,4.83,0.0
20200731:0330,352.8,454.66,80.14,27.62,4.69,0.0
20200731:0430,398.97,512.45,78.84,27.41,4.34,0.0
20200731:0530,205.16,272.48,66.08,27.49,4.83,0.0
20200731:0630,256.54,330.37,52.07,27.14,4.76,0.0
20200731:0730,194.29,255.64,37.86,27.72,4.62,0.0
20200731:0830,135.43,183.07,23.63,27.6,4.28,0.0
20200731:0930,29.46,51.76,9.47,27.26,3.72,0.0
20200731:1030,0.0,0.0,-4.52,26.08,3.66,0.0
20200731:1130,0.0,0.0,0.0,25.54,3.45,0.0
20200731:1230,0.0,0.0,0.0,25.59,3.38,0.0
20200731:1330,0.0,0.0,0.0,25.62,3.52,0.0
20200731:1430,0.0,0.0,0.0,25.69,3.24,0.0
20200731:1530,0.0,0.0,0.0,25.68,2.9,0.0
20200731:1630,0.0,0.0,0.0,25.68,2.9,0.0
20200731:1730,0.0,0.0,0.0,25.39,3.03,0.0
20200731:1830,0.0,0.0,0.0,25.53,2.62,0.0
20200731:1930,0.0,0.0,0.0,25.27,2.69,0.0
20200731:2030,0.0,0.0,0.0,25.35,3.17,0.0
20200731:2130,0.0,0.0,-2.72,24.9,3.1,0.0
20200731:2230,23.44,43.26,11.3,25.0,2.9,0.0
20200731:2330,54.76,84.21,25.47,25.27,2.21,0.0
20200801:0030,81.2,118.21,39.72,25.75,1.93,0.0
20200801:0130,130.61,178.56,53.95,25.96,2.07,0.0
20200801:0230,213.65,280.99,67.93,26.17,2.34,0.0
20200801:0330,227.66,297.7,80.34,26.72,2.69,0.0
20200801:0430,188.84,251.27,79.0,27.16,2.83,0.0
20200801:0530,172.61,231.28,66.13,27.03,2.69,0.0
20200801:0630,98.55,139.91,52.09,27.05,2.34,0.0
20200801:0730,71.24,106.02,37.85,27.64,3.17,0.0
20200801:0830,63.91,96.46,23.6,27.43,2.76,0.0
20200801:0930,7.02,19.95,9.42,27.4,1.72,0.0
20200801:1030,0.0,0.0,-4.59,26.84,0.97,0.0
20200801:1130,0.0,0.0,0.0,26.5,0.97,0.0
20200801:1230,0.0,0.0,0.0,25.74,1.59,0.0
20200801:1330,0.0,0.0,0.0,25.65,1.38,0.0
20200801:1430,0.0,0.0,0.0,26.73,0.9,0.0
20200801:1530,0.0,0.0,0.0,27.12,0.41,0.0
20200801:1630,0.0,0.0,0.0,26.83,0.34,0.0
20200801:1730,0.0,0.0,0.0,26.29,0.76,0.0
20200801:1830,0.0,0.0,0.0,24.89,1.17,0.0
20200801:1930,0.0,0.0,0.0,24.91,1.93,0.0
20200801:2030,0.0,0.0,0.0,24.98,2.0,0.0
20200801:2130,0.0,0.0,-2.76,24.94,1.86,0.0
20200801:2230,240.29,305.64,11.28,24.82,2.07,0.0
20200801:2330,380.69,485.51,25.47,25.89,2.0,0.0
20200802:0030,430.36,553.37,39.74,26.71,2.14,0.0
20200802:0130,543.29,710.13,53.99,27.61,2.28,0.0
20200802:0230,547.97,718.54,68.02,28.43,2.48,0.0
20200802:0330,619.61,821.78,80.53,29.12,2.69,0.0
20200802:0430,623.88,827.72,79.15,29.76,2.9,0.0
20200802:0530,594.91,786.37,66.18,30.16,3.38,0.0
20200802:0630,406.82,530.18,52.1,30.24,3.59,0.0
20200802:0730,204.07,269.49,37.83,29.49,3.24,0.0
20200802:0830,131.59,180.14,23.57,28.91,3.24,0.0
20200802:0930,107.27,148.37,9.37,28.75,3.31,0.0
20200802:1030,0.0,0.0,-4.66,28.25,3.1,0.0
20200802:1130,0.0,0.0,0.0,27.77,3.17,0.0
20200802:1230,0.0,0.0,0.0,27.5,2.97,0.0
20200802:1330,0.0,0.0,0.0,27.15,2.62,0.0
20200802:1430,0.0,0.0,0.0,26.88,2.48,0.0
20200802:1530,0.0,0.0,0.0,26.67,2.55,0.0
20200802:1630,0.0,0.0,0.0,26.39,2.48,0.0
20200802:1730,0.0,0.0,0.0,25.89,2.21,0.0
20200802:1830,0.0,0.0,0.0,25.36,1.93,0.0
20200802:1930,0.0,0.0,0.0,25.45,2.14,0.0
20200802:2030,0.0,0.0,0.0,25.18,2.14,0.0
20200802:2130,0.0,0.0,-2.8,24.89,1.79,0.0
20200802:2230,370.96,473.89,11.26,25.3,1.1,0.0
20200802:2330,506.66,671.08,25.47,26.85,0.62,0.0
20200803:0030,563.38,751.74,39.76,28.01,1.17,0.0
20200803:0130,530.96,705.18,54.03,28.61,1.52,0.0
20200803:0230,503.42,667.4,68.1,29.17,1.72,0.0
20200803:0330,462.02,610.05,80.73,29.53,2.0,0.0
20200803:0430,425.5,559.97,79.3,29.27,1.93,0.0
20200803:0530,453.87,593.8,66.22,29.24,2.34,0.0
20200803:0630,78.05,116.62,52.1,29.49,2.41,0.0
20200803:0730,67.74,102.49,37.82,28.06,1.79,0.0
20200803:0830,31.94,55.81,23.53,27.91,2.14,0.0
20200803:0930,65.9,97.93,9.32,27.71,1.86,0.0
20200803:1030,0.0,0.0,-4.74,27.59,1.93,0.0
20200803:1130,0.0,0.0,0.0,27.17,1.72,0.0
20200803:1230,0.0,0.0,0.0,26.63,1.59,0.0
20200803:1330,0.0,0.0,0.0,26.39,2.21,0.0
20200803:1430,0.0,0.0,0.0,26.25,2.69,0.0
20200803:1530,0.0,0.0,0.0,26.08,2.62,0.0
20200803:1630,0.0,0.0,0.0,25.88,2.34,0.0
20200803:1730,0.0,0.0,0.0,25.7,2.48,0.0
20200803:1830,0.0,0.0,0.0,25.53,2.41,0.0
20200803:1930,0.0,0.0,0.0,25.64,2.21,0.0
20200803:2030,0.0,0.0,0.0,25.5,2.34,0.0
20200803:2130,0.0,0.0,-2.84,25.43,2.76,0.0
20200803:2230,164.31,214.87,11.24,25.41,2.83,0.0
20200803:2330,431.04,548.06,25.47,25.84,2.69,0.0
20200804:0030,529.87,682.5,39.78,26.82,3.1,0.0
20200804:0130,563.66,732.87,54.08,27.95,3.24,0.0
20200804:0230,541.85,708.75,68.19,28.65,2.97,0.0
20200804:0330,475.82,623.0,80.94,29.0,2.55,0.0
20200804:0430,413.79,538.33,79.44,28.65,3.31,0.0
20200804:0530,361.58,468.26,66.26,28.61,3.72,0.0
20200804:0630,506.72,655.38,52.11,28.64,3.93,0.0
20200804:0730,357.07,457.53,37.8,28.92,5.1,0.0
20200804:0830,83.01,120.49,23.49,28.34,5.17,0.0
20200804:0930,36.44,60.76,9.26,27.42,4.07,0.0
20200804:1030,0.0,0.0,-4.81,27.03,3.1,0.0
20200804:1130,0.0,0.0,0.0,26.76,2.9,0.0
20200804:1230,0.0,0.0,0.0,26.54,3.17,0.0
20200804:1330,0.0,0.0,0.0,26.26,3.93,0.0
20200804:1430,0.0,0.0,0.0,26.09,3.66,0.0
20200804:1530,0.0,0.0,0.0,25.95,3.24,0.0
20200804:1630,0.0,0.0,0.0,25.86,3.03,0.0
20200804:1730,0.0,0.0,0.0,25.66,3.17,0.0
20200804:1830,0.0,0.0,0.0,25.47,3.24,0.0
20200804:1930,0.0,0.0,0.0,25.03,2.97,0.0
20200804:2030,0.0,0.0,0.0,24.99,2.97,0.0
20200804:2130,0.0,0.0,-2.88,25.08,3.17,0.0
20200804:2230,27.06,48.51,11.22,25.09,3.03,0.0
20200804:2330,115.27,158.76,25.47,25.57,2.69,0.0
20200805:0030,258.36,335.04,39.8,26.22,2.76,0.0
20200805:0130,403.9,521.84,54.13,27.14,3.17,0.0
20200805:0230,451.14,587.92,68.28,28.0,3.1,0.0
20200805:0330,398.01,520.22,81.14,28.91,2.69,0.0
20200805:0430,463.11,610.77,79.58,29.05,2.07,0.0
20200805:0530,515.8,683.81,66.3,29.44,1.79,0.0
20200805:0630,260.96,346.14,52.1,29.14,1.1,0.0
20200805:0730,319.12,410.07,37.77,27.58,3.24,0.0
20200805:0830,209.78,272.77,23.45,27.65,3.1,0.0
20200805:0930,64.49,95.64,9.2,27.66,3.03,0.0
20200805:1030,0.0,0.0,-4.89,27.39,2.34,0.0
20200805:1130,0.0,0.0,0.0,26.94,1.45,0.0
20200805:1230,0.0,0.0,0.0,25.9,1.38,0.0
20200805:1330,0.0,0.0,0.0,25.56,1.59,0.0
20200805:1430,0.0,0.0,0.0,25.76,0.55,0.0
20200805:1530,0.0,0.0,0.0,25.44,0.69,0.0
20200805:1630,0.0,0.0,0.0,25.21,0.97,0.0
20200805:1730,0.0,0.0,0.0,25.13,0.9,0.0
20200805:1830,0.0,0.0,0.0,25.58,0.69,0.0
20200805:1930,0.0,0.0,0.0,25.44,0.83,0.0
20200805:2030,0.0,0.0,0.0,26.15,0.14,0.0
20200805:2130,0.0,0.0,-2.91,26.02,0.55,0.0
20200805:2230,3.48,13.63,11.21,26.07,0.62,0.0
20200805:2330,21.13,41.01,25.47,25.97,0.62,0.0
20200806:0030,129.72,179.4,39.83,26.37,0.76,0.0
20200806:0130,156.75,212.98,54.18,26.84,1.17,0.0
20200806:0230,231.23,306.26,68.37,27.12,1.66,0.0
20200806:0330,177.41,239.96,81.35,27.39,2.14,0.0
20200806:0430,222.13,295.73,79.72,27.36,2.48,0.0
20200806:0530,296.88,387.39,66.33,27.57,2.9,0.0
20200806:0630,191.29,254.61,52.1,27.85,3.38,0.0
20200806:0730,65.39,99.66,37.75,28.21,3.59,0.0
20200806:0830,41.48,68.43,23.4,27.78,3.1,0.0
20200806:0930,41.86,67.82,9.14,27.55,2.69,0.0
20200806:1030,0.0,0.0,-4.98,26.93,2.83,0.0
20200806:1130,0.0,0.0,0.0,26.41,2.41,0.0
20200806:1230,0.0,0.0,0.0,26.16,2.55,0.0
20200806:1330,0.0,0.0,0.0,25.76,2.83,0.0
20200806:1430,0.0,0.0,0.0,25.36,3.31,0.0
20200806:1530,0.0,0.0,0.0,25.27,3.1,0.0
20200806:1630,0.0,0.0,0.0,25.33,3.31,0.0
20200806:1730,0.0,0.0,0.0,25.22,3.72,0.0
20200806:1830,0.0,0.0,0.0,25.16,3.24,0.0
20200806:1930,0.0,0.0,0.0,25.61,4.34,0.0
20200806:2030,0.0,0.0,0.0,25.57,4.21,0.0
20200806:2130,0.0,0.0,-2.94,25.37,4.76,0.0
20200806:2230,2.15,10.96,11.2,25.35,5.17,0.0
20200806:2330,24.27,45.17,25.48,25.42,4.9,0.0
20200807:0030,47.9,76.43,39.85,25.77,4.76,0.0
20200807:0130,154.08,206.71,54.23,25.84,4.83,0.0
20200807:0230,163.65,219.76,68.46,26.23,5.31,0.0
20200807:0330,185.5,245.72,81.55,26.34,4.76,0.0
20200807:0430,178.08,237.44,79.85,26.62,4.83,0.0
20200807:0530,223.65,291.96,66.36,26.87,5.52,0.0
20200807:0630,153.41,206.96,52.09,27.08,5.66,0.0
20200807:0730,120.95,166.83,37.71,27.43,6.76,0.0
20200807:0830,43.96,71.48,23.35,27.47,6.14,0.0
20200807:0930,70.89,103.37,9.07,27.17,5.24,0.0
20200807:1030,0.0,0.0,-5.07,26.84,4.76,0.0
20200807:1130,0.0,0.0,0.0,26.6,4.28,0.0
20200807:1230,0.0,0.0,0.0,26.4,3.93,0.0
20200807:1330,0.0,0.0,0.0,26.41,3.45,0.0
20200807:1430,0.0,0.0,0.0,26.39,3.52,0.0
20200807:1530,0.0,0.0,0.0,26.31,3.59,0.0
20200807:1630,0.0,0.0,0.0,26.35,3.86,0.0
20200807:1730,0.0,0.0,0.0,26.43,4.07,0.0
20200807:1830,0.0,0.0,0.0,26.6,4.28,0.0
20200807:1930,0.0,0.0,0.0,26.49,4.28,0.0
20200807:2030,0.0,0.0,0.0,26.11,4.34,0.0
20200807:2130,0.0,0.0,-2.98,26.12,4.21,0.0
20200807:2230,224.03,285.51,11.19,25.89,4.62,0.0
20200807:2330,437.16,547.98,25.48,26.28,5.38,0.0
20200808:0030,485.14,610.54,39.88,26.82,5.72,0.0
20200808:0130,474.7,602.3,54.28,27.34,5.31,0.0
20200808:0230,595.46,765.13,68.54,27.81,5.03,0.0
20200808:0330,621.68,797.93,81.76,28.37,5.79,0.0
20200808:0430,483.46,616.82,79.98,28.61,5.79,0.0
20200808:0530,283.39,364.08,66.38,27.4,5.93,0.0
20200808:0630,306.77,391.27,52.08,27.19,5.93,0.0
20200808:0730,271.03,346.92,37.68,27.63,6.07,0.0
20200808:0830,105.52,146.93,23.3,27.89,6.0,0.0
20200808:0930,107.95,147.97,9.0,27.65,4.9,0.0
20200808:1030,0.0,0.0,-5.16,27.4,4.28,0.0
20200808:1130,0.0,0.0,0.0,26.96,4.9,0.0
20200808:1230,0.0,0.0,0.0,25.95,4.76,0.0
20200808:1330,0.0,0.0,0.0,25.78,5.03,0.0
20200808:1430,0.0,0.0,0.0,25.79,4.34,0.0
20200808:1530,0.0,0.0,0.0,25.97,4.14,0.0
20200808:1630,0.0,0.0,0.0,25.69,4.69,0.0
20200808:1730,0.0,0.0,0.0,25.48,4.9,0.0
20200808:1830,0.0,0.0,0.0,25.55,4.41,0.0
20200808:1930,0.0,0.0,0.0,25.33,4.48,0.0
20200808:2030,0.0,0.0,0.0,25.21,4.69,0.0
20200808:2130,0.0,0.0,-3.01,25.21,4.48,0.0
20200808:2230,165.9,215.02,11.18,25.55,4.41,0.0
20200808:2330,248.44,314.71,25.49,26.02,4.83,0.0
20200809:0030,307.76,389.58,39.91,26.49,4.97,0.0
20200809:0130,198.83,259.99,54.33,27.08,5.03,0.0
20200809:0230,253.35,328.21,68.63,27.03,5.38,0.0
20200809:0330,318.75,409.67,81.97,27.51,5.72,0.0
20200809:0430,279.4,361.66,80.1,28.07,6.07,0.0
20200809:0530,297.43,383.21,66.4,28.18,5.45,0.0
20200809:0630,554.16,710.19,52.06,28.37,5.24,0.0
20200809:0730,433.33,551.61,37.64,29.5,5.93,0.0
20200809:0830,246.88,316.99,23.24,29.25,6.0,0.0
20200809:0930,98.49,136.97,8.92,28.33,5.1,0.0
20200809:1030,0.0,0.0,-5.25,27.7,4.41,0.0
20200809:1130,0.0,0.0,0.0,27.41,4.07,0.0
20200809:1230,0.0,0.0,0.0,27.31,3.86,0.0
20200809:1330,0.0,0.0,0.0,27.04,3.86,0.0
20200809:1430,0.0,0.0,0.0,26.99,3.79,0.0
20200809:1530,0.0,0.0,0.0,26.94,3.66,0.0
20200809:1630,0.0,0.0,0.0,26.87,3.52,0.0
20200809:1730,0.0,0.0,0.0,26.65,3.31,0.0
20200809:1830,0.0,0.0,0.0,26.68,2.97,0.0
20200809:1930,0.0,0.0,0.0,26.65,2.76,0.0
20200809:2030,0.0,0.0,0.0,26.59,2.83,0.0
20200809:2130,0.0,0.0,-3.03,26.56,2.69,0.0
20200809:2230,78.7,113.21,11.17,26.47,2.55,0.0
20200809:2330,223.59,290.43,25.5,27.1,2.55,0.0
20200810:0030,343.18,442.81,39.94,28.0,2.69,0.0
20200810:0130,290.97,379.83,54.38,28.52,2.48,0.0
20200810:0230,393.54,516.29,68.72,29.03,2.14,0.0
20200810:0330,390.78,515.33,82.17,29.45,1.93,0.0
20200810:0430,434.98,575.61,80.21,29.49,1.72,0.0
20200810:0530,416.23,547.83,66.41,29.91,1.79,0.0
20200810:0630,311.52,409.19,52.04,30.08,2.0,0.0
20200810:0730,106.85,152.33,37.6,29.47,1.31,0.0
20200810:0830,74.24,110.32,23.18,29.27,1.45,0.0
20200810:0930,57.09,87.22,8.84,29.15,1.1,0.0
20200810:1030,0.0,0.0,-5.35,28.93,0.28,0.0
20200810:1130,0.0,0.0,0.0,28.86,0.34,0.0
20200810:1230,0.0,0.0,0.0,28.05,0.83,0.0
20200810:1330,0.0,0.0,0.0,27.48,1.03,0.0
20200810:1430,0.0,0.0,0.0,27.93,0.83,0.0
20200810:1530,0.0,0.0,0.0,27.9,0.62,0.0
20200810:1630,0.0,0.0,0.0,27.84,0.14,0.0
20200810:1730,0.0,0.0,0.0,26.49,0.97,0.0
20200810:1830,0.0,0.0,0.0,24.95,1.38,0.0
20200810:1930,0.0,0.0,0.0,25.01,1.38,0.0
20200810:2030,0.0,0.0,0.0,24.81,1.31,0.0
20200810:2130,0.0,0.0,-3.06,24.66,1.1,0.0
20200810:2230,359.18,458.91,11.16,24.92,0.83,0.0
20200810:2330,546.36,730.81,25.52,26.29,0.34,0.0
20200811:0030,634.2,870.82,39.97,27.77,0.55,0.0
20200811:0130,671.24,918.68,54.43,28.73,1.31,0.0
20200811:0230,667.08,914.72,68.81,29.33,1.38,0.0
20200811:0330,660.01,917.32,82.38,29.9,0.9,0.0
20200811:0430,642.65,893.3,80.32,30.46,0.9,0.0
20200811:0530,627.88,877.27,66.42,30.61,0.55,0.0
20200811:0630,610.68,850.85,52.01,30.8,0.55,0.0
20200811:0730,469.24,622.36,37.55,30.82,1.79,0.0
20200811:0830,412.36,541.39,23.12,30.43,1.59,0.0
20200811:0930,246.79,325.15,8.76,30.0,0.28,0.0
20200811:1030,0.0,0.0,-5.45,28.54,0.76,0.0
20200811:1130,0.0,0.0,0.0,27.71,1.72,0.0
20200811:1230,0.0,0.0,0.0,26.84,1.52,0.0
20200811:1330,0.0,0.0,0.0,26.72,0.76,0.0
20200811:1430,0.0,0.0,0.0,26.25,2.07,0.0
20200811:1530,0.0,0.0,0.0,25.96,2.62,0.0
20200811:1630,0.0,0.0,0.0,25.75,2.21,0.0
20200811:1730,0.0,0.0,0.0,25.66,2.07,0.0
20200811:1830,0.0,0.0,0.0,25.54,2.28,0.0
20200811:1930,0.0,0.0,0.0,25.68,2.69,0.0
20200811:2030,0.0,0.0,0.0,25.65,2.62,0.0
20200811:2130,0.0,0.0,-3.08,25.41,2.83,0.0
20200811:2230,13.57,30.01,11.16,25.29,2.48,0.0
20200811:2330,84.32,121.29,25.53,25.44,2.14,0.0
20200812:0030,234.0,304.79,40.0,25.96,1.86,0.0
20200812:0130,287.7,375.01,54.49,26.77,2.0,0.0
20200812:0230,396.57,520.14,68.9,27.55,1.86,0.0
20200812:0330,333.21,440.93,82.59,27.98,1.66,0.0
20200812:0430,379.41,501.35,80.41,28.0,1.66,0.0
20200812:0530,333.11,440.56,66.42,28.02,1.31,0.0
20200812:0630,118.25,166.14,51.98,27.7,1.52,0.0
20200812:0730,117.15,163.33,37.5,27.04,1.66,0.0
20200812:0830,59.32,90.4,23.05,26.52,1.24,0.0
20200812:0930,20.09,38.7,8.68,26.15,1.52,0.0
20200812:1030,0.0,0.0,-5.56,25.8,2.07,0.0
20200812:1130,0.0,0.0,0.0,25.53,1.79,0.0
20200812:1230,0.0,0.0,0.0,25.24,2.0,0.0
20200812:1330,0.0,0.0,0.0,24.97,2.14,0.0
20200812:1430,0.0,0.0,0.0,24.87,2.14,0.0
20200812:1530,0.0,0.0,0.0,24.66,1.72,0.0
20200812:1630,0.0,0.0,0.0,24.47,1.66,0.0
20200812:1730,0.0,0.0,0.0,24.26,1.17,0.0
20200812:1830,0.0,0.0,0.0,24.29,0.9,0.0
20200812:1930,0.0,0.0,0.0,24.61,1.17,0.0
20200812:2030,0.0,0.0,0.0,24.64,0.83,0.0
20200812:2130,0.0,0.0,-3.11,25.14,2.21,0.0
20200812:2230,0.0,3.99,11.15,25.23,2.55,0.0
20200812:2330,2.82,12.3,25.54,25.26,2.83,0.0
20200813:0030,24.84,46.03,40.04,25.53,3.1,0.0
20200813:0130,53.0,83.09,54.54,25.52,2.9,0.0
20200813:0230,141.78,193.21,68.99,25.88,3.31,0.0
20200813:0330,226.17,296.13,82.79,25.97,3.79,0.0
20200813:0430,181.68,241.29,80.5,25.99,3.79,0.0
20200813:0530,264.31,342.18,66.42,26.06,3.72,0.0
20200813:0630,134.88,183.12,51.95,26.04,4.41,0.0
20200813:0730,172.78,227.82,37.45,26.47,2.76,0.0
20200813:0830,107.62,148.73,22.98,26.56,2.69,0.0
20200813:0930,46.1,72.45,8.59,26.6,2.48,0.0
20200813:1030,0.0,0.0,-5.66,26.14,2.14,0.0
20200813:1130,0.0,0.0,0.0,25.76,2.0,0.0
20200813:1230,0.0,0.0,0.0,25.49,2.0,0.0
20200813:1330,0.0,0.0,0.0,25.33,2.28,0.0
20200813:1430,0.0,0.0,0.0,25.45,2.41,0.0
20200813:1530,0.0,0.0,0.0,25.27,2.14,0.0
20200813:1630,0.0,0.0,0.0,25.44,2.14,0.0
20200813:1730,0.0,0.0,0.0,25.42,1.93,0.0
20200813:1830,0.0,0.0,0.0,25.37,1.93,0.0
20200813:1930,0.0,0.0,0.0,25.12,3.03,0.0
20200813:2030,0.0,0.0,0.0,25.05,2.76,0.0
20200813:2130,0.0,0.0,-3.13,25.02,2.55,0.0
20200813:2230,108.22,147.64,11.15,25.1,2.62,0.0
20200813:2330,228.64,294.24,25.56,25.85,2.76,0.0
20200814:0030,435.9,556.24,40.07,26.54,2.97,0.0
20200814:0130,517.34,669.44,54.6,27.23,2.97,0.0
20200814:0230,638.97,848.83,69.08,27.92,2.69,0.0
20200814:0330,643.28,854.88,82.99,28.83,2.9,0.0
20200814:0430,646.38,856.25,80.58,29.47,3.45,0.0
20200814:0530,646.75,853.84,66.41,29.97,3.86,0.0
20200814:0630,532.3,692.14,51.91,30.0,3.86,0.0
20200814:0730,449.9,581.36,37.39,29.53,2.97,0.0
20200814:0830,425.52,551.79,22.9,29.6,2.48,0.0
20200814:0930,246.79,319.86,8.5,29.1,1.72,0.0
20200814:1030,0.0,0.0,-5.77,28.16,1.45,0.0
20200814:1130,0.0,0.0,0.0,27.31,1.38,0.0
20200814:1230,0.0,0.0,0.0,27.22,0.9,0.0
20200814:1330,0.0,0.0,0.0,27.14,0.83,0.0
20200814:1430,0.0,0.0,0.0,26.78,0.55,0.0
20200814:1530,0.0,0.0,0.0,26.75,0.41,0.0
20200814:1630,0.0,0.0,0.0,26.28,0.76,0.0
20200814:1730,0.0,0.0,0.0,24.86,1.38,0.0
20200814:1830,0.0,0.0,0.0,24.56,1.45,0.0
20200814:1930,0.0,0.0,0.0,24.53,1.52,0.0
20200814:2030,0.0,0.0,0.0,24.68,1.24,0.0
20200814:2130,0.0,0.0,-3.15,24.8,0.97,0.0
20200814:2230,338.68,432.46,11.15,24.94,0.83,0.0
20200814:2330,468.95,615.86,25.58,25.66,0.34,0.0
20200815:0030,576.25,777.04,40.11,26.72,0.48,0.0
20200815:0130,622.83,850.52,54.65,27.66,0.76,0.0
20200815:0230,583.21,791.05,69.16,28.42,0.97,0.0
20200815:0330,623.66,844.59,83.18,28.82,1.45,0.0
20200815:0430,596.08,798.81,80.64,29.43,2.14,0.0
20200815:0530,593.94,788.64,66.39,29.42,2.83,0.0
20200815:0630,361.59,474.82,51.87,29.58,2.41,0.0
20200815:0730,289.47,377.33,37.33,28.56,2.21,0.0
20200815:0830,225.86,296.39,22.82,28.52,1.45,0.0
20200815:0930,94.19,133.32,8.4,28.42,1.17,0.0
20200815:1030,0.0,0.0,-5.89,28.11,1.17,0.0
20200815:1130,0.0,0.0,0.0,27.26,1.17,0.0
20200815:1230,0.0,0.0,0.0,27.07,0.9,0.0
20200815:1330,0.0,0.0,0.0,27.06,0.9,0.0
20200815:1430,0.0,0.0,0.0,26.39,1.03,0.0
20200815:1530,0.0,0.0,0.0,25.52,1.38,0.0
20200815:1630,0.0,0.0,0.0,25.33,1.59,0.0
20200815:1730,0.0,0.0,0.0,25.23,1.72,0.0
20200815:1830,0.0,0.0,0.0,25.14,1.86,0.0
20200815:1930,0.0,0.0,0.0,25.32,1.45,0.0
20200815:2030,0.0,0.0,0.0,26.05,1.03,0.0
20200815:2130,0.0,0.0,-3.17,25.08,1.38,0.0
20200815:2230,139.87,186.04,11.15,25.1,1.86,0.0
20200815:2330,394.09,505.64,25.6,26.32,1.72,0.0
20200816:0030,501.72,652.72,40.15,27.07,2.14,0.0
20200816:0130,530.54,694.7,54.71,27.7,2.07,0.0
20200816:0230,522.85,685.55,69.25,28.22,2.21,0.0
20200816:0330,488.83,636.35,83.37,28.75,2.69,0.0
20200816:0430,375.17,485.6,80.7,27.82,3.17,0.0
20200816:0530,247.43,325.14,66.37,27.86,2.34,0.0
20200816:0630,217.64,284.97,51.82,27.38,2.48,0.0
20200816:0730,337.61,436.86,37.26,28.07,2.07,0.0
20200816:0830,253.08,327.93,22.74,28.31,2.07,0.0
20200816:0930,127.26,171.24,8.3,27.09,2.62,0.0
20200816:1030,0.0,0.0,-6.0,26.81,2.21,0.0
20200816:1130,0.0,0.0,0.0,26.3,2.0,0.0
20200816:1230,0.0,0.0,0.0,25.95,2.34,0.0
20200816:1330,0.0,0.0,0.0,25.93,2.14,0.0
20200816:1430,0.0,0.0,0.0,25.86,2.9,0.0
20200816:1530,0.0,0.0,0.0,25.85,3.24,0.0
20200816:1630,0.0,0.0,0.0,25.74,3.45,0.0
20200816:1730,0.0,0.0,0.0,25.66,3.59,0.0
20200816:1830,0.0,0.0,0.0,25.31,3.59,0.0
20200816:1930,0.0,0.0,0.0,25.43,3.59,0.0
20200816:2030,0.0,0.0,0.0,25.11,3.1,0.0
20200816:2130,0.0,0.0,-3.18,25.1,2.9,0.0
20200816:2230,53.64,82.19,11.16,25.36,3.1,0.0
20200816:2330,273.22,348.33,25.62,25.75,2.83,0.0
20200817:0030,353.13,451.08,40.18,26.2,2.76,0.0
20200817:0130,307.55,398.13,54.76,26.69,2.97,0.0
20200817:0230,490.52,634.34,69.33,27.01,3.45,0.0
20200817:0330,390.87,504.06,83.56,27.69,3.66,0.0
20200817:0430,395.97,508.04,80.74,27.36,4.0,0.0
20200817:0530,349.71,449.72,66.34,27.3,4.07,0.0
20200817:0630,123.71,172.07,51.77,27.45,3.93,0.0
20200817:0730,134.15,183.04,37.19,27.35,3.59,0.0
20200817:0830,109.43,151.66,22.66,26.75,3.31,0.0
20200817:0930,14.51,31.27,8.2,26.71,3.45,0.0
20200817:1030,0.0,0.0,-6.12,26.39,2.97,0.0
20200817:1130,0.0,0.0,0.0,26.15,2.41,0.0
20200817:1230,0.0,0.0,0.0,25.66,2.41,0.0
20200817:1330,0.0,0.0,0.0,25.35,2.83,0.0
20200817:1430,0.0,0.0,0.0,25.44,2.69,0.0
20200817:1530,0.0,0.0,0.0,25.46,2.48,0.0
20200817:1630,0.0,0.0,0.0,25.44,2.62,0.0
20200817:1730,0.0,0.0,0.0,25.24,3.31,0.0
20200817:1830,0.0,0.0,0.0,25.22,3.52,0.0
20200817:1930,0.0,0.0,0.0,25.06,2.55,0.0
20200817:2030,0.0,0.0,0.0,25.26,2.97,0.0
20200817:2130,0.0,0.0,-3.19,25.0,3.24,0.0
20200817:2230,184.11,237.95,11.16,25.33,3.24,0.0
20200817:2330,211.39,273.62,25.64,25.7,3.03,0.0
20200818:0030,396.65,506.74,40.22,26.08,2.9,0.0
20200818:0130,531.08,689.83,54.82,26.65,2.97,0.0
20200818:0230,516.74,670.4,69.41,27.35,3.03,0.0
20200818:0330,500.87,646.13,83.74,27.21,3.52,0.0
20200818:0430,423.46,543.85,80.78,27.0,3.66,0.0
20200818:0530,355.07,458.5,66.31,27.32,3.59,0.0
20200818:0630,326.66,423.23,51.71,27.64,3.24,0.0
20200818:0730,294.61,380.94,37.12,27.39,2.41,0.0
20200818:0830,150.11,200.9,22.57,27.55,2.76,0.0
20200818:0930,27.16,48.24,8.1,26.32,2.48,0.0
20200818:1030,0.0,0.0,0.0,25.67,2.14,0.0
20200818:1130,0.0,0.0,0.0,25.51,2.28,0.0
20200818:1230,0.0,0.0,0.0,25.55,2.76,0.0
20200818:1330,0.0,0.0,0.0,25.56,2.69,0.0
20200818:1430,0.0,0.0,0.0,25.32,3.31,0.0
20200818:1530,0.0,0.0,0.0,25.13,3.72,0.0
20200818:1630,0.0,0.0,0.0,25.4,3.17,0.0
20200818:1730,0.0,0.0,0.0,25.37,2.62,0.0
20200818:1830,0.0,0.0,0.0,25.42,2.41,0.0
20200818:1930,0.0,0.0,0.0,25.05,1.03,0.0
20200818:2030,0.0,0.0,0.0,24.86,1.03,0.0
20200818:2130,0.0,0.0,-3.21,24.74,1.59,0.0
20200818:2230,13.86,30.28,11.17,24.82,2.28,0.0
20200818:2330,208.64,269.91,25.66,25.25,2.48,0.0
20200819:0030,368.34,471.44,40.26,26.21,2.97,0.0
20200819:0130,516.44,667.11,54.88,27.06,3.24,0.0
20200819:0230,523.1,679.84,69.49,27.73,3.31,0.0
20200819:0330,547.86,712.61,83.9,27.91,3.79,0.0
20200819:0430,296.64,383.02,80.79,27.27,4.21,0.0
20200819:0530,157.03,210.72,66.27,26.66,4.07,0.0
20200819:0630,202.29,264.93,51.65,26.43,3.52,0.0
20200819:0730,123.84,171.0,37.04,27.31,3.31,0.0
20200819:0830,85.16,122.02,22.47,26.84,3.72,0.0
20200819:0930,32.62,55.14,7.99,26.45,3.31,0.0
20200819:1030,0.0,0.0,0.0,26.01,3.1,0.0
20200819:1130,0.0,0.0,0.0,25.68,2.69,0.0
20200819:1230,0.0,0.0,0.0,25.55,2.55,0.0
20200819:1330,0.0,0.0,0.0,25.57,2.55,0.0
20200819:1430,0.0,0.0,0.0,25.54,2.55,0.0
20200819:1530,0.0,0.0,0.0,25.53,2.9,0.0
20200819:1630,0.0,0.0,0.0,25.13,3.24,0.0
20200819:1730,0.0,0.0,0.0,25.11,3.79,0.0
20200819:1830,0.0,0.0,0.0,25.1,3.86,0.0
20200819:1930,0.0,0.0,0.0,25.4,2.9,0.0
20200819:2030,0.0,0.0,0.0,25.51,2.55,0.0
20200819:2130,0.0,0.0,-3.22,25.57,2.28,0.0
20200819:2230,4.02,14.6,11.18,25.55,2.21,0.0
20200819:2330,38.49,64.28,25.68,25.76,2.28,0.0
20200820:0030,117.02,162.3,40.3,26.21,2.48,0.0
20200820:0130,155.98,210.23,54.93,26.62,3.1,0.0
20200820:0230,263.71,343.59,69.57,27.0,3.31,0.0
20200820:0330,273.06,358.19,84.06,27.88,3.72,0.0
20200820:0430,409.81,530.86,80.8,28.21,4.14,0.0
20200820:0530,322.17,418.94,66.22,28.68,4.62,0.0
20200820:0630,439.59,563.27,51.58,28.58,4.9,0.0
20200820:0730,428.71,546.29,36.96,28.63,5.03,0.0
20200820:0830,227.01,292.72,22.38,28.33,4.83,0.0
20200820:0930,135.34,181.12,7.88,27.73,3.93,0.0
20200820:1030,0.0,0.0,0.0,27.16,3.59,0.0
20200820:1130,0.0,0.0,0.0,26.62,3.72,0.0
20200820:1230,0.0,0.0,0.0,26.24,3.52,0.0
20200820:1330,0.0,0.0,0.0,26.13,2.9,0.0
20200820:1430,0.0,0.0,0.0,26.15,2.62,0.0
20200820:1530,0.0,0.0,0.0,26.07,2.55,0.0
20200820:1630,0.0,0.0,0.0,26.01,2.48,0.0
20200820:1730,0.0,0.0,0.0,25.93,2.48,0.0
20200820:1830,0.0,0.0,0.0,25.82,2.62,0.0
20200820:1930,0.0,0.0,0.0,25.77,2.48,0.0
20200820:2030,0.0,0.0,0.0,25.76,2.48,0.0
20200820:2130,0.0,0.0,-3.23,25.71,2.55,0.0
20200820:2230,151.28,199.9,11.19,25.83,2.41,0.0
20200820:2330,418.01,534.45,25.71,26.64,2.69,0.0
20200821:0030,547.3,709.77,40.34,27.76,3.31,0.0
20200821:0130,511.72,664.19,54.99,28.54,3.72,0.0
20200821:0230,608.91,797.85,69.65,29.02,4.07,0.0
20200821:0330,592.38,773.57,84.21,29.49,4.21,0.0
20200821:0430,539.05,700.87,80.79,29.79,4.28,0.0
20200821:0530,530.28,689.71,66.17,29.59,4.21,0.0
20200821:0630,430.63,554.18,51.51,29.25,3.86,0.0
20200821:0730,430.03,554.28,36.87,29.6,3.52,0.0
20200821:0830,368.93,474.95,22.28,29.6,3.03,0.0
20200821:0930,232.21,300.15,7.76,29.26,2.83,0.0
20200821:1030,0.0,0.0,0.0,28.56,2.21,0.0
20200821:1130,0.0,0.0,0.0,27.89,2.28,0.0
20200821:1230,0.0,0.0,0.0,27.4,2.34,0.0
20200821:1330,0.0,0.0,0.0,27.06,2.14,0.0
20200821:1430,0.0,0.0,0.0,26.79,2.07,0.0
20200821:1530,0.0,0.0,0.0,26.45,2.0,0.0
20200821:1630,0.0,0.0,0.0,26.24,2.0,0.0
20200821:1730,0.0,0.0,0.0,26.13,2.0,0.0
20200821:1830,0.0,0.0,0.0,25.97,2.14,0.0
20200821:1930,0.0,0.0,0.0,25.72,1.72,0.0
20200821:2030,0.0,0.0,0.0,25.61,1.79,0.0
20200821:2130,0.0,0.0,-3.23,25.26,1.66,0.0
20200821:2230,361.61,459.37,11.2,25.31,1.66,0.0
20200821:2330,534.57,703.21,25.73,27.32,1.45,0.0
20200822:0030,594.64,788.58,40.38,28.1,1.86,0.0
20200822:0130,566.14,745.33,55.04,28.63,2.34,0.0
20200822:0230,640.11,851.71,69.72,28.94,2.62,0.0
20200822:0330,624.02,827.69,84.34,29.57,2.9,0.0
20200822:0430,581.92,768.05,80.77,29.92,3.17,0.0
20200822:0530,633.07,839.0,66.11,29.87,3.24,0.0
20200822:0630,558.36,733.05,51.43,30.04,3.17,0.0
20200822:0730,468.11,610.44,36.78,29.58,2.21,0.0
20200822:0830,314.21,405.26,22.18,29.43,2.34,0.0
20200822:0930,258.86,332.24,7.64,28.96,2.83,0.0
20200822:1030,0.0,0.0,0.0,28.3,3.17,0.0
20200822:1130,0.0,0.0,0.0,27.32,3.45,0.0
20200822:1230,0.0,0.0,0.0,27.03,3.03,0.0
20200822:1330,0.0,0.0,0.0,26.86,2.62,0.0
20200822:1430,0.0,0.0,0.0,26.66,2.21,0.0
20200822:1530,0.0,0.0,0.0,26.35,2.07,0.0
20200822:1630,0.0,0.0,0.0,25.99,1.79,0.0
20200822:1730,0.0,0.0,0.0,25.64,1.86,0.0
20200822:1830,0.0,0.0,0.0,25.75,2.55,0.0
20200822:1930,0.0,0.0,0.0,25.81,1.72,0.0
20200822:2030,0.0,0.0,0.0,25.42,1.52,0.0
20200822:2130,0.0,0.0,-3.24,25.69,1.17,0.0
20200822:2230,317.47,402.49,11.21,25.36,1.93,0.0
20200822:2330,455.55,588.1,25.76,26.79,1.79,0.0
20200823:0030,557.71,731.17,40.42,27.5,2.07,0.0
20200823:0130,651.48,876.02,55.09,28.09,1.93,0.0
20200823:0230,615.19,823.08,69.79,28.78,2.07,0.0
20200823:0330,533.67,708.87,84.46,28.96,2.07,0.0
20200823:0430,534.63,709.12,80.73,28.82,1.93,0.0
20200823:0530,342.88,450.34,66.04,28.61,1.52,0.0
20200823:0630,390.31,511.93,51.35,28.79,1.38,0.0
20200823:0730,253.6,332.64,36.69,28.77,2.07,0.0
20200823:0830,366.75,475.22,22.07,28.78,1.59,0.0
20200823:0930,92.3,130.73,7.52,28.65,1.24,0.0
20200823:1030,0.0,0.0,0.0,27.99,1.66,0.0
20200823:1130,0.0,0.0,0.0,27.33,1.93,0.0
20200823:1230,0.0,0.0,0.0,26.98,1.72,0.0
20200823:1330,0.0,0.0,0.0,26.49,1.86,0.0
20200823:1430,0.0,0.0,0.0,26.17,1.38,0.0
20200823:1530,0.0,0.0,0.0,25.8,1.38,0.0
20200823:1630,0.0,0.0,0.0,25.87,1.17,0.0
20200823:1730,0.0,0.0,0.0,26.82,0.76,0.0
20200823:1830,0.0,0.0,0.0,26.47,0.69,0.0
20200823:1930,0.0,0.0,0.0,26.75,0.62,0.0
20200823:2030,0.0,0.0,0.0,26.81,0.83,0.0
20200823:2130,0.0,0.0,-3.24,25.42,1.31,0.0
20200823:2230,335.21,426.53,11.22,25.37,1.38,0.0
20200823:2330,509.27,665.2,25.79,27.0,1.52,0.0
20200824:0030,623.74,832.15,40.46,27.67,1.79,0.0
20200824:0130,672.36,908.01,55.15,28.23,1.79,0.0
20200824:0230,600.74,803.61,69.85,29.06,1.93,0.0
20200824:0330,650.74,874.64,84.56,29.55,2.21,0.0
20200824:0430,626.64,836.62,80.68,29.97,2.55,0.0
20200824:0530,567.67,749.47,65.97,30.13,2.83,0.0
20200824:0630,610.69,808.79,51.27,29.86,2.97,0.0
20200824:0730,567.0,745.91,36.59,30.16,2.97,0.0
20200824:0830,431.59,557.97,21.96,29.96,2.97,0.0
20200824:0930,241.27,312.64,7.4,29.69,2.21,0.0
20200824:1030,0.0,0.0,0.0,28.97,2.14,0.0
20200824:1130,0.0,0.0,0.0,27.67,1.93,0.0
20200824:1230,0.0,0.0,0.0,27.36,1.86,0.0
20200824:1330,0.0,0.0,0.0,27.03,1.45,0.0
20200824:1430,0.0,0.0,0.0,26.66,1.31,0.0
20200824:1530,0.0,0.0,0.0,26.49,1.31,0.0
20200824:1630,0.0,0.0,0.0,26.1,1.38,0.0
20200824:1730,0.0,0.0,0.0,25.92,1.38,0.0
20200824:1830,0.0,0.0,0.0,25.5,1.45,0.0
20200824:1930,0.0,0.0,0.0,25.7,1.31,0.0
20200824:2030,0.0,0.0,0.0,25.31,1.31,0.0
20200824:2130,0.0,0.0,-3.24,25.04,1.38,0.0
20200824:2230,345.92,438.38,11.24,24.78,1.59,0.0
20200824:2330,532.93,698.05,25.82,26.94,1.59,0.0
20200825:0030,641.38,851.35,40.5,28.12,2.41,0.0
20200825:0130,673.02,895.76,55.2,28.99,3.1,0.0
20200825:0230,679.36,901.82,69.92,29.73,3.59,0.0
20200825:0330,689.79,918.33,84.65,30.19,3.79,0.0
20200825:0430,678.43,902.28,80.62,30.69,3.86,0.0
20200825:0530,638.95,845.77,65.89,30.85,3.86,0.0
20200825:0630,642.08,849.33,51.18,30.89,3.86,0.0
20200825:0730,597.67,785.35,36.49,30.61,3.72,0.0
20200825:0830,419.2,538.14,21.85,30.3,4.07,0.0
20200825:0930,305.57,390.48,7.28,29.7,3.72,0.0
20200825:1030,0.0,0.0,0.0,28.93,3.1,0.0
20200825:1130,0.0,0.0,0.0,28.31,2.83,0.0
20200825:1230,0.0,0.0,0.0,28.0,2.41,0.0
20200825:1330,0.0,0.0,0.0,27.62,2.0,0.0
20200825:1430,0.0,0.0,0.0,27.26,1.93,0.0
20200825:1530,0.0,0.0,0.0,27.14,2.14,0.0
20200825:1630,0.0,0.0,0.0,26.99,2.34,0.0
20200825:1730,0.0,0.0,0.0,26.8,2.41,0.0
20200825:1830,0.0,0.0,0.0,26.7,2.41,0.0
20200825:1930,0.0,0.0,0.0,26.29,1.86,0.0
20200825:2030,0.0,0.0,0.0,26.05,2.07,0.0
20200825:2130,0.0,0.0,-3.25,26.15,2.41,0.0
20200825:2230,442.35,561.73,11.25,26.13,2.62,0.0
20200825:2330,569.94,739.54,25.85,27.47,2.97,0.0
20200826:0030,505.11,652.16,40.54,28.49,3.86,0.0
20200826:0130,625.48,819.74,55.25,29.05,4.34,0.0
20200826:0230,599.8,784.52,69.97,29.6,4.62,0.0
20200826:0330,636.39,836.82,84.71,30.01,4.62,0.0
20200826:0430,564.97,732.58,80.54,30.27,4.76,0.0
20200826:0530,531.17,686.06,65.8,30.03,4.83,0.0
20200826:0630,572.65,742.29,51.08,30.03,4.9,0.0
20200826:0730,524.52,675.92,36.39,30.23,4.9,0.0
20200826:0830,383.77,489.42,21.73,30.07,4.76,0.0
20200826:0930,311.36,396.4,7.15,29.37,4.07,0.0
20200826:1030,0.0,0.0,0.0,28.48,3.86,0.0
20200826:1130,0.0,0.0,0.0,27.68,3.59,0.0
20200826:1230,0.0,0.0,0.0,27.3,3.59,0.0
20200826:1330,0.0,0.0,0.0,26.9,3.52,0.0
20200826:1430,0.0,0.0,0.0,26.58,3.24,0.0
20200826:1530,0.0,0.0,0.0,26.4,3.1,0.0
20200826:1630,0.0,0.0,0.0,26.26,2.97,0.0
20200826:1730,0.0,0.0,0.0,26.21,2.97,0.0
20200826:1830,0.0,0.0,0.0,25.97,2.76,0.0
20200826:1930,0.0,0.0,0.0,26.25,2.62,0.0
20200826:2030,0.0,0.0,0.0,26.03,2.62,0.0
20200826:2130,0.0,0.0,-3.24,25.76,2.69,0.0
20200826:2230,284.01,358.52,11.27,25.69,3.24,0.0
20200826:2330,442.08,557.31,25.88,26.35,4.14,0.0
20200827:0030,599.12,766.5,40.58,27.06,4.76,0.0
20200827:0130,662.27,853.85,55.3,27.49,5.1,0.0
20200827:0230,653.96,845.36,70.03,27.9,4.76,0.0
20200827:0330,651.57,846.88,84.75,28.6,4.55,0.0
20200827:0430,640.24,832.93,80.44,29.31,4.69,0.0
20200827:0530,604.82,785.63,65.71,29.59,4.83,0.0
20200827:0630,644.87,836.34,50.98,29.44,5.17,0.0
20200827:0730,442.84,566.96,36.28,29.44,4.69,0.0
20200827:0830,228.57,295.95,21.61,28.67,4.28,0.0
20200827:0930,56.09,85.27,7.02,27.95,3.59,0.0
20200827:1030,0.0,0.0,0.0,26.01,3.03,0.0
20200827:1130,0.0,0.0,0.0,25.9,2.14,0.0
20200827:1230,0.0,0.0,0.0,25.92,2.41,0.0
20200827:1330,0.0,0.0,0.0,25.91,3.1,0.0
20200827:1430,0.0,0.0,0.0,25.95,3.38,0.0
20200827:1530,0.0,0.0,0.0,25.95,3.38,0.0
20200827:1630,0.0,0.0,0.0,25.89,3.45,0.0
20200827:1730,0.0,0.0,0.0,25.4,3.72,0.0
20200827:1830,0.0,0.0,0.0,25.66,3.31,0.0
20200827:1930,0.0,0.0,0.0,25.8,3.38,0.0
20200827:2030,0.0,0.0,0.0,25.84,3.38,0.0
20200827:2130,0.0,0.0,-3.24,26.23,3.72,0.0
20200827:2230,193.91,250.68,11.29,26.39,3.72,0.0
20200827:2330,553.18,708.2,25.91,26.79,3.72,0.0
20200828:0030,583.67,749.79,40.62,27.57,4.34,0.0
20200828:0130,613.53,790.6,55.34,28.07,4.83,0.0
20200828:0230,560.66,724.83,70.08,28.52,4.76,0.0
20200828:0330,535.22,696.56,84.77,28.84,4.28,0.0
20200828:0430,405.57,523.88,80.33,28.77,4.14,0.0
20200828:0530,348.03,447.62,65.61,27.72,4.21,0.0
20200828:0630,275.81,356.91,50.88,27.89,4.21,0.0
20200828:0730,277.88,360.12,36.16,28.29,2.83,0.0
20200828:0830,224.76,291.8,21.49,27.97,3.1,0.0
20200828:0930,158.9,209.81,6.88,27.85,2.76,0.0
20200828:1030,0.0,0.0,0.0,27.27,2.97,0.0
20200828:1130,0.0,0.0,0.0,26.8,3.17,0.0
20200828:1230,0.0,0.0,0.0,26.69,3.24,0.0
20200828:1330,0.0,0.0,0.0,26.62,3.24,0.0
20200828:1430,0.0,0.0,0.0,26.55,3.45,0.0
20200828:1530,0.0,0.0,0.0,26.48,3.52,0.0
20200828:1630,0.0,0.0,0.0,26.45,3.17,0.0
20200828:1730,0.0,0.0,0.0,26.36,3.03,0.0
20200828:1830,0.0,0.0,0.0,26.23,3.03,0.0
20200828:1930,0.0,0.0,0.0,26.09,3.59,0.0
20200828:2030,0.0,0.0,0.0,26.14,3.31,0.0
20200828:2130,0.0,0.0,-3.24,26.14,3.24,0.0
20200828:2230,141.75,188.85,11.31,26.29,3.24,0.0
20200828:2330,409.17,520.04,25.94,26.89,3.52,0.0
20200829:0030,509.42,654.21,40.66,27.83,4.14,0.0
20200829:0130,505.9,648.84,55.39,28.52,4.83,0.0
20200829:0230,577.47,748.58,70.13,28.78,5.03,0.0
20200829:0330,546.97,708.61,84.77,29.06,4.9,0.0
20200829:0430,458.14,589.34,80.21,28.58,4.62,0.0
20200829:0530,411.54,530.49,65.5,28.31,4.0,0.0
20200829:0630,503.37,648.8,50.77,27.98,4.07,0.0
20200829:0730,356.47,455.47,36.05,28.8,4.9,0.0
20200829:0830,276.75,353.98,21.37,28.54,4.55,0.0
20200829:0930,105.7,146.15,6.75,28.44,3.72,0.0
20200829:1030,0.0,0.0,0.0,27.85,2.55,0.0
20200829:1130,0.0,0.0,0.0,27.21,2.9,0.0
20200829:1230,0.0,0.0,0.0,26.84,3.38,0.0
20200829:1330,0.0,0.0,0.0,26.69,3.52,0.0
20200829:1430,0.0,0.0,0.0,26.52,3.24,0.0
20200829:1530,0.0,0.0,0.0,26.39,3.17,0.0
20200829:1630,0.0,0.0,0.0,26.16,3.52,0.0
20200829:1730,0.0,0.0,0.0,26.03,3.79,0.0
20200829:1830,0.0,0.0,0.0,26.06,3.45,0.0
20200829:1930,0.0,0.0,0.0,26.09,3.79,0.0
20200829:2030,0.0,0.0,0.0,25.87,3.66,0.0
20200829:2130,0.0,0.0,-3.23,25.83,4.07,0.0
20200829:2230,129.97,173.96,11.33,25.79,4.28,0.0
20200829:2330,193.71,251.92,25.97,26.32,4.55,0.0
20200830:0030,218.46,282.69,40.7,27.08,5.45,0.0
20200830:0130,301.04,386.73,55.43,27.61,5.31,0.0
20200830:0230,483.47,618.78,70.17,28.17,5.72,0.0
20200830:0330,512.05,657.6,84.74,28.83,5.79,0.0
20200830:0430,567.81,730.89,80.08,28.94,5.79,0.0
20200830:0530,280.51,362.68,65.39,28.51,5.52,0.0
20200830:0630,370.82,473.77,50.65,27.98,4.9,0.0
20200830:0730,176.8,233.17,35.93,28.05,6.07,0.0
20200830:0830,120.61,164.7,21.24,27.78,5.17,0.0
20200830:0930,16.65,34.16,6.61,27.61,4.62,0.0
20200830:1030,0.0,0.0,0.0,27.27,4.14,0.0
20200830:1130,0.0,0.0,0.0,27.06,3.86,0.0
20200830:1230,0.0,0.0,0.0,26.96,3.52,0.0
20200830:1330,0.0,0.0,0.0,26.87,3.45,0.0
20200830:1430,0.0,0.0,0.0,26.65,3.38,0.0
20200830:1530,0.0,0.0,0.0,26.48,3.24,0.0
20200830:1630,0.0,0.0,0.0,26.2,3.72,0.0
20200830:1730,0.0,0.0,0.0,25.99,4.21,0.0
20200830:1830,0.0,0.0,0.0,25.87,4.34,0.0
20200830:1930,0.0,0.0,0.0,25.99,3.24,0.0
20200830:2030,0.0,0.0,0.0,25.89,3.38,0.0
20200830:2130,0.0,0.0,-3.23,25.89,3.38,0.0
20200830:2230,141.66,187.47,11.35,25.87,2.97,0.0
20200830:2330,254.8,325.69,26.0,26.34,2.76,0.0
20200831:0030,341.89,434.97,40.74,26.98,3.17,0.0
20200831:0130,432.24,553.57,55.48,27.38,3.52,0.0
20200831:0230,437.78,564.01,70.2,27.99,3.66,0.0
20200831:0330,402.21,518.02,84.69,28.43,4.0,0.0
20200831:0430,556.03,722.87,79.93,28.78,4.21,0.0
20200831:0530,607.97,794.44,65.27,29.37,4.41,0.0
20200831:0630,452.78,585.73,50.54,29.74,4.76,0.0
20200831:0730,351.45,452.71,35.81,29.05,3.66,0.0
20200831:0830,273.93,351.87,21.11,28.92,3.86,0.0
20200831:0930,197.01,255.82,6.47,28.37,3.38,0.0
20200831:1030,0.0,0.0,0.0,27.79,2.97,0.0
20200831:1130,0.0,0.0,0.0,27.33,2.9,0.0
20200831:1230,0.0,0.0,0.0,27.05,2.83,0.0
20200831:1330,0.0,0.0,0.0,26.89,2.76,0.0
20200831:1430,0.0,0.0,0.0,26.72,2.83,0.0
20200831:1530,0.0,0.0,0.0,26.49,2.97,0.0
20200831:1630,0.0,0.0,0.0,26.15,3.03,0.0
20200831:1730,0.0,0.0,0.0,25.99,3.03,0.0
20200831:1830,0.0,0.0,0.0,25.93,3.03,0.0
20200831:1930,0.0,0.0,0.0,25.98,2.41,0.0
20200831:2030,0.0,0.0,0.0,25.82,2.21,0.0
20200831:2130,0.0,0.0,-3.22,25.69,2.14,0.0
20200831:2230,265.0,337.55,11.37,25.78,2.21,0.0
20200831:2330,461.84,593.21,26.03,26.84,2.48,0.0
20200901:0030,590.53,770.48,40.78,27.8,3.17,0.0
20200901:0130,638.45,839.35,55.52,28.48,3.59,0.0
20200901:0230,664.54,876.42,70.23,29.04,3.93,0.0
20200901:0330,605.95,792.32,84.61,29.51,4.21,0.0
20200901:0430,614.62,805.38,79.76,29.64,4.28,0.0
20200901:0530,574.39,748.94,65.14,29.75,4.14,0.0
20200901:0630,591.63,772.17,50.41,29.62,4.21,0.0
20200901:0730,606.61,793.75,35.68,30.17,4.07,0.0
20200901:0830,429.16,551.73,20.98,29.99,3.79,0.0
20200901:0930,297.82,381.64,6.32,29.52,3.1,0.0
20200901:1030,0.0,0.0,0.0,28.78,2.55,0.0
20200901:1130,0.0,0.0,0.0,27.93,2.34,0.0
20200901:1230,0.0,0.0,0.0,27.42,2.28,0.0
20200901:1330,0.0,0.0,0.0,26.95,2.14,0.0
20200901:1430,0.0,0.0,0.0,26.66,2.14,0.0
20200901:1530,0.0,0.0,0.0,26.28,1.93,0.0
20200901:1630,0.0,0.0,0.0,25.88,1.79,0.0
20200901:1730,0.0,0.0,0.0,25.61,1.66,0.0
20200901:1830,0.0,0.0,0.0,25.31,1.66,0.0
20200901:1930,0.0,0.0,0.0,25.32,1.79,0.0
20200901:2030,0.0,0.0,0.0,25.17,1.86,0.0
20200901:2130,0.0,0.0,-3.21,24.98,1.79,0.0
20200901:2230,340.82,431.31,11.39,24.9,1.59,0.0
20200901:2330,536.4,702.14,26.07,27.0,1.66,0.0
20200902:0030,601.6,796.36,40.82,27.84,2.07,0.0
20200902:0130,634.7,851.51,55.56,28.6,2.0,0.0
20200902:0230,660.42,898.32,70.26,29.17,1.79,0.0
20200902:0330,675.28,920.68,84.51,29.68,1.86,0.0
20200902:0430,659.98,894.75,79.59,30.11,2.14,0.0
20200902:0530,573.51,769.22,65.01,30.2,2.14,0.0
20200902:0630,364.38,478.1,50.29,30.14,2.21,0.0
20200902:0730,309.46,403.09,35.55,29.84,2.41,0.0
20200902:0830,163.72,219.27,20.84,29.42,2.41,0.0
20200902:0930,79.25,114.35,6.18,28.96,1.38,0.0
20200902:1030,0.0,0.0,0.0,28.69,0.34,0.0
20200902:1130,0.0,0.0,0.0,27.56,0.83,0.0
20200902:1230,0.0,0.0,0.0,26.87,1.38,0.0
20200902:1330,0.0,0.0,0.0,26.56,1.72,0.0
20200902:1430,0.0,0.0,0.0,26.29,1.72,0.0
20200902:1530,0.0,0.0,0.0,25.96,1.52,0.0
20200902:1630,0.0,0.0,0.0,26.49,0.97,0.0
20200902:1730,0.0,0.0,0.0,27.04,0.48,0.0
20200902:1830,0.0,0.0,0.0,26.93,0.07,0.0
20200902:1930,0.0,0.0,0.0,27.1,0.21,0.0
20200902:2030,0.0,0.0,0.0,26.89,0.83,0.0
20200902:2130,0.0,0.0,-3.2,25.89,1.1,0.0
20200902:2230,382.07,486.66,11.41,25.2,1.38,0.0
20200902:2330,590.77,782.24,26.1,27.05,1.52,0.0
20200903:0030,633.71,847.93,40.86,27.92,1.79,0.0
20200903:0130,669.68,907.96,55.59,28.68,1.79,0.0
20200903:0230,660.63,896.55,70.28,29.35,1.79,0.0
20200903:0330,654.55,894.75,84.39,29.94,1.59,0.0
20200903:0430,621.15,852.61,79.4,30.41,1.17,0.0
20200903:0530,546.0,730.85,64.87,30.5,2.0,0.0
20200903:0630,532.21,706.97,50.15,30.2,2.14,0.0
20200903:0730,480.14,639.8,35.42,30.38,1.17,0.0
20200903:0830,180.69,241.79,20.7,29.85,1.17,0.0
20200903:0930,27.74,49.64,6.03,29.25,1.66,0.0
20200903:1030,0.0,0.0,0.0,27.92,1.79,0.0
20200903:1130,0.0,0.0,0.0,27.24,1.52,0.0
20200903:1230,0.0,0.0,0.0,26.74,0.83,0.0
20200903:1330,0.0,0.0,0.0,26.29,1.38,0.0
20200903:1430,0.0,0.0,0.0,25.96,1.24,0.0
20200903:1530,0.0,0.0,0.0,26.86,0.34,0.0
20200903:1630,0.0,0.0,0.0,26.61,0.21,0.0
20200903:1730,0.0,0.0,0.0,26.68,0.21,0.0
20200903:1830,0.0,0.0,0.0,26.43,0.28,0.0
20200903:1930,0.0,0.0,0.0,26.55,0.14,0.0
20200903:2030,0.0,0.0,0.0,26.65,0.14,0.0
20200903:2130,0.0,0.0,-3.19,26.57,0.21,0.0
20200903:2230,269.78,349.84,11.44,26.35,0.07,0.0
20200903:2330,505.61,672.39,26.13,26.83,0.34,0.0
20200904:0030,596.19,813.09,40.89,27.61,0.41,0.0
20200904:0130,640.52,888.39,55.62,28.44,0.48,0.0
20200904:0230,660.51,920.49,70.29,29.17,0.62,0.0
20200904:0330,637.72,877.3,84.25,29.79,1.03,0.0
20200904:0430,584.7,788.97,79.2,30.17,1.59,0.0
20200904:0530,515.78,684.88,64.73,30.15,1.86,0.0
20200904:0630,367.47,479.98,50.02,29.59,1.93,0.0
20200904:0730,236.18,310.52,35.28,29.21,2.07,0.0
20200904:0830,143.83,194.38,20.56,29.05,2.28,0.0
20200904:0930,148.9,199.01,5.88,28.74,1.66,0.0
20200904:1030,0.0,0.0,0.0,28.37,1.1,0.0
20200904:1130,0.0,0.0,0.0,28.19,0.41,0.0
20200904:1230,0.0,0.0,0.0,28.2,0.41,0.0
20200904:1330,0.0,0.0,0.0,27.5,0.69,0.0
20200904:1430,0.0,0.0,0.0,26.75,1.03,0.0
20200904:1530,0.0,0.0,0.0,26.22,1.24,0.0
20200904:1630,0.0,0.0,0.0,26.14,1.72,0.0
20200904:1730,0.0,0.0,0.0,25.89,1.86,0.0
20200904:1830,0.0,0.0,0.0,25.7,1.72,0.0
20200904:1930,0.0,0.0,0.0,26.15,1.1,0.0
20200904:2030,0.0,0.0,0.0,25.66,1.66,0.0
20200904:2130,0.0,0.0,-3.17,25.87,2.14,0.0
20200904:2230,342.86,434.29,11.46,25.84,2.34,0.0
20200904:2330,524.31,679.42,26.16,27.08,2.34,0.0
20200905:0030,577.3,758.51,40.93,28.1,2.41,0.0
20200905:0130,611.52,812.61,55.65,28.7,2.48,0.0
20200905:0230,412.44,534.32,70.3,28.97,3.24,0.0
20200905:0330,543.44,703.58,84.08,28.17,4.14,0.0
20200905:0430,515.9,671.06,78.99,28.58,3.52,0.0
20200905:0530,510.37,666.93,64.58,29.25,3.72,0.0
20200905:0630,440.29,567.57,49.88,29.58,4.34,0.0
20200905:0730,400.9,516.47,35.15,29.25,3.59,0.0
20200905:0830,298.96,384.77,20.42,29.25,3.45,0.0
20200905:0930,145.76,194.58,5.73,28.89,3.31,0.0
20200905:1030,0.0,0.0,0.0,27.77,2.69,0.0
20200905:1130,0.0,0.0,0.0,27.5,2.55,0.0
20200905:1230,0.0,0.0,0.0,27.11,2.55,0.0
20200905:1330,0.0,0.0,0.0,26.99,2.48,0.0
20200905:1430,0.0,0.0,0.0,26.83,2.69,0.0
20200905:1530,0.0,0.0,0.0,26.72,2.83,0.0
20200905:1630,0.0,0.0,0.0,26.51,2.83,0.0
20200905:1730,0.0,0.0,0.0,26.38,3.31,0.0
20200905:1830,0.0,0.0,0.0,26.18,3.59,0.0
20200905:1930,0.0,0.0,0.0,26.4,2.69,0.0
20200905:2030,0.0,0.0,0.0,26.35,2.48,0.0
20200905:2130,0.0,0.0,-3.16,25.94,2.9,0.0
20200905:2230,120.22,162.54,11.49,26.03,3.17,0.0
20200905:2330,410.2,520.89,26.19,26.62,3.38,0.0
20200906:0030,569.53,732.12,40.96,27.72,4.21,0.0
20200906:0130,636.34,830.0,55.68,28.52,3.93,0.0
20200906:0230,687.84,910.47,70.3,29.2,3.79,0.0
20200906:0330,677.7,898.11,83.9,29.87,4.0,0.0
20200906:0430,661.15,876.54,78.77,30.12,3.86,0.0
20200906:0530,518.14,671.99,64.42,29.87,4.14,0.0
20200906:0630,403.51,522.56,49.74,29.44,3.79,0.0
20200906:0730,278.69,361.81,35.0,29.4,3.24,0.0
20200906:0830,179.56,237.0,20.27,28.76,3.31,0.0
20200906:0930,113.99,155.89,5.58,28.0,2.55,0.0
20200906:1030,0.0,0.0,0.0,27.3,1.59,0.0
20200906:1130,0.0,0.0,0.0,26.98,1.86,0.0
20200906:1230,0.0,0.0,0.0,26.62,1.38,0.0
20200906:1330,0.0,0.0,0.0,26.17,1.59,0.0
20200906:1430,0.0,0.0,0.0,25.95,1.72,0.0
20200906:1530,0.0,0.0,0.0,25.97,2.07,0.0
20200906:1630,0.0,0.0,0.0,25.91,2.34,0.0
20200906:1730,0.0,0.0,0.0,25.81,2.07,0.0
20200906:1830,0.0,0.0,0.0,25.71,1.86,0.0
20200906:1930,0.0,0.0,0.0,25.83,1.59,0.0
20200906:2030,0.0,0.0,0.0,25.65,1.66,0.0
20200906:2130,0.0,0.0,-3.15,25.41,1.52,0.0
20200906:2230,272.32,347.79,11.51,25.3,1.03,0.0
20200906:2330,463.65,601.01,26.22,26.62,1.45,0.0
20200907:0030,567.92,747.6,40.99,27.38,2.0,0.0
20200907:0130,620.01,834.46,55.71,28.23,1.59,0.0
20200907:0230,552.24,740.99,70.3,29.02,1.24,0.0
20200907:0330,619.16,840.06,83.69,29.32,1.38,0.0
20200907:0430,505.79,671.89,78.54,29.66,1.66,0.0
20200907:0530,505.04,668.37,64.26,29.52,2.0,0.0
20200907:0630,259.28,343.02,49.59,29.01,1.31,0.0
20200907:0730,120.79,169.37,34.86,28.89,1.03,0.0
20200907:0830,112.35,156.31,20.13,28.31,1.17,0.0
20200907:0930,54.87,83.74,5.43,27.65,1.93,0.0
20200907:1030,0.0,0.0,0.0,27.19,0.76,0.0
20200907:1130,0.0,0.0,0.0,27.25,0.34,0.0
20200907:1230,0.0,0.0,0.0,26.41,0.97,0.0
20200907:1330,0.0,0.0,0.0,26.51,1.86,0.0
20200907:1430,0.0,0.0,0.0,26.39,2.34,0.0
20200907:1530,0.0,0.0,0.0,26.31,2.55,0.0
20200907:1630,0.0,0.0,0.0,26.15,2.34,0.0
20200907:1730,0.0,0.0,0.0,25.88,1.86,0.0
20200907:1830,0.0,0.0,0.0,25.41,1.03,0.0
20200907:1930,0.0,0.0,0.0,25.15,1.52,0.0
20200907:2030,0.0,0.0,0.0,25.1,1.52,0.0
20200907:2130,0.0,0.0,-3.13,25.2,1.59,0.0
20200907:2230,346.92,439.54,11.54,25.21,1.79,0.0
20200907:2330,476.81,616.21,26.25,26.52,1.79,0.0
20200908:0030,404.99,522.45,41.02,27.23,1.66,0.0
20200908:0130,625.36,851.24,55.73,27.75,0.9,0.0
20200908:0230,604.33,834.72,70.29,28.59,0.34,0.0
20200908:0330,595.04,821.53,83.47,29.12,0.48,0.0
20200908:0430,474.5,641.32,78.3,29.48,0.48,0.0
20200908:0530,509.43,679.03,64.09,29.49,1.52,0.0
20200908:0630,470.66,623.13,49.44,28.9,1.24,0.0
20200908:0730,318.06,412.57,34.71,29.25,2.55,0.0
20200908:0830,61.9,94.13,19.98,28.09,3.03,0.0
20200908:0930,2.65,12.07,5.27,27.4,2.69,0.0
20200908:1030,0.0,0.0,0.0,27.16,2.28,0.0
20200908:1130,0.0,0.0,0.0,26.84,1.79,0.0
20200908:1230,0.0,0.0,0.0,26.64,2.14,0.0
20200908:1330,0.0,0.0,0.0,26.48,2.0,0.0
20200908:1430,0.0,0.0,0.0,26.34,2.28,0.0
20200908:1530,0.0,0.0,0.0,26.21,2.0,0.0
20200908:1630,0.0,0.0,0.0,25.95,1.72,0.0
20200908:1730,0.0,0.0,0.0,25.52,1.24,0.0
20200908:1830,0.0,0.0,0.0,25.25,1.31,0.0
20200908:1930,0.0,0.0,0.0,25.56,3.38,0.0
20200908:2030,0.0,0.0,0.0,25.49,3.31,0.0
20200908:2130,0.0,0.0,-3.12,25.44,3.1,0.0
20200908:2230,226.35,289.75,11.56,25.5,2.62,0.0
20200908:2330,452.86,578.37,26.28,26.07,2.55,0.0
20200909:0030,506.63,654.52,41.05,27.07,2.83,0.0
20200909:0130,593.72,780.19,55.75,27.94,2.76,0.0
20200909:0230,616.87,820.31,70.27,28.74,2.41,0.0
20200909:0330,576.0,771.99,83.24,29.26,1.79,0.0
20200909:0430,613.66,840.36,78.05,29.59,1.17,0.0
20200909:0530,529.51,705.88,63.92,29.79,1.86,0.0
20200909:0630,502.27,662.96,49.28,28.97,1.59,0.0
20200909:0730,187.96,251.17,34.56,29.82,1.17,0.0
20200909:0830,93.67,133.22,19.83,28.64,0.69,0.0
20200909:0930,72.22,105.1,5.11,27.07,0.48,0.0
20200909:1030,0.0,0.0,0.0,26.74,0.62,0.0
20200909:1130,0.0,0.0,0.0,26.38,1.38,0.0
20200909:1230,0.0,0.0,0.0,26.05,1.79,0.0
20200909:1330,0.0,0.0,0.0,25.85,1.52,0.0
20200909:1430,0.0,0.0,0.0,25.45,1.17,0.0
20200909:1530,0.0,0.0,0.0,25.27,1.31,0.0
20200909:1630,0.0,0.0,0.0,25.16,1.31,0.0
20200909:1730,0.0,0.0,0.0,26.52,0.28,0.0
20200909:1830,0.0,0.0,0.0,25.14,1.38,0.0
20200909:1930,0.0,0.0,0.0,24.85,1.45,0.0
20200909:2030,0.0,0.0,0.0,24.85,1.38,0.0
20200909:2130,0.0,0.0,-3.1,24.88,1.86,0.0
20200909:2230,70.98,103.74,11.59,25.28,1.59,0.0
20200909:2330,235.63,306.1,26.31,25.61,0.76,0.0
20200910:0030,236.3,309.73,41.08,26.45,0.76,0.0
20200910:0130,364.22,477.3,55.76,27.11,0.97,0.0
20200910:0230,408.05,541.77,70.24,27.78,0.62,0.0
20200910:0330,382.37,509.3,82.99,28.32,0.69,0.0
20200910:0430,346.13,457.49,77.79,28.14,0.9,0.0
20200910:0530,312.49,409.67,63.74,27.83,1.24,0.0
20200910:0630,213.59,281.97,49.13,27.63,1.79,0.0
20200910:0730,57.93,89.68,34.41,27.98,0.9,0.0
20200910:0830,19.32,38.37,19.67,27.24,1.52,0.0
20200910:0930,13.3,28.9,4.96,26.45,2.41,0.0
20200910:1030,0.0,0.0,0.0,26.14,1.79,0.0
20200910:1130,0.0,0.0,0.0,25.69,1.24,0.0
20200910:1230,0.0,0.0,0.0,25.72,1.31,0.0
20200910:1330,0.0,0.0,0.0,25.45,1.31,0.0
20200910:1430,0.0,0.0,0.0,25.3,1.31,0.0
20200910:1530,0.0,0.0,0.0,24.97,1.31,0.0
20200910:1630,0.0,0.0,0.0,25.0,1.52,0.0
20200910:1730,0.0,0.0,0.0,24.85,1.24,0.0
20200910:1830,0.0,0.0,0.0,24.85,1.45,0.0
20200910:1930,0.0,0.0,0.0,25.55,0.83,0.0
20200910:2030,0.0,0.0,0.0,25.41,0.97,0.0
20200910:2130,0.0,0.0,-3.08,25.12,1.1,0.0
20200910:2230,295.84,376.08,11.61,24.79,1.24,0.0
20200910:2330,498.73,651.32,26.34,26.54,1.24,0.0
20200911:0030,627.53,844.38,41.1,27.14,1.17,0.0
20200911:0130,571.44,765.95,55.77,28.0,1.1,0.0
20200911:0230,655.92,901.14,70.21,28.52,1.03,0.0
20200911:0330,538.29,723.79,82.72,29.18,1.03,0.0
20200911:0430,568.27,759.77,77.53,29.21,1.79,0.0
20200911:0530,467.98,618.48,63.55,28.79,1.59,0.0
20200911:0630,190.56,257.06,48.96,28.73,0.83,0.0
20200911:0730,172.45,232.1,34.25,28.38,0.55,0.0
20200911:0830,132.13,181.19,19.52,28.29,0.55,0.0
20200911:0930,59.95,90.51,4.8,28.25,0.48,0.0
20200911:1030,0.0,0.0,0.0,27.82,0.69,0.0
20200911:1130,0.0,0.0,0.0,26.97,1.17,0.0
20200911:1230,0.0,0.0,0.0,26.51,1.38,0.0
20200911:1330,0.0,0.0,0.0,26.13,1.45,0.0
20200911:1430,0.0,0.0,0.0,26.14,1.03,0.0
20200911:1530,0.0,0.0,0.0,27.02,0.21,0.0
20200911:1630,0.0,0.0,0.0,26.9,0.48,0.0
20200911:1730,0.0,0.0,0.0,25.38,1.38,0.0
20200911:1830,0.0,0.0,0.0,25.3,1.66,0.0
20200911:1930,0.0,0.0,0.0,25.51,2.07,0.0
20200911:2030,0.0,0.0,0.0,25.21,1.45,0.0
20200911:2130,0.0,0.0,-3.06,25.32,1.1,0.0
20200911:2230,61.67,92.47,11.64,25.11,0.97,0.0
20200911:2330,193.39,253.78,26.37,25.89,1.24,0.0
20200912:0030,329.23,427.38,41.12,26.51,1.24,0.0
20200912:0130,453.55,596.32,55.78,27.29,1.38,0.0
20200912:0230,438.81,577.33,70.17,28.0,1.79,0.0
20200912:0330,553.77,736.55,82.45,28.63,2.34,0.0
20200912:0430,469.78,620.97,77.25,29.08,2.48,0.0
20200912:0530,395.39,519.01,63.36,29.1,2.34,0.0
20200912:0630,103.83,147.95,48.8,28.14,2.76,0.0
20200912:0730,81.31,118.78,34.1,27.79,2.97,0.0
20200912:0830,31.01,54.8,19.36,27.73,1.72,0.0
20200912:0930,8.71,22.3,4.64,27.67,1.17,0.0
20200912:1030,0.0,0.0,0.0,27.43,0.41,0.0
20200912:1130,0.0,0.0,0.0,27.37,0.62,0.0
20200912:1230,0.0,0.0,0.0,27.49,0.41,0.0
20200912:1330,0.0,0.0,0.0,26.57,1.03,0.0
20200912:1430,0.0,0.0,0.0,25.82,1.24,0.0
20200912:1530,0.0,0.0,0.0,26.35,0.97,0.0
20200912:1630,0.0,0.0,0.0,26.64,0.76,0.0
20200912:1730,0.0,0.0,0.0,26.17,0.69,0.0
20200912:1830,0.0,0.0,0.0,25.86,0.34,0.0
20200912:1930,0.0,0.0,0.0,26.42,0.9,0.0
20200912:2030,0.0,0.0,0.0,25.81,0.97,0.0
20200912:2130,0.0,0.0,-3.05,25.18,1.1,0.0
20200912:2230,322.03,408.58,11.66,24.61,1.31,0.0
20200912:2330,518.92,680.88,26.4,26.37,1.1,0.0
20200913:0030,557.36,737.15,41.14,27.43,1.38,0.0
20200913:0130,575.56,769.52,55.78,28.18,1.38,0.0
20200913:0230,623.14,846.39,70.12,28.81,1.31,0.0
20200913:0330,495.44,660.87,82.16,29.21,1.17,0.0
20200913:0430,607.68,824.09,76.97,29.45,1.31,0.0
20200913:0530,519.94,697.71,63.17,29.91,1.1,0.0
20200913:0630,555.94,745.97,48.63,29.97,1.45,0.0
20200913:0730,467.37,613.39,33.94,29.68,1.79,0.0
20200913:0830,380.75,495.43,19.2,29.58,1.59,0.0
20200913:0930,221.91,288.27,4.48,29.12,1.72,0.0
20200913:1030,0.0,0.0,0.0,28.43,1.66,0.0
20200913:1130,0.0,0.0,0.0,27.78,1.45,0.0
20200913:1230,0.0,0.0,0.0,26.99,1.45,0.0
20200913:1330,0.0,0.0,0.0,26.51,1.72,0.0
20200913:1430,0.0,0.0,0.0,26.36,2.07,0.0
20200913:1530,0.0,0.0,0.0,26.21,2.07,0.0
20200913:1630,0.0,0.0,0.0,26.19,2.41,0.0
20200913:1730,0.0,0.0,0.0,25.64,2.9,0.0
20200913:1830,0.0,0.0,0.0,25.59,2.97,0.0
20200913:1930,0.0,0.0,0.0,25.89,2.76,0.0
20200913:2030,0.0,0.0,0.0,25.72,2.28,0.0
20200913:2130,0.0,0.0,-3.03,25.55,2.07,0.0
20200913:2230,282.86,358.65,11.69,25.36,2.14,0.0
20200913:2330,461.1,592.31,26.42,26.34,2.14,0.0
20200914:0030,594.45,781.92,41.16,27.38,2.34,0.0
20200914:0130,501.21,658.04,55.78,28.15,1.79,0.0
20200914:0230,493.2,652.46,70.07,28.26,1.38,0.0
20200914:0330,451.44,599.17,81.87,28.49,0.9,0.0
20200914:0430,482.73,642.51,76.69,28.33,1.17,0.0
20200914:0530,527.64,698.11,62.97,28.91,1.93,0.0
20200914:0630,276.23,362.41,48.46,29.1,2.28,0.0
20200914:0730,108.69,152.67,33.78,28.17,4.14,0.0
20200914:0830,108.01,149.17,19.05,27.26,3.31,0.0
20200914:0930,1.26,9.02,4.31,27.22,2.41,0.0
20200914:1030,0.0,0.0,0.0,26.86,1.72,0.0
20200914:1130,0.0,0.0,0.0,26.38,2.21,0.0
20200914:1230,0.0,0.0,0.0,26.1,1.86,0.0
20200914:1330,0.0,0.0,0.0,26.03,1.93,0.0
20200914:1430,0.0,0.0,0.0,25.82,1.86,0.0
20200914:1530,0.0,0.0,0.0,25.73,1.86,0.0
20200914:1630,0.0,0.0,0.0,25.73,2.28,0.0
20200914:1730,0.0,0.0,0.0,25.42,1.79,0.0
20200914:1830,0.0,0.0,0.0,25.26,1.45,0.0
20200914:1930,0.0,0.0,0.0,25.06,1.24,0.0
20200914:2030,0.0,0.0,0.0,24.9,0.83,0.0
20200914:2130,0.0,0.0,-3.01,25.43,0.55,0.0
20200914:2230,25.9,46.82,11.71,24.88,0.97,0.0
20200914:2330,162.97,216.73,26.45,25.96,1.52,0.0
20200915:0030,359.7,461.51,41.18,26.52,2.34,0.0
20200915:0130,177.47,236.7,55.78,27.24,3.17,0.0
20200915:0230,217.13,286.17,70.0,27.04,4.07,0.0
20200915:0330,198.16,262.81,81.57,26.43,4.76,0.0
20200915:0430,122.61,169.63,76.39,26.54,4.55,0.0
20200915:0530,216.97,281.62,62.77,26.24,4.9,0.0
20200915:0630,102.78,144.52,48.28,26.45,5.38,0.0
20200915:0730,26.02,47.7,33.61,26.18,5.72,0.0
20200915:0830,20.52,39.35,18.88,25.93,5.59,0.0
20200915:0930,0.0,4.3,4.15,25.95,5.72,0.0
20200915:1030,0.0,0.0,0.0,25.86,5.59,0.0
20200915:1130,0.0,0.0,0.0,25.73,5.59,0.0
20200915:1230,0.0,0.0,0.0,25.57,5.59,0.0
20200915:1330,0.0,0.0,0.0,25.68,5.52,0.0
20200915:1430,0.0,0.0,0.0,25.68,5.52,0.0
20200915:1530,0.0,0.0,0.0,25.68,5.17,0.0
20200915:1630,0.0,0.0,0.0,25.65,5.1,0.0
20200915:1730,0.0,0.0,0.0,25.74,5.45,0.0
20200915:1830,0.0,0.0,0.0,25.55,5.93,0.0
20200915:1930,0.0,0.0,0.0,25.38,3.86,0.0
20200915:2030,0.0,0.0,0.0,25.43,3.86,0.0
20200915:2130,0.0,0.0,-2.99,25.51,4.28,0.0
20200915:2230,0.39,6.94,11.73,25.47,5.1,0.0
20200915:2330,16.43,34.15,26.47,25.42,5.45,0.0
20200916:0030,41.84,68.57,41.19,25.63,5.24,0.0
20200916:0130,28.2,50.7,55.77,25.84,5.59,0.0
20200916:0230,42.34,69.26,69.93,25.16,6.41,0.0
20200916:0330,89.7,128.25,81.25,25.29,6.55,0.0
20200916:0430,141.1,191.09,76.1,25.37,6.9,0.0
20200916:0530,140.37,188.71,62.56,25.65,6.28,0.0
20200916:0630,60.56,92.35,48.11,25.49,6.62,0.0
20200916:0730,45.31,72.99,33.45,25.82,6.9,0.0
20200916:0830,17.73,36.06,18.72,25.85,6.48,0.0
20200916:0930,0.64,7.54,3.99,25.42,6.28,0.0
20200916:1030,0.0,0.0,0.0,25.62,6.55,0.0
20200916:1130,0.0,0.0,0.0,25.77,5.79,0.0
20200916:1230,0.0,0.0,0.0,25.63,5.24,0.0
20200916:1330,0.0,0.0,0.0,25.67,4.9,0.0
20200916:1430,0.0,0.0,0.0,25.37,5.45,0.0
20200916:1530,0.0,0.0,0.0,25.48,4.9,0.0
20200916:1630,0.0,0.0,0.0,25.41,5.1,0.0
20200916:1730,0.0,0.0,0.0,25.27,5.1,0.0
20200916:1830,0.0,0.0,0.0,25.09,5.17,0.0
20200916:1930,0.0,0.0,0.0,25.3,6.28,0.0
20200916:2030,0.0,0.0,0.0,25.37,6.21,0.0
20200916:2130,0.0,0.0,-2.97,25.55,5.79,0.0
20200916:2230,2.25,11.19,11.76,25.75,5.66,0.0
20200916:2330,37.13,62.22,26.49,25.87,5.79,0.0
20200917:0030,114.41,157.69,41.2,25.52,5.17,0.0
20200917:0130,148.68,200.97,55.76,25.99,4.21,0.0
20200917:0230,175.56,234.74,69.85,26.26,4.48,0.0
20200917:0330,228.39,299.35,80.93,26.33,4.21,0.0
20200917:0430,171.92,230.45,75.79,26.53,4.34,0.0
20200917:0530,164.64,220.98,62.35,26.15,4.41,0.0
20200917:0630,47.21,75.65,47.93,26.03,4.41,0.0
20200917:0730,31.62,55.18,33.28,25.63,3.24,0.0
20200917:0830,9.61,23.92,18.56,25.72,3.52,0.0
20200917:0930,1.75,9.92,3.83,25.76,3.79,0.0
20200917:1030,0.0,0.0,0.0,25.78,3.66,0.0
20200917:1130,0.0,0.0,0.0,25.79,3.31,0.0
20200917:1230,0.0,0.0,0.0,25.9,3.03,0.0
20200917:1330,0.0,0.0,0.0,25.95,2.9,0.0
20200917:1430,0.0,0.0,0.0,25.94,2.76,0.0
20200917:1530,0.0,0.0,0.0,25.64,2.76,0.0
20200917:1630,0.0,0.0,0.0,25.5,2.69,0.0
20200917:1730,0.0,0.0,0.0,25.5,2.55,0.0
20200917:1830,0.0,0.0,0.0,25.48,2.55,0.0
20200917:1930,0.0,0.0,0.0,25.23,2.28,0.0
20200917:2030,0.0,0.0,0.0,25.28,2.76,0.0
20200917:2130,0.0,0.0,-2.95,25.14,2.41,0.0
20200917:2230,20.25,39.34,11.78,25.03,2.07,0.0
20200917:2330,160.41,212.87,26.51,25.35,2.07,0.0
20200918:0030,124.38,171.44,41.21,25.85,1.79,0.0
20200918:0130,170.16,228.27,55.74,25.91,1.79,0.0
20200918:0230,272.53,358.79,69.77,26.15,1.52,0.0
20200918:0330,396.24,521.96,80.61,26.41,1.38,0.0
20200918:0430,351.84,464.32,75.48,26.92,1.17,0.0
20200918:0530,338.49,445.11,62.13,27.18,1.1,0.0
20200918:0630,323.93,422.75,47.74,27.65,1.31,0.0
20200918:0730,252.48,328.38,33.11,26.94,1.24,0.0
20200918:0830,212.36,276.85,18.4,27.07,1.24,0.0
20200918:0930,136.48,182.01,3.66,26.93,1.59,0.0
20200918:1030,0.0,0.0,0.0,26.63,2.21,0.0
20200918:1130,0.0,0.0,0.0,26.27,2.48,0.0
20200918:1230,0.0,0.0,0.0,26.02,2.9,0.0
20200918:1330,0.0,0.0,0.0,25.88,3.24,0.0
20200918:1430,0.0,0.0,0.0,25.77,3.1,0.0
20200918:1530,0.0,0.0,0.0,25.6,3.1,0.0
20200918:1630,0.0,0.0,0.0,25.46,3.17,0.0
20200918:1730,0.0,0.0,0.0,25.31,3.24,0.0
20200918:1830,0.0,0.0,0.0,25.23,3.03,0.0
20200918:1930,0.0,0.0,0.0,25.24,2.97,0.0
20200918:2030,0.0,0.0,0.0,25.18,3.1,0.0
20200918:2130,0.0,0.0,-2.93,25.12,3.31,0.0
20200918:2230,283.81,357.83,11.8,25.2,3.24,0.0
20200918:2330,557.18,714.42,26.53,26.0,3.17,0.0
20200919:0030,633.27,819.08,41.22,27.3,4.14,0.0
20200919:0130,628.99,816.73,55.72,28.19,4.55,0.0
20200919:0230,662.03,865.17,69.68,29.03,4.83,0.0
20200919:0330,666.93,874.71,80.28,29.87,4.83,0.0
20200919:0430,658.98,867.78,75.17,30.4,4.69,0.0
20200919:0530,620.79,815.5,61.91,30.68,4.55,0.0
20200919:0630,614.8,806.42,47.56,30.66,4.55,0.0
20200919:0730,458.96,589.15,32.94,30.44,4.69,0.0
20200919:0830,341.4,436.24,18.23,29.76,4.34,0.0
20200919:0930,297.73,378.73,3.5,29.15,3.93,0.0
20200919:1030,0.0,0.0,0.0,28.33,3.59,0.0
20200919:1130,0.0,0.0,0.0,27.66,3.59,0.0
20200919:1230,0.0,0.0,0.0,27.21,3.38,0.0
20200919:1330,0.0,0.0,0.0,26.81,3.24,0.0
20200919:1430,0.0,0.0,0.0,26.44,2.97,0.0
20200919:1530,0.0,0.0,0.0,26.19,3.03,0.0
20200919:1630,0.0,0.0,0.0,25.96,3.03,0.0
20200919:1730,0.0,0.0,0.0,25.68,3.03,0.0
20200919:1830,0.0,0.0,0.0,25.47,3.1,0.0
20200919:1930,0.0,0.0,0.0,25.51,3.24,0.0
20200919:2030,0.0,0.0,0.0,25.47,3.17,0.0
20200919:2130,0.0,0.0,-2.91,25.38,3.1,0.0
20200919:2230,308.07,387.84,11.82,25.37,2.97,0.0
20200919:2330,384.67,490.83,26.55,26.06,1.93,0.0
20200920:0030,623.34,820.17,41.22,27.07,2.48,0.0
20200920:0130,551.88,720.42,55.7,28.08,2.76,0.0
20200920:0230,667.08,894.0,69.58,28.58,2.34,0.0
20200920:0330,557.75,738.02,79.94,29.42,2.28,0.0
20200920:0430,603.85,807.77,74.85,29.58,2.07,0.0
20200920:0530,493.48,652.88,61.69,30.06,2.07,0.0
20200920:0630,332.9,432.72,47.37,29.55,2.07,0.0
20200920:0730,317.89,411.63,32.77,28.68,2.34,0.0
20200920:0830,216.74,282.83,18.07,28.72,2.14,0.0
20200920:0930,108.77,149.3,3.34,28.04,2.14,0.0
20200920:1030,0.0,0.0,0.0,27.16,2.34,0.0
20200920:1130,0.0,0.0,0.0,26.72,2.07,0.0
20200920:1230,0.0,0.0,0.0,26.35,2.0,0.0
20200920:1330,0.0,0.0,0.0,26.07,1.38,0.0
20200920:1430,0.0,0.0,0.0,26.18,0.76,0.0
20200920:1530,0.0,0.0,0.0,25.19,1.24,0.0
20200920:1630,0.0,0.0,0.0,25.1,1.52,0.0
20200920:1730,0.0,0.0,0.0,25.42,2.21,0.0
20200920:1830,0.0,0.0,0.0,25.22,1.93,0.0
20200920:1930,0.0,0.0,0.0,25.01,0.9,0.0
20200920:2030,0.0,0.0,0.0,25.01,1.31,0.0
20200920:2130,0.0,0.0,-2.89,24.97,1.79,0.0
20200920:2230,24.0,44.18,11.84,24.73,1.24,0.0
20200920:2330,49.72,78.73,26.56,25.2,0.97,0.0
20200921:0030,100.83,143.42,41.22,25.55,0.48,0.0
20200921:0130,134.35,185.12,55.66,26.04,0.76,0.0
20200921:0230,155.62,212.05,69.47,26.3,1.31,0.0
20200921:0330,137.38,189.03,79.6,26.54,1.72,0.0
20200921:0430,212.96,283.23,74.53,26.57,1.66,0.0
20200921:0530,197.58,263.43,61.46,26.78,1.79,0.0
20200921:0630,75.32,111.38,47.18,27.01,2.48,0.0
20200921:0730,33.68,57.85,32.6,26.36,1.72,0.0
20200921:0830,8.74,22.66,17.9,26.19,1.59,0.0
20200921:0930,0.0,2.67,3.17,26.17,2.21,0.0
20200921:1030,0.0,0.0,0.0,26.12,2.0,0.0
20200921:1130,0.0,0.0,0.0,26.0,1.86,0.0
20200921:1230,0.0,0.0,0.0,25.76,1.52,0.0
20200921:1330,0.0,0.0,0.0,26.01,0.97,0.0
20200921:1430,0.0,0.0,0.0,26.2,0.83,0.0
20200921:1530,0.0,0.0,0.0,25.34,1.45,0.0
20200921:1630,0.0,0.0,0.0,25.33,1.59,0.0
20200921:1730,0.0,0.0,0.0,26.04,0.83,0.0
20200921:1830,0.0,0.0,0.0,25.99,0.41,0.0
20200921:1930,0.0,0.0,0.0,25.69,0.83,0.0
20200921:2030,0.0,0.0,0.0,24.8,1.31,0.0
20200921:2130,0.0,0.0,-2.88,24.66,1.72,0.0
20200921:2230,147.84,195.43,11.86,24.92,2.21,0.0
20200921:2330,395.8,506.9,26.58,26.1,2.07,0.0
20200922:0030,455.35,585.72,41.21,27.04,2.55,0.0
20200922:0130,596.38,786.19,55.63,27.63,2.41,0.0
20200922:0230,577.76,763.61,69.35,28.39,2.55,0.0
20200922:0330,615.47,812.59,79.25,28.89,2.97,0.0
20200922:0430,570.77,746.35,74.21,29.26,3.52,0.0
20200922:0530,557.31,723.62,61.23,29.58,4.21,0.0
20200922:0630,310.52,399.41,46.99,28.48,4.07,0.0
20200922:0730,117.1,162.7,32.43,28.18,4.21,0.0
20200922:0830,27.37,49.54,17.74,27.73,2.9,0.0
20200922:0930,14.54,30.82,3.01,27.49,1.66,0.0
20200922:1030,0.0,0.0,0.0,27.28,0.48,0.0
20200922:1130,0.0,0.0,0.0,26.52,1.45,0.0
20200922:1230,0.0,0.0,0.0,26.31,1.93,0.0
20200922:1330,0.0,0.0,0.0,26.0,1.72,0.0
20200922:1430,0.0,0.0,0.0,25.91,2.0,0.0
20200922:1530,0.0,0.0,0.0,25.81,2.14,0.0
20200922:1630,0.0,0.0,0.0,25.7,2.0,0.0
20200922:1730,0.0,0.0,0.0,25.49,1.79,0.0
20200922:1830,0.0,0.0,0.0,25.22,2.0,0.0
20200922:1930,0.0,0.0,0.0,24.89,1.59,0.0
20200922:2030,0.0,0.0,0.0,24.6,1.66,0.0
20200922:2130,0.0,0.0,-2.86,24.56,2.0,0.0
20200922:2230,348.59,440.0,11.88,24.76,2.0,0.0
20200922:2330,498.56,647.02,26.59,26.47,1.72,0.0
20200923:0030,572.99,753.59,41.21,27.48,2.0,0.0
20200923:0130,666.06,889.89,55.59,28.22,2.41,0.0
20200923:0230,624.75,826.65,69.23,28.8,2.9,0.0
20200923:0330,600.7,790.78,78.9,29.29,3.45,0.0
20200923:0430,595.21,776.85,73.88,28.93,4.21,0.0
20200923:0530,323.3,414.2,61.0,28.44,4.83,0.0
20200923:0630,114.11,160.6,46.8,28.24,3.66,0.0
20200923:0730,192.76,253.19,32.25,28.03,3.66,0.0
20200923:0830,198.78,257.33,17.57,27.01,3.52,0.0
20200923:0930,85.52,120.51,2.85,27.03,2.69,0.0
20200923:1030,0.0,0.0,0.0,26.86,1.93,0.0
20200923:1130,0.0,0.0,0.0,26.47,2.28,0.0
20200923:1230,0.0,0.0,0.0,26.05,2.41,0.0
20200923:1330,0.0,0.0,0.0,25.85,2.41,0.0
20200923:1430,0.0,0.0,0.0,25.78,2.69,0.0
20200923:1530,0.0,0.0,0.0,25.83,2.76,0.0
20200923:1630,0.0,0.0,0.0,25.81,2.83,0.0
20200923:1730,0.0,0.0,0.0,25.67,2.97,0.0
20200923:1830,0.0,0.0,0.0,25.31,3.72,0.0
20200923:1930,0.0,0.0,0.0,25.17,3.1,0.0
20200923:2030,0.0,0.0,0.0,25.2,2.62,0.0
20200923:2130,0.0,0.0,-2.84,25.32,2.62,0.0
20200923:2230,42.31,67.8,11.89,25.42,2.62,0.0
20200923:2330,217.21,279.03,26.6,25.79,3.17,0.0
20200924:0030,333.13,423.12,41.2,26.35,4.14,0.0
20200924:0130,499.67,640.51,55.54,27.09,4.28,0.0
20200924:0230,534.9,693.3,69.1,28.06,4.07,0.0
20200924:0330,472.59,609.89,78.54,28.71,4.48,0.0
20200924:0430,560.71,724.38,73.55,28.53,5.31,0.0
20200924:0530,395.05,501.93,60.77,27.77,5.66,0.0
20200924:0630,315.91,405.69,46.61,27.54,4.34,0.0
20200924:0730,189.65,249.4,32.08,27.46,3.86,0.0
20200924:0830,246.99,316.53,17.41,27.31,3.86,0.0
20200924:0930,66.11,97.08,2.69,27.25,3.59,0.0
20200924:1030,0.0,0.0,0.0,26.77,2.9,0.0
20200924:1130,0.0,0.0,0.0,26.42,2.9,0.0
20200924:1230,0.0,0.0,0.0,26.18,2.76,0.0
20200924:1330,0.0,0.0,0.0,26.01,2.14,0.0
20200924:1430,0.0,0.0,0.0,25.95,2.48,0.0
20200924:1530,0.0,0.0,0.0,25.8,3.17,0.0
20200924:1630,0.0,0.0,0.0,25.76,3.52,0.0
20200924:1730,0.0,0.0,0.0,25.6,3.86,0.0
20200924:1830,0.0,0.0,0.0,25.59,3.66,0.0
20200924:1930,0.0,0.0,0.0,26.18,3.1,0.0
20200924:2030,0.0,0.0,0.0,26.12,2.83,0.0
20200924:2130,0.0,0.0,-2.83,25.97,2.34,0.0
20200924:2230,115.8,157.72,11.91,25.72,2.55,0.0
20200924:2330,233.36,300.55,26.6,26.25,2.83,0.0
20200925:0030,282.4,361.67,41.19,26.82,3.45,0.0
20200925:0130,478.62,612.12,55.5,27.36,3.93,0.0
20200925:0230,422.42,538.95,68.96,27.98,4.62,0.0
20200925:0330,580.75,747.4,78.18,28.11,4.9,0.0
20200925:0430,644.54,837.93,73.22,28.58,5.24,0.0
20200925:0530,555.87,715.46,60.53,28.89,5.45,0.0
20200925:0630,293.87,379.02,46.41,28.45,5.17,0.0
20200925:0730,243.17,314.34,31.9,27.76,4.0,0.0
20200925:0830,176.62,231.71,17.24,27.64,4.0,0.0
20200925:0930,70.38,102.14,2.52,26.97,3.52,0.0
20200925:1030,0.0,0.0,0.0,26.58,2.83,0.0
20200925:1130,0.0,0.0,0.0,26.34,2.83,0.0
20200925:1230,0.0,0.0,0.0,26.19,2.9,0.0
20200925:1330,0.0,0.0,0.0,26.07,2.9,0.0
20200925:1430,0.0,0.0,0.0,26.01,2.97,0.0
20200925:1530,0.0,0.0,0.0,25.96,2.9,0.0
20200925:1630,0.0,0.0,0.0,25.78,2.76,0.0
20200925:1730,0.0,0.0,0.0,25.4,2.76,0.0
20200925:1830,0.0,0.0,0.0,25.4,3.1,0.0
20200925:1930,0.0,0.0,0.0,25.89,2.9,0.0
20200925:2030,0.0,0.0,0.0,25.72,2.97,0.0
20200925:2130,0.0,0.0,-2.81,25.68,2.62,0.0
20200925:2230,258.63,329.05,11.92,25.69,2.48,0.0
20200925:2330,461.22,590.45,26.61,26.7,2.76,0.0
20200926:0030,566.61,728.75,41.17,27.25,3.86,0.0
20200926:0130,652.79,851.95,55.44,27.58,3.79,0.0
20200926:0230,662.94,865.26,68.82,28.25,4.41,0.0
20200926:0330,572.13,736.49,77.82,28.6,5.17,0.0
20200926:0430,617.62,800.03,72.88,28.59,5.1,0.0
20200926:0530,470.4,606.99,60.29,28.74,4.0,0.0
20200926:0630,504.01,645.0,46.21,28.07,4.28,0.0
20200926:0730,218.5,284.56,31.73,28.59,3.72,0.0
20200926:0830,131.5,178.11,17.08,27.79,4.0,0.0
20200926:0930,90.72,126.51,2.36,27.19,3.66,0.0
20200926:1030,0.0,0.0,0.0,26.44,2.83,0.0
20200926:1130,0.0,0.0,0.0,26.17,1.59,0.0
20200926:1230,0.0,0.0,0.0,25.81,1.38,0.0
20200926:1330,0.0,0.0,0.0,25.69,0.97,0.0
20200926:1430,0.0,0.0,0.0,25.96,0.97,0.0
20200926:1530,0.0,0.0,0.0,25.47,1.17,0.0
20200926:1630,0.0,0.0,0.0,25.22,1.31,0.0
20200926:1730,0.0,0.0,0.0,24.86,1.52,0.0
20200926:1830,0.0,0.0,0.0,24.85,1.86,0.0
20200926:1930,0.0,0.0,0.0,25.58,1.03,0.0
20200926:2030,0.0,0.0,0.0,26.32,0.76,0.0
20200926:2130,0.0,0.0,-2.79,26.31,0.48,0.0
20200926:2230,230.24,298.26,11.93,26.17,0.76,0.0
20200926:2330,461.83,599.5,26.61,26.39,1.24,0.0
20200927:0030,596.9,799.93,41.15,27.1,1.03,0.0
20200927:0130,584.71,787.24,55.38,27.83,0.97,0.0
20200927:0230,612.7,834.89,68.66,28.3,0.9,0.0
20200927:0330,616.76,841.33,77.46,28.9,0.97,0.0
20200927:0430,543.45,723.6,72.55,29.23,1.72,0.0
20200927:0530,582.65,787.77,60.05,28.95,1.03,0.0
20200927:0630,501.25,670.67,46.02,29.46,0.97,0.0
20200927:0730,466.14,612.76,31.55,29.79,1.72,0.0
20200927:0830,356.71,460.74,16.91,29.6,2.07,0.0
20200927:0930,0.27,6.66,2.2,29.0,1.93,0.0
20200927:1030,0.0,0.0,0.0,28.37,2.48,0.0
20200927:1130,0.0,0.0,0.0,27.7,1.86,0.0
20200927:1230,0.0,0.0,0.0,27.64,0.76,0.0
20200927:1330,0.0,0.0,0.0,27.88,0.55,0.0
20200927:1430,0.0,0.0,0.0,27.79,0.55,0.0
20200927:1530,0.0,0.0,0.0,27.66,0.28,0.0
20200927:1630,0.0,0.0,0.0,27.33,0.41,0.0
20200927:1730,0.0,0.0,0.0,26.86,0.62,0.0
20200927:1830,0.0,0.0,0.0,26.61,0.28,0.0
20200927:1930,0.0,0.0,0.0,26.87,0.21,0.0
20200927:2030,0.0,0.0,0.0,26.69,0.55,0.0
20200927:2130,0.0,0.0,-2.78,26.07,0.83,0.0
20200927:2230,374.28,481.99,11.94,26.17,0.69,0.0
20200927:2330,544.73,732.86,26.61,26.57,0.14,0.0
20200928:0030,585.88,789.71,41.13,27.52,0.76,0.0
20200928:0130,589.81,791.79,55.32,28.17,1.38,0.0
20200928:0230,527.55,695.9,68.5,28.4,1.93,0.0
20200928:0330,444.2,582.2,77.1,28.0,1.93,0.0
20200928:0430,527.28,695.84,72.21,28.0,1.72,0.0
20200928:0530,482.12,635.85,59.8,28.57,1.66,0.0
20200928:0630,259.6,341.94,45.82,28.89,1.38,0.0
20200928:0730,134.31,183.63,31.37,27.86,2.0,0.0
20200928:0830,83.68,119.85,16.75,27.42,2.55,0.0
20200928:0930,0.45,7.14,2.05,27.18,2.76,0.0
20200928:1030,0.0,0.0,0.0,26.99,2.21,0.0
20200928:1130,0.0,0.0,0.0,26.72,1.72,0.0
20200928:1230,0.0,0.0,0.0,26.34,1.66,0.0
20200928:1330,0.0,0.0,0.0,25.91,1.38,0.0
20200928:1430,0.0,0.0,0.0,25.91,1.72,0.0
20200928:1530,0.0,0.0,0.0,25.67,2.14,0.0
20200928:1630,0.0,0.0,0.0,25.52,2.07,0.0
20200928:1730,0.0,0.0,0.0,24.93,1.45,0.0
20200928:1830,0.0,0.0,0.0,24.89,0.9,0.0
20200928:1930,0.0,0.0,0.0,24.86,1.1,0.0
20200928:2030,0.0,0.0,0.0,25.17,1.86,0.0
20200928:2130,0.0,0.0,-2.77,24.92,1.86,0.0
20200928:2230,254.79,327.0,11.95,25.76,0.76,0.0
20200928:2330,422.2,549.15,26.61,26.24,0.69,0.0
20200929:0030,510.67,680.96,41.1,26.92,0.55,0.0
20200929:0130,494.31,662.99,55.25,27.64,0.34,0.0
20200929:0230,492.3,653.41,68.34,28.11,1.1,0.0
20200929:0330,393.98,513.73,76.73,27.76,2.07,0.0
20200929:0430,372.58,483.16,71.87,27.4,2.14,0.0
20200929:0530,304.57,394.58,59.56,27.19,2.9,0.0
20200929:0630,251.49,325.47,45.62,27.16,2.76,0.0
20200929:0730,387.63,498.0,31.2,28.15,2.62,0.0
20200929:0830,210.26,274.08,16.59,28.45,2.48,0.0
20200929:0930,0.53,7.34,1.89,27.87,2.14,0.0
20200929:1030,0.0,0.0,0.0,27.43,2.21,0.0
20200929:1130,0.0,0.0,0.0,26.87,1.79,0.0
20200929:1230,0.0,0.0,0.0,26.61,1.17,0.0
20200929:1330,0.0,0.0,0.0,27.19,0.55,0.0
20200929:1430,0.0,0.0,0.0,27.14,0.21,0.0
20200929:1530,0.0,0.0,0.0,26.87,0.21,0.0
20200929:1630,0.0,0.0,0.0,26.64,0.28,0.0
20200929:1730,0.0,0.0,0.0,26.16,0.07,0.0
20200929:1830,0.0,0.0,0.0,25.75,0.48,0.0
20200929:1930,0.0,0.0,0.0,24.73,1.38,0.0
20200929:2030,0.0,0.0,0.0,24.8,1.31,0.0
20200929:2130,0.0,0.0,-2.76,24.83,1.24,0.0
20200929:2230,265.31,338.54,11.96,25.02,1.1,0.0
20200929:2330,518.43,684.65,26.6,26.14,0.62,0.0
20200930:0030,607.83,814.74,41.07,27.29,1.17,0.0
20200930:0130,636.35,857.14,55.17,28.18,1.52,0.0
20200930:0230,643.9,869.22,68.17,28.95,1.79,0.0
20200930:0330,636.79,851.94,76.36,29.46,2.34,0.0
20200930:0430,534.68,701.54,71.53,29.66,2.97,0.0
20200930:0530,465.34,601.72,59.31,28.94,3.38,0.0
20200930:0630,430.71,551.41,45.42,27.97,3.52,0.0
20200930:0730,324.08,416.16,31.02,27.71,2.62,0.0
20200930:0830,203.61,265.85,16.42,28.13,2.0,0.0
20200930:0930,0.31,6.78,1.73,28.11,0.97,0.0
20200930:1030,0.0,0.0,0.0,27.94,0.41,0.0
20200930:1130,0.0,0.0,0.0,26.76,1.1,0.0
20200930:1230,0.0,0.0,0.0,26.41,1.72,0.0
20200930:1330,0.0,0.0,0.0,26.1,2.0,0.0
20200930:1430,0.0,0.0,0.0,26.0,2.14,0.0
20200930:1530,0.0,0.0,0.0,25.84,2.28,0.0
20200930:1630,0.0,0.0,0.0,25.78,2.34,0.0
20200930:1730,0.0,0.0,0.0,25.76,2.48,0.0
20200930:1830,0.0,0.0,0.0,25.78,2.55,0.0
20200930:1930,0.0,0.0,0.0,25.87,2.62,0.0
20200930:2030,0.0,0.0,0.0,25.85,2.69,0.0
20200930:2130,0.0,0.0,-2.75,25.76,2.48,0.0
20200930:2230,413.14,522.81,11.96,25.63,2.55,0.0
20200930:2330,567.79,733.76,26.59,26.6,2.83,0.0
20201001:0030,640.17,839.19,41.03,27.45,3.1,0.0
20201001:0130,585.62,763.06,55.09,28.07,3.24,0.0
20201001:0230,637.23,837.63,67.99,28.55,3.45,0.0
20201001:0330,596.88,779.02,75.99,28.99,3.79,0.0
20201001:0430,652.86,856.33,71.19,29.1,4.21,0.0
20201001:0530,512.98,663.01,59.06,29.36,4.21,0.0
20201001:0630,456.94,587.93,45.21,28.84,3.86,0.0
20201001:0730,404.04,517.08,30.84,28.86,3.59,0.0
20201001:0830,344.49,439.8,16.26,28.6,3.31,0.0
20201001:0930,0.63,7.62,1.58,28.4,2.83,0.0
20201001:1030,0.0,0.0,0.0,27.59,2.28,0.0
20201001:1130,0.0,0.0,0.0,26.91,1.79,0.0
20201001:1230,0.0,0.0,0.0,26.28,1.03,0.0
20201001:1330,0.0,0.0,0.0,25.98,1.17,0.0
20201001:1430,0.0,0.0,0.0,25.77,1.52,0.0
20201001:1530,0.0,0.0,0.0,25.67,1.93,0.0
20201001:1630,0.0,0.0,0.0,25.37,1.93,0.0
20201001:1730,0.0,0.0,0.0,25.24,1.86,0.0
20201001:1830,0.0,0.0,0.0,24.96,1.93,0.0
20201001:1930,0.0,0.0,0.0,25.17,2.62,0.0
20201001:2030,0.0,0.0,0.0,25.45,2.83,0.0
20201001:2130,0.0,0.0,-2.74,25.6,2.34,0.0
20201001:2230,269.38,342.68,11.96,25.38,1.72,0.0
20201001:2330,503.15,649.57,26.58,26.26,1.93,0.0
20201002:0030,576.7,754.09,40.99,26.98,2.21,0.0
20201002:0130,581.91,768.55,55.01,27.62,2.21,0.0
20201002:0230,591.81,777.77,67.8,28.23,2.62,0.0
20201002:0330,379.45,488.56,75.62,27.81,3.03,0.0
20201002:0430,526.51,688.85,70.85,27.43,2.14,0.0
20201002:0530,447.19,578.09,58.81,28.2,2.83,0.0
20201002:0630,283.31,366.42,45.01,28.58,2.83,0.0
20201002:0730,247.11,319.94,30.67,28.41,2.97,0.0
20201002:0830,160.84,214.25,16.1,28.25,1.79,0.0
20201002:0930,0.33,6.81,1.43,27.53,0.48,0.0
20201002:1030,0.0,0.0,0.0,26.65,0.83,0.0
20201002:1130,0.0,0.0,0.0,25.99,0.9,0.0
20201002:1230,0.0,0.0,0.0,25.53,1.17,0.0
20201002:1330,0.0,0.0,0.0,26.1,0.69,0.0
20201002:1430,0.0,0.0,0.0,26.22,0.21,0.0
20201002:1530,0.0,0.0,0.0,26.27,0.62,0.0
20201002:1630,0.0,0.0,0.0,25.38,1.03,0.0
20201002:1730,0.0,0.0,0.0,24.78,1.24,0.0
20201002:1830,0.0,0.0,0.0,25.21,1.03,0.0
20201002:1930,0.0,0.0,0.0,24.43,1.59,0.0
20201002:2030,0.0,0.0,0.0,24.56,1.52,0.0
20201002:2130,0.0,0.0,-2.73,24.78,1.72,0.0
20201002:2230,270.74,343.99,11.96,25.04,1.72,0.0
20201002:2330,361.16,464.17,26.57,26.84,1.45,0.0
20201003:0030,570.01,753.51,40.95,27.45,1.59,0.0
20201003:0130,670.2,905.21,54.92,28.28,1.79,0.0
20201003:0230,595.48,795.67,67.61,29.04,1.86,0.0
20201003:0330,670.9,906.1,75.25,29.26,2.28,0.0
20201003:0430,596.94,790.41,70.51,29.72,2.83,0.0
20201003:0530,510.98,664.13,58.56,28.56,2.97,0.0
20201003:0630,309.06,399.8,44.81,28.6,2.97,0.0
20201003:0730,80.13,117.42,30.49,28.41,3.52,0.0
20201003:0830,41.09,67.17,15.94,28.19,1.86,0.0
20201003:0930,0.0,4.62,1.28,27.87,1.52,0.0
20201003:1030,0.0,0.0,0.0,27.36,1.45,0.0
20201003:1130,0.0,0.0,0.0,26.8,1.52,0.0
20201003:1230,0.0,0.0,0.0,26.62,1.93,0.0
20201003:1330,0.0,0.0,0.0,26.47,2.07,0.0
20201003:1430,0.0,0.0,0.0,26.1,1.93,0.0
20201003:1530,0.0,0.0,0.0,25.83,2.0,0.0
20201003:1630,0.0,0.0,0.0,25.58,1.59,0.0
20201003:1730,0.0,0.0,0.0,25.61,2.0,0.0
20201003:1830,0.0,0.0,0.0,25.65,2.69,0.0
20201003:1930,0.0,0.0,0.0,25.57,3.17,0.0
20201003:2030,0.0,0.0,0.0,25.54,2.41,0.0
20201003:2130,0.0,0.0,-2.72,25.89,1.66,0.0
20201003:2230,122.59,165.61,11.96,25.64,1.66,0.0
20201003:2330,369.24,473.6,26.55,26.42,1.72,0.0
20201004:0030,473.99,621.88,40.91,27.18,1.1,0.0
20201004:0130,610.93,818.44,54.82,27.98,1.66,0.0
20201004:0230,574.99,760.85,67.41,28.71,2.34,0.0
20201004:0330,283.64,372.34,74.87,28.6,2.76,0.0
20201004:0430,166.96,223.55,70.16,27.39,2.69,0.0
20201004:0530,136.11,187.29,58.31,27.12,2.07,0.0
20201004:0630,362.54,470.67,44.61,27.23,1.24,0.0
20201004:0730,253.57,331.13,30.32,28.51,1.72,0.0
20201004:0830,235.06,305.0,15.78,28.32,2.21,0.0
20201004:0930,0.0,3.55,1.13,27.11,2.14,0.0
20201004:1030,0.0,0.0,0.0,26.85,0.07,0.0
20201004:1130,0.0,0.0,0.0,26.41,0.62,0.0
20201004:1230,0.0,0.0,0.0,25.89,0.9,0.0
20201004:1330,0.0,0.0,0.0,25.92,1.38,0.0
20201004:1430,0.0,0.0,0.0,25.81,2.14,0.0
20201004:1530,0.0,0.0,0.0,25.48,1.93,0.0
20201004:1630,0.0,0.0,0.0,25.22,1.1,0.0
20201004:1730,0.0,0.0,0.0,25.86,0.48,0.0
20201004:1830,0.0,0.0,0.0,26.04,0.21,0.0
20201004:1930,0.0,0.0,0.0,25.11,0.9,0.0
20201004:2030,0.0,0.0,0.0,25.17,1.59,0.0
20201004:2130,0.0,0.0,-2.72,25.27,1.66,0.0
20201004:2230,184.63,239.48,11.96,25.31,1.66,0.0
20201004:2330,263.62,338.7,26.53,26.25,1.31,0.0
20201005:0030,507.65,662.71,40.86,26.78,1.45,0.0
20201005:0130,420.57,544.47,54.72,27.62,2.07,0.0
20201005:0230,627.43,834.49,67.21,27.82,2.28,0.0
20201005:0330,444.03,580.91,74.5,28.42,1.93,0.0
20201005:0430,363.64,475.9,69.82,28.34,2.14,0.0
20201005:0530,264.23,345.98,58.06,27.68,1.93,0.0
20201005:0630,120.29,167.96,44.41,27.89,2.21,0.0
20201005:0730,155.34,208.18,30.14,27.44,3.03,0.0
20201005:0830,38.71,63.8,15.63,27.5,3.72,0.0
20201005:0930,0.0,4.03,0.98,26.38,3.03,0.0
20201005:1030,0.0,0.0,0.0,26.37,2.55,0.0
20201005:1130,0.0,0.0,0.0,26.28,2.28,0.0
20201005:1230,0.0,0.0,0.0,26.24,2.21,0.0
20201005:1330,0.0,0.0,0.0,26.16,2.28,0.0
20201005:1430,0.0,0.0,0.0,26.13,2.62,0.0
20201005:1530,0.0,0.0,0.0,25.72,2.62,0.0
20201005:1630,0.0,0.0,0.0,25.51,2.83,0.0
20201005:1730,0.0,0.0,0.0,25.48,3.24,0.0
20201005:1830,0.0,0.0,0.0,25.69,3.38,0.0
20201005:1930,0.0,0.0,0.0,25.31,2.76,0.0
20201005:2030,0.0,0.0,0.0,25.46,2.9,0.0
20201005:2130,0.0,0.0,-2.71,25.58,2.48,0.0
20201005:2230,176.23,229.19,11.95,25.66,2.28,0.0
20201005:2330,283.31,361.25,26.51,25.98,2.41,0.0
20201006:0030,369.02,472.18,40.8,26.3,2.41,0.0
20201006:0130,423.29,546.58,54.62,26.67,2.21,0.0
20201006:0230,531.4,700.88,67.0,27.03,2.0,0.0
20201006:0330,256.5,337.99,74.13,27.77,2.28,0.0
20201006:0430,282.79,368.08,69.48,27.8,3.31,0.0
20201006:0530,316.76,408.22,57.81,26.88,3.45,0.0
20201006:0630,254.74,329.28,44.21,27.15,2.97,0.0
20201006:0730,215.53,281.06,29.97,27.62,2.9,0.0
20201006:0830,87.55,124.48,15.47,27.81,3.38,0.0
20201006:0930,0.0,2.82,0.84,26.72,2.83,0.0
20201006:1030,0.0,0.0,0.0,26.03,2.69,0.0
20201006:1130,0.0,0.0,0.0,25.97,3.1,0.0
20201006:1230,0.0,0.0,0.0,26.04,2.28,0.0
20201006:1330,0.0,0.0,0.0,26.09,2.0,0.0
20201006:1430,0.0,0.0,0.0,26.09,2.07,0.0
20201006:1530,0.0,0.0,0.0,25.98,2.28,0.0
20201006:1630,0.0,0.0,0.0,25.94,2.41,0.0
20201006:1730,0.0,0.0,0.0,25.81,2.62,0.0
20201006:1830,0.0,0.0,0.0,25.61,2.55,0.0
20201006:1930,0.0,0.0,0.0,25.68,2.41,0.0
20201006:2030,0.0,0.0,0.0,25.67,1.79,0.0
20201006:2130,0.0,0.0,-2.71,25.58,1.66,0.0
20201006:2230,37.89,62.5,11.94,25.42,1.31,0.0
20201006:2330,99.06,139.78,26.48,26.21,1.1,0.0
20201007:0030,194.2,258.53,40.75,26.75,0.76,0.0
20201007:0130,305.63,398.77,54.51,27.07,1.52,0.0
20201007:0230,427.19,556.51,66.79,27.36,1.93,0.0
20201007:0330,421.6,551.29,73.75,27.79,1.86,0.0
20201007:0430,432.56,567.68,69.14,28.12,1.59,0.0
20201007:0530,322.05,423.72,57.56,28.8,1.59,0.0
20201007:0630,54.68,86.0,44.01,27.46,1.24,0.0
20201007:0730,21.27,41.3,29.8,27.08,1.72,0.0
20201007:0830,15.39,32.86,15.32,26.88,2.34,0.0
20201007:0930,0.0,3.04,0.69,26.49,2.62,0.0
20201007:1030,0.0,0.0,0.0,26.0,2.48,0.0
20201007:1130,0.0,0.0,0.0,25.9,2.34,0.0
20201007:1230,0.0,0.0,0.0,25.72,1.52,0.0
20201007:1330,0.0,0.0,0.0,26.3,0.76,0.0
20201007:1430,0.0,0.0,0.0,25.55,1.45,0.0
20201007:1530,0.0,0.0,0.0,25.59,1.52,0.0
20201007:1630,0.0,0.0,0.0,25.62,1.86,0.0
20201007:1730,0.0,0.0,0.0,25.34,1.59,0.0
20201007:1830,0.0,0.0,0.0,25.56,2.0,0.0
20201007:1930,0.0,0.0,0.0,25.35,2.69,0.0
20201007:2030,0.0,0.0,0.0,25.42,2.55,0.0
20201007:2130,0.0,0.0,-2.71,25.44,2.55,0.0
20201007:2230,6.83,19.48,11.93,25.45,2.34,0.0
20201007:2330,83.77,120.4,26.45,25.66,2.34,0.0
20201008:0030,170.77,227.06,40.68,26.21,2.69,0.0
20201008:0130,149.34,201.76,54.4,26.66,2.69,0.0
20201008:0230,132.78,183.21,66.57,26.83,2.76,0.0
20201008:0330,272.88,354.28,73.38,27.03,3.24,0.0
20201008:0430,289.74,376.26,68.8,27.42,3.72,0.0
20201008:0530,410.57,526.86,57.31,27.51,4.21,0.0
20201008:0630,133.59,181.75,43.8,27.91,4.55,0.0
20201008:0730,24.13,45.09,29.63,26.19,4.41,0.0
20201008:0830,5.78,17.72,15.16,25.85,4.0,0.0
20201008:0930,0.0,1.26,0.55,25.56,3.86,0.0
20201008:1030,0.0,0.0,0.0,25.49,3.59,0.0
20201008:1130,0.0,0.0,0.0,25.52,3.31,0.0
20201008:1230,0.0,0.0,0.0,25.59,2.76,0.0
20201008:1330,0.0,0.0,0.0,25.63,2.83,0.0
20201008:1430,0.0,0.0,0.0,25.63,2.97,0.0
20201008:1530,0.0,0.0,0.0,25.67,2.83,0.0
20201008:1630,0.0,0.0,0.0,25.52,2.97,0.0
20201008:1730,0.0,0.0,0.0,25.25,3.59,0.0
20201008:1830,0.0,0.0,0.0,25.16,4.0,0.0
20201008:1930,0.0,0.0,0.0,25.04,2.62,0.0
20201008:2030,0.0,0.0,0.0,24.99,2.21,0.0
20201008:2130,0.0,0.0,-2.71,24.97,1.86,0.0
20201008:2230,42.09,67.63,11.92,25.06,2.21,0.0
20201008:2330,104.59,145.57,26.42,25.32,2.48,0.0
20201009:0030,127.1,174.2,40.62,25.91,2.48,0.0
20201009:0130,260.52,338.7,54.28,26.19,2.62,0.0
20201009:0230,406.68,525.64,66.35,26.59,2.9,0.0
20201009:0330,480.87,625.95,73.0,27.05,2.97,0.0
20201009:0430,458.99,597.98,68.46,27.55,2.83,0.0
20201009:0530,291.49,379.21,57.05,27.87,3.24,0.0
20201009:0630,256.56,332.81,43.61,27.54,3.59,0.0
20201009:0730,170.61,227.09,29.46,27.75,3.45,0.0
20201009:0830,50.91,79.22,15.01,27.54,3.31,0.0
20201009:0930,0.0,1.74,0.42,27.22,2.28,0.0
20201009:1030,0.0,0.0,0.0,26.91,1.72,0.0
20201009:1130,0.0,0.0,0.0,26.33,1.24,0.0
20201009:1230,0.0,0.0,0.0,26.6,0.9,0.0
20201009:1330,0.0,0.0,0.0,26.87,0.83,0.0
20201009:1430,0.0,0.0,0.0,26.95,0.41,0.0
20201009:1530,0.0,0.0,0.0,26.62,0.55,0.0
20201009:1630,0.0,0.0,0.0,26.03,0.83,0.0
20201009:1730,0.0,0.0,0.0,25.22,1.93,0.0
20201009:1830,0.0,0.0,0.0,25.38,2.28,0.0
20201009:1930,0.0,0.0,0.0,25.08,1.59,0.0
20201009:2030,0.0,0.0,0.0,24.88,1.45,0.0
20201009:2130,0.0,0.0,-2.72,25.64,0.97,0.0
20201009:2230,97.12,136.23,11.9,26.09,0.69,0.0
20201009:2330,199.43,262.96,26.39,26.23,0.83,0.0
20201010:0030,370.23,482.37,40.55,27.19,1.31,0.0
20201010:0130,424.22,555.76,54.15,27.71,1.45,0.0
20201010:0230,521.94,692.83,66.12,28.24,1.79,0.0
20201010:0330,453.0,596.95,72.63,28.8,2.34,0.0
20201010:0430,421.2,551.43,68.12,29.01,2.55,0.0
20201010:0530,409.52,534.88,56.8,29.05,2.76,0.0
20201010:0630,518.33,675.96,43.41,29.14,3.03,0.0
20201010:0730,371.34,477.43,29.29,28.84,3.1,0.0
20201010:0830,244.23,313.54,14.87,28.05,3.1,0.0
20201010:0930,0.0,3.46,0.28,27.69,1.93,0.0
20201010:1030,0.0,0.0,0.0,27.39,1.79,0.0
20201010:1130,0.0,0.0,0.0,26.83,2.14,0.0
20201010:1230,0.0,0.0,0.0,26.43,2.07,0.0
20201010:1330,0.0,0.0,0.0,26.39,2.14,0.0
20201010:1430,0.0,0.0,0.0,26.3,2.34,0.0
20201010:1530,0.0,0.0,0.0,25.96,2.69,0.0
20201010:1630,0.0,0.0,0.0,25.89,2.97,0.0
20201010:1730,0.0,0.0,0.0,25.66,3.31,0.0
20201010:1830,0.0,0.0,0.0,25.52,3.1,0.0
20201010:1930,0.0,0.0,0.0,25.45,2.83,0.0
20201010:2030,0.0,0.0,0.0,25.3,2.9,0.0
20201010:2130,0.0,0.0,-2.72,25.21,2.9,0.0
20201010:2230,159.44,208.9,11.88,25.32,2.62,0.0
20201010:2330,367.38,468.12,26.35,25.81,2.0,0.0
20201011:0030,398.99,513.26,40.48,26.63,2.14,0.0
20201011:0130,420.47,543.53,54.02,27.39,2.62,0.0
20201011:0230,512.78,667.79,65.88,28.07,2.76,0.0
20201011:0330,436.0,565.43,72.26,28.43,2.97,0.0
20201011:0430,460.96,599.04,67.78,28.45,2.9,0.0
20201011:0530,422.1,544.51,56.55,27.95,2.83,0.0
20201011:0630,249.93,323.66,43.21,27.43,3.31,0.0
20201011:0730,191.61,251.39,29.13,27.39,3.38,0.0
20201011:0830,23.1,43.43,14.72,27.03,2.76,0.0
20201011:0930,0.0,3.15,0.15,26.65,1.59,0.0
20201011:1030,0.0,0.0,0.0,26.26,1.45,0.0
20201011:1130,0.0,0.0,0.0,25.99,1.66,0.0
20201011:1230,0.0,0.0,0.0,25.92,2.0,0.0
20201011:1330,0.0,0.0,0.0,25.76,1.72,0.0
20201011:1430,0.0,0.0,0.0,25.51,1.45,0.0
20201011:1530,0.0,0.0,0.0,25.26,1.45,0.0
20201011:1630,0.0,0.0,0.0,25.19,1.66,0.0
20201011:1730,0.0,0.0,0.0,25.22,1.93,0.0
20201011:1830,0.0,0.0,0.0,25.09,1.38,0.0
20201011:1930,0.0,0.0,0.0,25.04,1.79,0.0
20201011:2030,0.0,0.0,0.0,25.05,1.52,0.0
20201011:2130,0.0,0.0,-2.73,25.31,1.03,0.0
20201011:2230,63.16,94.19,11.86,25.9,0.83,0.0
20201011:2330,392.2,506.99,26.31,26.34,1.1,0.0
20201012:0030,472.8,614.96,40.4,27.2,1.72,0.0
20201012:0130,486.79,641.6,53.89,27.47,1.31,0.0
20201012:0230,523.78,698.01,65.65,28.21,1.38,0.0
20201012:0330,604.26,814.95,71.89,28.82,1.66,0.0
20201012:0430,605.69,813.13,67.44,29.09,1.79,0.0
20201012:0530,568.33,763.26,56.3,29.16,1.38,0.0
20201012:0630,339.22,444.55,43.01,29.2,0.83,0.0
20201012:0730,167.3,224.17,28.96,29.09,2.0,0.0
20201012:0830,24.59,45.67,14.58,28.63,1.79,0.0
20201012:0930,0.0,2.51,0.02,28.18,1.45,0.0
20201012:1030,0.0,0.0,0.0,27.5,1.38,0.0
20201012:1130,0.0,0.0,0.0,27.09,0.97,0.0
20201012:1230,0.0,0.0,0.0,27.38,0.48,0.0
20201012:1330,0.0,0.0,0.0,26.88,0.14,0.0
20201012:1430,0.0,0.0,0.0,25.44,1.31,0.0
20201012:1530,0.0,0.0,0.0,26.82,0.62,0.0
20201012:1630,0.0,0.0,0.0,26.72,0.55,0.0
20201012:1730,0.0,0.0,0.0,25.41,1.03,0.0
20201012:1830,0.0,0.0,0.0,25.24,2.21,0.0
20201012:1930,0.0,0.0,0.0,25.05,1.93,0.0
20201012:2030,0.0,0.0,0.0,25.1,2.34,0.0
20201012:2130,0.0,0.0,-2.74,25.11,2.62,0.0
20201012:2230,142.15,189.04,11.84,25.46,2.62,0.0
20201012:2330,337.43,429.94,26.26,25.79,2.55,0.0
20201013:0030,456.77,587.49,40.32,26.56,2.9,0.0
20201013:0130,544.91,709.06,53.75,27.62,3.31,0.0
20201013:0230,573.3,750.52,65.41,28.62,3.59,0.0
20201013:0330,603.94,793.85,71.52,29.06,4.0,0.0
20201013:0430,449.35,581.46,67.11,29.21,4.07,0.0
20201013:0530,256.16,332.42,56.05,28.83,4.28,0.0
20201013:0630,352.8,454.33,42.82,28.44,3.24,0.0
20201013:0730,306.69,395.86,28.8,29.03,2.97,0.0
20201013:0830,236.1,307.55,14.43,29.13,1.86,0.0
20201013:0930,0.0,0.0,-0.11,28.81,0.9,0.0
20201013:1030,0.0,0.0,0.0,27.9,1.59,0.0
20201013:1130,0.0,0.0,0.0,27.56,0.21,0.0
20201013:1230,0.0,0.0,0.0,26.86,0.62,0.0
20201013:1330,0.0,0.0,0.0,25.76,1.59,0.0
20201013:1430,0.0,0.0,0.0,25.48,0.62,0.0
20201013:1530,0.0,0.0,0.0,25.05,1.45,0.0
20201013:1630,0.0,0.0,0.0,24.99,2.0,0.0
20201013:1730,0.0,0.0,0.0,24.79,1.45,0.0
20201013:1830,0.0,0.0,0.0,24.82,0.76,0.0
20201013:1930,0.0,0.0,0.0,24.85,0.83,0.0
20201013:2030,0.0,0.0,0.0,24.54,1.17,0.0
20201013:2130,0.0,0.0,-2.75,24.51,1.24,0.0
20201013:2230,46.47,73.41,11.81,25.21,0.9,0.0
20201013:2330,146.18,195.96,26.22,25.59,0.48,0.0
20201014:0030,222.68,292.76,40.23,26.42,0.41,0.0
20201014:0130,294.71,385.29,53.61,26.77,0.83,0.0
20201014:0230,363.19,472.57,65.16,27.01,1.17,0.0
20201014:0330,401.09,522.22,71.15,27.28,1.72,0.0
20201014:0430,263.84,345.49,66.77,27.12,2.14,0.0
20201014:0530,202.89,269.21,55.81,27.49,2.34,0.0
20201014:0630,336.21,434.61,42.62,27.72,2.9,0.0
20201014:0730,236.84,309.18,28.64,28.38,2.69,0.0
20201014:0830,129.42,175.66,14.3,28.17,2.9,0.0
20201014:0930,0.0,0.0,-0.23,27.8,2.62,0.0
20201014:1030,0.0,0.0,0.0,27.23,2.97,0.0
20201014:1130,0.0,0.0,0.0,26.85,3.52,0.0
20201014:1230,0.0,0.0,0.0,26.65,3.66,0.0
20201014:1330,0.0,0.0,0.0,26.46,3.79,0.0
20201014:1430,0.0,0.0,0.0,26.25,4.07,0.0
20201014:1530,0.0,0.0,0.0,26.17,4.34,0.0
20201014:1630,0.0,0.0,0.0,26.13,4.41,0.0
20201014:1730,0.0,0.0,0.0,26.1,4.41,0.0
20201014:1830,0.0,0.0,0.0,26.11,4.76,0.0
20201014:1930,0.0,0.0,0.0,25.74,4.69,0.0
20201014:2030,0.0,0.0,0.0,25.94,4.14,0.0
20201014:2130,0.0,0.0,-2.77,25.92,3.52,0.0
20201014:2230,77.03,110.75,11.78,25.73,3.38,0.0
20201014:2330,241.51,309.83,26.16,26.02,3.45,0.0
20201015:0030,239.01,308.39,40.14,26.59,3.31,0.0
20201015:0130,310.73,400.4,53.47,27.12,2.97,0.0
20201015:0230,508.44,664.6,64.91,27.53,2.41,0.0
20201015:0330,380.44,499.62,70.78,28.19,2.14,0.0
20201015:0430,353.06,458.15,66.44,27.67,2.9,0.0
20201015:0530,349.53,452.74,55.56,27.55,2.62,0.0
20201015:0630,94.04,134.06,42.43,27.38,3.79,0.0
20201015:0730,144.86,193.76,28.48,26.62,3.03,0.0
20201015:0830,5.27,16.89,14.16,26.49,2.97,0.0
20201015:0930,0.0,0.0,-0.35,25.82,2.55,0.0
20201015:1030,0.0,0.0,0.0,25.66,2.62,0.0
20201015:1130,0.0,0.0,0.0,25.62,2.9,0.0
20201015:1230,0.0,0.0,0.0,25.63,2.41,0.0
20201015:1330,0.0,0.0,0.0,25.6,2.28,0.0
20201015:1430,0.0,0.0,0.0,25.68,2.34,0.0
20201015:1530,0.0,0.0,0.0,25.59,2.28,0.0
20201015:1630,0.0,0.0,0.0,25.36,1.59,0.0
20201015:1730,0.0,0.0,0.0,25.24,1.31,0.0
20201015:1830,0.0,0.0,0.0,25.34,1.52,0.0
20201015:1930,0.0,0.0,0.0,24.82,2.21,0.0
20201015:2030,0.0,0.0,0.0,24.88,2.55,0.0
20201015:2130,0.0,0.0,-2.78,24.95,2.28,0.0
20201015:2230,20.24,38.86,11.75,25.18,2.07,0.0
20201015:2330,85.33,121.73,26.11,25.52,2.21,0.0
20201016:0030,81.77,119.41,40.05,26.19,2.48,0.0
20201016:0130,153.27,208.32,53.32,26.84,2.62,0.0
20201016:0230,263.68,344.22,64.66,27.38,2.28,0.0
20201016:0330,203.73,272.32,70.42,27.82,2.28,0.0
20201016:0430,217.86,287.58,66.11,27.72,2.28,0.0
20201016:0530,252.18,326.38,55.31,27.15,2.28,0.0
20201016:0630,179.15,238.03,42.24,27.0,2.28,0.0
20201016:0730,73.45,109.11,28.32,26.9,0.28,0.0
20201016:0830,12.77,29.0,14.02,26.86,0.41,0.0
20201016:0930,0.0,0.0,-0.47,26.28,0.83,0.0
20201016:1030,0.0,0.0,0.0,25.75,0.97,0.0
20201016:1130,0.0,0.0,0.0,25.27,1.03,0.0
20201016:1230,0.0,0.0,0.0,25.28,0.62,0.0
20201016:1330,0.0,0.0,0.0,24.89,0.9,0.0
20201016:1430,0.0,0.0,0.0,24.5,0.97,0.0
20201016:1530,0.0,0.0,0.0,24.52,0.9,0.0
20201016:1630,0.0,0.0,0.0,24.45,0.83,0.0
20201016:1730,0.0,0.0,0.0,24.78,0.48,0.0
20201016:1830,0.0,0.0,0.0,24.55,0.48,0.0
20201016:1930,0.0,0.0,0.0,23.95,1.24,0.0
20201016:2030,0.0,0.0,0.0,23.85,1.03,0.0
20201016:2130,0.0,0.0,-2.8,23.92,1.31,0.0
20201016:2230,137.45,181.37,11.72,23.88,1.31,0.0
20201016:2330,147.4,196.5,26.05,24.78,1.31,0.0
20201017:0030,242.92,314.91,39.95,25.46,1.38,0.0
20201017:0130,347.45,451.31,53.16,26.0,1.1,0.0
20201017:0230,354.7,465.32,64.41,26.93,1.03,0.0
20201017:0330,486.71,649.62,70.05,27.54,0.62,0.0
20201017:0430,439.51,585.3,65.78,28.1,0.69,0.0
20201017:0530,205.68,273.64,55.07,28.18,0.55,0.0
20201017:0630,300.67,392.14,42.05,27.65,0.9,0.0
20201017:0730,187.72,248.35,28.17,27.69,1.03,0.0
20201017:0830,100.63,139.53,13.89,27.4,2.0,0.0
20201017:0930,0.0,0.0,-0.58,26.88,1.79,0.0
20201017:1030,0.0,0.0,0.0,26.36,2.14,0.0
20201017:1130,0.0,0.0,0.0,26.0,1.86,0.0
20201017:1230,0.0,0.0,0.0,25.6,1.52,0.0
20201017:1330,0.0,0.0,0.0,25.22,1.17,0.0
20201017:1430,0.0,0.0,0.0,25.15,1.03,0.0
20201017:1530,0.0,0.0,0.0,24.54,1.17,0.0
20201017:1630,0.0,0.0,0.0,24.37,1.72,0.0
20201017:1730,0.0,0.0,0.0,24.58,1.93,0.0
20201017:1830,0.0,0.0,0.0,24.59,2.34,0.0
20201017:1930,0.0,0.0,0.0,24.49,2.07,0.0
20201017:2030,0.0,0.0,0.0,24.49,2.0,0.0
20201017:2130,0.0,0.0,-2.82,24.61,2.21,0.0
20201017:2230,72.36,104.65,11.68,24.63,2.48,0.0
20201017:2330,101.52,141.91,25.99,25.31,2.55,0.0
20201018:0030,181.59,240.46,39.85,26.04,3.03,0.0
20201018:0130,232.61,305.98,53.0,26.87,3.31,0.0
20201018:0230,296.14,387.96,64.15,27.54,3.03,0.0
20201018:0330,379.67,497.38,69.69,27.85,2.69,0.0
20201018:0430,366.49,479.05,65.46,28.12,2.55,0.0
20201018:0530,282.92,372.61,54.83,28.1,2.21,0.0
20201018:0630,256.61,335.33,41.86,27.88,2.48,0.0
20201018:0730,61.89,94.78,28.02,27.89,3.1,0.0
20201018:0830,12.01,27.82,13.77,26.96,3.86,0.0
20201018:0930,0.0,0.0,-0.7,26.49,3.03,0.0
20201018:1030,0.0,0.0,0.0,26.15,2.62,0.0
20201018:1130,0.0,0.0,0.0,25.86,3.03,0.0
20201018:1230,0.0,0.0,0.0,25.7,3.17,0.0
20201018:1330,0.0,0.0,0.0,25.58,3.31,0.0
20201018:1430,0.0,0.0,0.0,25.34,3.66,0.0
20201018:1530,0.0,0.0,0.0,25.2,3.79,0.0
20201018:1630,0.0,0.0,0.0,25.07,3.86,0.0
20201018:1730,0.0,0.0,0.0,24.99,3.52,0.0
20201018:1830,0.0,0.0,0.0,24.85,3.38,0.0
20201018:1930,0.0,0.0,0.0,25.27,3.45,0.0
20201018:2030,0.0,0.0,0.0,25.03,3.38,0.0
20201018:2130,0.0,0.0,-2.85,24.98,3.24,0.0
20201018:2230,309.85,388.67,11.64,24.99,3.1,0.0
20201018:2330,365.34,460.85,25.93,25.59,3.17,0.0
20201019:0030,390.48,492.95,39.75,26.48,4.21,0.0
20201019:0130,495.09,632.97,52.84,27.09,4.0,0.0
20201019:0230,501.33,649.46,63.89,27.97,3.59,0.0
20201019:0330,442.55,572.79,69.33,28.54,3.45,0.0
20201019:0430,292.4,383.86,65.14,29.02,3.24,0.0
20201019:0530,236.14,310.82,54.59,27.87,3.59,0.0
20201019:0630,193.4,255.2,41.68,27.71,3.38,0.0
20201019:0730,134.4,183.32,27.87,27.46,3.24,0.0
20201019:0830,31.3,54.56,13.64,27.38,2.55,0.0
20201019:0930,0.0,0.0,-0.8,27.08,2.41,0.0
20201019:1030,0.0,0.0,0.0,26.66,2.07,0.0
20201019:1130,0.0,0.0,0.0,26.15,1.79,0.0
20201019:1230,0.0,0.0,0.0,25.56,1.31,0.0
20201019:1330,0.0,0.0,0.0,25.26,0.83,0.0
20201019:1430,0.0,0.0,0.0,25.96,0.48,0.0
20201019:1530,0.0,0.0,0.0,25.53,0.76,0.0
20201019:1630,0.0,0.0,0.0,25.34,0.9,0.0
20201019:1730,0.0,0.0,0.0,24.94,1.1,0.0
20201019:1830,0.0,0.0,0.0,24.86,1.45,0.0
20201019:1930,0.0,0.0,0.0,24.92,1.66,0.0
20201019:2030,0.0,0.0,0.0,25.08,1.79,0.0
20201019:2130,0.0,0.0,-2.87,25.19,2.0,0.0
20201019:2230,23.04,42.86,11.59,25.22,1.66,0.0
20201019:2330,63.44,95.04,25.86,25.4,1.52,0.0
20201020:0030,226.47,292.98,39.64,25.76,2.14,0.0
20201020:0130,183.02,243.17,52.68,26.22,2.41,0.0
20201020:0230,236.14,310.74,63.63,26.59,2.34,0.0
20201020:0330,241.97,319.36,68.97,27.22,2.55,0.0
20201020:0430,354.66,460.65,64.82,27.59,3.17,0.0
20201020:0530,195.92,259.08,54.35,27.73,4.07,0.0
20201020:0630,67.31,101.58,41.5,27.23,4.9,0.0
20201020:0730,56.4,87.01,27.72,26.5,4.97,0.0
20201020:0830,23.0,43.14,13.52,26.19,4.9,0.0
20201020:0930,0.0,0.0,-0.91,26.12,4.14,0.0
20201020:1030,0.0,0.0,0.0,26.04,3.72,0.0
20201020:1130,0.0,0.0,0.0,25.96,3.79,0.0
20201020:1230,0.0,0.0,0.0,25.73,4.41,0.0
20201020:1330,0.0,0.0,0.0,25.52,4.76,0.0
20201020:1430,0.0,0.0,0.0,25.48,5.1,0.0
20201020:1530,0.0,0.0,0.0,25.54,4.9,0.0
20201020:1630,0.0,0.0,0.0,25.56,4.83,0.0
20201020:1730,0.0,0.0,0.0,25.26,5.03,0.0
20201020:1830,0.0,0.0,0.0,25.27,5.31,0.0
20201020:1930,0.0,0.0,0.0,25.57,5.59,0.0
20201020:2030,0.0,0.0,0.0,25.55,6.14,0.0
20201020:2130,0.0,0.0,-2.9,25.61,5.72,0.0
20201020:2230,102.65,140.95,11.55,25.79,5.66,0.0
20201020:2330,199.48,257.3,25.79,25.99,5.59,0.0
20201021:0030,233.76,301.16,39.53,26.43,5.72,0.0
20201021:0130,246.65,320.15,52.51,27.07,6.21,0.0
20201021:0230,396.68,506.4,63.37,27.25,6.34,0.0
20201021:0330,398.01,507.92,68.61,27.61,6.21,0.0
20201021:0430,350.06,446.97,64.5,27.64,6.14,0.0
20201021:0530,386.47,490.67,54.11,27.41,6.14,0.0
20201021:0630,310.94,396.03,41.31,27.82,6.41,0.0
20201021:0730,177.36,232.09,27.57,27.0,6.62,0.0
20201021:0830,60.98,91.31,13.4,26.87,5.45,0.0
20201021:0930,0.0,0.0,-1.01,25.74,5.79,0.0
20201021:1030,0.0,0.0,0.0,25.79,5.72,0.0
20201021:1130,0.0,0.0,0.0,25.83,5.38,0.0
20201021:1230,0.0,0.0,0.0,25.68,4.41,0.0
20201021:1330,0.0,0.0,0.0,25.95,4.0,0.0
20201021:1430,0.0,0.0,0.0,25.85,4.21,0.0
20201021:1530,0.0,0.0,0.0,25.44,4.62,0.0
20201021:1630,0.0,0.0,0.0,25.29,4.48,0.0
20201021:1730,0.0,0.0,0.0,25.36,4.14,0.0
20201021:1830,0.0,0.0,0.0,25.61,3.79,0.0
20201021:1930,0.0,0.0,0.0,25.87,3.24,0.0
20201021:2030,0.0,0.0,0.0,25.81,3.59,0.0
20201021:2130,0.0,0.0,-2.93,26.02,3.93,0.0
20201021:2230,315.95,396.28,11.5,26.06,4.28,0.0
20201021:2330,450.34,566.76,25.71,26.35,4.34,0.0
20201022:0030,538.86,684.25,39.42,26.75,4.69,0.0
20201022:0130,633.35,807.69,52.33,27.32,5.86,0.0
20201022:0230,661.05,849.05,63.1,28.05,6.28,0.0
20201022:0330,692.2,895.32,68.26,28.63,6.07,0.0
20201022:0430,614.77,787.91,64.18,28.92,6.48,0.0
20201022:0530,543.14,689.04,53.88,28.11,6.76,0.0
20201022:0630,439.8,555.04,41.14,28.16,6.14,0.0
20201022:0730,220.44,284.27,27.43,28.01,4.97,0.0
20201022:0830,197.96,255.54,13.28,27.33,4.41,0.0
20201022:0930,0.0,0.0,-1.11,27.23,4.14,0.0
20201022:1030,0.0,0.0,0.0,26.87,3.31,0.0
20201022:1130,0.0,0.0,0.0,26.54,3.17,0.0
20201022:1230,0.0,0.0,0.0,26.18,3.45,0.0
20201022:1330,0.0,0.0,0.0,25.85,3.52,0.0
20201022:1430,0.0,0.0,0.0,25.58,3.86,0.0
20201022:1530,0.0,0.0,0.0,25.53,4.0,0.0
20201022:1630,0.0,0.0,0.0,25.29,3.93,0.0
20201022:1730,0.0,0.0,0.0,25.37,3.38,0.0
20201022:1830,0.0,0.0,0.0,25.67,3.17,0.0
20201022:1930,0.0,0.0,0.0,25.77,3.17,0.0
20201022:2030,0.0,0.0,0.0,25.7,3.72,0.0
20201022:2130,0.0,0.0,-2.96,25.38,3.72,0.0
20201022:2230,182.32,235.42,11.45,25.64,3.52,0.0
20201022:2330,451.46,570.31,25.64,25.98,3.72,0.0
20201023:0030,536.44,682.63,39.3,26.88,4.62,0.0
20201023:0130,539.39,691.23,52.16,27.79,4.83,0.0
20201023:0230,631.78,817.07,62.84,28.12,4.97,0.0
20201023:0330,381.42,485.71,67.91,28.48,5.66,0.0
20201023:0430,438.39,555.78,63.87,26.72,5.24,0.0
20201023:0530,418.03,530.64,53.65,27.46,4.69,0.0
20201023:0630,384.45,490.76,40.96,27.85,4.14,0.0
20201023:0730,177.05,232.21,27.29,26.8,4.97,0.0
20201023:0830,9.13,23.29,13.17,26.78,3.79,0.0
20201023:0930,0.0,0.0,-1.2,26.29,2.97,0.0
20201023:1030,0.0,0.0,0.0,26.01,2.55,0.0
20201023:1130,0.0,0.0,0.0,25.92,3.17,0.0
20201023:1230,0.0,0.0,0.0,25.66,3.66,0.0
20201023:1330,0.0,0.0,0.0,25.57,3.17,0.0
20201023:1430,0.0,0.0,0.0,25.37,3.17,0.0
20201023:1530,0.0,0.0,0.0,25.31,2.21,0.0
20201023:1630,0.0,0.0,0.0,25.47,2.28,0.0
20201023:1730,0.0,0.0,0.0,25.35,2.34,0.0
20201023:1830,0.0,0.0,0.0,25.28,2.69,0.0
20201023:1930,0.0,0.0,0.0,25.25,3.86,0.0
20201023:2030,0.0,0.0,0.0,25.27,3.72,0.0
20201023:2130,0.0,0.0,-3.0,25.25,3.52,0.0
20201023:2230,22.55,42.26,11.39,25.31,2.83,0.0
20201023:2330,205.57,266.87,25.56,25.63,2.48,0.0
20201024:0030,204.69,268.14,39.18,26.51,2.55,0.0
20201024:0130,146.77,198.61,51.98,26.71,2.83,0.0
20201024:0230,164.24,219.8,62.57,26.33,3.59,0.0
20201024:0330,106.6,150.36,67.56,26.21,3.52,0.0
20201024:0430,83.26,121.38,63.56,26.18,3.24,0.0
20201024:0530,87.33,126.39,53.42,26.31,3.45,0.0
20201024:0630,68.43,102.58,40.79,26.07,3.38,0.0
20201024:0730,78.35,113.99,27.16,26.8,3.72,0.0
20201024:0830,81.1,116.35,13.06,26.96,2.97,0.0
20201024:0930,0.0,0.0,-1.29,26.84,2.41,0.0
20201024:1030,0.0,0.0,0.0,26.4,2.0,0.0
20201024:1130,0.0,0.0,0.0,25.89,1.45,0.0
20201024:1230,0.0,0.0,0.0,25.65,1.52,0.0
20201024:1330,0.0,0.0,0.0,25.56,1.79,0.0
20201024:1430,0.0,0.0,0.0,25.46,2.0,0.0
20201024:1530,0.0,0.0,0.0,25.35,1.86,0.0
20201024:1630,0.0,0.0,0.0,25.32,1.93,0.0
20201024:1730,0.0,0.0,0.0,25.14,1.59,0.0
20201024:1830,0.0,0.0,0.0,24.92,1.59,0.0
20201024:1930,0.0,0.0,0.0,24.89,1.93,0.0
20201024:2030,0.0,0.0,0.0,24.61,1.24,0.0
20201024:2130,0.0,0.0,-3.04,24.78,0.9,0.0
20201024:2230,13.5,29.61,11.34,24.51,1.1,0.0
20201024:2330,84.58,121.4,25.47,25.44,1.17,0.0
20201025:0030,172.71,230.24,39.06,26.01,1.79,0.0
20201025:0130,327.99,425.04,51.8,26.69,2.21,0.0
20201025:0230,257.32,336.61,62.3,27.27,2.76,0.0
20201025:0330,262.8,343.48,67.21,27.21,3.17,0.0
20201025:0430,158.01,213.17,63.26,26.89,3.59,0.0
20201025:0530,132.71,181.04,53.19,26.51,3.31,0.0
20201025:0630,19.13,38.16,40.62,26.1,2.83,0.0
20201025:0730,4.61,15.65,27.03,25.81,5.03,0.0
20201025:0830,1.54,9.67,12.95,25.63,5.31,0.0
20201025:0930,0.0,0.0,-1.38,25.55,5.31,0.0
20201025:1030,0.0,0.0,0.0,25.49,5.24,0.0
20201025:1130,0.0,0.0,0.0,25.55,5.24,0.0
20201025:1230,0.0,0.0,0.0,25.65,5.59,0.0
20201025:1330,0.0,0.0,0.0,25.44,6.0,0.0
20201025:1430,0.0,0.0,0.0,25.41,6.55,0.0
20201025:1530,0.0,0.0,0.0,25.38,6.69,0.0
20201025:1630,0.0,0.0,0.0,25.37,6.9,0.0
20201025:1730,0.0,0.0,0.0,25.12,7.38,0.0
20201025:1830,0.0,0.0,0.0,25.17,8.0,0.0
20201025:1930,0.0,0.0,0.0,25.24,7.93,0.0
20201025:2030,0.0,0.0,0.0,24.79,8.21,0.0
20201025:2130,0.0,0.0,-3.08,25.04,7.93,0.0
20201025:2230,2.87,12.38,11.28,24.91,8.28,0.0
20201025:2330,18.29,36.7,25.39,24.74,8.62,0.0
20201026:0030,102.16,142.12,38.93,25.27,7.86,0.0
20201026:0130,181.62,238.33,51.61,25.4,7.45,0.0
20201026:0230,62.69,95.24,62.03,25.76,7.24,0.0
20201026:0330,111.0,154.18,66.87,25.14,7.03,0.0
20201026:0430,122.18,168.17,62.96,25.54,6.69,0.0
20201026:0530,66.69,99.56,52.97,24.47,7.52,0.0
20201026:0630,43.77,70.72,40.45,25.01,6.48,0.0
20201026:0730,10.46,25.26,26.9,25.58,7.31,0.0
20201026:0830,0.96,8.35,12.85,25.23,7.72,0.0
20201026:0930,0.0,0.0,-1.46,24.94,6.83,0.0
20201026:1030,0.0,0.0,0.0,25.06,6.76,0.0
20201026:1130,0.0,0.0,0.0,25.26,6.55,0.0
20201026:1230,0.0,0.0,0.0,25.32,6.34,0.0
20201026:1330,0.0,0.0,0.0,25.07,5.86,0.0
20201026:1430,0.0,0.0,0.0,25.16,6.0,0.0
20201026:1530,0.0,0.0,0.0,25.12,5.93,0.0
20201026:1630,0.0,0.0,0.0,25.17,5.86,0.0
20201026:1730,0.0,0.0,0.0,24.97,5.86,0.0
20201026:1830,0.0,0.0,0.0,25.09,5.45,0.0
20201026:1930,0.0,0.0,0.0,25.09,3.86,0.0
20201026:2030,0.0,0.0,0.0,25.2,2.97,0.0
20201026:2130,0.0,0.0,-3.12,25.12,2.41,0.0
20201026:2230,361.16,454.82,11.21,24.86,2.28,0.0
20201026:2330,546.71,707.05,25.3,25.81,2.07,0.0
20201027:0030,576.2,751.71,38.8,26.89,2.34,0.0
20201027:0130,629.47,828.08,51.43,27.54,2.69,0.0
20201027:0230,691.75,916.29,61.76,28.09,3.31,0.0
20201027:0330,623.25,813.92,66.53,28.54,4.21,0.0
20201027:0430,636.18,831.09,62.66,28.44,4.21,0.0
20201027:0530,444.96,568.57,52.75,28.4,4.48,0.0
20201027:0630,341.23,434.55,40.29,27.78,4.62,0.0
20201027:0730,115.2,158.33,26.77,27.53,4.14,0.0
20201027:0830,48.35,76.07,12.75,27.26,3.03,0.0
20201027:0930,0.0,0.0,-1.54,26.99,2.28,0.0
20201027:1030,0.0,0.0,0.0,26.82,1.66,0.0
20201027:1130,0.0,0.0,0.0,26.23,1.45,0.0
20201027:1230,0.0,0.0,0.0,25.64,1.72,0.0
20201027:1330,0.0,0.0,0.0,25.51,2.28,0.0
20201027:1430,0.0,0.0,0.0,25.33,2.0,0.0
20201027:1530,0.0,0.0,0.0,25.22,1.72,0.0
20201027:1630,0.0,0.0,0.0,25.68,1.03,0.0
20201027:1730,0.0,0.0,0.0,26.31,0.83,0.0
20201027:1830,0.0,0.0,0.0,24.66,1.31,0.0
20201027:1930,0.0,0.0,0.0,24.87,1.17,0.0
20201027:2030,0.0,0.0,0.0,23.93,1.86,0.0
20201027:2130,0.0,0.0,-3.16,24.0,2.07,0.0
20201027:2230,420.09,530.68,11.15,23.97,1.79,0.0
20201027:2330,464.42,603.68,25.2,26.09,1.03,0.0
20201028:0030,553.76,742.21,38.66,27.15,0.55,0.0
20201028:0130,634.57,877.72,51.24,27.77,0.34,0.0
20201028:0230,616.48,853.23,61.49,28.48,0.41,0.0
20201028:0330,582.12,789.29,66.19,29.05,0.97,0.0
20201028:0430,560.76,752.65,62.36,29.34,1.45,0.0
20201028:0530,578.6,776.69,52.53,29.22,1.52,0.0
20201028:0630,434.58,568.7,40.13,29.34,2.0,0.0
20201028:0730,290.72,381.54,26.65,29.18,0.69,0.0
20201028:0830,140.64,189.02,12.65,28.04,1.93,0.0
20201028:0930,0.0,0.0,-1.61,26.73,2.69,0.0
20201028:1030,0.0,0.0,0.0,26.18,3.1,0.0
20201028:1130,0.0,0.0,0.0,25.59,3.24,0.0
20201028:1230,0.0,0.0,0.0,25.4,2.62,0.0
20201028:1330,0.0,0.0,0.0,25.33,2.34,0.0
20201028:1430,0.0,0.0,0.0,25.24,2.34,0.0
20201028:1530,0.0,0.0,0.0,25.19,2.83,0.0
20201028:1630,0.0,0.0,0.0,25.18,3.03,0.0
20201028:1730,0.0,0.0,0.0,25.16,2.97,0.0
20201028:1830,0.0,0.0,0.0,25.09,3.24,0.0
20201028:1930,0.0,0.0,0.0,25.15,2.97,0.0
20201028:2030,0.0,0.0,0.0,25.02,3.03,0.0
20201028:2130,0.0,0.0,-3.21,24.92,3.03,0.0
20201028:2230,407.37,512.11,11.08,24.93,3.03,0.0
20201028:2330,526.65,674.99,25.11,25.82,2.76,0.0
20201029:0030,615.73,802.17,38.53,27.06,3.03,0.0
20201029:0130,570.43,740.62,51.04,28.15,3.66,0.0
20201029:0230,640.26,840.25,61.21,28.76,3.72,0.0
20201029:0330,446.34,577.16,65.86,29.13,3.59,0.0
20201029:0430,398.26,513.09,62.07,28.46,3.45,0.0
20201029:0530,438.29,564.85,52.31,27.71,3.1,0.0
20201029:0630,577.34,755.65,39.97,28.05,2.69,0.0
20201029:0730,445.54,572.99,26.53,29.44,3.38,0.0
20201029:0830,308.29,392.85,12.56,28.33,3.31,0.0
20201029:0930,0.0,0.0,-1.68,27.74,2.41,0.0
20201029:1030,0.0,0.0,0.0,27.09,2.55,0.0
20201029:1130,0.0,0.0,0.0,26.65,2.76,0.0
20201029:1230,0.0,0.0,0.0,26.3,3.31,0.0
20201029:1330,0.0,0.0,0.0,26.0,3.17,0.0
20201029:1430,0.0,0.0,0.0,25.61,3.24,0.0
20201029:1530,0.0,0.0,0.0,25.29,3.59,0.0
20201029:1630,0.0,0.0,0.0,25.08,3.59,0.0
20201029:1730,0.0,0.0,0.0,24.95,3.72,0.0
20201029:1830,0.0,0.0,0.0,24.87,3.86,0.0
20201029:1930,0.0,0.0,0.0,24.82,3.24,0.0
20201029:2030,0.0,0.0,0.0,24.85,2.83,0.0
20201029:2130,0.0,0.0,-3.26,24.93,3.17,0.0
20201029:2230,22.58,42.36,11.01,25.01,3.52,0.0
20201029:2330,38.98,64.77,25.01,25.18,3.52,0.0
20201030:0030,95.94,136.39,38.39,25.61,3.86,0.0
20201030:0130,262.34,338.97,50.85,26.1,4.34,0.0
20201030:0230,303.94,390.08,60.94,26.69,5.03,0.0
20201030:0330,230.64,301.08,65.53,27.37,5.38,0.0
20201030:0430,227.1,298.16,61.78,27.29,5.45,0.0
20201030:0530,256.08,331.53,52.1,27.29,5.24,0.0
20201030:0630,175.52,233.52,39.81,27.68,5.1,0.0
20201030:0730,91.88,130.95,26.41,27.34,4.0,0.0
20201030:0830,16.79,34.59,12.47,26.47,4.07,0.0
20201030:0930,0.0,0.0,-1.75,25.99,3.93,0.0
20201030:1030,0.0,0.0,0.0,25.55,4.0,0.0
20201030:1130,0.0,0.0,0.0,25.3,4.21,0.0
20201030:1230,0.0,0.0,0.0,25.14,4.21,0.0
20201030:1330,0.0,0.0,0.0,24.98,4.34,0.0
20201030:1430,0.0,0.0,0.0,24.95,4.28,0.0
20201030:1530,0.0,0.0,0.0,24.95,4.07,0.0
20201030:1630,0.0,0.0,0.0,25.12,4.28,0.0
20201030:1730,0.0,0.0,0.0,25.18,4.48,0.0
20201030:1830,0.0,0.0,0.0,25.19,4.28,0.0
20201030:1930,0.0,0.0,0.0,25.23,4.48,0.0
20201030:2030,0.0,0.0,0.0,25.35,4.34,0.0
20201030:2130,0.0,0.0,-3.31,25.39,4.14,0.0
20201030:2230,155.77,204.06,10.93,25.51,4.14,0.0
20201030:2330,387.6,487.82,24.91,25.95,4.48,0.0
20201031:0030,409.71,517.46,38.25,26.82,5.66,0.0
20201031:0130,503.06,639.02,50.65,27.36,5.59,0.0
20201031:0230,611.77,787.35,60.67,28.29,5.38,0.0
20201031:0330,604.94,782.17,65.2,28.96,5.17,0.0
20201031:0430,622.56,809.85,61.5,29.5,5.24,0.0
20201031:0530,603.05,780.27,51.9,29.71,5.24,0.0
20201031:0630,640.73,832.86,39.66,29.71,5.03,0.0
20201031:0730,536.14,687.94,26.3,29.53,4.9,0.0
20201031:0830,325.92,416.01,12.39,29.05,3.93,0.0
20201031:0930,0.0,0.0,-1.82,28.27,3.38,0.0
20201031:1030,0.0,0.0,0.0,27.14,3.93,0.0
20201031:1130,0.0,0.0,0.0,26.4,3.86,0.0
20201031:1230,0.0,0.0,0.0,25.95,3.59,0.0
20201031:1330,0.0,0.0,0.0,25.81,3.52,0.0
20201031:1430,0.0,0.0,0.0,25.63,2.97,0.0
20201031:1530,0.0,0.0,0.0,25.53,2.55,0.0
20201031:1630,0.0,0.0,0.0,25.43,2.21,0.0
20201031:1730,0.0,0.0,0.0,25.29,2.0,0.0
20201031:1830,0.0,0.0,0.0,25.02,1.72,0.0
20201031:1930,0.0,0.0,0.0,25.21,1.86,0.0
20201031:2030,0.0,0.0,0.0,25.08,1.59,0.0
20201031:2130,0.0,0.0,-3.37,25.88,0.62,0.0
20201031:2230,11.38,26.82,10.86,26.19,0.28,0.0
20201031:2330,49.23,78.23,24.81,25.78,1.66,0.0
20201101:0030,53.31,83.61,38.11,26.31,3.03,0.0
20201101:0130,127.07,175.52,50.46,26.5,3.72,0.0
20201101:0230,199.3,264.88,60.4,26.93,4.48,0.0
20201101:0330,236.17,309.88,64.88,27.54,5.17,0.0
20201101:0430,264.47,345.44,61.22,28.0,6.0,0.0
20201101:0530,265.07,342.53,51.69,27.75,6.83,0.0
20201101:0630,143.35,193.89,39.51,27.55,7.66,0.0
20201101:0730,146.43,195.18,26.19,26.28,6.69,0.0
20201101:0830,80.47,114.81,12.31,26.27,5.93,0.0
20201101:0930,0.0,0.0,-1.87,26.01,5.66,0.0
20201101:1030,0.0,0.0,0.0,25.74,5.52,0.0
20201101:1130,0.0,0.0,0.0,25.67,5.03,0.0
20201101:1230,0.0,0.0,0.0,25.72,4.28,0.0
20201101:1330,0.0,0.0,0.0,25.33,4.69,0.0
20201101:1430,0.0,0.0,0.0,25.4,4.55,0.0
20201101:1530,0.0,0.0,0.0,25.45,4.76,0.0
20201101:1630,0.0,0.0,0.0,25.42,4.76,0.0
20201101:1730,0.0,0.0,0.0,25.3,4.83,0.0
20201101:1830,0.0,0.0,0.0,25.08,4.76,0.0
20201101:1930,0.0,0.0,0.0,25.56,4.14,0.0
20201101:2030,0.0,0.0,0.0,25.41,3.86,0.0
20201101:2130,0.0,0.0,-3.43,25.37,4.14,0.0
20201101:2230,107.82,146.28,10.78,25.19,4.62,0.0
20201101:2330,334.97,419.7,24.7,25.45,5.24,0.0
20201102:0030,417.93,524.7,37.96,25.85,5.52,0.0
20201102:0130,492.58,623.06,50.26,26.56,5.31,0.0
20201102:0230,452.61,574.93,60.13,27.16,5.38,0.0
20201102:0330,396.8,500.9,64.56,27.32,6.69,0.0
20201102:0430,397.14,500.86,60.95,26.71,7.1,0.0
20201102:0530,223.06,288.92,51.49,26.92,6.0,0.0
20201102:0630,310.73,392.35,39.37,26.02,5.31,0.0
20201102:0730,271.66,344.65,26.08,26.57,6.14,0.0
20201102:0830,92.26,128.85,12.23,26.14,6.34,0.0
20201102:0930,0.0,0.0,-1.93,25.81,5.59,0.0
20201102:1030,0.0,0.0,0.0,25.58,4.9,0.0
20201102:1130,0.0,0.0,0.0,25.48,4.28,0.0
20201102:1230,0.0,0.0,0.0,25.48,4.07,0.0
20201102:1330,0.0,0.0,0.0,25.51,3.72,0.0
20201102:1430,0.0,0.0,0.0,25.45,3.79,0.0
20201102:1530,0.0,0.0,0.0,25.29,4.0,0.0
20201102:1630,0.0,0.0,0.0,25.32,4.21,0.0
20201102:1730,0.0,0.0,0.0,25.04,4.28,0.0
20201102:1830,0.0,0.0,0.0,25.08,4.0,0.0
20201102:1930,0.0,0.0,0.0,25.58,3.03,0.0
20201102:2030,0.0,0.0,0.0,25.66,2.9,0.0
20201102:2130,0.0,0.0,-3.49,25.61,2.62,0.0
20201102:2230,372.05,469.14,10.7,25.5,2.69,0.0
20201102:2330,490.17,621.85,24.59,25.83,3.24,0.0
20201103:0030,540.02,689.61,37.81,26.48,3.93,0.0
20201103:0130,567.58,726.03,50.06,26.88,4.41,0.0
20201103:0230,478.89,612.44,59.86,27.12,4.07,0.0
20201103:0330,561.75,729.24,64.24,27.41,3.66,0.0
20201103:0430,638.69,838.35,60.67,28.15,3.72,0.0
20201103:0530,561.86,728.94,51.29,28.65,4.14,0.0
20201103:0630,589.73,763.33,39.23,28.71,4.41,0.0
20201103:0730,417.83,532.07,25.98,28.78,4.34,0.0
20201103:0830,157.57,208.04,12.15,27.67,3.66,0.0
20201103:0930,0.0,0.0,-1.98,27.29,2.9,0.0
20201103:1030,0.0,0.0,0.0,26.78,2.83,0.0
20201103:1130,0.0,0.0,0.0,26.34,2.9,0.0
20201103:1230,0.0,0.0,0.0,25.95,2.9,0.0
20201103:1330,0.0,0.0,0.0,25.7,2.83,0.0
20201103:1430,0.0,0.0,0.0,25.5,2.83,0.0
20201103:1530,0.0,0.0,0.0,25.54,2.9,0.0
20201103:1630,0.0,0.0,0.0,25.37,2.48,0.0
20201103:1730,0.0,0.0,0.0,25.17,2.28,0.0
20201103:1830,0.0,0.0,0.0,24.92,1.93,0.0
20201103:1930,0.0,0.0,0.0,24.97,1.93,0.0
20201103:2030,0.0,0.0,0.0,24.91,1.93,0.0
20201103:2130,0.0,0.0,-3.55,24.94,2.34,0.0
20201103:2230,95.23,131.74,10.61,24.77,2.21,0.0
20201103:2330,168.09,222.01,24.48,25.42,1.66,0.0
20201104:0030,336.66,434.51,37.66,26.16,1.59,0.0
20201104:0130,480.37,630.91,49.86,26.97,1.59,0.0
20201104:0230,457.86,600.39,59.59,27.79,2.07,0.0
20201104:0330,452.4,594.31,63.93,28.23,2.28,0.0
20201104:0430,335.66,440.48,60.41,28.42,2.55,0.0
20201104:0530,307.86,400.95,51.1,28.01,2.83,0.0
20201104:0630,316.19,406.76,39.09,27.66,3.03,0.0
20201104:0730,228.76,298.99,25.88,28.11,1.93,0.0
20201104:0830,19.4,38.37,12.09,27.93,1.24,0.0
20201104:0930,0.0,0.0,-2.03,26.84,0.69,0.0
20201104:1030,0.0,0.0,0.0,26.3,0.97,0.0
20201104:1130,0.0,0.0,0.0,25.74,1.24,0.0
20201104:1230,0.0,0.0,0.0,25.52,1.45,0.0
20201104:1330,0.0,0.0,0.0,25.29,1.45,0.0
20201104:1430,0.0,0.0,0.0,25.06,1.38,0.0
20201104:1530,0.0,0.0,0.0,25.2,1.03,0.0
20201104:1630,0.0,0.0,0.0,25.74,0.69,0.0
20201104:1730,0.0,0.0,0.0,25.03,0.9,0.0
20201104:1830,0.0,0.0,0.0,25.46,0.69,0.0
20201104:1930,0.0,0.0,0.0,25.29,1.03,0.0
20201104:2030,0.0,0.0,0.0,24.73,1.66,0.0
20201104:2130,0.0,0.0,-3.61,24.34,1.24,0.0
20201104:2230,60.2,89.79,10.52,24.53,1.03,0.0
20201104:2330,167.84,221.64,24.37,25.46,1.03,0.0
20201105:0030,307.78,397.91,37.51,26.05,1.1,0.0
20201105:0130,354.67,459.41,49.65,26.39,1.17,0.0
20201105:0230,405.93,532.56,59.32,26.67,1.1,0.0
20201105:0330,506.12,679.71,63.62,27.13,0.48,0.0
20201105:0430,436.32,576.84,60.15,27.59,0.9,0.0
20201105:0530,313.09,413.24,50.91,27.9,0.62,0.0
20201105:0630,180.43,240.73,38.96,27.44,0.83,0.0
20201105:0730,91.75,130.59,25.79,27.03,1.1,0.0
20201105:0830,101.65,140.47,12.02,26.34,0.62,0.0
20201105:0930,0.0,0.0,-2.07,26.09,0.62,0.0
20201105:1030,0.0,0.0,0.0,25.71,1.03,0.0
20201105:1130,0.0,0.0,0.0,25.47,1.66,0.0
20201105:1230,0.0,0.0,0.0,25.3,1.86,0.0
20201105:1330,0.0,0.0,0.0,25.2,2.07,0.0
20201105:1430,0.0,0.0,0.0,25.0,1.79,0.0
20201105:1530,0.0,0.0,0.0,24.82,1.52,0.0
20201105:1630,0.0,0.0,0.0,24.95,1.66,0.0
20201105:1730,0.0,0.0,0.0,24.58,1.72,0.0
20201105:1830,0.0,0.0,0.0,24.34,1.79,0.0
20201105:1930,0.0,0.0,0.0,24.41,1.66,0.0
20201105:2030,0.0,0.0,0.0,24.14,1.79,0.0
20201105:2130,0.0,0.0,-3.68,24.05,1.93,0.0
20201105:2230,162.83,211.78,10.44,24.11,2.07,0.0
20201105:2330,307.94,390.73,24.25,24.66,1.93,0.0
20201106:0030,385.69,492.88,37.35,25.64,2.34,0.0
20201106:0130,540.54,696.69,49.45,26.64,3.17,0.0
20201106:0230,474.12,609.62,59.05,27.47,3.72,0.0
20201106:0330,376.47,484.78,63.32,27.84,3.93,0.0
20201106:0430,177.46,238.31,59.89,27.71,4.55,0.0
20201106:0530,111.44,156.46,50.73,27.15,4.21,0.0
20201106:0630,453.24,577.48,38.83,27.11,3.79,0.0
20201106:0730,437.68,555.91,25.7,28.06,4.97,0.0
20201106:0830,168.0,220.89,11.96,27.99,4.62,0.0
20201106:0930,0.0,0.0,-2.11,27.44,4.28,0.0
20201106:1030,0.0,0.0,0.0,26.81,3.93,0.0
20201106:1130,0.0,0.0,0.0,26.52,4.07,0.0
20201106:1230,0.0,0.0,0.0,26.25,4.0,0.0
20201106:1330,0.0,0.0,0.0,26.07,3.59,0.0
20201106:1430,0.0,0.0,0.0,25.97,3.31,0.0
20201106:1530,0.0,0.0,0.0,25.8,3.38,0.0
20201106:1630,0.0,0.0,0.0,25.66,3.59,0.0
20201106:1730,0.0,0.0,0.0,25.29,3.86,0.0
20201106:1830,0.0,0.0,0.0,25.09,4.0,0.0
20201106:1930,0.0,0.0,0.0,25.31,2.9,0.0
20201106:2030,0.0,0.0,0.0,25.19,3.1,0.0
20201106:2130,0.0,0.0,-3.75,25.16,3.31,0.0
20201106:2230,41.42,66.78,10.34,25.23,3.38,0.0
20201106:2330,160.29,212.25,24.13,25.51,3.17,0.0
20201107:0030,236.59,307.73,37.2,26.35,3.03,0.0
20201107:0130,285.96,370.82,49.24,27.16,3.72,0.0
20201107:0230,343.06,443.8,58.79,27.69,4.21,0.0
20201107:0330,346.16,447.53,63.02,28.04,4.28,0.0
20201107:0430,214.78,282.2,59.63,27.57,4.83,0.0
20201107:0530,93.41,133.7,50.54,26.57,4.55,0.0
20201107:0630,56.21,87.04,38.7,25.94,3.66,0.0
20201107:0730,31.69,55.31,25.61,26.01,2.76,0.0
20201107:0830,2.8,12.29,11.9,25.9,2.21,0.0
20201107:0930,0.0,0.0,-2.15,25.69,2.41,0.0
20201107:1030,0.0,0.0,0.0,25.42,2.97,0.0
20201107:1130,0.0,0.0,0.0,25.3,2.97,0.0
20201107:1230,0.0,0.0,0.0,25.14,3.03,0.0
20201107:1330,0.0,0.0,0.0,25.11,3.1,0.0
20201107:1430,0.0,0.0,0.0,25.12,2.9,0.0
20201107:1530,0.0,0.0,0.0,25.12,2.34,0.0
20201107:1630,0.0,0.0,0.0,24.97,1.93,0.0
20201107:1730,0.0,0.0,0.0,24.75,1.59,0.0
20201107:1830,0.0,0.0,0.0,24.64,1.45,0.0
20201107:1930,0.0,0.0,0.0,24.77,3.03,0.0
20201107:2030,0.0,0.0,0.0,24.8,2.97,0.0
20201107:2130,0.0,0.0,-3.82,24.8,2.69,0.0
20201107:2230,211.03,269.91,10.25,24.73,2.76,0.0
20201107:2330,542.1,690.79,24.01,25.37,3.31,0.0
20201108:0030,636.42,823.75,37.04,26.25,3.52,0.0
20201108:0130,621.17,807.01,49.04,26.99,3.52,0.0
20201108:0230,670.4,878.49,58.52,27.62,3.79,0.0
20201108:0330,704.26,927.98,62.73,28.27,4.0,0.0
20201108:0430,574.58,747.7,59.39,28.71,3.86,0.0
20201108:0530,635.15,833.6,50.37,28.76,3.86,0.0
20201108:0630,545.82,707.95,38.58,28.87,3.72,0.0
20201108:0730,439.36,562.95,25.53,28.79,3.66,0.0
20201108:0830,220.28,285.16,11.84,28.38,3.38,0.0
20201108:0930,0.0,0.0,-2.18,27.55,2.83,0.0
20201108:1030,0.0,0.0,0.0,26.77,2.69,0.0
20201108:1130,0.0,0.0,0.0,26.35,2.55,0.0
20201108:1230,0.0,0.0,0.0,26.03,2.55,0.0
20201108:1330,0.0,0.0,0.0,25.81,2.83,0.0
20201108:1430,0.0,0.0,0.0,25.64,3.03,0.0
20201108:1530,0.0,0.0,0.0,25.5,2.69,0.0
20201108:1630,0.0,0.0,0.0,25.37,2.07,0.0
20201108:1730,0.0,0.0,0.0,24.97,1.72,0.0
20201108:1830,0.0,0.0,0.0,25.03,1.24,0.0
20201108:1930,0.0,0.0,0.0,26.09,0.69,0.0
20201108:2030,0.0,0.0,0.0,25.24,1.1,0.0
20201108:2130,0.0,0.0,-3.9,24.28,1.52,0.0
20201108:2230,336.38,430.27,10.15,25.69,0.97,0.0
20201108:2330,423.62,551.86,23.89,26.17,0.62,0.0
20201109:0030,588.78,787.7,36.88,26.9,1.03,0.0
20201109:0130,608.5,814.1,48.83,27.54,1.52,0.0
20201109:0230,612.27,819.01,58.26,28.1,1.79,0.0
20201109:0330,536.43,707.1,62.44,28.52,2.14,0.0
20201109:0430,522.6,689.36,59.14,28.71,2.0,0.0
20201109:0530,338.98,439.49,50.19,28.74,2.34,0.0
20201109:0630,399.15,514.08,38.46,28.08,2.9,0.0
20201109:0730,258.75,335.04,25.45,27.98,2.0,0.0
20201109:0830,130.29,176.09,11.79,27.87,1.93,0.0
20201109:0930,0.0,0.0,-2.2,27.67,1.17,0.0
20201109:1030,0.0,0.0,0.0,26.98,0.97,0.0
20201109:1130,0.0,0.0,0.0,26.82,0.9,0.0
20201109:1230,0.0,0.0,0.0,25.67,1.38,0.0
20201109:1330,0.0,0.0,0.0,25.28,1.31,0.0
20201109:1430,0.0,0.0,0.0,25.31,0.97,0.0
20201109:1530,0.0,0.0,0.0,26.17,0.69,0.0
20201109:1630,0.0,0.0,0.0,25.22,0.83,0.0
20201109:1730,0.0,0.0,0.0,24.45,1.59,0.0
20201109:1830,0.0,0.0,0.0,24.31,2.07,0.0
20201109:1930,0.0,0.0,0.0,25.18,1.1,0.0
20201109:2030,0.0,0.0,0.0,25.21,1.03,0.0
20201109:2130,0.0,0.0,-3.97,24.72,1.17,0.0
20201109:2230,246.2,316.45,10.06,25.64,0.69,0.0
20201109:2330,447.75,586.19,23.76,25.95,0.28,0.0
20201110:0030,477.28,632.67,36.72,26.51,0.21,0.0
20201110:0130,597.51,809.83,48.63,27.12,0.69,0.0
20201110:0230,564.03,743.52,58.0,27.93,2.21,0.0
20201110:0330,530.35,694.18,62.15,28.59,2.76,0.0
20201110:0430,510.93,661.51,58.9,27.92,2.76,0.0
20201110:0530,464.88,597.72,50.03,27.43,2.9,0.0
20201110:0630,157.1,211.32,38.35,27.86,2.69,0.0
20201110:0730,88.98,127.27,25.37,26.71,2.9,0.0
20201110:0830,56.16,85.52,11.75,26.67,1.86,0.0
20201110:0930,0.0,0.0,-2.23,26.65,1.31,0.0
20201110:1030,0.0,0.0,0.0,26.24,1.66,0.0
20201110:1130,0.0,0.0,0.0,25.77,1.17,0.0
20201110:1230,0.0,0.0,0.0,26.35,0.62,0.0
20201110:1330,0.0,0.0,0.0,26.41,0.28,0.0
20201110:1430,0.0,0.0,0.0,26.41,0.28,0.0
20201110:1530,0.0,0.0,0.0,25.55,0.9,0.0
20201110:1630,0.0,0.0,0.0,24.8,1.93,0.0
20201110:1730,0.0,0.0,0.0,24.93,2.34,0.0
20201110:1830,0.0,0.0,0.0,24.94,2.34,0.0
20201110:1930,0.0,0.0,0.0,25.16,2.69,0.0
20201110:2030,0.0,0.0,0.0,25.21,2.62,0.0
20201110:2130,0.0,0.0,-4.05,25.22,2.34,0.0
20201110:2230,12.85,28.69,9.96,25.3,2.48,0.0
20201110:2330,47.63,76.06,23.64,25.55,2.76,0.0
20201111:0030,118.25,163.53,36.56,26.09,3.66,0.0
20201111:0130,257.53,332.62,48.42,26.56,4.41,0.0
20201111:0230,316.85,407.37,57.74,27.08,4.9,0.0
20201111:0330,293.15,380.39,61.87,27.47,4.97,0.0
20201111:0430,218.44,286.4,58.67,27.27,5.1,0.0
20201111:0530,143.68,195.59,49.86,26.9,5.31,0.0
20201111:0630,104.79,147.11,38.24,26.65,5.59,0.0
20201111:0730,50.89,80.28,25.3,26.3,4.97,0.0
20201111:0830,11.58,27.09,11.71,26.09,5.03,0.0
20201111:0930,0.0,0.0,-2.25,25.96,4.69,0.0
20201111:1030,0.0,0.0,0.0,25.81,4.41,0.0
20201111:1130,0.0,0.0,0.0,25.85,4.21,0.0
20201111:1230,0.0,0.0,0.0,25.93,4.21,0.0
20201111:1330,0.0,0.0,0.0,26.04,4.41,0.0
20201111:1430,0.0,0.0,0.0,26.04,4.55,0.0
20201111:1530,0.0,0.0,0.0,26.16,4.34,0.0
20201111:1630,0.0,0.0,0.0,25.96,4.69,0.0
20201111:1730,0.0,0.0,0.0,25.76,5.45,0.0
20201111:1830,0.0,0.0,0.0,25.7,5.45,0.0
20201111:1930,0.0,0.0,0.0,25.43,5.38,0.0
20201111:2030,0.0,0.0,0.0,25.34,5.24,0.0
20201111:2130,0.0,0.0,-4.13,25.66,4.9,0.0
20201111:2230,140.66,185.91,9.85,25.81,4.62,0.0
20201111:2330,177.1,231.13,23.51,26.0,5.17,0.0
20201112:0030,378.8,477.97,36.4,26.23,5.59,0.0
20201112:0130,429.74,543.03,48.22,26.7,6.21,0.0
20201112:0230,506.86,642.48,57.49,27.08,6.69,0.0
20201112:0330,567.67,722.53,61.59,27.42,6.41,0.0
20201112:0430,518.03,663.55,58.44,27.8,5.72,0.0
20201112:0530,401.82,511.4,49.7,27.81,5.59,0.0
20201112:0630,317.11,404.26,38.13,27.74,5.17,0.0
20201112:0730,334.85,424.92,25.23,27.54,4.55,0.0
20201112:0830,75.52,109.27,11.67,26.89,4.48,0.0
20201112:0930,0.0,0.0,-2.26,26.48,3.72,0.0
20201112:1030,0.0,0.0,0.0,26.25,3.17,0.0
20201112:1130,0.0,0.0,0.0,26.21,2.83,0.0
20201112:1230,0.0,0.0,0.0,26.27,2.55,0.0
20201112:1330,0.0,0.0,0.0,26.25,2.21,0.0
20201112:1430,0.0,0.0,0.0,25.94,1.93,0.0
20201112:1530,0.0,0.0,0.0,25.68,1.86,0.0
20201112:1630,0.0,0.0,0.0,25.43,1.79,0.0
20201112:1730,0.0,0.0,0.0,25.09,1.66,0.0
20201112:1830,0.0,0.0,0.0,24.93,1.52,0.0
20201112:1930,0.0,0.0,0.0,26.28,0.41,0.0
20201112:2030,0.0,0.0,0.0,26.23,0.34,0.0
20201112:2130,0.0,0.0,-4.22,26.15,0.55,0.0
20201112:2230,258.96,332.29,9.75,25.3,0.9,0.0
20201112:2330,477.85,620.08,23.38,25.61,1.17,0.0
20201113:0030,617.35,824.79,36.23,26.65,1.38,0.0
20201113:0130,693.04,949.85,48.01,27.61,1.24,0.0
20201113:0230,656.6,898.84,57.24,28.56,1.1,0.0
20201113:0330,597.1,811.62,61.32,29.18,1.03,0.0
20201113:0430,612.67,837.69,58.22,29.48,0.97,0.0
20201113:0530,612.71,829.9,49.55,29.66,1.52,0.0
20201113:0630,509.82,673.66,38.03,29.58,1.86,0.0
20201113:0730,441.55,574.78,25.17,29.64,2.14,0.0
20201113:0830,263.39,340.06,11.63,29.34,2.28,0.0
20201113:0930,0.0,0.0,-2.27,28.66,2.41,0.0
20201113:1030,0.0,0.0,0.0,27.83,2.69,0.0
20201113:1130,0.0,0.0,0.0,27.33,2.76,0.0
20201113:1230,0.0,0.0,0.0,27.01,3.03,0.0
20201113:1330,0.0,0.0,0.0,26.78,3.24,0.0
20201113:1430,0.0,0.0,0.0,26.66,3.31,0.0
20201113:1530,0.0,0.0,0.0,26.4,3.79,0.0
20201113:1630,0.0,0.0,0.0,26.2,4.21,0.0
20201113:1730,0.0,0.0,0.0,25.95,4.41,0.0
20201113:1830,0.0,0.0,0.0,25.68,4.28,0.0
20201113:1930,0.0,0.0,0.0,25.65,4.34,0.0
20201113:2030,0.0,0.0,0.0,25.61,4.28,0.0
20201113:2130,0.0,0.0,-4.3,25.66,4.48,0.0
20201113:2230,429.9,535.6,9.64,25.59,4.97,0.0
20201113:2330,510.4,640.84,23.25,26.14,5.38,0.0
20201114:0030,590.38,745.23,36.07,27.04,6.76,0.0
20201114:0130,624.1,794.5,47.81,27.72,6.97,0.0
20201114:0230,648.09,831.25,56.99,28.48,6.69,0.0
20201114:0330,667.64,859.88,61.06,29.08,6.48,0.0
20201114:0430,580.88,745.39,58.0,29.53,6.21,0.0
20201114:0530,593.67,764.48,49.4,29.57,5.86,0.0
20201114:0630,613.58,789.84,37.93,29.55,5.72,0.0
20201114:0730,571.41,730.39,25.11,29.21,5.86,0.0
20201114:0830,406.23,513.27,11.6,28.82,5.31,0.0
20201114:0930,0.0,0.0,-2.28,28.05,4.9,0.0
20201114:1030,0.0,0.0,0.0,27.35,4.9,0.0
20201114:1130,0.0,0.0,0.0,26.97,4.76,0.0
20201114:1230,0.0,0.0,0.0,26.67,4.9,0.0
20201114:1330,0.0,0.0,0.0,26.35,5.17,0.0
20201114:1430,0.0,0.0,0.0,26.02,5.31,0.0
20201114:1530,0.0,0.0,0.0,25.81,5.03,0.0
20201114:1630,0.0,0.0,0.0,25.71,4.76,0.0
20201114:1730,0.0,0.0,0.0,25.61,4.83,0.0
20201114:1830,0.0,0.0,0.0,25.68,5.1,0.0
20201114:1930,0.0,0.0,0.0,25.47,4.97,0.0
20201114:2030,0.0,0.0,0.0,25.35,5.24,0.0
20201114:2130,0.0,0.0,-4.39,25.43,5.52,0.0
20201114:2230,217.48,275.55,9.54,25.46,5.45,0.0
20201114:2330,492.07,614.04,23.11,25.67,5.93,0.0
20201115:0030,646.77,820.21,35.91,26.37,6.34,0.0
20201115:0130,588.36,748.38,47.6,27.36,6.28,0.0
20201115:0230,642.57,822.54,56.74,27.95,6.28,0.0
20201115:0330,745.76,970.55,60.8,28.6,6.14,0.0
20201115:0430,636.51,820.78,57.79,29.27,6.14,0.0
20201115:0530,597.33,767.64,49.25,29.3,5.86,0.0
20201115:0630,685.65,890.16,37.84,29.33,5.66,0.0
20201115:0730,637.67,819.82,25.06,29.23,6.0,0.0
20201115:0830,417.04,526.19,11.58,28.73,5.79,0.0
20201115:0930,0.0,0.0,-2.28,27.82,5.52,0.0
20201115:1030,0.0,0.0,0.0,27.02,5.38,0.0
20201115:1130,0.0,0.0,0.0,26.65,5.17,0.0
20201115:1230,0.0,0.0,0.0,26.53,4.97,0.0
20201115:1330,0.0,0.0,0.0,26.32,5.03,0.0
20201115:1430,0.0,0.0,0.0,26.2,5.17,0.0
20201115:1530,0.0,0.0,0.0,25.94,5.24,0.0
20201115:1630,0.0,0.0,0.0,25.82,5.03,0.0
20201115:1730,0.0,0.0,0.0,25.53,5.03,0.0
20201115:1830,0.0,0.0,0.0,25.27,5.1,0.0
20201115:1930,0.0,0.0,0.0,25.85,5.72,0.0
20201115:2030,0.0,0.0,0.0,25.79,5.45,0.0
20201115:2130,0.0,0.0,-4.48,25.73,5.03,0.0
20201115:2230,423.7,528.23,9.43,25.68,5.03,0.0
20201115:2330,597.62,758.33,22.98,26.18,4.97,0.0
20201116:0030,644.4,825.43,35.74,27.11,5.24,0.0
20201116:0130,687.09,889.63,47.4,28.11,5.38,0.0
20201116:0230,690.51,898.33,56.5,28.95,5.45,0.0
20201116:0330,738.48,969.22,60.54,29.47,5.38,0.0
20201116:0430,704.0,920.86,57.58,29.95,5.45,0.0
20201116:0530,672.58,877.45,49.11,30.01,5.38,0.0
20201116:0630,678.36,881.93,37.75,29.8,5.59,0.0
20201116:0730,498.55,634.48,25.01,29.44,5.59,0.0
20201116:0830,216.48,278.5,11.56,28.69,5.31,0.0
20201116:0930,0.0,0.0,-2.28,27.92,4.69,0.0
20201116:1030,0.0,0.0,0.0,27.28,4.55,0.0
20201116:1130,0.0,0.0,0.0,26.85,3.93,0.0
20201116:1230,0.0,0.0,0.0,26.53,4.28,0.0
20201116:1330,0.0,0.0,0.0,26.22,4.62,0.0
20201116:1430,0.0,0.0,0.0,25.93,4.28,0.0
20201116:1530,0.0,0.0,0.0,25.67,4.21,0.0
20201116:1630,0.0,0.0,0.0,25.53,4.21,0.0
20201116:1730,0.0,0.0,0.0,25.3,4.41,0.0
20201116:1830,0.0,0.0,0.0,25.18,4.62,0.0
20201116:1930,0.0,0.0,0.0,25.48,4.83,0.0
20201116:2030,0.0,0.0,0.0,25.47,4.97,0.0
20201116:2130,0.0,0.0,-4.57,25.5,4.83,0.0
20201116:2230,350.21,437.35,9.32,25.49,4.41,0.0
20201116:2330,548.42,694.89,22.85,26.0,4.28,0.0
20201117:0030,470.9,593.77,35.58,27.05,5.31,0.0
20201117:0130,435.05,552.57,47.2,27.85,5.24,0.0
20201117:0230,308.75,396.26,56.26,28.37,5.03,0.0
20201117:0330,481.14,619.72,60.29,28.59,4.34,0.0
20201117:0430,489.12,631.35,57.38,29.03,4.07,0.0
20201117:0530,554.82,720.63,48.98,29.06,4.0,0.0
20201117:0630,462.23,587.6,37.67,28.04,4.41,0.0
20201117:0730,438.54,559.03,24.96,28.61,4.14,0.0
20201117:0830,271.86,345.99,11.54,28.32,4.69,0.0
20201117:0930,0.0,0.0,-2.28,27.46,4.48,0.0
20201117:1030,0.0,0.0,0.0,26.6,4.62,0.0
20201117:1130,0.0,0.0,0.0,26.23,4.55,0.0
20201117:1230,0.0,0.0,0.0,26.03,4.48,0.0
20201117:1330,0.0,0.0,0.0,25.83,4.21,0.0
20201117:1430,0.0,0.0,0.0,25.76,4.34,0.0
20201117:1530,0.0,0.0,0.0,25.64,4.55,0.0
20201117:1630,0.0,0.0,0.0,25.52,4.41,0.0
20201117:1730,0.0,0.0,0.0,25.36,4.41,0.0
20201117:1830,0.0,0.0,0.0,25.27,4.28,0.0
20201117:1930,0.0,0.0,0.0,25.28,3.86,0.0
20201117:2030,0.0,0.0,0.0,25.25,3.79,0.0
20201117:2130,0.0,0.0,-4.66,25.25,3.79,0.0
20201117:2230,449.61,564.22,9.2,25.46,3.79,0.0
20201117:2330,617.41,791.4,22.71,26.1,3.93,0.0
20201118:0030,627.86,805.78,35.41,27.08,4.76,0.0
20201118:0130,667.56,863.47,47.0,27.82,4.83,0.0
20201118:0230,716.48,939.13,56.02,28.59,4.83,0.0
20201118:0330,623.93,811.14,60.05,29.34,4.69,0.0
20201118:0430,578.84,748.32,57.18,29.53,4.76,0.0
20201118:0530,682.48,890.05,48.85,29.53,5.17,0.0
20201118:0630,551.7,707.32,37.59,29.54,5.38,0.0
20201118:0730,567.91,728.87,24.92,29.29,5.1,0.0
20201118:0830,393.03,497.3,11.52,28.85,4.9,0.0
20201118:0930,0.0,0.0,-2.27,28.11,4.41,0.0
20201118:1030,0.0,0.0,0.0,27.4,4.41,0.0
20201118:1130,0.0,0.0,0.0,27.03,4.48,0.0
20201118:1230,0.0,0.0,0.0,26.71,4.69,0.0
20201118:1330,0.0,0.0,0.0,26.41,4.83,0.0
20201118:1430,0.0,0.0,0.0,26.02,4.83,0.0
20201118:1530,0.0,0.0,0.0,25.8,4.76,0.0
20201118:1630,0.0,0.0,0.0,25.62,4.41,0.0
20201118:1730,0.0,0.0,0.0,25.42,4.34,0.0
20201118:1830,0.0,0.0,0.0,25.41,4.48,0.0
20201118:1930,0.0,0.0,0.0,25.66,4.21,0.0
20201118:2030,0.0,0.0,0.0,25.6,4.34,0.0
20201118:2130,0.0,0.0,-4.75,25.61,4.62,0.0
20201118:2230,352.25,439.47,9.09,25.57,4.62,0.0
20201118:2330,466.16,584.74,22.57,26.06,4.76,0.0
20201119:0030,581.16,735.66,35.24,26.9,6.0,0.0
20201119:0130,662.29,851.5,46.8,27.81,5.79,0.0
20201119:0230,615.43,789.22,55.78,28.22,6.14,0.0
20201119:0330,671.77,871.77,59.81,28.57,5.72,0.0
20201119:0430,580.01,748.08,56.99,28.96,5.38,0.0
20201119:0530,433.4,551.77,48.72,28.48,5.38,0.0
20201119:0630,438.79,557.36,37.52,28.2,4.9,0.0
20201119:0730,476.03,604.86,24.88,28.27,4.69,0.0
20201119:0830,366.88,461.7,11.51,27.69,4.9,0.0
20201119:0930,0.0,0.0,-2.26,27.01,4.55,0.0
20201119:1030,0.0,0.0,0.0,26.45,4.0,0.0
20201119:1130,0.0,0.0,0.0,26.1,4.34,0.0
20201119:1230,0.0,0.0,0.0,25.88,4.48,0.0
20201119:1330,0.0,0.0,0.0,25.78,4.62,0.0
20201119:1430,0.0,0.0,0.0,25.61,4.62,0.0
20201119:1530,0.0,0.0,0.0,25.51,4.69,0.0
20201119:1630,0.0,0.0,0.0,25.49,4.48,0.0
20201119:1730,0.0,0.0,0.0,25.42,4.07,0.0
20201119:1830,0.0,0.0,0.0,25.35,3.86,0.0
20201119:1930,0.0,0.0,0.0,25.39,4.28,0.0
20201119:2030,0.0,0.0,0.0,25.42,4.14,0.0
20201119:2130,0.0,0.0,-4.85,25.44,4.07,0.0
20201119:2230,285.86,358.41,8.97,25.35,4.07,0.0
20201119:2330,576.6,730.1,22.44,25.79,4.62,0.0
20201120:0030,508.51,642.75,35.08,26.69,5.17,0.0
20201120:0130,542.91,690.53,46.6,27.37,4.9,0.0
20201120:0230,663.21,861.43,55.55,27.95,4.62,0.0
20201120:0330,591.63,767.59,59.57,28.74,4.34,0.0
20201120:0430,619.88,808.78,56.81,29.02,4.21,0.0
20201120:0530,548.71,708.94,48.6,29.17,4.28,0.0
20201120:0630,527.93,680.04,37.45,29.33,4.48,0.0
20201120:0730,547.98,704.99,24.85,29.05,4.41,0.0
20201120:0830,386.52,489.45,11.51,28.67,4.48,0.0
20201120:0930,0.0,0.0,-2.24,27.95,3.79,0.0
20201120:1030,0.0,0.0,0.0,27.3,3.66,0.0
20201120:1130,0.0,0.0,0.0,26.93,3.59,0.0
20201120:1230,0.0,0.0,0.0,26.62,3.66,0.0
20201120:1330,0.0,0.0,0.0,26.44,3.86,0.0
20201120:1430,0.0,0.0,0.0,26.2,4.14,0.0
20201120:1530,0.0,0.0,0.0,25.9,3.93,0.0
20201120:1630,0.0,0.0,0.0,25.56,4.07,0.0
20201120:1730,0.0,0.0,0.0,25.41,4.28,0.0
20201120:1830,0.0,0.0,0.0,25.32,4.41,0.0
20201120:1930,0.0,0.0,0.0,25.42,4.55,0.0
20201120:2030,0.0,0.0,0.0,25.4,4.62,0.0
20201120:2130,0.0,0.0,-4.95,25.35,4.69,0.0
20201120:2230,328.29,409.25,8.86,25.39,4.83,0.0
20201120:2330,539.47,676.33,22.3,25.68,5.45,0.0
20201121:0030,627.18,793.9,34.91,26.54,6.28,0.0
20201121:0130,667.69,854.9,46.4,27.4,6.14,0.0
20201121:0230,699.26,901.16,55.33,28.28,6.21,0.0
20201121:0330,658.36,847.01,59.35,28.9,6.34,0.0
20201121:0430,687.56,890.0,56.63,29.23,6.21,0.0
20201121:0530,728.59,948.69,48.49,29.49,6.21,0.0
20201121:0630,699.08,906.54,37.38,29.61,6.21,0.0
20201121:0730,517.22,657.61,24.82,29.16,5.79,0.0
20201121:0830,399.24,503.99,11.5,28.55,5.17,0.0
20201121:0930,0.0,0.0,-2.22,27.69,5.24,0.0
20201121:1030,0.0,0.0,0.0,26.84,5.52,0.0
20201121:1130,0.0,0.0,0.0,26.41,5.52,0.0
20201121:1230,0.0,0.0,0.0,26.06,5.52,0.0
20201121:1330,0.0,0.0,0.0,25.92,5.52,0.0
20201121:1430,0.0,0.0,0.0,25.88,5.52,0.0
20201121:1530,0.0,0.0,0.0,25.77,5.38,0.0
20201121:1630,0.0,0.0,0.0,25.57,5.52,0.0
20201121:1730,0.0,0.0,0.0,25.37,5.79,0.0
20201121:1830,0.0,0.0,0.0,25.08,5.45,0.0
20201121:1930,0.0,0.0,0.0,25.19,5.72,0.0
20201121:2030,0.0,0.0,0.0,25.06,5.93,0.0
20201121:2130,0.0,0.0,-5.05,24.97,6.21,0.0
20201121:2230,252.78,316.05,8.74,24.9,6.28,0.0
20201121:2330,426.52,527.05,22.16,25.12,6.97,0.0
20201122:0030,505.92,628.39,34.75,25.62,7.66,0.0
20201122:0130,585.79,734.3,46.21,26.3,7.52,0.0
20201122:0230,559.12,702.14,55.11,26.84,7.38,0.0
20201122:0330,637.43,808.33,59.12,27.28,7.17,0.0
20201122:0430,534.25,675.16,56.46,27.84,6.69,0.0
20201122:0530,589.19,745.8,48.38,27.64,6.76,0.0
20201122:0630,603.05,764.28,37.32,27.81,6.83,0.0
20201122:0730,316.27,398.72,24.79,28.31,7.17,0.0
20201122:0830,245.47,311.22,11.51,27.89,6.69,0.0
20201122:0930,0.0,0.0,-2.2,27.25,5.79,0.0
20201122:1030,0.0,0.0,0.0,26.85,5.1,0.0
20201122:1130,0.0,0.0,0.0,26.61,5.31,0.0
20201122:1230,0.0,0.0,0.0,26.54,5.66,0.0
20201122:1330,0.0,0.0,0.0,26.48,5.93,0.0
20201122:1430,0.0,0.0,0.0,26.43,5.79,0.0
20201122:1530,0.0,0.0,0.0,26.29,5.52,0.0
20201122:1630,0.0,0.0,0.0,26.18,5.59,0.0
20201122:1730,0.0,0.0,0.0,26.1,5.86,0.0
20201122:1830,0.0,0.0,0.0,26.06,5.93,0.0
20201122:1930,0.0,0.0,0.0,25.81,5.79,0.0
20201122:2030,0.0,0.0,0.0,25.5,6.0,0.0
20201122:2130,0.0,0.0,-5.15,25.35,5.24,0.0
20201122:2230,260.99,328.03,8.62,25.32,4.9,0.0
20201122:2330,329.89,412.06,22.02,25.66,5.72,0.0
20201123:0030,364.63,455.79,34.59,26.22,6.55,0.0
20201123:0130,204.65,265.61,46.02,26.4,6.48,0.0
20201123:0230,261.28,332.19,54.89,26.23,7.1,0.0
20201123:0330,254.76,323.5,58.91,25.87,7.03,0.0
20201123:0430,205.86,263.65,56.29,25.96,7.79,0.0
20201123:0530,256.36,321.67,48.27,25.61,7.86,0.0
20201123:0630,174.87,226.52,37.27,25.56,8.62,0.0
20201123:0730,93.61,131.0,24.77,25.99,7.79,0.0
20201123:0830,19.29,37.91,11.51,26.16,8.07,0.0
20201123:0930,0.0,0.0,-2.17,26.01,7.93,0.0
20201123:1030,0.0,0.0,0.0,25.74,7.59,0.0
20201123:1130,0.0,0.0,0.0,25.78,7.38,0.0
20201123:1230,0.0,0.0,0.0,25.83,7.24,0.0
20201123:1330,0.0,0.0,0.0,25.91,7.03,0.0
20201123:1430,0.0,0.0,0.0,25.93,6.9,0.0
20201123:1530,0.0,0.0,0.0,25.91,6.69,0.0
20201123:1630,0.0,0.0,0.0,25.74,6.28,0.0
20201123:1730,0.0,0.0,0.0,25.48,5.86,0.0
20201123:1830,0.0,0.0,0.0,25.22,5.86,0.0
20201123:1930,0.0,0.0,0.0,25.37,5.79,0.0
20201123:2030,0.0,0.0,0.0,25.19,6.0,0.0
20201123:2130,0.0,0.0,-5.25,25.03,5.86,0.0
20201123:2230,345.77,428.53,8.5,25.05,5.79,0.0
20201123:2330,481.41,598.91,21.88,25.52,6.21,0.0
20201124:0030,429.04,532.93,34.42,26.19,7.86,0.0
20201124:0130,457.22,570.84,45.83,26.54,7.86,0.0
20201124:0230,609.27,765.41,54.67,26.98,8.07,0.0
20201124:0330,590.56,743.83,58.7,27.38,7.93,0.0
20201124:0430,482.51,606.63,56.13,27.32,7.59,0.0
20201124:0530,633.48,801.69,48.17,27.04,7.31,0.0
20201124:0630,593.58,749.02,37.21,27.41,7.31,0.0
20201124:0730,422.63,524.24,24.76,26.97,8.69,0.0
20201124:0830,371.18,459.39,11.52,26.43,8.28,0.0
20201124:0930,0.0,0.0,-2.14,25.69,7.79,0.0
20201124:1030,0.0,0.0,0.0,25.31,7.1,0.0
20201124:1130,0.0,0.0,0.0,25.38,6.9,0.0
20201124:1230,0.0,0.0,0.0,25.09,6.97,0.0
20201124:1330,0.0,0.0,0.0,25.17,6.76,0.0
20201124:1430,0.0,0.0,0.0,25.03,6.62,0.0
20201124:1530,0.0,0.0,0.0,24.98,6.76,0.0
20201124:1630,0.0,0.0,0.0,24.88,6.76,0.0
20201124:1730,0.0,0.0,0.0,24.67,6.83,0.0
20201124:1830,0.0,0.0,0.0,24.67,6.76,0.0
20201124:1930,0.0,0.0,0.0,24.8,6.97,0.0
20201124:2030,0.0,0.0,0.0,24.81,6.69,0.0
20201124:2130,0.0,0.0,-5.35,24.83,6.55,0.0
20201124:2230,348.85,431.33,8.38,24.91,6.41,0.0
20201124:2330,442.74,548.45,21.74,25.27,6.55,0.0
20201125:0030,456.46,567.07,34.26,26.01,7.45,0.0
20201125:0130,634.47,798.83,45.64,26.56,7.86,0.0
20201125:0230,612.3,771.45,54.46,27.3,8.14,0.0
20201125:0330,651.08,824.12,58.49,27.56,8.21,0.0
20201125:0430,612.05,773.35,55.98,27.8,8.34,0.0
20201125:0530,709.7,902.29,48.08,27.78,8.21,0.0
20201125:0630,478.03,598.3,37.17,27.82,7.86,0.0
20201125:0730,403.32,503.96,24.74,27.52,7.31,0.0
20201125:0830,308.26,385.88,11.53,27.09,6.62,0.0
20201125:0930,0.0,0.0,-2.11,26.37,6.14,0.0
20201125:1030,0.0,0.0,0.0,25.77,5.79,0.0
20201125:1130,0.0,0.0,0.0,25.47,6.0,0.0
20201125:1230,0.0,0.0,0.0,25.42,6.0,0.0
20201125:1330,0.0,0.0,0.0,25.3,6.07,0.0
20201125:1430,0.0,0.0,0.0,25.03,5.79,0.0
20201125:1530,0.0,0.0,0.0,24.84,5.52,0.0
20201125:1630,0.0,0.0,0.0,24.86,5.38,0.0
20201125:1730,0.0,0.0,0.0,24.85,5.38,0.0
20201125:1830,0.0,0.0,0.0,24.67,5.24,0.0
20201125:1930,0.0,0.0,0.0,24.8,5.66,0.0
20201125:2030,0.0,0.0,0.0,24.71,5.66,0.0
20201125:2130,0.0,0.0,-5.45,24.66,5.52,0.0
20201125:2230,315.97,392.4,8.26,24.75,5.24,0.0
20201125:2330,464.03,579.25,21.6,25.22,5.17,0.0
20201126:0030,581.3,732.6,34.1,26.17,6.14,0.0
20201126:0130,621.13,784.36,45.45,27.11,7.66,0.0
20201126:0230,596.62,757.02,54.26,27.62,7.1,0.0
20201126:0330,678.58,866.98,58.29,28.02,7.24,0.0
20201126:0430,560.79,712.06,55.83,28.5,7.03,0.0
20201126:0530,571.72,725.84,47.99,28.61,7.03,0.0
20201126:0630,544.1,687.55,37.13,28.43,6.83,0.0
20201126:0730,599.19,761.87,24.74,28.52,6.62,0.0
20201126:0830,309.09,389.04,11.55,28.04,5.79,0.0
20201126:0930,0.0,0.0,-2.07,27.08,5.79,0.0
20201126:1030,0.0,0.0,0.0,26.15,5.38,0.0
20201126:1130,0.0,0.0,0.0,25.74,5.17,0.0
20201126:1230,0.0,0.0,0.0,25.48,4.48,0.0
20201126:1330,0.0,0.0,0.0,25.28,4.41,0.0
20201126:1430,0.0,0.0,0.0,25.23,4.28,0.0
20201126:1530,0.0,0.0,0.0,25.26,4.55,0.0
20201126:1630,0.0,0.0,0.0,25.17,4.0,0.0
20201126:1730,0.0,0.0,0.0,25.09,4.0,0.0
20201126:1830,0.0,0.0,0.0,25.04,4.14,0.0
20201126:1930,0.0,0.0,0.0,24.93,3.59,0.0
20201126:2030,0.0,0.0,0.0,24.88,3.93,0.0
20201126:2130,0.0,0.0,-5.56,24.94,4.28,0.0
20201126:2230,333.1,415.68,8.14,25.11,4.34,0.0
20201126:2330,492.85,620.38,21.46,25.54,4.14,0.0
20201127:0030,594.22,754.72,33.94,26.57,5.38,0.0
20201127:0130,481.96,608.68,45.27,27.21,5.45,0.0
20201127:0230,649.71,838.58,54.06,27.64,4.97,0.0
20201127:0330,538.28,691.35,58.1,28.17,4.83,0.0
20201127:0430,423.42,538.63,55.69,28.15,5.45,0.0
20201127:0530,280.87,359.22,47.91,27.43,6.14,0.0
20201127:0630,142.94,192.68,37.09,27.05,5.72,0.0
20201127:0730,15.87,33.55,24.73,26.99,5.38,0.0
20201127:0830,7.86,21.25,11.57,26.38,4.83,0.0
20201127:0930,0.0,0.0,-2.03,25.92,5.31,0.0
20201127:1030,0.0,0.0,0.0,25.54,5.03,0.0
20201127:1130,0.0,0.0,0.0,25.45,5.1,0.0
20201127:1230,0.0,0.0,0.0,25.6,5.45,0.0
20201127:1330,0.0,0.0,0.0,25.61,5.52,0.0
20201127:1430,0.0,0.0,0.0,25.64,5.38,0.0
20201127:1530,0.0,0.0,0.0,25.55,5.38,0.0
20201127:1630,0.0,0.0,0.0,25.45,5.31,0.0
20201127:1730,0.0,0.0,0.0,25.24,5.24,0.0
20201127:1830,0.0,0.0,0.0,25.12,5.24,0.0
20201127:1930,0.0,0.0,0.0,25.27,5.17,0.0
20201127:2030,0.0,0.0,0.0,25.18,5.17,0.0
20201127:2130,0.0,0.0,-5.67,25.22,5.17,0.0
20201127:2230,246.94,309.89,8.02,25.25,5.38,0.0
20201127:2330,388.17,482.38,21.32,25.48,5.86,0.0
20201128:0030,505.39,630.49,33.78,25.94,6.97,0.0
20201128:0130,572.19,720.09,45.09,26.73,6.97,0.0
20201128:0230,680.47,870.76,53.86,27.59,6.83,0.0
20201128:0330,734.45,950.96,57.92,28.32,6.48,0.0
20201128:0430,714.42,928.32,55.55,28.94,6.0,0.0
20201128:0530,688.18,891.67,47.83,28.77,5.79,0.0
20201128:0630,553.79,707.71,37.06,28.74,5.52,0.0
20201128:0730,609.08,779.79,24.73,28.53,5.66,0.0
20201128:0830,394.86,496.63,11.6,28.11,5.59,0.0
20201128:0930,0.0,0.0,-1.99,27.37,4.83,0.0
20201128:1030,0.0,0.0,0.0,26.6,4.62,0.0
20201128:1130,0.0,0.0,0.0,26.0,4.97,0.0
20201128:1230,0.0,0.0,0.0,25.63,5.31,0.0
20201128:1330,0.0,0.0,0.0,25.49,5.03,0.0
20201128:1430,0.0,0.0,0.0,25.52,4.62,0.0
20201128:1530,0.0,0.0,0.0,25.4,4.69,0.0
20201128:1630,0.0,0.0,0.0,25.26,5.1,0.0
20201128:1730,0.0,0.0,0.0,25.21,5.59,0.0
20201128:1830,0.0,0.0,0.0,25.01,5.72,0.0
20201128:1930,0.0,0.0,0.0,25.3,5.17,0.0
20201128:2030,0.0,0.0,0.0,25.26,4.76,0.0
20201128:2130,0.0,0.0,-5.77,25.15,4.62,0.0
20201128:2230,276.74,346.7,7.89,25.19,4.62,0.0
20201128:2330,506.9,634.8,21.18,25.49,5.24,0.0
20201129:0030,654.97,830.26,33.62,26.19,6.21,0.0
20201129:0130,618.78,786.46,44.91,27.35,6.34,0.0
20201129:0230,701.12,901.76,53.67,28.09,6.34,0.0
20201129:0330,744.38,966.55,57.74,28.76,6.34,0.0
20201129:0430,745.07,970.09,55.42,29.14,6.34,0.0
20201129:0530,771.43,1007.61,47.76,29.26,6.41,0.0
20201129:0630,686.84,886.31,37.03,29.23,6.41,0.0
20201129:0730,452.96,568.79,24.74,28.08,6.62,0.0
20201129:0830,445.59,557.77,11.63,27.59,6.28,0.0
20201129:0930,0.0,0.0,-1.94,27.1,5.31,0.0
20201129:1030,0.0,0.0,0.0,26.34,5.24,0.0
20201129:1130,0.0,0.0,0.0,25.78,5.59,0.0
20201129:1230,0.0,0.0,0.0,25.48,5.52,0.0
20201129:1330,0.0,0.0,0.0,25.44,5.66,0.0
20201129:1430,0.0,0.0,0.0,25.2,5.66,0.0
20201129:1530,0.0,0.0,0.0,24.88,5.38,0.0
20201129:1630,0.0,0.0,0.0,24.82,5.17,0.0
20201129:1730,0.0,0.0,0.0,24.75,4.9,0.0
20201129:1830,0.0,0.0,0.0,24.68,4.9,0.0
20201129:1930,0.0,0.0,0.0,24.84,5.59,0.0
20201129:2030,0.0,0.0,0.0,24.78,5.52,0.0
20201129:2130,0.0,0.0,-5.88,24.67,5.45,0.0
20201129:2230,341.44,423.07,7.77,24.71,5.31,0.0
20201129:2330,455.47,565.75,21.04,25.13,6.0,0.0
20201130:0030,477.2,594.44,33.47,25.7,6.97,0.0
20201130:0130,594.2,745.77,44.74,26.26,7.24,0.0
20201130:0230,646.26,817.07,53.48,26.83,7.17,0.0
20201130:0330,571.46,720.49,57.57,27.27,7.52,0.0
20201130:0430,627.88,792.39,55.3,26.98,7.45,0.0
20201130:0530,548.35,692.01,47.7,27.46,6.76,0.0
20201130:0630,458.92,575.01,37.01,27.19,6.76,0.0
20201130:0730,547.78,688.27,24.75,27.24,6.62,0.0
20201130:0830,326.77,408.03,11.66,26.79,6.21,0.0
20201130:0930,0.0,0.0,-1.89,26.05,6.28,0.0
20201130:1030,0.0,0.0,0.0,25.25,5.86,0.0
20201130:1130,0.0,0.0,0.0,25.08,5.72,0.0
20201130:1230,0.0,0.0,0.0,25.04,5.59,0.0
20201130:1330,0.0,0.0,0.0,25.0,5.31,0.0
20201130:1430,0.0,0.0,0.0,24.91,5.1,0.0
20201130:1530,0.0,0.0,0.0,24.9,4.83,0.0
20201130:1630,0.0,0.0,0.0,24.85,4.41,0.0
20201130:1730,0.0,0.0,0.0,24.81,4.41,0.0
20201130:1830,0.0,0.0,0.0,24.78,4.76,0.0
20201130:1930,0.0,0.0,0.0,24.96,4.9,0.0
20201130:2030,0.0,0.0,0.0,25.06,5.03,0.0
20201130:2130,0.0,0.0,-5.99,25.09,5.1,0.0
20201130:2230,375.37,465.56,7.65,24.98,5.24,0.0
20201130:2330,536.59,672.14,20.9,25.27,5.24,0.0
20201201:0030,618.4,781.45,33.31,26.24,6.21,0.0
20201201:0130,611.45,774.48,44.57,27.32,6.76,0.0
20201201:0230,480.3,606.49,53.3,28.09,6.41,0.0
20201201:0330,645.71,830.36,57.4,28.35,5.79,0.0
20201201:0430,568.58,728.02,55.19,28.94,6.28,0.0
20201201:0530,560.38,716.71,47.64,28.81,5.79,0.0
20201201:0630,451.83,571.92,36.99,28.44,5.59,0.0
20201201:0730,274.65,349.81,24.76,28.57,5.52,0.0
20201201:0830,128.51,172.83,11.69,27.95,4.76,0.0
20201201:0930,0.0,0.0,-1.83,27.36,4.28,0.0
20201201:1030,0.0,0.0,0.0,26.84,4.28,0.0
20201201:1130,0.0,0.0,0.0,26.52,4.07,0.0
20201201:1230,0.0,0.0,0.0,26.11,3.93,0.0
20201201:1330,0.0,0.0,0.0,25.91,3.31,0.0
20201201:1430,0.0,0.0,0.0,25.83,2.55,0.0
20201201:1530,0.0,0.0,0.0,25.74,2.07,0.0
20201201:1630,0.0,0.0,0.0,25.73,2.21,0.0
20201201:1730,0.0,0.0,0.0,25.7,2.21,0.0
20201201:1830,0.0,0.0,0.0,25.75,2.21,0.0
20201201:1930,0.0,0.0,0.0,24.95,2.41,0.0
20201201:2030,0.0,0.0,0.0,25.0,2.21,0.0
20201201:2130,0.0,0.0,-6.1,25.0,2.34,0.0
20201201:2230,25.28,45.58,7.52,25.04,2.0,0.0
20201201:2330,74.04,107.78,20.76,25.3,1.52,0.0
20201202:0030,105.29,147.64,33.16,25.82,1.59,0.0
20201202:0130,328.22,420.34,44.4,26.15,2.34,0.0
20201202:0230,406.74,523.18,53.12,27.02,2.9,0.0
20201202:0330,274.11,355.77,57.24,27.6,3.1,0.0
20201202:0430,374.02,483.57,55.08,27.93,3.24,0.0
20201202:0530,263.76,342.25,47.58,28.1,3.45,0.0
20201202:0630,309.22,397.8,36.98,27.75,3.17,0.0
20201202:0730,208.2,270.43,24.78,27.21,3.1,0.0
20201202:0830,76.37,110.65,11.73,27.13,2.41,0.0
20201202:0930,0.0,0.0,-1.78,26.3,1.66,0.0
20201202:1030,0.0,0.0,0.0,25.64,1.59,0.0
20201202:1130,0.0,0.0,0.0,25.63,1.66,0.0
20201202:1230,0.0,0.0,0.0,25.35,0.97,0.0
20201202:1330,0.0,0.0,0.0,25.88,0.41,0.0
20201202:1430,0.0,0.0,0.0,25.89,0.28,0.0
20201202:1530,0.0,0.0,0.0,25.01,0.83,0.0
20201202:1630,0.0,0.0,0.0,24.49,1.17,0.0
20201202:1730,0.0,0.0,0.0,24.75,0.9,0.0
20201202:1830,0.0,0.0,0.0,25.44,0.41,0.0
20201202:1930,0.0,0.0,0.0,23.98,1.24,0.0
20201202:2030,0.0,0.0,0.0,24.07,1.17,0.0
20201202:2130,0.0,0.0,-6.21,23.92,1.31,0.0
20201202:2230,48.54,75.3,7.4,24.08,1.45,0.0
20201202:2330,205.99,268.34,20.62,25.22,0.76,0.0
20201203:0030,343.24,449.07,33.01,26.16,0.14,0.0
20201203:0130,366.87,484.29,44.24,26.89,0.21,0.0
20201203:0230,465.17,625.54,52.95,27.48,0.14,0.0
20201203:0330,401.5,532.54,57.09,28.24,0.55,0.0
20201203:0430,451.54,595.38,54.97,28.63,1.52,0.0
20201203:0530,381.29,499.83,47.54,28.75,1.79,0.0
20201203:0630,227.52,301.24,36.97,28.75,1.66,0.0
20201203:0730,174.61,231.56,24.8,27.41,1.86,0.0
20201203:0830,23.57,44.11,11.78,27.32,1.38,0.0
20201203:0930,0.0,0.0,-1.72,27.15,1.03,0.0
20201203:1030,0.0,0.0,0.0,26.58,0.97,0.0
20201203:1130,0.0,0.0,0.0,26.14,1.31,0.0
20201203:1230,0.0,0.0,0.0,25.73,1.17,0.0
20201203:1330,0.0,0.0,0.0,25.58,1.17,0.0
20201203:1430,0.0,0.0,0.0,25.23,1.24,0.0
20201203:1530,0.0,0.0,0.0,25.35,1.45,0.0
20201203:1630,0.0,0.0,0.0,25.3,1.52,0.0
20201203:1730,0.0,0.0,0.0,25.03,1.17,0.0
20201203:1830,0.0,0.0,0.0,25.12,0.97,0.0
20201203:1930,0.0,0.0,0.0,25.12,0.9,0.0
20201203:2030,0.0,0.0,0.0,24.67,1.17,0.0
20201203:2130,0.0,0.0,-6.32,24.34,1.52,0.0
20201203:2230,221.78,282.98,7.28,24.37,1.38,0.0
20201203:2330,335.86,427.99,20.49,25.24,1.24,0.0
20201204:0030,536.38,706.84,32.86,26.1,0.97,0.0
20201204:0130,626.55,846.56,44.07,26.99,0.97,0.0
20201204:0230,558.42,738.47,52.79,27.73,1.86,0.0
20201204:0330,550.87,723.26,56.94,28.13,2.34,0.0
20201204:0430,595.35,783.18,54.88,28.39,2.9,0.0
20201204:0530,515.18,672.17,47.49,28.44,2.55,0.0
20201204:0630,368.08,475.27,36.97,28.65,2.28,0.0
20201204:0730,326.37,424.14,24.83,28.39,0.97,0.0
20201204:0830,101.81,142.6,11.82,28.36,0.62,0.0
20201204:0930,0.0,0.0,-1.65,27.92,1.1,0.0
20201204:1030,0.0,0.0,0.0,26.82,1.86,0.0
20201204:1130,0.0,0.0,0.0,26.41,2.28,0.0
20201204:1230,0.0,0.0,0.0,26.31,2.0,0.0
20201204:1330,0.0,0.0,0.0,25.96,1.86,0.0
20201204:1430,0.0,0.0,0.0,25.42,1.52,0.0
20201204:1530,0.0,0.0,0.0,25.01,1.31,0.0
20201204:1630,0.0,0.0,0.0,24.98,1.59,0.0
20201204:1730,0.0,0.0,0.0,24.81,1.66,0.0
20201204:1830,0.0,0.0,0.0,24.71,1.93,0.0
20201204:1930,0.0,0.0,0.0,24.79,1.38,0.0
20201204:2030,0.0,0.0,0.0,24.56,1.38,0.0
20201204:2130,0.0,0.0,-6.43,24.73,2.21,0.0
20201204:2230,168.91,218.98,7.15,24.74,2.62,0.0
20201204:2330,422.86,536.44,20.35,25.07,2.48,0.0
20201205:0030,542.67,702.9,32.71,26.0,2.28,0.0
20201205:0130,555.37,725.56,43.92,26.95,2.21,0.0
20201205:0230,602.78,800.88,52.63,27.76,1.93,0.0
20201205:0330,530.7,698.94,56.8,28.48,1.93,0.0
20201205:0430,531.18,694.84,54.79,28.78,2.76,0.0
20201205:0530,449.11,580.79,47.46,28.66,3.1,0.0
20201205:0630,364.63,465.94,36.98,28.11,3.45,0.0
20201205:0730,267.72,342.94,24.86,28.16,3.79,0.0
20201205:0830,315.39,399.52,11.87,27.76,3.93,0.0
20201205:0930,0.0,0.0,-1.59,27.42,3.52,0.0
20201205:1030,0.0,0.0,0.0,26.94,3.24,0.0
20201205:1130,0.0,0.0,0.0,26.59,3.45,0.0
20201205:1230,0.0,0.0,0.0,26.42,3.38,0.0
20201205:1330,0.0,0.0,0.0,26.15,3.38,0.0
20201205:1430,0.0,0.0,0.0,25.81,3.59,0.0
20201205:1530,0.0,0.0,0.0,25.61,3.79,0.0
20201205:1630,0.0,0.0,0.0,25.43,4.0,0.0
20201205:1730,0.0,0.0,0.0,25.26,3.86,0.0
20201205:1830,0.0,0.0,0.0,25.15,3.72,0.0
20201205:1930,0.0,0.0,0.0,25.31,4.41,0.0
20201205:2030,0.0,0.0,0.0,25.33,4.41,0.0
20201205:2130,0.0,0.0,-6.55,25.33,4.07,0.0
20201205:2230,213.41,271.8,7.03,25.31,3.72,0.0
20201205:2330,337.38,424.88,20.22,25.59,3.59,0.0
20201206:0030,498.47,630.22,32.57,26.46,4.9,0.0
20201206:0130,508.2,646.13,43.76,27.29,5.45,0.0
20201206:0230,589.87,756.16,52.47,28.0,5.45,0.0
20201206:0330,568.81,730.88,56.67,28.6,5.38,0.0
20201206:0430,584.26,753.02,54.71,28.65,5.24,0.0
20201206:0530,516.41,663.85,47.43,28.57,4.62,0.0
20201206:0630,274.06,354.22,36.98,28.51,4.21,0.0
20201206:0730,66.65,100.43,24.89,27.67,4.0,0.0
20201206:0830,9.43,23.7,11.93,26.34,4.0,0.0
20201206:0930,0.0,0.0,-1.52,25.84,4.34,0.0
20201206:1030,0.0,0.0,0.0,25.48,4.34,0.0
20201206:1130,0.0,0.0,0.0,25.33,4.14,0.0
20201206:1230,0.0,0.0,0.0,25.31,3.86,0.0
20201206:1330,0.0,0.0,0.0,25.18,3.66,0.0
20201206:1430,0.0,0.0,0.0,25.17,3.79,0.0
20201206:1530,0.0,0.0,0.0,25.12,3.79,0.0
20201206:1630,0.0,0.0,0.0,24.91,3.79,0.0
20201206:1730,0.0,0.0,0.0,24.92,3.93,0.0
20201206:1830,0.0,0.0,0.0,24.93,4.21,0.0
20201206:1930,0.0,0.0,0.0,24.91,4.28,0.0
20201206:2030,0.0,0.0,0.0,25.12,3.86,0.0
20201206:2130,0.0,0.0,-6.66,25.22,4.07,0.0
20201206:2230,59.08,88.06,6.91,25.29,3.72,0.0
20201206:2330,173.08,225.88,20.08,25.51,3.59,0.0
20201207:0030,379.08,483.28,32.43,26.0,2.83,0.0
20201207:0130,576.25,755.86,43.61,26.87,2.34,0.0
20201207:0230,590.72,783.23,52.32,27.79,2.21,0.0
20201207:0330,539.83,724.12,56.55,28.39,1.31,0.0
20201207:0430,487.26,655.39,54.63,28.65,0.62,0.0
20201207:0530,363.8,485.1,47.4,28.63,0.0,0.0
20201207:0630,354.6,466.15,37.0,28.26,0.48,0.0
20201207:0730,209.33,274.97,24.93,27.38,1.38,0.0
20201207:0830,72.61,106.04,11.98,27.0,1.17,0.0
20201207:0930,0.0,0.0,-1.45,26.62,0.55,0.0
20201207:1030,0.0,0.0,0.0,26.42,0.28,0.0
20201207:1130,0.0,0.0,0.0,25.66,0.55,0.0
20201207:1230,0.0,0.0,0.0,25.34,0.48,0.0
20201207:1330,0.0,0.0,0.0,25.12,0.76,0.0
20201207:1430,0.0,0.0,0.0,25.07,0.83,0.0
20201207:1530,0.0,0.0,0.0,24.91,0.9,0.0
20201207:1630,0.0,0.0,0.0,24.33,1.38,0.0
20201207:1730,0.0,0.0,0.0,24.19,1.17,0.0
20201207:1830,0.0,0.0,0.0,24.32,1.66,0.0
20201207:1930,0.0,0.0,0.0,24.78,2.69,0.0
20201207:2030,0.0,0.0,0.0,24.92,2.76,0.0
20201207:2130,0.0,0.0,0.0,24.94,2.62,0.0
20201207:2230,384.32,484.07,6.78,24.81,2.21,0.0
20201207:2330,543.36,700.07,19.95,25.58,2.28,0.0
20201208:0030,537.82,691.45,32.29,26.53,3.1,0.0
20201208:0130,578.06,750.33,43.47,27.55,3.52,0.0
20201208:0230,628.88,825.44,52.18,28.44,3.38,0.0
20201208:0330,605.84,801.11,56.43,29.08,2.83,0.0
20201208:0430,637.65,850.41,54.56,29.49,2.62,0.0
20201208:0530,581.78,768.52,47.38,29.56,2.69,0.0
20201208:0630,315.52,407.38,37.01,29.11,3.38,0.0
20201208:0730,311.57,398.04,24.97,28.18,3.93,0.0
20201208:0830,131.36,176.85,12.04,27.91,3.66,0.0
20201208:0930,0.0,0.0,-1.37,27.32,2.76,0.0
20201208:1030,0.0,0.0,0.0,26.84,3.31,0.0
20201208:1130,0.0,0.0,0.0,26.42,3.03,0.0
20201208:1230,0.0,0.0,0.0,25.97,2.9,0.0
20201208:1330,0.0,0.0,0.0,25.76,3.31,0.0
20201208:1430,0.0,0.0,0.0,25.55,3.45,0.0
20201208:1530,0.0,0.0,0.0,25.45,3.52,0.0
20201208:1630,0.0,0.0,0.0,25.41,3.59,0.0
20201208:1730,0.0,0.0,0.0,25.38,3.45,0.0
20201208:1830,0.0,0.0,0.0,25.34,3.38,0.0
20201208:1930,0.0,0.0,0.0,25.22,3.45,0.0
20201208:2030,0.0,0.0,0.0,25.22,3.38,0.0
20201208:2130,0.0,0.0,0.0,25.29,3.17,0.0
20201208:2230,285.35,359.49,6.66,25.2,3.1,0.0
20201208:2330,503.45,641.25,19.82,25.6,2.97,0.0
20201209:0030,631.49,819.24,32.15,26.63,3.45,0.0
20201209:0130,683.32,900.14,43.32,27.65,3.31,0.0
20201209:0230,664.03,877.83,52.04,28.42,3.1,0.0
20201209:0330,657.18,870.45,56.32,28.94,3.17,0.0
20201209:0430,701.06,931.08,54.5,29.13,3.59,0.0
20201209:0530,535.89,694.33,47.37,28.84,3.79,0.0
20201209:0630,325.09,415.68,37.04,28.38,4.34,0.0
20201209:0730,137.79,185.94,25.02,27.39,4.07,0.0
20201209:0830,18.8,37.88,12.11,27.25,3.24,0.0
20201209:0930,0.0,0.0,-1.29,27.06,2.48,0.0
20201209:1030,0.0,0.0,0.0,26.56,3.03,0.0
20201209:1130,0.0,0.0,0.0,26.12,3.03,0.0
20201209:1230,0.0,0.0,0.0,25.85,2.69,0.0
20201209:1330,0.0,0.0,0.0,25.59,2.41,0.0
20201209:1430,0.0,0.0,0.0,25.52,2.48,0.0
20201209:1530,0.0,0.0,0.0,25.41,2.48,0.0
20201209:1630,0.0,0.0,0.0,25.23,2.34,0.0
20201209:1730,0.0,0.0,0.0,25.04,2.48,0.0
20201209:1830,0.0,0.0,0.0,24.86,2.76,0.0
20201209:1930,0.0,0.0,0.0,24.84,2.07,0.0
20201209:2030,0.0,0.0,0.0,24.62,1.86,0.0
20201209:2130,0.0,0.0,0.0,24.54,2.0,0.0
20201209:2230,375.24,471.99,6.54,24.49,2.21,0.0
20201209:2330,487.14,622.11,19.69,25.16,2.21,0.0
20201210:0030,592.23,771.71,32.02,26.56,2.48,0.0
20201210:0130,624.52,823.39,43.19,27.5,2.41,0.0
20201210:0230,675.59,906.11,51.91,28.31,2.34,0.0
20201210:0330,708.14,963.83,56.21,28.99,2.07,0.0
20201210:0430,618.35,830.36,54.45,29.5,2.07,0.0
20201210:0530,660.47,895.72,47.36,29.55,1.93,0.0
20201210:0630,650.24,873.13,37.06,29.69,2.34,0.0
20201210:0730,517.42,685.69,25.07,29.73,1.66,0.0
20201210:0830,283.54,365.95,12.18,29.06,2.0,0.0
20201210:0930,0.0,0.0,-1.22,27.83,1.86,0.0
20201210:1030,0.0,0.0,0.0,26.92,2.21,0.0
20201210:1130,0.0,0.0,0.0,26.31,1.86,0.0
20201210:1230,0.0,0.0,0.0,25.92,0.76,0.0
20201210:1330,0.0,0.0,0.0,25.65,1.59,0.0
20201210:1430,0.0,0.0,0.0,25.55,1.93,0.0
20201210:1530,0.0,0.0,0.0,25.36,2.0,0.0
20201210:1630,0.0,0.0,0.0,25.2,2.0,0.0
20201210:1730,0.0,0.0,0.0,25.03,2.07,0.0
20201210:1830,0.0,0.0,0.0,25.02,2.28,0.0
20201210:1930,0.0,0.0,0.0,25.07,2.41,0.0
20201210:2030,0.0,0.0,0.0,25.09,2.83,0.0
20201210:2130,0.0,0.0,0.0,25.12,3.1,0.0
20201210:2230,366.47,459.32,6.42,25.2,3.24,0.0
20201210:2330,553.89,705.09,19.56,25.47,3.45,0.0
20201211:0030,663.55,858.61,31.89,26.47,3.93,0.0
20201211:0130,666.01,866.08,43.05,27.58,4.07,0.0
20201211:0230,659.47,862.43,51.78,28.42,4.0,0.0
20201211:0330,611.26,798.13,56.11,29.09,3.79,0.0
20201211:0430,632.71,832.37,54.4,29.35,3.59,0.0
20201211:0530,632.99,833.7,47.36,29.67,3.66,0.0
20201211:0630,613.74,803.01,37.1,29.59,3.86,0.0
20201211:0730,380.12,485.43,25.12,29.42,4.07,0.0
20201211:0830,301.19,383.63,12.25,28.5,3.79,0.0
20201211:0930,0.0,0.0,-1.13,28.0,3.03,0.0
20201211:1030,0.0,0.0,0.0,27.33,2.48,0.0
20201211:1130,0.0,0.0,0.0,26.86,2.14,0.0
20201211:1230,0.0,0.0,0.0,26.45,2.41,0.0
20201211:1330,0.0,0.0,0.0,26.21,2.69,0.0
20201211:1430,0.0,0.0,0.0,25.97,2.69,0.0
20201211:1530,0.0,0.0,0.0,25.79,3.17,0.0
20201211:1630,0.0,0.0,0.0,25.63,3.1,0.0
20201211:1730,0.0,0.0,0.0,25.53,3.1,0.0
20201211:1830,0.0,0.0,0.0,25.39,3.17,0.0
20201211:1930,0.0,0.0,0.0,25.4,3.45,0.0
20201211:2030,0.0,0.0,0.0,25.3,3.52,0.0
20201211:2130,0.0,0.0,0.0,25.16,3.72,0.0
20201211:2230,330.4,412.57,6.3,25.07,3.66,0.0
20201211:2330,479.59,606.37,19.44,25.48,3.31,0.0
20201212:0030,640.44,829.61,31.76,26.36,3.52,0.0
20201212:0130,630.97,818.94,42.92,27.5,3.93,0.0
20201212:0230,590.57,764.64,51.66,28.16,4.0,0.0
20201212:0330,585.41,758.46,56.02,28.53,4.14,0.0
20201212:0430,518.46,669.3,54.36,28.72,3.86,0.0
20201212:0530,517.8,668.03,47.37,28.56,4.07,0.0
20201212:0630,459.76,587.02,37.13,28.37,4.07,0.0
20201212:0730,313.42,399.78,25.18,28.01,3.72,0.0
20201212:0830,213.98,275.76,12.32,27.6,3.72,0.0
20201212:0930,0.0,0.0,-1.05,27.19,3.72,0.0
20201212:1030,0.0,0.0,0.0,26.73,3.45,0.0
20201212:1130,0.0,0.0,0.0,26.39,3.45,0.0
20201212:1230,0.0,0.0,0.0,26.14,3.86,0.0
20201212:1330,0.0,0.0,0.0,25.87,3.86,0.0
20201212:1430,0.0,0.0,0.0,25.53,4.07,0.0
20201212:1530,0.0,0.0,0.0,25.43,4.21,0.0
20201212:1630,0.0,0.0,0.0,25.35,3.93,0.0
20201212:1730,0.0,0.0,0.0,25.3,3.86,0.0
20201212:1830,0.0,0.0,0.0,25.14,3.79,0.0
20201212:1930,0.0,0.0,0.0,25.42,3.59,0.0
20201212:2030,0.0,0.0,0.0,25.31,3.59,0.0
20201212:2130,0.0,0.0,0.0,25.23,3.38,0.0
20201212:2230,341.41,427.9,6.18,25.25,3.31,0.0
20201212:2330,546.06,693.39,19.31,25.53,3.59,0.0
20201213:0030,578.13,740.96,31.63,26.46,3.86,0.0
20201213:0130,559.09,722.5,42.8,27.36,3.52,0.0
20201213:0230,587.16,763.58,51.55,28.05,3.31,0.0
20201213:0330,676.93,895.84,55.94,28.46,3.38,0.0
20201213:0430,629.75,826.57,54.33,28.65,3.52,0.0
20201213:0530,564.53,730.44,47.38,28.45,3.86,0.0
20201213:0630,361.19,458.87,37.18,28.38,4.41,0.0
20201213:0730,474.46,606.88,25.25,28.03,3.59,0.0
20201213:0830,307.51,389.61,12.4,27.88,4.0,0.0
20201213:0930,0.0,0.0,-0.96,27.36,3.52,0.0
20201213:1030,0.0,0.0,0.0,26.75,3.31,0.0
20201213:1130,0.0,0.0,0.0,26.32,3.52,0.0
20201213:1230,0.0,0.0,0.0,26.15,3.59,0.0
20201213:1330,0.0,0.0,0.0,25.97,3.93,0.0
20201213:1430,0.0,0.0,0.0,25.8,3.93,0.0
20201213:1530,0.0,0.0,0.0,25.58,3.86,0.0
20201213:1630,0.0,0.0,0.0,25.45,3.72,0.0
20201213:1730,0.0,0.0,0.0,25.22,3.66,0.0
20201213:1830,0.0,0.0,0.0,25.17,3.66,0.0
20201213:1930,0.0,0.0,0.0,25.33,3.79,0.0
20201213:2030,0.0,0.0,0.0,25.22,3.86,0.0
20201213:2130,0.0,0.0,0.0,25.16,4.0,0.0
20201213:2230,279.03,349.63,6.06,25.22,4.0,0.0
20201213:2330,473.49,596.17,19.19,25.53,3.79,0.0
20201214:0030,581.75,739.39,31.51,26.56,4.76,0.0
20201214:0130,717.82,941.29,42.68,27.42,4.07,0.0
20201214:0230,684.56,899.6,51.44,28.43,3.93,0.0
20201214:0330,735.04,975.17,55.87,29.05,4.21,0.0
20201214:0430,688.9,904.02,54.3,29.75,5.03,0.0
20201214:0530,602.44,778.5,47.4,29.86,5.86,0.0
20201214:0630,519.46,661.84,37.22,28.92,6.14,0.0
20201214:0730,400.45,506.04,25.31,28.78,5.93,0.0
20201214:0830,311.41,392.98,12.48,27.8,5.59,0.0
20201214:0930,0.0,0.0,-0.87,27.12,5.72,0.0
20201214:1030,0.0,0.0,0.0,26.15,5.93,0.0
20201214:1130,0.0,0.0,0.0,25.59,5.03,0.0
20201214:1230,0.0,0.0,0.0,25.4,4.69,0.0
20201214:1330,0.0,0.0,0.0,25.37,4.62,0.0
20201214:1430,0.0,0.0,0.0,25.45,5.03,0.0
20201214:1530,0.0,0.0,0.0,25.25,5.1,0.0
20201214:1630,0.0,0.0,0.0,25.23,4.83,0.0
20201214:1730,0.0,0.0,0.0,25.23,4.76,0.0
20201214:1830,0.0,0.0,0.0,25.13,4.69,0.0
20201214:1930,0.0,0.0,0.0,25.14,4.69,0.0
20201214:2030,0.0,0.0,0.0,25.2,4.28,0.0
20201214:2130,0.0,0.0,0.0,25.29,4.14,0.0
20201214:2230,200.83,256.7,5.95,25.33,4.14,0.0
20201214:2330,433.12,545.07,19.07,25.66,3.93,0.0
20201215:0030,571.83,726.98,31.39,26.52,5.03,0.0
20201215:0130,629.62,805.47,42.56,27.35,5.79,0.0
20201215:0230,684.14,882.49,51.34,28.0,5.93,0.0
20201215:0330,586.39,751.94,55.8,28.55,5.93,0.0
20201215:0430,598.96,768.73,54.28,28.64,5.86,0.0
20201215:0530,535.82,681.55,47.42,28.39,6.07,0.0
20201215:0630,479.26,606.29,37.28,28.16,5.79,0.0
20201215:0730,337.9,426.2,25.38,27.86,5.72,0.0
20201215:0830,173.78,226.7,12.56,27.13,5.24,0.0
20201215:0930,0.0,0.0,-0.78,26.58,4.69,0.0
20201215:1030,0.0,0.0,0.0,25.96,5.1,0.0
20201215:1130,0.0,0.0,0.0,25.52,5.17,0.0
20201215:1230,0.0,0.0,0.0,25.29,5.38,0.0
20201215:1330,0.0,0.0,0.0,25.29,5.38,0.0
20201215:1430,0.0,0.0,0.0,25.13,5.52,0.0
20201215:1530,0.0,0.0,0.0,25.19,5.45,0.0
20201215:1630,0.0,0.0,0.0,25.09,5.24,0.0
20201215:1730,0.0,0.0,0.0,25.0,5.24,0.0
20201215:1830,0.0,0.0,0.0,25.05,5.17,0.0
20201215:1930,0.0,0.0,0.0,25.25,4.48,0.0
20201215:2030,0.0,0.0,0.0,25.14,4.76,0.0
20201215:2130,0.0,0.0,0.0,25.13,5.66,0.0
20201215:2230,243.35,304.61,5.83,25.2,6.76,0.0
20201215:2330,257.03,323.52,18.95,25.29,5.93,0.0
20201216:0030,529.56,666.13,31.27,25.83,5.59,0.0
20201216:0130,629.91,802.59,42.45,26.59,5.86,0.0
20201216:0230,635.89,810.43,51.24,27.39,6.69,0.0
20201216:0330,630.32,805.25,55.74,28.17,7.17,0.0
20201216:0430,578.25,734.57,54.27,28.46,7.59,0.0
20201216:0530,455.41,573.6,47.45,28.24,7.86,0.0
20201216:0630,346.83,436.79,37.33,27.38,7.45,0.0
20201216:0730,269.67,343.53,25.46,27.57,6.55,0.0
20201216:0830,131.48,176.23,12.64,27.08,6.41,0.0
20201216:0930,0.0,0.0,-0.69,26.24,6.07,0.0
20201216:1030,0.0,0.0,0.0,25.76,6.55,0.0
20201216:1130,0.0,0.0,0.0,25.46,7.17,0.0
20201216:1230,0.0,0.0,0.0,25.55,6.55,0.0
20201216:1330,0.0,0.0,0.0,25.49,6.76,0.0
20201216:1430,0.0,0.0,0.0,25.39,6.48,0.0
20201216:1530,0.0,0.0,0.0,25.3,6.41,0.0
20201216:1630,0.0,0.0,0.0,25.22,6.21,0.0
20201216:1730,0.0,0.0,0.0,25.21,6.07,0.0
20201216:1830,0.0,0.0,0.0,25.19,6.0,0.0
20201216:1930,0.0,0.0,0.0,25.27,6.34,0.0
20201216:2030,0.0,0.0,0.0,25.31,6.14,0.0
20201216:2130,0.0,0.0,0.0,25.46,6.14,0.0
20201216:2230,359.2,445.29,5.72,25.57,6.07,0.0
20201216:2330,563.31,706.24,18.84,25.85,6.14,0.0
20201217:0030,665.81,844.43,31.16,26.63,6.83,0.0
20201217:0130,756.12,971.8,42.35,27.58,7.17,0.0
20201217:0230,786.58,1018.45,51.15,28.38,7.17,0.0
20201217:0330,745.04,961.39,55.68,29.0,7.45,0.0
20201217:0430,729.32,943.06,54.26,29.3,7.66,0.0
20201217:0530,656.63,843.3,47.49,29.39,7.59,0.0
20201217:0630,704.9,908.66,37.4,29.24,7.38,0.0
20201217:0730,650.2,830.87,25.53,28.91,7.17,0.0
20201217:0830,412.89,519.68,12.73,28.45,6.55,0.0
20201217:0930,0.0,0.0,-0.59,27.69,5.79,0.0
20201217:1030,0.0,0.0,0.0,26.74,5.52,0.0
20201217:1130,0.0,0.0,0.0,26.23,5.59,0.0
20201217:1230,0.0,0.0,0.0,26.0,5.59,0.0
20201217:1330,0.0,0.0,0.0,25.63,5.79,0.0
20201217:1430,0.0,0.0,0.0,25.38,5.72,0.0
20201217:1530,0.0,0.0,0.0,25.25,5.86,0.0
20201217:1630,0.0,0.0,0.0,25.18,5.86,0.0
20201217:1730,0.0,0.0,0.0,25.08,6.21,0.0
20201217:1830,0.0,0.0,0.0,24.88,5.93,0.0
20201217:1930,0.0,0.0,0.0,25.06,7.17,0.0
20201217:2030,0.0,0.0,0.0,25.06,6.9,0.0
20201217:2130,0.0,0.0,0.0,24.96,6.83,0.0
20201217:2230,3.82,14.09,5.6,24.81,6.55,0.0
20201217:2330,43.44,69.66,18.72,24.87,6.76,0.0
20201218:0030,63.6,95.19,31.05,25.23,6.21,0.0
20201218:0130,54.84,85.12,42.24,25.64,5.93,0.0
20201218:0230,30.32,53.4,51.07,25.33,6.14,0.0
20201218:0330,43.69,70.98,55.64,25.39,5.66,0.0
20201218:0430,110.37,153.03,54.27,25.46,5.45,0.0
20201218:0530,52.15,81.72,47.53,25.68,5.86,0.0
20201218:0630,42.03,68.67,37.46,25.68,6.62,0.0
20201218:0730,31.58,54.59,25.62,24.96,6.55,0.0
20201218:0830,11.37,26.55,12.82,25.06,6.97,0.0
20201218:0930,0.0,0.0,-0.49,25.06,6.76,0.0
20201218:1030,0.0,0.0,0.0,25.02,6.55,0.0
20201218:1130,0.0,0.0,0.0,25.07,6.28,0.0
20201218:1230,0.0,0.0,0.0,25.18,6.34,0.0
20201218:1330,0.0,0.0,0.0,25.25,6.34,0.0
20201218:1430,0.0,0.0,0.0,25.26,6.34,0.0
20201218:1530,0.0,0.0,0.0,25.15,6.21,0.0
20201218:1630,0.0,0.0,0.0,25.14,6.69,0.0
20201218:1730,0.0,0.0,0.0,25.27,6.97,0.0
20201218:1830,0.0,0.0,0.0,25.28,6.76,0.0
20201218:1930,0.0,0.0,0.0,24.96,7.31,0.0
20201218:2030,0.0,0.0,0.0,24.89,7.1,0.0
20201218:2130,0.0,0.0,0.0,24.75,7.03,0.0
20201218:2230,2.82,12.32,5.49,25.12,6.0,0.0
20201218:2330,67.51,100.15,18.61,25.42,4.76,0.0
20201219:0030,154.32,205.53,30.95,25.94,4.0,0.0
20201219:0130,253.62,328.52,42.15,26.39,3.79,0.0
20201219:0230,463.08,595.42,50.99,26.87,3.52,0.0
20201219:0330,580.41,757.88,55.6,27.87,3.24,0.0
20201219:0430,395.44,512.5,54.27,28.68,3.31,0.0
20201219:0530,360.67,467.05,47.58,28.7,2.76,0.0
20201219:0630,421.95,548.51,37.53,28.56,2.14,0.0
20201219:0730,423.44,544.49,25.7,28.71,2.9,0.0
20201219:0830,267.01,342.89,12.92,28.5,2.76,0.0
20201219:0930,0.0,0.0,-0.39,27.68,2.9,0.0
20201219:1030,0.0,0.0,0.0,26.82,3.17,0.0
20201219:1130,0.0,0.0,0.0,26.33,3.17,0.0
20201219:1230,0.0,0.0,0.0,26.04,3.17,0.0
20201219:1330,0.0,0.0,0.0,25.96,3.17,0.0
20201219:1430,0.0,0.0,0.0,25.77,3.03,0.0
20201219:1530,0.0,0.0,0.0,25.65,2.97,0.0
20201219:1630,0.0,0.0,0.0,25.61,2.83,0.0
20201219:1730,0.0,0.0,0.0,25.36,2.55,0.0
20201219:1830,0.0,0.0,0.0,25.15,2.48,0.0
20201219:1930,0.0,0.0,0.0,25.04,3.38,0.0
20201219:2030,0.0,0.0,0.0,24.88,3.66,0.0
20201219:2130,0.0,0.0,0.0,24.83,3.59,0.0
20201219:2230,289.7,363.23,5.38,24.86,3.17,0.0
20201219:2330,500.9,637.13,18.5,25.3,2.83,0.0
20201220:0030,555.81,717.07,30.84,26.4,2.83,0.0
20201220:0130,682.2,906.99,42.06,27.42,2.55,0.0
20201220:0230,545.81,717.6,50.92,28.33,2.21,0.0
20201220:0330,591.14,785.26,55.56,28.8,2.07,0.0
20201220:0430,627.08,835.44,54.29,29.0,2.34,0.0
20201220:0530,643.36,859.1,47.63,28.91,2.41,0.0
20201220:0630,344.44,443.62,37.61,29.15,3.59,0.0
20201220:0730,198.82,259.35,25.79,28.41,4.48,0.0
20201220:0830,218.25,280.86,13.01,28.08,3.86,0.0
20201220:0930,0.0,0.0,-0.29,27.65,3.38,0.0
20201220:1030,0.0,0.0,0.0,27.2,3.79,0.0
20201220:1130,0.0,0.0,0.0,26.78,4.14,0.0
20201220:1230,0.0,0.0,0.0,26.4,4.34,0.0
20201220:1330,0.0,0.0,0.0,26.04,4.0,0.0
20201220:1430,0.0,0.0,0.0,25.86,3.72,0.0
20201220:1530,0.0,0.0,0.0,25.7,3.66,0.0
20201220:1630,0.0,0.0,0.0,25.66,3.59,0.0
20201220:1730,0.0,0.0,0.0,25.65,3.45,0.0
20201220:1830,0.0,0.0,0.0,25.68,3.38,0.0
20201220:1930,0.0,0.0,0.0,25.31,4.14,0.0
20201220:2030,0.0,0.0,0.0,25.24,4.21,0.0
20201220:2130,0.0,0.0,0.0,25.25,3.93,0.0
20201220:2230,1.64,9.84,5.27,25.14,3.72,0.0
20201220:2330,122.57,164.41,18.4,25.1,3.93,0.0
20201221:0030,256.91,325.82,30.75,25.42,3.66,0.0
20201221:0130,576.88,741.73,41.97,26.05,3.45,0.0
20201221:0230,648.25,846.05,50.86,27.58,3.66,0.0
20201221:0330,685.02,909.78,55.54,28.37,3.03,0.0
20201221:0430,623.35,823.59,54.31,28.91,2.83,0.0
20201221:0530,633.95,840.7,47.69,28.96,2.76,0.0
20201221:0630,589.61,774.11,37.69,29.04,2.9,0.0
20201221:0730,529.59,683.75,25.88,29.33,3.86,0.0
20201221:0830,429.36,548.82,13.11,28.95,3.52,0.0
20201221:0930,0.0,0.0,-0.19,28.27,3.1,0.0
20201221:1030,0.0,0.0,0.0,27.36,3.1,0.0
20201221:1130,0.0,0.0,0.0,26.71,3.45,0.0
20201221:1230,0.0,0.0,0.0,26.26,3.66,0.0
20201221:1330,0.0,0.0,0.0,25.88,3.79,0.0
20201221:1430,0.0,0.0,0.0,25.59,3.72,0.0
20201221:1530,0.0,0.0,0.0,25.43,3.66,0.0
20201221:1630,0.0,0.0,0.0,25.26,3.38,0.0
20201221:1730,0.0,0.0,0.0,25.05,3.1,0.0
20201221:1830,0.0,0.0,0.0,24.8,3.03,0.0
20201221:1930,0.0,0.0,0.0,24.94,3.86,0.0
20201221:2030,0.0,0.0,0.0,24.93,3.86,0.0
20201221:2130,0.0,0.0,0.0,24.91,3.93,0.0
20201221:2230,411.39,513.05,5.17,24.93,3.93,0.0
20201221:2330,588.98,750.2,18.29,25.38,3.79,0.0
20201222:0030,648.02,836.99,30.65,26.46,3.93,0.0
20201222:0130,625.26,812.27,41.89,27.42,3.79,0.0
20201222:0230,689.27,913.03,50.8,28.09,3.24,0.0
20201222:0330,586.82,773.02,55.52,28.72,2.62,0.0
20201222:0430,697.53,939.74,54.35,28.96,2.48,0.0
20201222:0530,560.49,734.09,47.76,29.37,2.97,0.0
20201222:0630,477.26,615.82,37.78,28.87,3.17,0.0
20201222:0730,548.99,708.84,25.98,28.9,3.72,0.0
20201222:0830,369.39,467.9,13.22,28.56,4.21,0.0
20201222:0930,0.0,0.0,-0.08,27.87,4.14,0.0
20201222:1030,0.0,0.0,0.0,27.11,4.07,0.0
20201222:1130,0.0,0.0,0.0,26.81,3.86,0.0
20201222:1230,0.0,0.0,0.0,26.45,3.52,0.0
20201222:1330,0.0,0.0,0.0,26.23,3.17,0.0
20201222:1430,0.0,0.0,0.0,25.91,3.1,0.0
20201222:1530,0.0,0.0,0.0,25.59,3.03,0.0
20201222:1630,0.0,0.0,0.0,25.35,2.76,0.0
20201222:1730,0.0,0.0,0.0,25.15,3.03,0.0
20201222:1830,0.0,0.0,0.0,25.06,3.17,0.0
20201222:1930,0.0,0.0,0.0,25.1,3.38,0.0
20201222:2030,0.0,0.0,0.0,25.06,3.59,0.0
20201222:2130,0.0,0.0,0.0,25.07,3.93,0.0
20201222:2230,364.42,454.15,5.06,25.15,4.14,0.0
20201222:2330,533.73,675.07,18.19,25.55,4.0,0.0
20201223:0030,678.89,877.02,30.56,26.66,4.41,0.0
20201223:0130,679.59,884.93,41.81,27.72,4.28,0.0
20201223:0230,733.35,971.54,50.75,28.55,4.0,0.0
20201223:0330,716.15,953.12,55.51,29.27,3.79,0.0
20201223:0430,691.32,919.91,54.38,29.7,3.59,0.0
20201223:0530,662.13,874.26,47.83,29.84,3.79,0.0
20201223:0630,656.74,861.15,37.87,29.76,4.28,0.0
20201223:0730,605.71,781.94,26.08,29.43,5.1,0.0
20201223:0830,490.16,623.57,13.32,28.88,4.97,0.0
20201223:0930,0.0,3.44,0.02,28.05,4.55,0.0
20201223:1030,0.0,0.0,0.0,27.11,4.55,0.0
20201223:1130,0.0,0.0,0.0,26.53,4.55,0.0
20201223:1230,0.0,0.0,0.0,26.18,4.41,0.0
20201223:1330,0.0,0.0,0.0,26.01,4.34,0.0
20201223:1430,0.0,0.0,0.0,25.88,4.28,0.0
20201223:1530,0.0,0.0,0.0,25.8,4.07,0.0
20201223:1630,0.0,0.0,0.0,25.52,4.0,0.0
20201223:1730,0.0,0.0,0.0,25.18,3.79,0.0
20201223:1830,0.0,0.0,0.0,25.15,3.59,0.0
20201223:1930,0.0,0.0,0.0,25.4,3.93,0.0
20201223:2030,0.0,0.0,0.0,25.23,4.21,0.0
20201223:2130,0.0,0.0,0.0,25.21,4.48,0.0
20201223:2230,413.25,514.22,4.96,25.14,4.55,0.0
20201223:2330,537.27,677.31,18.09,25.47,4.48,0.0
20201224:0030,640.41,813.57,30.47,26.37,5.72,0.0
20201224:0130,642.92,819.75,41.74,27.34,6.21,0.0
20201224:0230,611.2,781.24,50.7,28.01,6.0,0.0
20201224:0330,690.79,892.42,55.51,28.5,5.86,0.0
20201224:0430,661.49,854.72,54.43,29.03,5.93,0.0
20201224:0530,667.17,863.69,47.91,29.18,5.79,0.0
20201224:0630,640.84,827.43,37.96,29.23,5.72,0.0
20201224:0730,652.15,840.63,26.18,28.97,5.66,0.0
20201224:0830,481.09,609.46,13.43,28.6,5.31,0.0
20201224:0930,0.0,3.52,0.13,27.79,4.55,0.0
20201224:1030,0.0,0.0,0.0,26.87,4.55,0.0
20201224:1130,0.0,0.0,0.0,26.29,4.83,0.0
20201224:1230,0.0,0.0,0.0,26.03,4.83,0.0
20201224:1330,0.0,0.0,0.0,25.8,4.76,0.0
20201224:1430,0.0,0.0,0.0,25.55,4.62,0.0
20201224:1530,0.0,0.0,0.0,25.42,4.76,0.0
20201224:1630,0.0,0.0,0.0,25.12,4.9,0.0
20201224:1730,0.0,0.0,0.0,24.96,4.83,0.0
20201224:1830,0.0,0.0,0.0,24.89,4.62,0.0
20201224:1930,0.0,0.0,0.0,24.82,4.9,0.0
20201224:2030,0.0,0.0,0.0,24.78,4.9,0.0
20201224:2130,0.0,0.0,0.0,24.78,4.83,0.0
20201224:2230,306.44,381.24,4.86,24.72,4.69,0.0
20201224:2330,409.89,510.47,18.0,25.06,4.83,0.0
20201225:0030,441.72,552.12,30.39,25.91,5.72,0.0
20201225:0130,380.87,478.2,41.67,26.65,6.97,0.0
20201225:0230,278.25,356.46,50.66,27.12,6.76,0.0
20201225:0330,301.26,386.46,55.52,27.13,6.34,0.0
20201225:0430,236.44,308.54,54.48,27.18,6.48,0.0
20201225:0530,250.69,324.62,47.99,27.1,6.21,0.0
20201225:0630,81.92,119.13,38.06,27.05,6.34,0.0
20201225:0730,56.65,87.22,26.29,26.67,5.66,0.0
20201225:0830,22.34,42.5,13.54,26.36,5.59,0.0
20201225:0930,0.0,3.34,0.24,26.0,5.52,0.0
20201225:1030,0.0,0.0,0.0,25.73,5.1,0.0
20201225:1130,0.0,0.0,0.0,25.59,5.1,0.0
20201225:1230,0.0,0.0,0.0,25.55,5.86,0.0
20201225:1330,0.0,0.0,0.0,25.33,6.14,0.0
20201225:1430,0.0,0.0,0.0,25.19,5.86,0.0
20201225:1530,0.0,0.0,0.0,25.06,5.86,0.0
20201225:1630,0.0,0.0,0.0,25.05,6.14,0.0
20201225:1730,0.0,0.0,0.0,24.79,5.79,0.0
20201225:1830,0.0,0.0,0.0,24.78,5.66,0.0
20201225:1930,0.0,0.0,0.0,25.16,5.31,0.0
20201225:2030,0.0,0.0,0.0,25.24,5.72,0.0
20201225:2130,0.0,0.0,0.0,25.21,5.1,0.0
20201225:2230,135.13,177.88,4.76,25.15,5.31,0.0
20201225:2330,160.66,208.85,17.9,25.12,5.52,0.0
20201226:0030,204.72,262.29,30.31,25.44,4.69,0.0
20201226:0130,255.83,328.37,41.61,25.89,4.83,0.0
20201226:0230,222.65,287.96,50.63,26.3,5.1,0.0
20201226:0330,378.38,480.05,55.53,26.41,5.66,0.0
20201226:0430,203.9,265.6,54.54,26.95,5.52,0.0
20201226:0530,239.06,307.95,48.08,26.4,4.9,0.0
20201226:0630,3.33,13.33,38.16,26.29,4.76,0.0
20201226:0730,97.89,135.45,26.4,25.33,3.59,0.0
20201226:0830,50.44,77.43,13.65,24.92,3.86,0.0
20201226:0930,0.0,3.05,0.35,25.15,4.55,0.0
20201226:1030,0.0,0.0,0.0,25.24,4.34,0.0
20201226:1130,0.0,0.0,0.0,25.33,4.07,0.0
20201226:1230,0.0,0.0,0.0,25.27,3.72,0.0
20201226:1330,0.0,0.0,0.0,25.25,3.38,0.0
20201226:1430,0.0,0.0,0.0,25.14,2.76,0.0
20201226:1530,0.0,0.0,0.0,25.08,2.34,0.0
20201226:1630,0.0,0.0,0.0,24.94,2.14,0.0
20201226:1730,0.0,0.0,0.0,24.81,2.41,0.0
20201226:1830,0.0,0.0,0.0,24.75,1.86,0.0
20201226:1930,0.0,0.0,0.0,24.97,0.55,0.0
20201226:2030,0.0,0.0,0.0,25.01,0.34,0.0
20201226:2130,0.0,0.0,0.0,25.02,0.55,0.0
20201226:2230,2.33,11.28,4.66,25.0,0.62,0.0
20201226:2330,135.14,182.36,17.81,24.86,0.62,0.0
20201227:0030,358.86,466.56,30.24,25.78,0.41,0.0
20201227:0130,332.38,435.99,41.55,26.37,0.28,0.0
20201227:0230,417.21,548.87,50.61,27.03,0.9,0.0
20201227:0330,416.04,545.45,55.55,27.69,1.66,0.0
20201227:0430,335.15,438.32,54.61,28.05,2.28,0.0
20201227:0530,333.12,434.84,48.18,28.07,1.93,0.0
20201227:0630,354.67,462.3,38.27,28.14,1.79,0.0
20201227:0730,225.39,297.52,26.51,27.96,0.48,0.0
20201227:0830,67.67,100.92,13.76,27.45,1.38,0.0
20201227:0930,0.0,3.54,0.46,27.01,1.59,0.0
20201227:1030,0.0,0.0,0.0,26.51,1.66,0.0
20201227:1130,0.0,0.0,0.0,25.96,1.24,0.0
20201227:1230,0.0,0.0,0.0,25.3,1.31,0.0
20201227:1330,0.0,0.0,0.0,25.76,0.9,0.0
20201227:1430,0.0,0.0,0.0,25.91,0.9,0.0
20201227:1530,0.0,0.0,0.0,25.66,0.97,0.0
20201227:1630,0.0,0.0,0.0,25.43,1.03,0.0
20201227:1730,0.0,0.0,0.0,24.45,1.52,0.0
20201227:1830,0.0,0.0,0.0,24.29,1.52,0.0
20201227:1930,0.0,0.0,0.0,24.46,1.72,0.0
20201227:2030,0.0,0.0,0.0,24.88,1.86,0.0
20201227:2130,0.0,0.0,0.0,24.72,1.45,0.0
20201227:2230,85.28,119.73,4.57,24.59,1.31,0.0
20201227:2330,185.56,241.5,17.73,24.96,1.45,0.0
20201228:0030,344.34,443.57,30.16,26.18,1.52,0.0
20201228:0130,401.05,519.98,41.5,26.66,1.86,0.0
20201228:0230,553.48,726.62,50.59,27.06,2.14,0.0
20201228:0330,609.35,809.41,55.58,27.67,2.14,0.0
20201228:0430,605.98,811.66,54.68,28.22,1.72,0.0
20201228:0530,572.67,769.64,48.28,28.59,1.24,0.0
20201228:0630,119.96,168.68,38.38,28.64,0.83,0.0
20201228:0730,67.24,102.1,26.63,27.62,0.28,0.0
20201228:0830,19.74,39.27,13.88,27.34,0.83,0.0
20201228:0930,0.0,3.45,0.58,27.08,0.9,0.0
20201228:1030,0.0,0.0,0.0,26.67,1.59,0.0
20201228:1130,0.0,0.0,0.0,26.09,1.59,0.0
20201228:1230,0.0,0.0,0.0,25.46,1.45,0.0
20201228:1330,0.0,0.0,0.0,25.21,1.59,0.0
20201228:1430,0.0,0.0,0.0,25.04,1.59,0.0
20201228:1530,0.0,0.0,0.0,24.8,1.45,0.0
20201228:1630,0.0,0.0,0.0,24.7,1.17,0.0
20201228:1730,0.0,0.0,0.0,24.58,1.1,0.0
20201228:1830,0.0,0.0,0.0,24.35,1.03,0.0
20201228:1930,0.0,0.0,0.0,24.17,1.17,0.0
20201228:2030,0.0,0.0,0.0,24.05,1.38,0.0
20201228:2130,0.0,0.0,0.0,23.78,1.79,0.0
20201228:2230,353.68,442.6,4.47,23.81,2.14,0.0
20201228:2330,505.79,647.23,17.64,24.79,2.07,0.0
20201229:0030,629.44,824.99,30.1,26.14,2.34,0.0
20201229:0130,702.52,941.99,41.45,27.04,2.21,0.0
20201229:0230,726.12,985.63,50.58,28.01,2.14,0.0
20201229:0330,662.05,896.36,55.61,28.85,1.79,0.0
20201229:0430,683.57,934.91,54.76,29.2,1.59,0.0
20201229:0530,663.38,898.17,48.39,29.3,1.93,0.0
20201229:0630,643.19,858.53,38.5,29.35,2.48,0.0
20201229:0730,403.46,521.29,26.74,29.26,2.34,0.0
20201229:0830,431.59,559.87,13.99,28.9,1.86,0.0
20201229:0930,0.0,3.55,0.69,28.47,1.86,0.0
20201229:1030,0.0,0.0,0.0,27.6,1.72,0.0
20201229:1130,0.0,0.0,0.0,26.93,1.86,0.0
20201229:1230,0.0,0.0,0.0,26.49,2.21,0.0
20201229:1330,0.0,0.0,0.0,26.19,2.55,0.0
20201229:1430,0.0,0.0,0.0,25.98,2.55,0.0
20201229:1530,0.0,0.0,0.0,25.91,2.48,0.0
20201229:1630,0.0,0.0,0.0,25.81,2.55,0.0
20201229:1730,0.0,0.0,0.0,25.63,2.48,0.0
20201229:1830,0.0,0.0,0.0,25.46,2.62,0.0
20201229:1930,0.0,0.0,0.0,25.59,2.9,0.0
20201229:2030,0.0,0.0,0.0,25.45,2.9,0.0
20201229:2130,0.0,0.0,0.0,25.31,3.24,0.0
20201229:2230,78.98,111.97,4.38,25.07,3.38,0.0
20201229:2330,297.83,374.74,17.56,25.05,3.66,0.0
20201230:0030,484.39,611.26,30.03,25.43,4.07,0.0
20201230:0130,554.19,707.63,41.41,26.05,4.28,0.0
20201230:0230,606.49,779.93,50.57,26.97,4.76,0.0
20201230:0330,566.57,727.23,55.65,27.59,5.03,0.0
20201230:0430,441.44,562.6,54.85,27.97,4.97,0.0
20201230:0530,346.22,441.2,48.5,27.98,5.1,0.0
20201230:0630,152.99,205.99,38.62,27.47,5.03,0.0
20201230:0730,210.87,273.04,26.87,26.82,4.21,0.0
20201230:0830,151.52,201.24,14.11,26.86,3.93,0.0
20201230:0930,0.0,5.31,0.81,26.62,3.79,0.0
20201230:1030,0.0,0.0,0.0,26.04,3.79,0.0
20201230:1130,0.0,0.0,0.0,25.52,4.28,0.0
20201230:1230,0.0,0.0,0.0,25.31,4.28,0.0
20201230:1330,0.0,0.0,0.0,24.95,4.07,0.0
20201230:1430,0.0,0.0,0.0,24.64,3.93,0.0
20201230:1530,0.0,0.0,0.0,24.63,4.0,0.0
20201230:1630,0.0,0.0,0.0,24.52,4.21,0.0
20201230:1730,0.0,0.0,0.0,24.34,4.21,0.0
20201230:1830,0.0,0.0,0.0,24.19,4.55,0.0
20201230:1930,0.0,0.0,0.0,24.71,4.34,0.0
20201230:2030,0.0,0.0,0.0,24.88,4.76,0.0
20201230:2130,0.0,0.0,0.0,25.09,4.83,0.0
20201230:2230,116.31,155.88,4.3,25.16,4.9,0.0
20201230:2330,272.72,343.29,17.48,25.29,4.9,0.0
20201231:0030,509.72,637.98,29.98,25.89,6.0,0.0
20201231:0130,499.04,626.18,41.38,26.56,6.48,0.0
20201231:0230,586.92,741.8,50.57,26.91,6.55,0.0
20201231:0330,530.57,669.39,55.7,27.29,6.97,0.0
20201231:0430,533.78,673.22,54.95,27.25,7.1,0.0
20201231:0530,544.99,685.84,48.62,27.24,7.17,0.0
20201231:0630,381.71,480.19,38.75,27.59,7.17,0.0
20201231:0730,299.14,376.57,26.99,26.92,6.69,0.0
20201231:0830,136.7,181.83,14.23,26.52,5.59,0.0
20201231:0930,0.0,4.93,0.93,26.11,5.72,0.0
20201231:1030,0.0,0.0,0.0,25.62,5.45,0.0
20201231:1130,0.0,0.0,0.0,25.26,5.45,0.0
20201231:1230,0.0,0.0,0.0,25.26,5.59,0.0
20201231:1330,0.0,0.0,0.0,25.0,6.0,0.0
20201231:1430,0.0,0.0,0.0,24.93,5.93,0.0
20201231:1530,0.0,0.0,0.0,25.03,5.86,0.0
20201231:1630,0.0,0.0,0.0,25.12,5.59,0.0
20201231:1730,0.0,0.0,0.0,25.03,5.79,0.0
20201231:1830,0.0,0.0,0.0,25.02,6.07,0.0
20201231:1930,0.0,0.0,0.0,24.95,6.14,0.0
20201231:2030,0.0,0.0,0.0,24.86,5.86,0.0
20201231:2130,0.0,0.0,0.0,24.9,5.93,0.0
20201231:2230,0.0,0.0,0.0,24.92,5.93,0.0
20201231:2330,0.0,0.0,0.0,25.17,6.34,0.0

P: PV system power (W)
G(i): Global irradiance on the inclined plane (plane of the array) (W/m2)
H_sun: Sun height (degree)
T2m: 2-m air temperature (degree Celsius)
WS10m: 10-m total wind speed (m/s)
Int: 1 means solar radiation values are reconstructed



PVGIS (c) European Union, 2001-2026